,2021-12-31,松芝股份：松芝技术公司为公司设立在上海临港的全资子公司,每日经济新闻
0,2021-12-31,专访臻驱科技沈捷：一位技术专家的创业攻关和社会责任实践,21世纪经济报道
1,2021-12-30,上海临港污水处理厂二期扩建工程完成通水验收,北极星节能
2,2021-12-29,"上海临港现1笔大宗交易 共成交3,092.49万元",新浪
3,2021-12-29,上海临港今日大宗交易成交225.40万股，成交价13.72元折价8.23%,Wind
4,2021-12-29,华夏幸福通过债务重组方案，泛海控股拟延期兑付,ZAKER
5,2021-12-29,上海临港搭建氢能产业发展平台 深入产业链泛场景布局,上证报
6,2021-12-29,上海临港大涨,新浪
7,2021-12-29,上海临港盘中快速上涨,新浪
8,2021-12-29,注资10亿！上海临港氢能产业发展有限公司成立,北极星电力
9,2021-12-29,A股早报2021年12月29日星期三,Wind
10,2021-12-29,小K播早报|智能制造、医疗装备等行业“十四五”规划出炉 商汤科技拟明日上市,财联社
11,2021-12-29,12月29日盘前重要公司新闻,上证报
12,2021-12-29,上海临港拟携手实控人出资10亿设立氢能子公司,上证报
13,2021-12-29,负面清单连续第五年缩减，我国对外资准入进一步放宽,Wind
14,2021-12-29,年末北京楼市：房企促销拿地“双管齐下”,Wind
15,2021-12-28,晚间重要公告2021年12月28日星期二,Wind
16,2021-12-28,临港氢能公司来了！上海临港拟出资5亿与临港集团共同投资设立,澎湃新闻
17,2021-12-28,上海临港拟联合临港集团设立临港氢能公司，涉资10亿元,乐居财经
18,2021-12-28,上海临港：拟与实控人共同投资设立临港氢能公司,e公司
19,2021-12-28,上海临港(600848.SH)拟携实控人斥10亿元设立临港氢能公司,智通财经
20,2021-12-28,上海临港(600848.SH)：拟与实控人设临港氢能公司 专注于氢能源产业链资源的深度整合,格隆汇
21,2021-12-28,上海临港：与临港集团共同投资设立上海临港氢能产业发展有限公司,第一财经
22,2021-12-28,上海临港：与实控人共同投设上海临港氢能产业发展有限公司,财联社
23,2021-12-28,上海临港：拟与实控人共设氢能产业公司,Wind
24,2021-12-28,上海临港控股：“19临债02”注销金额为3999.9万元,Wind
25,2021-12-27,上海临港：发行不超10亿元绿色公司债获注册批复,第一财经
26,2021-12-27,蓝思科技空降上海临港，新能源车业务再加速,Wind
27,2021-12-27,"上海临港现1笔大宗交易 共成交2,253.90万元",新浪
28,2021-12-27,蓝思科技空降上海临港 新能源车业务再加速,凤凰网
29,2021-12-27,上海临港获中国证监会批准公开发行不超10亿元绿色债券,乐居财经
30,2021-12-27,上海临港(600848.SH)向专业投资者公开发行绿色公司债券获中国证监会注册批复,智通财经
31,2021-12-27,上海临港(600848.SH)：公开发行绿色公司债券获证监会注册批复,格隆汇
32,2021-12-27,研发生产基地落户上海临港，掘金新能源汽车市场，蓝思科技再造“蓝思科技”,财经网
33,2021-12-27,上海临港、青岛西海岸等9座万达广场集中开业,观点地产网
34,2021-12-25,蓝思科技悄然落子上海临港，或配套核心客户发力智能汽车业务,投资家
35,2021-12-25,上海临港： “云中巨舰”汇聚尖端产业 科创策源引领“中国创造”,发布易
36,2021-12-24,上海临港旗下“云中巨舰”汇聚尖端产业,上证报
37,2021-12-24,上海临港万达广场23日开业，解锁临港全新生活方式,联商网
38,2021-12-23,【要闻回顾】腾讯分配京东股票 上海临港研发基地落地,融资中国
39,2021-12-23,"上海临港现1笔大宗交易 共成交1,505.90万元",新浪
40,2021-12-23,上海临港：高级管理人员辞职公告 董监高成员变化,新浪
41,2021-12-23,上海临港：许兴虎辞任副总裁职务 继续担任子公司副总经理 董监高成员变化,观点地产网
42,2021-12-23,上海临港：公司副总裁许兴虎职务调整，将不再担任公司副总裁职务,每日经济新闻
43,2021-12-23,上海临港：许兴虎辞任副总裁，仍担任临港联合发展副总经理 董监高成员变化,乐居财经
44,2021-12-23,上海临港(600848.SH)许兴虎辞去副总裁职务 董监高成员变化,智通财经
45,2021-12-23,上海临港：许兴虎将不再担任公司副总裁职务 董监高成员变化,Wind
46,2021-12-23,疯传苹果汽车即将推出，蓝思科技空降上海临港新片区难道只是巧合？,凤凰网
47,2021-12-22,重磅！上海临港研发基地落地，蓝思科技汽车玻璃弯道超车机遇来临,投资家
48,2021-12-21,中信博“智顶”再下一城，助力打造全球单体容量最大BIPV项目,Wind
49,2021-12-21,上海临港万达广场12月23日开业 创新3大场景4大功能,联商网
50,2021-12-21,宁德时代上海临港电池模组基地将于2022年初投产,财联社
51,2021-12-21,工信部：2022年要扩大新能源汽车消费 iPhone SE3或将在近期试产,财联社
52,2021-12-20,宁德时代将在上海临港打造动力电池模组智能工厂 2022年有产出贡献,证券时报
53,2021-12-20,宁德时代上海临港电池模组生产基地将于2022年初投产,中证网
54,2021-12-20,中国中免： 市内店政策是由政府有关主管部门来制定的,Wind
55,2021-12-20,宁德时代上海临港电池模组基地明年投产,财联社
56,2021-12-18,一周研读｜经济延续修复趋势，蓝筹行情延续,中信证券研究
57,2021-12-17,上海临港新片区发布公租房实施细则 引导各类投资主体积极参与,观点地产网
58,2021-12-17,上海临港新片区发布实施细则：完善公共租赁住房供应管理工作,Wind
59,2021-12-17,上海临港新片区发布实施细则：完善公共租赁住房供应管理工作,澎湃新闻
60,2021-12-17,戴伟民：上海临港能协助芯片企业解决三大人才流失问题,C114通信网
61,2021-12-17,每经10点丨小米澄清：“雷军进军私募”报道存在误读；上海临港新片区发布离岸贸易支持政策24条；氢燃料电池概念股继续活跃,每日经济新闻
62,2021-12-17,上海临港新片区发布离岸贸易支持政策24条,Wind
63,2021-12-17,上海临港新片区发布离岸贸易支持政策24条,财联社
64,2021-12-15,上海临港新片区超1300套保障性租赁住房开建 预计2023年交付,观点地产网
65,2021-12-15,上海临港新片区1300余套保障性租赁住房集中开工,中国证券网
66,2021-12-14,一些山东先进制造业企业纷纷到上海建厂,Ofweek
67,2021-12-13,国内金融租赁行业首单自贸区跨境设备租赁创新项目在上海临港新片区落地,Wind
68,2021-12-07,上海临港新片区首家外商独资大中华区总部落地,Wind
69,2021-12-07,上海临港新片区首家外商独资大中华区总部落地,央视
70,2021-12-06,电子行业简评报告：积塔半导体获80亿融资 加码车规芯片制造产能,新浪
71,2021-12-03,科创服务加速人才集聚，打造人才高地前哨站,东方网
72,2021-12-03,千亿巨头重磅出手，2.8万亿赛道迎最强一击,Wind
73,2021-12-01,国泰君安：子公司拟20亿元参设上海临港科技前沿私募基金,资本邦
74,2021-11-26,重大工程丨创施工速度新纪录的海上风电项目，远东助建！,电缆网
75,2021-11-23,助力“上海文化”品牌数字化发展，东方明珠数字影视基地落户上海临港,上观
76,2021-11-23,东方明珠数字影视基地落户上海临港，打造影视工业4.0时代产业集聚新标杆,Wind
77,2021-11-23,东方明珠数字影视基地落户上海临港,证券日报网
78,2021-11-23,东方明珠数字影视基地落户上海临港，打造影视工业4.0时代产业集聚标杆,全景网
79,2021-11-22,上海临港新片区生产性服务业9个月营收520.8亿 同比增长39.8%,财联社
80,2021-11-22,上海临港10亿元小公募项目获上交所受理,乐居财经
81,2021-11-21,上海临港星空之境商业综合体开工 预计2024年建成,新民网
82,2021-11-20,申万宏源交运一周天地汇：“沿海捎带”限制放开利好枢纽港 中通2022年业绩指引超预期,新浪
83,2021-11-19,上海临港30亿元小公募债券获上交所受理,乐居财经
84,2021-11-19,上海临港拟出让临港新业坊春禾企业51%股权,观点地产网
85,2021-11-19,上海临港挂牌转让上海临港春禾企业51%股权，底价暂未公示,乐居财经
86,2021-11-17,首个中英智能测量与质量工程中心落地上海临港,证券时报网
87,2021-11-16,上海临港新片区：鼓励燃料电池车多拉快跑，最高每年奖励2万元/辆,Ofweek
88,2021-11-16,人民银行上海总部支持服务临港新片区领导小组办公室揭牌,上证报
89,2021-11-16,药明康德(603259)：新产能陆续投产 CGT业务渐入佳境,国金证券股份有限公司
90,2021-11-13,【招商电子】中芯国际2021Q3季报总结及法说会纪要,招商电子
91,2021-11-12,中芯国际联手大基金二期发力“东方芯港”！12nm成熟制程营收增长57%，扩产进度如期达成,中证报
92,2021-11-12,2021国际智能制造大会 “智能制造与企业创新”分论坛在上海临港成功举办,凤凰网
93,2021-11-12,闻泰科技(600745)季报点评：盈利能力持续改善 向上拐点可期,新浪
94,2021-11-12,2021国际智能制造大会·上海临港 “双碳目标背景下的国资国企数字化转型”论坛成功举办,飞象网
95,2021-11-12,中芯国际：中芯控股等三方于上海临港成立合资公司,e公司
96,2021-11-11,联合国工业发展组织 2021国际智能制造大会在上海临港隆重举行,砍柴网
97,2021-11-11,上海临港完成工商变更登记，注册资本增20%至252248.7004万元,乐居财经
98,2021-11-11,雅辰酒店集团 “上海驱动” 构建高端精致旅居体验,和讯
99,2021-11-10,大众公用：订立合伙企业协议,Wind
100,2021-11-10,雅辰酒店集团首次进博会亮相：上海的项目将超过集团的50%,澎湃新闻
101,2021-11-09,上海临港共享进博新机遇 彰显国企社会责任典范,上证报
102,2021-11-04,《临港新片区智能网联汽车规模化示范应用“十四五”行动方案》印发,Wind
103,2021-11-02,长三角一体化上升为国家战略三周年：从各补短板走向共拉长板,Wind
104,2021-11-02,打造全国首个“科学家社区”城市单元！上海临港国际创新协同区全面启动,经济日报
105,2021-11-01,上海临港：国际创新协同区建设今日全面启动,e公司
106,2021-10-30,上海临港蓝湾，推进“产业链”与“人才链”的融合发展,蒲公英
107,2021-10-30,氢能产业风口已来，定位“国际氢能谷”的临港将如何腾飞？,第一财经
108,2021-10-28,上海临港新片区将建设离岸数据中心,上观
109,2021-10-27,上海临港：第三季度归母净利润3.50亿元，同比下降16.85% 盈利能力下降,36氪
110,2021-10-27,上海临港(600848.SH)：第三季度净利润降16.85%至3.5亿元 盈利能力下降,格隆汇
111,2021-10-27,上海临港公布三季报 前三季净利增加11.01%,新浪
112,2021-10-27,上海临港：前三季度归母净利润13.50亿元 同比增长11.01%,中证网
113,2021-10-27,图解上海临港三季报：第三季度单季净利润同比减16.85% 盈利能力下降,证券之星
114,2021-10-27,上海临港：2021年前三季度净利润约13.50亿元，同比增加11.01%,每日经济新闻
115,2021-10-27,上海临港：前三季度净利润13.5亿元，同比增11%,财联社
116,2021-10-27,上海临港拟以7624.76万元购买创晶科技中心3329平米房产,乐居财经
117,2021-10-27,上海临港2021年前三季度营收增57.93%至47.9亿元,乐居财经
118,2021-10-27,上海临港：前三季度净利润13.5亿元 同比增11.01%,e公司
119,2021-10-27,上海临港：前三季度净利润同比增长11.01%,Wind
120,2021-10-27,搭载上燃动力燃料电池系统——上海临港片区首条氢能公交正式投运,中国机经网
121,2021-10-26,上海临港30亿元小公募项目获上交所受理,乐居财经
122,2021-10-26,上海临港30亿元小公募获上交所受理,乐居财经
123,2021-10-26,第二届国际智能投研开发者大会（IITDC 2021）在上海临港新片区召开,中证网
124,2021-10-25,ABB为上海临港国际会议中心提供电气方案 拓展上海未来发展空间,北极星电力
125,2021-10-20,深度*行业*机械设备行业周报：风光大基地一期约100GW有序开工 建议相关光伏、风电、锂电设备板块,新浪
126,2021-10-20,上海临港新片区首条氢公交投运！,中国机经网
127,2021-10-19,深度*行业*半导体行业周报：三季报业绩普遍高增长 台积电表示产能紧张延续至2022全年,新浪
128,2021-10-18,药明生基上海临港基地正式投入运营,证券时报网
129,2021-10-18,MBK携聘礼65亿元“提亲” 海昌海洋公园“嫁女”聚力轻资产运营,上证报
130,2021-10-17,上海临港首条氢能源公交线正式运营 可“刷脸乘车”,东方网
131,2021-10-17,上海临港新片区首条氢能源公交线路今日开通,上证报
132,2021-10-17,上海临港新片区首条氢能源公交线路今天开通,财联社
133,2021-10-15,CDMO新锐：白帆生物顺利通过欧盟QP审计,药融圈
134,2021-10-14,"祥鑫科技现4笔大宗交易 共成交1,857.89万元",新浪
135,2021-10-14,上海临港基础设施公募REITs项目状态更新为“已申报”,乐居财经
136,2021-10-13,24个生物医药产业重点项目在上海临港新片区集中签约,中证网
137,2021-10-13,光大银行上海临港新片区支行开业,新民晚报
138,2021-10-11,专访|上海临港“首席招商服务官”顾长石：“东方芯港”五年内有望达世界级水平,财联社
139,2021-10-10,加速培养创新策源能力提升的生力军，第十届“蓝海.逐梦”大学生创业训练营在临港拉开帷幕,文汇报
140,2021-10-10,临港科技创业中心拆楼重建，为更高能级功能定位提供空间承载,上观
141,2021-10-08,2021 Insight of Future数字化转型安全峰会即将召开 上海临港 不见不散,砍柴网
142,2021-09-30,提前3年“套壳”只为今朝冲刺上市？丛麟环保研发能力、9成营收均靠收购而来，欲谋环企第5大IPO,和讯
143,2021-09-29,上海临港投资成立高科技发展公司，注册资本6亿元,搜狐
144,2021-09-29,特写|顶流机构如何看股权投资3.0时代？,财联社
145,2021-09-28,特写|2021滴水湖产业投资者大会之半导体行业圆桌论坛：临港未来产值增长点在这里,财联社
146,2021-09-27,上海临港新片区管委会与浦东新区政府、奉贤区政府签署合作协议,证券时报网
147,2021-09-27,新能源汽车行业周报：行业缺芯影响持续 大众在华投建首座独资电池工厂,渤海证券
148,2021-09-27,共话数字化转型之道，“引领＆创新·2021长三角经济数字化转型发展论坛”顺利召开,华夏时报
149,2021-09-26,【国金电新&汽车】能源领域深化“放管服”改革，继续积极看多光伏，乘用车金九银十仍可期，积极布局相关产业链,新兴产业观察者
150,2021-09-26,上海临港首个区块链技术安全服务站揭牌，区块链团体标准专家联合体成立,证券时报
151,2021-09-23,上海临港：到2025年年氢气自给率不低于当年需求量的30%,财联社
152,2021-09-22,上海临港发放氢能政策“大礼包” 氢燃料电池概念股有哪些（名单）,证券之星
153,2021-09-22,上海临港的氢能产业要发力了！重点发展以燃料电池为核心的科创产业,中国证券网
154,2021-09-22,1500辆氢燃料电池车、14座加氢站......上海临港发重磅规划，这些A股公司已布局,中证报
155,2021-09-22,加速奔向数字未来，通联支付携手上海临港打造“智慧园区”,中国网
156,2021-09-22,上海临港：到2025年完成1500辆氢燃料电池车辆应用,中证网
157,2021-09-22,上海临港：到2025年把临港新片区打造成为上海氢能发展先行先试区、综合示范区和产业引领区,财联社
158,2021-09-22,晶雪节能：冷链物流是公司产品的重要应用领域之一,Wind
159,2021-09-19,上海临港新片区生物医药产业十四五规划出炉！促进“优等生”实现境内外上市挂牌,中证报
160,2021-09-18,上海临港：推进新片区生物医药产业覆盖面快速扩大,中证网
161,2021-09-18,上海临港：着力解决临港新片区生物医药企业融资难问题,中证网
162,2021-09-18,上海临港：2025年末临港新片区生物医药产业规模突破500亿元,中证网
163,2021-09-17,上海临港完成发行10亿元公司债券，利率最高3.23%,乐居财经
164,2021-09-17,A股早报2021年9月17日星期五,Wind
165,2021-09-16,芯源微(688037)：定增申请获得受理 前道设备研发及扩产加速,新浪
166,2021-09-14,上海临港确定第二期公司债券票面利率最高为3.23%,乐居财经
167,2021-09-14,经参头版：“跨境理财通”推动金融市场互联互通机制再深化,Wind
168,2021-09-13,思朗科技处理器及超算芯片研发中心项目今日正式签约落地上海临港新片区,证券时报网
169,2021-09-13,上海临港拟发行不超过10亿元第二期公司债,观点地产网
170,2021-09-13,上海临港拟发行10亿元债券，用于偿还贷款及补充流动资金,乐居财经
171,2021-09-11,闻泰科技(600745)：产能产品双升级 ODM迎拐点,新浪
172,2021-09-10,闻泰科技(600745)：多业务协同发展 构建半导体为核心的大生态,新浪
173,2021-09-10,国家（上海）新型互联网交换中心试点正式获批落地临港,Wind
174,2021-09-07,缺芯潮何时结束？科技巨头加码布局自研芯片,Wind
175,2021-09-07,中芯国际(688981)重大事件快评：临港项目签框架协议 12寸成熟制程产能再加重磅,新浪
176,2021-09-06,上海临港：子公司拟参与投资上海弘盛益德基金,智通财经
177,2021-09-06,上海临港：拟合计出资1亿元投资上海弘盛益德基金 其聚焦医疗服务产业,财联社
178,2021-09-06,每日理财观察：公募酝酿创新普通混合型产品,Wind
179,2021-09-03,中芯国际暴力拉升，狂砸570亿干这事！4000亿巨头险些破发,Wind
180,2021-09-03,“芯片一哥”狂砸570亿元干大事，股价瞬间暴拉3%,Wind
181,2021-09-03,中芯国际：将在上海临港建28纳米芯片产线，总投资88亿美元,澎湃新闻
182,2021-09-03,中芯国际：有意在临港成立合资公司，规划建设产能10万片/月12英寸晶圆代工生产线,Wind
183,2021-09-03,中芯国际：根据合作框架协议，本公司和上海自贸试验区临港新片区管委会有意在上海临港自由贸易试验区共同成立合资公司，该合资公司将规划建设产能为10万片/月的12英寸晶圆代工生产线项目，聚焦于提供28纳米及,金十数据
184,2021-09-02,上海临港新片区印发绿色建筑创建行动实施方案（试行）,上证报
185,2021-09-02,上海临港新片区：积极试点5G、物联网等新技术在工程建设领域的应用,Wind
186,2021-09-02,上海临港新片区：积极试点5G、物联网等新技术在工程建设领域的应用,e公司
187,2021-09-02,上海临港新片区：探索绿色金融支持绿色建筑的实施模式,e公司
188,2021-09-02,无锡振华：公司在上海临港设立的全资子公司已经成为特斯拉、智己汽车的供应商，主要为其新能源汽车提供车身分拼总成零部件,每日经济新闻
189,2021-09-01,上海医药(601607)2021年中报点评：业绩超出预期 创新药管线加速扩张,新浪
190,2021-08-27,上海临港上半年营收净利润双增长 逐步向投招联动转型,上证报
191,2021-08-27,聚焦主业显成效 上海临港中报营利双增,发布易
192,2021-08-26,上海临港(600848.SH)拟向专业投资者公开发行公司债券 规模不超30亿元,智通财经
193,2021-08-26,上海临港：上半年营收增长61.58%至34.17亿元丨中报快讯,乐居财经
194,2021-08-26,晚间重要公告2021年8月26日星期四,Wind
195,2021-08-26,上海临港(600848.SH)拟公开发行绿色公司债券不超10亿元,智通财经
196,2021-08-26,上海临港公布半年报 上半年净利增加25.75%,新浪
197,2021-08-26,上海临港半年净利约10亿元 同比增长25.75%,观点地产网
198,2021-08-26,上海临港2021年上半年实现净利润11.50亿元，同比增长24.78%,经济观察网
199,2021-08-26,上海临港：拟发行不超30亿元人民币公司债,每日经济新闻
200,2021-08-26,上海临港：拟发行10亿元公司债,每日经济新闻
201,2021-08-26,上海临港：2021年半年度净利润约10亿元，同比增加25.75%,每日经济新闻
202,2021-08-26,上海临港(600848.SH)半年度净利润10亿元 同比增长25.75%,格隆汇
203,2021-08-26,上海临港半年报：上半年净利10亿元 同比增26%,财联社
204,2021-08-26,上海临港：上半年净利润同比增长25.75%,Wind
205,2021-08-24,论执着于硬核科技的上海——兼论硬核科技创新的作用,Wind
206,2021-08-23,泰格医药：下属投资平台拟参与投资上海临港生命蓝湾基金,Wind
207,2021-08-23,泰格医药：下属投资平台拟参与投资上海临港生命蓝湾基金,财联社
208,2021-08-22,临港新片区两周年 上海临港跑出加速度,上证报
209,2021-08-21,上海南港迎首批特斯拉外贸滚装汽车整船出口,Wind
210,2021-08-21,20亿豪赌“危废”：丛麟环保成色几何？,新浪
211,2021-08-20,到2025年上海临港集成电路产业 规模将突破1000亿元,中国电子报
212,2021-08-19,宁德时代落户上海临港 特斯拉成本有望继续下降,第一财经
213,2021-08-18,临港新片区打造世界级前沿产业集群 上海临港乘势发力,上证报
214,2021-08-17,上海自动驾驶公交车开启载人运营，全程8.5公里可预约体验,澎湃新闻
215,2021-08-17,上海临港环湖一路智能网联及自动驾驶公交载人示范应用今日启动,e公司
216,2021-08-17,上海临港：预计2021年工业总产值和生产性服务业营收突破3000亿元,中证网
217,2021-08-17,上海临港：集成电路全产业链布局总投资超过1500亿元,中证网
218,2021-08-13,A股8月13日地产股开盘：上海临港涨1.85%,乐居财经
219,2021-08-12,上海临港“十四五”规划来了！到2025年形成3个千亿级产业集群,中证报
220,2021-08-12,上海临港：加大住房供应力度，5年内新增各类住房约20万套,澎湃新闻
221,2021-08-12,上海临港：培育形成智能新能源汽车、集成电路、高端装备制造3个千亿级产业集群,乐居财经
222,2021-08-12,上海临港：探索在若干重点领域率先实现突破的政策和制度支持,财联社
223,2021-08-11,上海临港：临港投资拟出资1.5 亿元，认购申创基金出资总额的 3.882%,乐居财经
224,2021-08-11,上海临港(600848.SH)：拟出资1.5亿元认购申创产城基金,格隆汇
225,2021-08-10,论上海在区域产业发展中组织作用——长三角“富邻居”现象一个解读视角,Wind
226,2021-08-10,上海临港股价涨5.7% 现报16.06元,乐居财经
227,2021-08-10,让项目实现拿地即开工，上海临港试点施工临电“即插即用”,澎湃新闻
228,2021-08-09,上海临港(600848.SH)完成兑付2021年度第三期超短期融资券本息共计10.09亿元,智通财经
229,2021-08-06,上海临港：完成兑付10亿元超短期融资券，利率2.78%,乐居财经
230,2021-08-05,上海临港(600848.SH)完成发行10亿元2021年度第六期超短期融资券,智通财经
231,2021-08-05,上海临港(600848.SH)：成功发行10亿元超短融,格隆汇
232,2021-08-02,上海临港10亿元融资券发行完成，票面利率2.56%,乐居财经
233,2021-08-02,上海临港拟发行10亿元超短期融资券，申购区间2.26%-2.56%,乐居财经
234,2021-08-02,陆家嘴(600663)21H1：聚焦浦东金色中环发展 多维业务释放潜在价值,新浪
235,2021-07-30,利好政策接连出台 上海临港紧抓发展机遇未来可期,发布易
236,2021-07-30,上海临港拟发行10亿元248天超短期融资券，用于偿债,乐居财经
237,2021-07-30,上海临港拟发行10亿元超短期融资券，期限为248天,乐居财经
238,2021-07-29,集成电路企业讲述“技术之道”，破题资本未来三年投资逻辑,第一财经
239,2021-07-28,上海临港(600848.SH)：完成兑付本息10.10亿元超短期融资券,格隆汇
240,2021-07-28,上海临港(600848.SH)2021年度第二期超短期融资券兑付完成,智通财经
241,2021-07-28,上海临港参股成立数字产业发展公司，注册资本10亿元,搜狐
242,2021-07-27,芯源微(688037)：上半年业绩高增长 涂胶显影设备龙头加速受益,新浪
243,2021-07-26,注册资本2亿元，宁德时代上海临港成立智能科技公司,盖世汽车
244,2021-07-26,深度*行业*半导体新股系列4-拓荆科技：主导PECVD、SACVD、ALD等薄膜沉积设备国产化,新浪
245,2021-07-25,上海临港滴水湖最大风力12级，浦东共转移安置93070人,澎湃新闻
246,2021-07-21,上海临港：完成发行10亿元超短期融资券，票面利率2.62%,乐居财经
247,2021-07-21,上海临港：持续开展“智造焕新”建设行动全面推进重点行业数字化、智能化升级,财联社
248,2021-07-20,环境影响报告书公众意见征求的登报公示,浦东时报
249,2021-07-19,房地产行业跟踪报告：打造社会主义现代化建设引领区 浦东园区受益,新浪
250,2021-07-19,上海临港(600848.SH)：完成发行10亿元超短期融资券,格隆汇
251,2021-07-19,A股收盘综述：沪指震荡，网络安全、中药题材花开两朵,Wind
252,2021-07-19,A股午盘综述：三大股指午前均有抬头迹象,Wind
253,2021-07-16,中信证券解读浦东新政：掘金4条主线，点睛5大金股,Wind
254,2021-07-16,A股异动：上海本地股由涨转跌，上海临港跌近7%、陆家嘴跌4%,证券之星
255,2021-07-16,重磅文件支持浦东新区发展，上海本地股拉升走高，关注四投资主线,证券时报网
256,2021-07-15,上海临港参股成立航空产业发展公司，注册资本5亿元,贝壳财经
257,2021-07-15,上海临港联合光明食品注资5亿元成立航空产业发展公司,乐居财经
258,2021-07-15,【行情】上海本地股早盘走强，陆家嘴拉升涨逾6%，张江高科、上海临港、浦东金桥、外高桥等跟涨,金十数据
259,2021-07-14,徐咏雷卸任国泰君安证券独立财务顾问主办人，曾蕴也上任,乐居财经
260,2021-07-13,隆盛科技(300680)：国六+碳中和政策已至 新能源征途“隆盛”开启,新浪
261,2021-07-12,上海临港126天超短期融资券兑付完成，本息合计10.1亿元,乐居财经
262,2021-07-12,上海临港兑付10亿元超短期融资券，利率2.95%,乐居财经
263,2021-07-07,上海临港(600848.SH)完成发行10亿元2021年度第四期超短期融资券,智通财经
264,2021-07-07,覆盖全出行链无人驾驶渐行渐近,浦东时报
265,2021-07-06,闻泰科技拟收购英国最大晶圆厂，未来盈利能力面临考验,第一财经
266,2021-07-05,上海临港这条新建高架通车！将盘活新片区对外交通,上观
267,2021-07-05,地产行业周报：中央发文支持保障房建设 商票纳入三道红线监管,新浪
268,2021-07-02,直播丨“工商银行杯·上海临港前沿产业与创业路演秀”第二场,第一财经
269,2021-07-02,上海临港嘉定科技城,工业电器网
270,2021-07-01,“药中茅台”12天股价翻倍！重磅利好板块多股涨停,Wind
271,2021-07-01,上海自贸区板块午前异动，上海临港涨超4%,Wind
272,2021-06-30,无缝衔接轨交16号线，上海临港中运量1号线首发运营啦！,澎湃新闻
273,2021-06-30,深度*公司*芯源微(688037)：上半年盈利大幅增长 全年高增长定调,新浪
274,2021-06-30,上海临港中运量1号线首发运营，无缝衔接轨交16号线,澎湃新闻
275,2021-06-27,太突然！特斯拉又有事，遭1700亿巨头清仓,Wind
276,2021-06-25,“G60科创走廊+五大新城”发力，A股多家公司搭乘长三角发展快车,新浪
277,2021-06-25,上海临港现1笔大宗交易 共成交342.20万元,新浪
278,2021-06-25,上海临港今日大宗交易成交18.72万股，成交价18.28元溢价0.0%,Wind
279,2021-06-25,穆迪：维持上海临港经济发展集团“Baa1”发行人评级，展望“稳定”,Wind
280,2021-06-24,芯源微(688037)首次覆盖报告：涂胶显影龙头 加速受益国产替代,新浪
281,2021-06-24,上海临港参股成立新公司，注册资本30亿,贝壳财经
282,2021-06-23,多地房贷收紧，地产估值已处于历史低位，价值投资还有吗？,Wind
283,2021-06-23,上海临港拟投资15亿元设立G60科创集团 推动科创走廊产业转型升级,证券日报网
284,2021-06-23,上海临港拟投15亿参与设立G60科创集团 参股园内企业3年投资收益超7亿,长江商报
285,2021-06-23,上海临港：投资尚处初期状态 目的是为参与松江及周边区域科创经济发展｜公司问答,第一财经
286,2021-06-23,上海工厂早就量产，为何特斯拉德国工厂遥遥无期？,Wind
287,2021-06-23,A股早报2021年6月23日星期三,Wind
288,2021-06-22,上海临港联合设立G60科创集团,上证报
289,2021-06-22,晚间重要公告2021年6月22日星期二,Wind
290,2021-06-22,6月22日桐昆股份、上海临港等10家公司公告出现利好,证券之星
291,2021-06-22,晚间公告｜6月22日这些公告有看头,第一财经
292,2021-06-22,上海临港拟投资15亿元成立上海G60科创公司,观点地产网
293,2021-06-22,上海临港：拟投资15亿元设立合资公司,中证网
294,2021-06-22,上海临港拟出资15亿元成立G60科创集团 持股50%,乐居财经
295,2021-06-22,上海临港(600848.SH)拟共设合资公司推进G60科创走廊建设,智通财经
296,2021-06-22,上海临港：拟投资设立上海长三角G60科创经济发展集团,e公司
297,2021-06-22,上海临港中运量1号线下周三起开通运营：共10站，票价2元,澎湃新闻
298,2021-06-21,【读财报】芯源微：定增加速涂胶显影设备研发 或面临供应商供货不稳定风险,面包财经
299,2021-06-18,预见智能时代：“SLIDES”临港新片区路演秀人工智能与集成电路专场来了！,第一财经
300,2021-06-18,民生证券：芯源微（688037.SH）半导体设备国产之光，首予“推荐”评级,智通财经
301,2021-06-12,上市公司正负面新闻2021年6月12日星期六,Wind
302,2021-06-11,晚间重要公告2021年6月11日星期五,Wind
303,2021-06-11,芯源微拟定增募资10亿元 投入临港研发及产业化等项目,e公司
304,2021-06-11,芯源微：拟定增募资不超10亿元,Wind
305,2021-06-11,上海临港信息飞鱼项目成功摘地 打造数字经济新模式,上证报
306,2021-06-10,上海临港将于6月22日分红 每股派0.30元,乐居财经
307,2021-06-10,上海临港(600848.SH)2020年度A股权益分派10转2派3元股权登记日为6月21日,格隆汇
308,2021-06-10,上海临港(600848.SH)拟每10股转增2股派3元 6月22日除权除息,智通财经
309,2021-06-10,上海临港大涨,新浪
310,2021-06-09,上海临港金融、贸易发展“十四五”规划出炉 资本项目可兑换与离岸贸易都将有重大突破,上证报
311,2021-06-08,"上海本地股掀涨停潮,聪明钱加速抢筹，四主线布局浦东“这盘棋”",时代财经
312,2021-06-08,上海临港：离岸贸易与国际金融服务平台正式上线,中证网
313,2021-06-08,上海临港：助力上海建设国际金融中心和国际贸易中心,中证网
314,2021-06-08,上海临港收报23.02元涨8.5% 总市值483.9亿元,乐居财经
315,2021-06-08,什么信号？茅台五粮液大跌！825亿杠杆资金跑步入场,Wind
316,2021-06-08,解盘：资金小幅流出，上海自贸区、消费电子、物联网略涨,Wind
317,2021-06-08,上海临港股价涨停 现报23.34元,乐居财经
318,2021-06-08,上海地产股集体大涨 陆家嘴涨停、上海临港、浦东金桥等涨超8%,乐居财经
319,2021-06-08,上海自贸区板块快速拉高，陆家嘴涨停,Wind
320,2021-06-07,每日理财观察：今年最大解禁周来袭,Wind
321,2021-06-04,金融街下午茶2021年6月4日星期五,Wind
322,2021-06-04,电报|拟在上海临港建厂？宁德时代：不予置评,财联社
323,2021-06-04,上海临港特斯拉旁建超级电池工厂？宁德时代表示不予置评,Wind
324,2021-06-04,上海临港特斯拉旁建超级电池工厂？宁德时代表示不予置评,上证报
325,2021-06-04,上海临港股价跌6.3% 现报22.27元,乐居财经
326,2021-06-04,上海临港拟发行10亿元3年期公司债 票面利率3.41%,观点地产网
327,2021-06-04,上海临港盘中快速下跌,新浪
328,2021-06-04,A股早报2021年6月4日星期五,Wind
329,2021-06-03,涨停复盘 | 指数全天冲高回落 上海本地股逆市掀涨停潮,第一财经
330,2021-06-03,涨停板解密：资金抢筹，上海本地股掀涨停潮！（6月3日）,Wind
331,2021-06-03,上海自贸板块掀涨停潮 上海临港等集体涨停,上证报
332,2021-06-03,上海临港股价涨停 现报23.78元,乐居财经
333,2021-06-03,【行情】上海本地股午后掀涨停潮，陆家嘴、张江高科、浦东金桥、上海临港、申通地铁、浦东建设等十余股集体涨停,金十数据
334,2021-06-03,【行情】自由贸易港板块午后拉升走强，上海临港、浦东建设等涨停，东方创业、锦江在线、宁波港跟涨,金十数据
335,2021-06-03,上海临港股价涨5.3% 现报22.77元,乐居财经
336,2021-06-03,上海临港大涨,新浪
337,2021-05-26,上海临港大涨,新浪
338,2021-05-24,东山精密(002384.SZ)：拟在上海临港设东山新能源,格隆汇
339,2021-05-24,东山精密(002384.SZ)拟在上海临港设立子公司,智通财经
340,2021-05-19,东亚前海房地产：集中供地土拍开启，地价目标有效落实,新浪
341,2021-05-18,上海临港前沿产业与创业路演秀,第一财经
342,2021-05-18,首场倒计时！来临港，遇见前沿产业下一个独角兽,第一财经
343,2021-05-17,上海临港：“18临债02”回售资金兑付日6月15日,Wind
344,2021-05-11,A股收盘综述：沪指探底回升，白酒引领大消费反弹,Wind
345,2021-05-11,A股5月11日房企股午盘：上海临港涨8.38%,乐居财经
346,2021-05-11,A股午盘综述：上证指数跌0.27%，周期股全面回调,Wind
347,2021-05-10,新兴铸管助力上海临港高品质水项目建设,管道商务网
348,2021-05-10,A股5月10日房企股开盘：上海临港涨2.12%,乐居财经
349,2021-05-06,5G应用深入上海临港 5G专网加速企业数字化转型,第一财经
350,2021-05-04,"作为“人工智能+教育”代表项目,三盟科技获上海临港重点引进!",砍柴网
351,2021-04-30,上海临港普洛斯科创棱镜产业园启动 投资额9.7亿,观点地产网
352,2021-04-29,上海临港一季度净利润翻倍 深度契合国家与城市战略,上证报
353,2021-04-29,喜报！上海临港：2021年第一季度净利润约3.86亿元，同比增加92.41%,每日经济新闻
354,2021-04-28,上海临港：打造成为上海“国际数字之都”的核心示范先行区,中证网
355,2021-04-28,上海临港：一季度净利润3.86亿元同比增长92%,第一财经
356,2021-04-28,上海临港(600848.SH)一季度净利润升92.41%至3.86亿元,格隆汇
357,2021-04-28,上海临港(600848.SH)一季度归母净利同比增长92.41%至3.86亿元,智通财经
358,2021-04-28,5G应用深入上海临港，5G专网加速企业数字化转型,第一财经
359,2021-04-28,上海临港：一季度签约销售额20.46亿元 归母净利润3.86亿元,乐居财经
360,2021-04-28,上海临港：一季度净利润同比增长92.41%,Wind
361,2021-04-19,上海临港2020年业绩逆势增长 稳步推进“一体两翼”战略,中国财富网
362,2021-04-15,上海临港今日大宗交易成交46万股，成交价18.49元溢价0.0%,Wind
363,2021-04-13,上海临港：完成兑付16.33亿元融资券 利率2.12%,乐居财经
364,2021-04-13,上海临港：为董监高购买责任险 赔偿限额3000万元,乐居财经
365,2021-04-13,上海临港：2020年归母净利润14.14亿元 同比增长5.02%|年报快讯,乐居财经
366,2021-04-13,上海临港(600848.SH)：2020年度净利升5.02%至14.14亿元拟10转2派3元,格隆汇
367,2021-04-13,上海临港：2020年净利同比增长5%拟10转2派3元,格隆汇
368,2021-04-13,上海临港(600848.SH)第一期短期融资券兑付完成 兑付本息合计16.34亿元,智通财经
369,2021-04-13,上海临港(600848.SH)年度归母净利同比增长5%至14.14亿元 拟10转2派3元,智通财经
370,2021-04-13,上海临港：2020年归属股东净利润14.14亿元 同比增5.02%,中金在线
371,2021-04-13,上海临港：2020年净利润同比增长5.02%,Wind
372,2021-04-13,上海临港：发行10亿元公司债 最高利率3.63%,乐居财经
373,2021-04-12,货殖列传｜伦茨亚洲总裁谢卫东：中国是全球最大的自动化市场,澎湃新闻
374,2021-04-07,中国短期融资券及中期票据信用分析周报,新浪
375,2021-04-07,上海临港：完成发行10亿元超短期融资券,乐居财经
376,2021-04-02,上海临港科技创业宁波中心揭牌 将完善产业培育服务体系,澎湃新闻
377,2021-04-01,晚间重要公告2021年4月1日星期四,Wind
378,2021-04-01,上海临港：2020年第四季度签约销售合同金额约为2.7亿元,中国网
379,2021-04-01,上海临港：去年四季度签约销售合同金额约为2.7亿元,Wind
380,2021-03-29,上海临港今日大宗交易成交15.60万股，成交价18.47元溢价0.0%,Wind
381,2021-03-17,中国短期融资券及中期票据信用分析周报,新浪
382,2021-03-16,上海临港正在研究制定医疗卫生服务扩大开放实施办法,中证网
383,2021-03-11,上海临港(600848.SH)完成兑付本息10.10亿元超短融,格隆汇
384,2021-03-10,上海首张数字人民币保单在临港落地,Wind
385,2021-03-08,上海临港(600848.SH)完成发行10亿元2021年度第一期超短期融资券,智通财经
386,2021-03-08,上海临港(600848.SH)：孟祥生辞去执行副总裁职务 董监高成员变化,智通财经
387,2021-03-08,上海临港：执行副总裁孟祥生辞职 董监高成员变化,每日经济新闻
388,2021-03-08,上海临港(600848.SH)完成发行2021年度第一期超短期融资券,格隆汇
389,2021-03-08,上海临港：高级管理人员辞职 董监高成员变化,Wind
390,2021-03-08,大力支持第三代半导体，上海临港发布集成电路产业规划,LED在线
391,2021-03-04,上海临港集成电路产业规划剑指何处？,云掌财经
392,2021-03-04,重磅！2500亿中芯国际大利好，订购12亿美元光刻机！网友：诺安要成长了？上海临港也发布了重磅规划,21世纪经济报道
393,2021-03-04,上海临港发布集成电路专项规划,东方网
394,2021-03-04,融资客青睐7股，四创电子买入占比高达38.02%,Wind
395,2021-03-04,上海临港发布第三代半导体支持政策,财联社
396,2021-03-04,2500亿中芯国际突发大利好，订购12亿美元光刻机,Wind
397,2021-03-03,12亿美元买光刻机，中芯国际签大单！上海临港也发布了重磅规划,中证报
398,2021-03-03,中国短期融资券及中期票据信用分析周报,新浪
399,2021-03-02,上海临港拟发行第一期10亿元超短期融资券 期限126天,乐居财经
400,2021-02-28,陆家嘴财经早餐2021年2月28日星期日,Wind
401,2021-02-27,闻泰科技：上海12寸晶圆厂将于2022年7月投产，产能预计将达到每年40万片,Wind
402,2021-02-24,地产股逆市活跃，保利、新城控股、招商蛇口、绿地、金地普遍飘红,Wind
403,2021-02-08,上海临港职工监事顾嗣鸣变更为董俊 董监高成员变化,证券日报网
404,2021-02-05,上海临港：逃避房地产项目预售资金监管的房企将暂停网签 项目问题,澎湃新闻
405,2021-02-05,上海临港新片区出台支持总部经济发展的若干措施,Wind
406,2021-02-01,跨年行情未变，机构称增量资金将持续支撑市场,Wind
407,2021-01-30,总投资约72亿元！103社区科创总部湾首批项目今日集中开工,Wind
408,2021-01-28,上海临港现1笔大宗交易 共成交533.10万元,新浪
409,2021-01-28,上海临港今日大宗交易成交30万股，成交价17.77元折价9.2%,Wind
410,2021-01-21,东方明珠与上海临港携手打造东方智媒城,证券时报网
411,2021-01-21,东方智媒城启动 东方明珠与上海临港携手助力上海城市数字化转型,中证网
412,2021-01-18,产城发展企业观察,新浪
413,2021-01-16,上海临港子公司混改 上海国资2.55亿入主,证券时报
414,2021-01-15,公告精选：古井集团6%股权划给安徽省财政厅；京东方拟定增募资不超200亿元,e公司
415,2021-01-15,晚间重要公告2021年1月15日星期五,Wind
416,2021-01-15,【公告抢先看】晚间重要公告：台海核电拖欠职工工资611万元、上海临港拟与实控人设立临港飞鱼,金融界
417,2021-01-15,上海临港：拟与实控人设立临港飞鱼，聚焦临港新片区数字经济相关产业,Wind
418,2021-01-15,上海临港：拟与实控人共同设立临港飞鱼聚焦临港新片区数字经济相关产业,格隆汇
419,2021-01-15,上海临港(600848.SH)：子公司嘉定科技城引入工投集团为战投,格隆汇
420,2021-01-13,上海临港“科创六力”再升级 第五季漕河泾科创嘉年华“来袭”,发布易
421,2021-01-11,上海临港：百度阿波罗项目正式落户，助力智能网联新跨越,发布易
422,2021-01-06,【GICS行业巡礼】17家“工业集团企业”行业沪深港上市公司初筛选,宏赫臻财
423,2021-01-06,降价疾风劲刮，新能源车市场酝酿变局,Wind
424,2021-01-05,上海临港(600848.SH)：累计确认各项与收益相关的政府补助31911.34万元,格隆汇
425,2020-12-29,上海临港：“19临债01”回售金额为2.81亿元，未转售,Wind
426,2020-12-28,国家医保谈判落地：创新药“大联欢”，肺癌糖尿病重磅药物“争辉”,21世纪经济报道
427,2020-12-23,上海领灿&新财富：携手百家上市公司走进上海临港，多方赋能共话未来,凤凰网
428,2020-12-18,上海临港：“19临债01”回售登记期12月21日-12月25日,Wind
429,2020-12-17,上海临港今日大宗交易成交700万股，成交价20.7元溢价0.0%,Wind
430,2020-12-15,上海临港(600848.SH)：获准注册50亿元超短期融资券,格隆汇
431,2020-12-11,临港新片区第二批自动驾驶汽车开放测试道路启动,Wind
432,2020-12-11,临港新片区智能网联汽车产业专项规划正式发布,Wind
433,2020-12-05,消费电子制造环节外迁，长盈精密赴越南租地建厂,Wind
434,2020-12-02,A股早报2020年12月2日星期三,Wind
435,2020-11-28,下周705亿市值限售股解禁，环比增加95.31% 解禁,Wind
436,2020-11-25,上海临港：占总股本7.99%限售股将于12月2日上市流通 解禁,Wind
437,2020-11-25,上海临港(600848.SH)：约1.6793亿股限售股将解禁 解禁,格隆汇
438,2020-11-22,下周操盘攻略：A股处于较为友好交易窗口,Wind
439,2020-11-20,长盈精密募资19亿元背后：加码押注新能源汽车及5G智能终端业务,经济观察网
440,2020-11-15,公募REITs又迎关键一步,中国基金报
441,2020-11-13,多类资产充当标的物，公募REITs加速推进,Wind
442,2020-11-12,上海自贸区板块持续走弱，外高桥触及跌停,Wind
443,2020-11-12,上海本地股异动，外高桥、上海临港等直线拉升,Wind
444,2020-11-12,策略专题：MSCI中国A股调整报告,新浪
445,2020-11-09,上海临港(600848.SH)：完成发行10亿元超短期融资券,格隆汇
446,2020-10-29,【财报智读】上海临港：2020年前三季度经营性现金净流出6.44亿元,面包财经
447,2020-10-29,【面包财报】上海临港：2020年前三季度经营性现金净流出6.44亿元,面包财经
448,2020-10-28,上海临港(600848.SH)前三季度扣非净利润升346.97%至9.56亿元,格隆汇
449,2020-10-28,上海临港(600848.SH)拟获实控人提供财务资助不超50亿元,格隆汇
450,2020-10-28,上海临港：前三季度净利润同比增长1.07%,Wind
451,2020-10-27,上海临港“东方芯港”启动 预计到2025年产业规模将达千亿元,新华网
452,2020-10-26,特斯拉连续第五个季度实现盈利 相关供应链有望迎来长周期增长,中证报
453,2020-10-26,“特色工艺”集成电路制造市场广阔,Wind
454,2020-10-24,中国城市海洋发展指数：上海先发优势显著，广州领跑南部海洋经济圈,Wind
455,2020-10-22,上海临港：兑付完成2020年超短期融资券 兑付本息合计约10.04亿元,乐居财经
456,2020-10-19,上海临港完成发行10亿超短期融资券 票面利率2.4%,乐居财经
457,2020-10-19,A股10月19日房企股涨幅榜：上海临港涨2.90%位居首位,乐居财经
458,2020-10-15,上海临港(600848.SH)完成发行10亿元超短期融资券,格隆汇
459,2020-10-13,长盈精密三季度营收创历史新高，全年净利预增五倍以上,投资家
460,2020-09-28,长盈精密：19亿元定增方案获准 加速布局新能源汽车和3C类业务,金融界
461,2020-09-25,上海临港将打造全产业链生态 聚焦芯片、AI等前沿产业,21世纪经济报道
462,2020-09-21,万亿巨头火速过会将登陆科创板 外资抢筹净买入近百亿,Wind
463,2020-09-18,富时罗素指数调整今生效，北上资金买买买，这些股票尾盘异动,Wind
464,2020-09-18,上海临港：向子公司增资逾10亿元用于募投项目,Wind
465,2020-09-18,上海临港(600848.SH)：拟向高科技园公司、临港欣创进行增资 用于募投项目,格隆汇
466,2020-09-18,8月中国产业地产TOP20报告·观点月度指数,新浪
467,2020-09-15,上海临港(600848.SH)：临港投资拟6000万元参与投资设立金浦科创基金 出资占比10%,格隆汇
468,2020-09-14,房地产：内地房地产周度观察：如何理解近期险资入股优质房企？,新浪
469,2020-09-07,西藏药业：拟向华平发展购买上海临港智造园六期项目地产进行疫苗生产线建设,第一财经
470,2020-09-05,上海临港将建专用通道，实现国际互联网数据跨境安全有序流动,Wind
471,2020-08-29,募资25亿元急破产能瓶颈 押宝新能源 均胜电子能否弯道超车 减资破产,中国经营报
472,2020-08-27,上海临港(600848.SH)：上半年净利升3.41%至7.92亿元,格隆汇
473,2020-08-27,上海临港：上半年净利润同比增长3.41%,Wind
474,2020-08-19,上海临港五年内最多新增5000台换电重卡 总投资超20亿元,第一财经
475,2020-08-12,时任临港资管副总经理内幕交易“上海临港” 被罚没逾39万元,中证网
476,2020-08-06,长盈精密非公开发行通过深交所审核 5G与新能源汽车业务“厚积薄发”,每经网
477,2020-08-06,定增通过交易所审核，长盈精密进入业绩快速增长通道,投资家
478,2020-08-06,长盈精密定增通过审核，旨在为特斯拉和5G可穿戴项目做扩产准备,证券时报网
479,2020-08-04,中国证监会行政处罚决定书（陆春） 金融监管处罚,证监会
480,2020-08-03,上海临港(600848.SH)：部分董监高合计增持13.9万股增持计划实施完毕,格隆汇
481,2020-08-03,独角兽IPO纷至沓来，还有哪些后备军,Wind
482,2020-07-30,上海临港(600848.SH)：完成2020年度第二期超短期融资券本息兑付,格隆汇
483,2020-07-29,29家公司高管出手增持动用资金1.79亿元,证券时报网
484,2020-07-27,上海临港(600848.SH)完成发行10亿元超短期融资券,格隆汇
485,2020-07-27,上海临港10亿元超短期融资券发行完成 利率1.78%,中金在线
486,2020-07-27,房地产行业2020年Q2基金持仓点评：板块低配明显 陆股通逆势提升,新浪
487,2020-07-22,27家公司高管出手增持动用资金4338.07万元,证券时报网
488,2020-07-17,上海临港大宗交易成交125.33万股 成交额2609.44万元,乐居财经
489,2020-07-17,"上海临港现1笔大宗交易 共成交2,609.44万元",新浪
490,2020-07-17,上海临港今日大宗交易成交125.33万股，成交价20.82元折价9.52%,Wind
491,2020-07-16,A股早报2020年7月16日星期四,Wind
492,2020-07-12,上海临港3388万限售股上市流通 占总股本1.61% 解禁,观点地产网
493,2020-07-11,下周895亿市值限售股解禁，环比增加132.04% 解禁,Wind
494,2020-07-10,上海临港：约3388.33万股限售股7月16日解禁 解禁,Wind
495,2020-07-10,上海临港(600848.SH)：约3388.33万股限售股7月16日解禁 解禁,格隆汇
496,2020-07-10,上市公司正负面新闻2020年7月10日星期五,Wind
497,2020-07-09,大名城：两家子公司8.14亿元上海临港拿地,Wind
498,2020-07-08,首届中国（上海）工业品在线交易节累计交易额突破130亿元,Wind
499,2020-07-08,市场热情持续释放，两融余额5天增逾1000亿,Wind
500,2020-07-07,第一医药:对标百联股份，或将受益上海临港片区开设市内免税店,投资家
501,2020-07-07,【A股收盘综述】上证指数连升6日，创业板指涨2.44%,Wind
502,2020-07-07,快讯：自由贸易港板块午后拉升 上海临港封涨停,新浪
503,2020-07-07,【行情】自由贸易港板块异动拉升，上海临港涨停，华贸物流涨超9%，欣龙控股、海峡股份、东方创业等跟涨,金十数据
504,2020-07-01,超重磅！中央力推六项改革，四大板块迎风口,券商中国
505,2020-06-25,万达6月上海临港20亿拿地，到年底将新开业45家万达广场,Wind
506,2020-06-22,上海临港今日大宗交易成交45万股，成交价21.12元折价0.09%,Wind
507,2020-06-04,上海临港(600848.SH)获准注册不超20亿元公司债,格隆汇
508,2020-06-04,上海临港(600848.SH)年报推10派2.4元 股权登记日6月12日,格隆汇
509,2020-06-03,上海临港：洋山特殊综保区发布88条政策支持 公司布局长远再获利好,发布易
510,2020-05-29,上海临港：高级管理人员辞职 董监高成员变化,Wind
511,2020-05-27,特斯拉上海超级工厂二期工程即将全面封顶,Wind
512,2020-05-27,上海临港控股股份：“18临债01”回售金额为4.39亿元,Wind
513,2020-05-26,关于同意上海临港控股股份有限公司向专业投资者公开发行公司债券注册的批复,证监会
514,2020-05-19,REITs是啥？金融创新、公募基金+ABS,Wind
515,2020-05-18,4月中国产业地产TOP20报告·观点月度指数,观点地产网
516,2020-05-15,上海临港：将“18临债01”后2年的票面利率由5.01%下调至2.48%,Wind
517,2020-05-15,上海临港大宗交易成交285.00万元,乐居财经
518,2020-05-14,A股共发生104宗大宗交易成交57.35亿元（5月14日）,Wind
519,2020-05-14,上海临港现1笔大宗交易 共成交285.00万元,新浪
520,2020-05-12,国内首家纯外资公募落地！北上资金连续八周净流入,Wind
521,2020-05-11,外资加码布局！国内首家外商独资公募即将落地,Wind
522,2020-05-10,2020年4月中国产城运营商品牌指数TOP50【第19期】,和讯
523,2020-05-09,陆家嘴财经早餐2020年5月9日星期六,Wind
524,2020-05-08,全国首个合资理财公司落地，还有多家在“跑步进场”,Wind
525,2020-05-08,全国首个合资理财公司落地上海临港,Wind
526,2020-05-06,公募REITs启航，这些行业与个股最受益,证券时报网
527,2020-04-29,上海临港一季报营收净利双增长,金融界
528,2020-04-28,上海临港(600848.SH)一季度净利升5.48%至2.02亿元,格隆汇
529,2020-04-28,上海临港：一季度签约销售额约10.52亿元,中国网
530,2020-04-28,上海临港：一季度归属股东净利润2.02亿元 同比增长5.48%,中国网
531,2020-04-26,上海临港新片区首单跨境资金池业务落地,Wind
532,2020-04-24,上海临港业绩持续增长 回馈股东力度加大,上证报
533,2020-04-24,上海临港：2019年业绩稳健增长 积极践行临港新片区国家战略,发布易
534,2020-04-23,上海临港：2019年净利润13.47亿元 拟10派2.40元,金融界
535,2020-04-23,年报｜上海临港：归母净利13.47亿元 同比增10.12%,乐居财经
536,2020-04-23,上海临港(600848.SH)2019年度净利润升10.12%至13.47亿元 拟10派2.4元,格隆汇
537,2020-04-23,上海临港：2019年归属股东净利润13.47亿元同比增10.12%,中国网
538,2020-04-23,上海临港：放弃合资公司20%股权优先受让权,Wind
539,2020-04-23,上海临港：2019年净利润同比增长10.12%,Wind
540,2020-04-17,上海临港一宗32亿元短期融资券获准注册,中国网
541,2020-04-15,每日理财观察：外汇局八大举措优化外汇管理,Wind
542,2020-04-14,上海土地出让规则生变，或与规避“围标”有关,Wind
543,2020-04-11,险资大军归来！年内举牌次数已超去年全年,Wind
544,2020-04-10,上海临港(600848.SH)完成发行16亿元短期融资券,格隆汇
545,2020-04-10,上海临港：16亿元短期融资券发行完成 利率2.12%,中国网
546,2020-04-07,上海临港拟发行16亿元短期融资券 票面利率未定,观点地产网
547,2020-04-04,高管增持排行榜 4股获增持超千万元 五股牛,证券时报
548,2020-04-02,上海临港新片区管委会与中国平安达成战略合作,e公司
549,2020-04-01,上海临港(600848.SH)2019年第四季度园区房地产签约销售金额约8.398亿元,格隆汇
550,2020-04-01,上海临港(600848.SH)完成发行10亿元超短期融资券,格隆汇
551,2020-04-01,上海临港：2019年四季度新增土地储备约19万平方米,Wind
552,2020-04-01,证券时报头版：股市下跌迎来长期买点，中长期不悲观,Wind
553,2020-03-31,23家公司高管出手增持动用资金1.35亿元,证券时报网
554,2020-03-31,上海自贸区个股纷纷异动,Wind
555,2020-03-31,【行情】上海自由贸易港板块拉升，上海物贸涨3.37%，上海临港涨3.21%。,金十数据
556,2020-03-30,上海自贸区板块走强,Wind
557,2020-03-30,上海临港20亿元小公募公司债券在上交所提交注册,中国网
558,2020-03-30,近10日27家公司获高管增持,证券时报网
559,2020-03-27,上海临港(600848.SH)：支持园区企业抗击疫情减免中小企业今年2-3月的租金,格隆汇
560,2020-03-27,上海临港：支持园区企业抗击疫情减免中小企业租金预计1.97亿元,Wind
561,2020-03-27,长盈精密获临港新片区市场监督管理局颁发首批营业执照,证券日报
562,2020-03-26,险资开启抢筹模式，一周4次出手，万亿增量资金可期,券商中国
563,2020-03-24,近10日26家公司获高管增持,证券时报网
564,2020-03-24,再融资新规满月 房企定增仍处冰河期,时代周报
565,2020-03-23,高管增持排行榜3股获增持超千万元,证券时报网
566,2020-03-20,逾60股预告一季度业绩，预增股市场表现强劲,Wind
567,2020-03-12,上海临港20亿元小公募公司债券获上交所受理,中国网
568,2020-03-11,上海临港获准注册短期融资券 注册金额32亿元,证券日报
569,2020-03-11,上海临港(600848.SH)获准注册32亿元短期融资券,格隆汇
570,2020-03-09,上海临港：聘任杨凌宇、熊国利为执行副总裁,中国网
571,2020-03-06,长盈精密定增真相：拟投资10.92亿元建设新能源汽车零组件项目,金融投资网
572,2020-03-06,格科微12英寸CIS工艺项目落户上海临港,SEMI
573,2020-03-05,推动跨境贸易投资便利化，农行完善线上跨境资金结算功能,第一财经
574,2020-03-04,长盈精密拟募资不超过29亿元 布局上海临港新能源汽车零组件项目,e公司
575,2020-02-25,上海临港奉贤园区及青浦13.5亿成交两宗宅地 大名城竞得一宗,观点地产网
576,2020-02-24,大名城：7.1亿元摘得上海临港一宗居住用地,中国网
577,2020-02-24,上海临港筹措一千套房解决员工观察等困难,Wind
578,2020-02-12,中微公司拟与上海临港签署合作意向,中证网
579,2020-02-09,高管增持榜：这6股增持金额超千万元,证券时报
580,2020-02-06,高管增持榜：圣农发展增持额居首,证券时报网
581,2020-02-04,上海临港：超1亿股限售股2月10日解禁 解禁,Wind
582,2020-02-03,上海临港(600848.SH)：部分董监高及公司和公司实控人部分核心管理人员拟增持公司股份,格隆汇
583,2020-01-27,“鼠”你最稳：这些股连续5年业绩增长n最高复合增速超90%,金融界
584,2020-01-15,上海临港2019年净利13.1亿-14亿 同比增长逾2倍,金融界
585,2020-01-15,上海临港：2019年度归属股东净利润预增7%-14%,澎湃新闻
586,2020-01-15,上海临港：预计2019年净利润同比增长7.0%-14%,Wind
587,2020-01-15,上海临港：预计2019年归属股东净利润为13.1亿元到14亿元,中国网
588,2020-01-15,上海临港(600848.SH)2019年调整后净利预增7%-14%,格隆汇
589,2020-01-14,险资又双叒叕举牌A股房地产：模式和资金来源变数新解,Wind
590,2020-01-14,A股走牛，险资大举出动！岂止万达信息，这些个股也被盯上了！已砸近80亿举牌,中国基金报
591,2020-01-13,2019年全年房企销售融资点评：销售业绩强者恒强，融资成本分化明显,中信建投证券研究
592,2020-01-08,上海临港(600848.SH)：“19临债01”17日付息 每手派息37.40元,格隆汇
593,2020-01-08,上海临港(600848.SH)完成发行10亿元超短期融资券,格隆汇
594,2020-01-07,上海临港：2019年累计新增借款超过上年末净资产百分之四十 大额借贷担保,Wind
595,2020-01-07,上海临港(600848.SH)2019年累计新增借款超上年末净资产40% 大额借贷担保,格隆汇
596,2020-01-04,下周947亿市值限售股解禁，环比增加73.43% 解禁,Wind
597,2019-12-31,上证早知道│国常会确定加快发展商业养老保险；一个千亿级产业落地上海临港,中国证券网
598,2019-12-30,上海临港拟公开发行不超20亿元公司债,上证报
599,2019-12-30,上海临港关于公司董事辞职的公告 董监高成员变化,新浪
600,2019-12-30,千亿级航空产业落地上海临港，一期投资300亿元,Wind
601,2019-12-30,上海临港(600848.SH)拟向临港欣创增资1.27亿元实施募投项目,格隆汇
602,2019-12-30,上海临港(600848.SH)拟发行不超20亿元公司债券,格隆汇
603,2019-12-30,上海临港：1.18亿限售股2020年1月6日解禁 解禁,Wind
604,2019-12-30,上海临港：董事辞职 董监高成员变化,Wind
605,2019-12-18,深耕科技产业园区开发运营 上海临港开启新征程,证券日报
606,2019-12-18,年底举牌潮涌 王府井、荃银高科、长航凤凰获举牌,财富动力网
607,2019-12-16,主播收评丨新一轮险资举牌呼之欲出！这一回，是“救世主”还是“野蛮人”？,央视
608,2019-12-12,积极助力实体经济 险资倾向长期战略投资,中证报
609,2019-12-12,龙头险企频举牌上市公司,广州日报
610,2019-12-11,A股市场迎来年底“举牌”潮 险资又来举牌了,财界网
611,2019-12-11,险资又来举牌了！万能险靠边站，资金来源更多样,21世纪经济报道
612,2019-12-10,开辟2020年新战场！二度举牌，国资、险资、私募冠军频现,Wind
613,2019-12-10,MSCI剔除上海临港今日生效,Wind
614,2019-12-10,MSCI 剔除上海临港今日生效 剔除指数,中证网
615,2019-12-06,举牌7家，增持62只股！高分红、低估值成险资买入理由,Wind
616,2019-12-06,险资年内超150亿元举牌7家上市公司 年末密集踩点计算机软件与化学制药公司,证券日报
617,2019-12-04,资本看好企业成长价值 上海临港募配圆满收官,上证报
618,2019-12-04,上海临港定增获中国太保认购超26亿元,证券日报
619,2019-12-04,太保寿险以定增方式举牌上海临港 投资资金近27亿元,每日经济新闻
620,2019-12-04,总投资27亿！太保寿险成功参与上海临港定增项目,21世纪经济报道
621,2019-12-04,重磅！白酒行业税率未调整 批量“错杀股”报复性反弹时机来临,巨丰财经
622,2019-12-03,中国电建：5.37亿元认购上海临港定增股份,e公司
623,2019-12-03,上海临港：拟非公开发行股份募资47.7亿元购买资产,金融界
624,2019-11-26,[克而瑞]新房供求同降，上海临港发布新政细则,中房网
625,2019-11-25,捷捷微电：拟在上海临港新片区设立控股子公司,e公司
626,2019-11-15,上海临港10.41亿转让与普洛斯合资物流公司20%股权 资产异常,观点地产网
627,2019-11-01,上海自贸区概念股尾盘冲高，上实发展冲击涨停,Wind
628,2019-10-28,上海临港：前三季度净利润同比增20.47%,Wind
629,2019-10-21,A股走牛，险资大举出动！岂止万达信息，这些个股也被盯上了！已砸近80亿举牌,中国基金报
630,2019-10-18,上海临港直线拉升，临港新片区发布促进产业发展系列政策,Wind
631,2019-10-14,上海临港(600848.SH)：中国证监会核准豁免临港资管要约收购义务,格隆汇
632,2019-10-13,上海临港集团与融创中国签署战略合作协议 打造产城融合新模式,发布易
633,2019-10-11,上海临港(600848.SH)子公司竞得松江区新桥镇漕河泾开发区一幅地块,格隆汇
634,2019-10-06,电鳗快报|上海临港参与设立创投基金 关注工业互联网领域优化收入结构,电鳗快报
635,2019-09-25,上海临港：底价1.29亿元摘得1宗工业用地,中国网
636,2019-09-25,上海临港(600848.SH)子公司竞得松江区工业用地,格隆汇
637,2019-09-21,投资超百亿 量产时间未定 博郡汽车黄希鸣的雄心与尴尬,中国经营报
638,2019-09-20,上海自贸区板块大幅攀升，上海临港涨3%,Wind
639,2019-09-17,上海本地股午前急拉，上海凤凰等多股短线走升,Wind
640,2019-09-10,上交所：中国人保等4股将被调入上证180指数,Wind
641,2019-09-09,上海临港(600848.SH)当年累计新增借款超上年末净资产40% 大额借贷担保,格隆汇
642,2019-09-09,上海临港：本年度累计新增借款超过上年末净资产百分之四十 大额借贷担保,Wind
643,2019-09-06,中海油这家全新子公司扎根临港新片区，筑梦深远海风电场,上观
644,2019-08-31,临港新片区陆海空无人系统平台成立，为产业孵化提供服务,澎湃新闻
645,2019-08-29,上海自贸区概念股拉升，畅联股份领涨,Wind
646,2019-08-28,上海临港(600848.SH)半年度扣非净利润降13.89%至1.11亿元 盈利能力下降,格隆汇
647,2019-08-28,上海临港(600848.SH)拟申请注册发行不超40亿元短期融资券,格隆汇
648,2019-08-28,上海临港：张四福、董鑑华辞任董事等职务 詹锋、陆雯拟获候选人 董监高成员变化,中国网
649,2019-08-28,半年报风云｜上海临港：上半年归母净利7.66 亿元 同比增长7.20%,乐居财经
650,2019-08-28,上海临港：董事变动 董监高成员变化,Wind
651,2019-08-28,上海临港：上半年净利润同比增7.20%,Wind
652,2019-08-28,东方明珠联合上海临港打造智媒产业园区 东方智媒城雏形初展,证券日报
653,2019-08-27,2900点回来了！超百亿外资尾盘“脉冲式”扫货,Wind
654,2019-08-23,临港智能网联汽车综合测试示范区开园！含26公里开放测试路,澎湃新闻
655,2019-08-21,改革先锋，上海国资市值万亿，一文看清投资机会,Wind
656,2019-08-20,A股共发生126宗大宗交易成交52.77亿元（8月20日）,Wind
657,2019-08-20,上海临港今日大宗交易成交196.09万股，成交价25.96元折价4.94%,Wind
658,2019-08-20,上海临港新片区001号企业来了！这家企业是干嘛的？,每经网
659,2019-08-20,首批入驻临港新片区的企业 会有哪些“大动作”？,第一财经
660,2019-08-20,快讯：上海本地股异动 上海临港大涨7%,新浪
661,2019-08-20,临港新片区揭牌！上海自贸概念股上海临港、华贸物流等拉升,金融界
662,2019-08-18,214只股票连续下跌3日或3日以上,Wind
663,2019-08-15,【异动股】上海自贸板块拉升，上海临港(600848-CN)跌5.69%,财华社
664,2019-08-11,黄金走高吸引游资避险 自贸概念熄火港资退出,南方财经网
665,2019-08-09,中信出版再获资金托盘 科创板降温机构撤离,南方财经网
666,2019-08-08,上海临港：公司股票连续三个交易日内收盘价格跌幅偏离值累计超20%,乐居财经
667,2019-08-08,上海临港：控股股东不存在应披露而未披露重大信息,Wind
668,2019-08-08,上海临港龙虎榜数据（8月8日）,Wind
669,2019-08-08,跌停板解密：三类个股大幅下探！（8月8日）,Wind
670,2019-08-08,【异动股】上海自贸板块下挫，上海临港(600848-CN)跌停,财华社
671,2019-08-08,【异动股】上海自贸板块低开，上海临港(600848-CN)跌7.65%,财华社
672,2019-08-08,上海临港延续弱势 继续封跌停,e公司
673,2019-08-08,上海自贸概念再次调整 上海临港、华贸物流双双跌停,证券时报网
674,2019-08-08,上海自贸区板块连续杀跌，华贸物流、上海临港继续跌停,Wind
675,2019-08-08,A股早报2019年8月8日星期四,Wind
676,2019-08-07,8月7日A股龙虎榜揭秘，机构抛售7股,Wind
677,2019-08-07,上海临港龙虎榜数据（8月7日）,Wind
678,2019-08-07,华贸物流、上海临港双双跌停，沪股通资金出逃,Wind
679,2019-08-07,跌停板解密：获利出逃，短期强势股大幅补跌！（8月7日）,Wind
680,2019-08-07,地产股收盘 | 沪指跌0.32% 上海临港、光明地产双双跌停,中国网
681,2019-08-07,上海临港：新片区业务大部分在集团 上市公司不受影响,金融界
682,2019-08-07,上海临港：临港新片区业务不属于上市公司，对上市公司没有直接影响,Wind
683,2019-08-07,上海临港新片区方案出炉，上海临港等纷纷回应：新政有利于贸易便利化,第一财经
684,2019-08-07,上海自贸概念股大幅杀跌 上海临港等跌停 连续下跌,新浪
685,2019-08-07,上海自贸区板块全线杀跌，上海临港、华贸物流双双跌停,Wind
686,2019-08-07,快讯：上海本地股大跌 上海临港跌8% 连续下跌,新浪
687,2019-08-07,上海自贸区板块高开低走，华贸物流跌超5%,Wind
688,2019-08-07,临港新片区聚焦高端制造 A股公司提前布局,中财网
689,2019-08-06,上海自贸区板块全线跳水，东方创业跌超7%,Wind
690,2019-08-02,上海自贸区板块小幅异动，畅联股份领涨2%,Wind
691,2019-08-02,54股月线阳吞阴，10股低估值业绩高增长,Wind
692,2019-08-01,MSCI季调结果公布在即，千亿级资金候场A股！这41股最有望入围,Wind
693,2019-07-25,上海自贸区板块崛起，畅联股份率先封板,Wind
694,2019-07-24,房地产行业2019年第29周:龙头中报业绩预告亮眼,长城证券
695,2019-07-19,上海自贸区板块持续拉升，上海临港大涨7%,Wind
696,2019-07-17,天健集团参与上海临港混改所获2306万股已完成登记,观点地产网
697,2019-07-15,汽车：牵引车持续高景气 荐4股,东兴证券
698,2019-07-01,上海自贸区板块异动攀升，上海物贸冲击涨停,Wind
699,2019-06-28,上海自贸区概念股直线拉升,Wind
700,2019-06-12,上海临港：全资子公司拟受让申创浦江基金6.7114%财产份额,发布易
701,2019-06-11,上海临港控股公司11日公告称，该公司主体信用等级被中诚信由AA+上调至AAA，评级展望稳定，目前该公司旗下有一只19SCP01超短融。,中国金融信息网
702,2019-06-11,上海自贸区概念股涨幅扩大,Wind
703,2019-06-06,58股逆市创历史新高 医药等大消费公司最多,投资快报
704,2019-06-05,上海自贸区板块尾盘持续下杀，华贸物流、上海临港跌停,Wind
705,2019-06-05,自由贸易港概念股集体跳水!上海临港大跌8% 上港集团跌逾7%,腾讯网
706,2019-05-31,中诚信证评：将上海临港主体信用等级由AA＋上调至AAA,Wind
707,2019-05-30,上海国资改革大动作将至，69只国资股一图尽览,Wind
708,2019-05-28,中装建设布局上海临港 拓展海内外业务,证券时报网
709,2019-05-15,上海临港设立信贷风险补偿资金 着力解决中小微企业融资难问题,证券时报网
710,2019-05-13,上海自贸区板块崛起，华贸物流冲击涨停,Wind
711,2019-05-10,上海临港：2019年累计新增借款超过2018年末净资产的百分之二十 大额借贷担保,Wind
712,2019-05-05,上海临港一季度净利7816万元 同比增长17% 现金流量净额为-4.2亿元,挖贝网
713,2019-04-28,上海临港一季度营收上涨58.81%至4.44亿元,观点地产网
714,2019-04-28,上海临港：一季度净利润同比增17.11%,Wind
715,2019-04-18,赢家的底色，为什么上海版块最近如此活跃？,阿尔法工场
716,2019-04-15,快讯：自由贸易港板块异动拉升 上海临港大涨超7%,新浪
717,2019-04-04,特殊经济功能区：千帆竞渡长三角，星罗棋布开放潮,太平桥策略随笔
718,2019-04-03,A股异动 | 上海临港封涨停 科创板影子股且2018年净利同比增6%,格隆汇
719,2019-04-03,上海临港去年净利4.35亿同比增6% 董事长袁国华未在公司领取报酬,挖贝网
720,2019-04-02,上海临港2018年实现净利润4.35亿元 同比增长6.23%,证券时报网
721,2019-04-02,上海临港：2018年净利同比增6% 拟10派1.2元,e公司
722,2019-04-02,年报风云 | 上海临港2018年归母净利润4.35亿元同比增长6.2%,乐居财经
723,2019-04-02,上海临港：2018年归属股东净利润4.35亿元同比增6.2%,中国网
724,2019-04-02,上海临港(600848.SH)2018年度净利润升6.23%至4.35亿元 拟10派1.2元,格隆汇
725,2019-04-02,上海临港：2018年净利润同比增6.23%,Wind
726,2019-03-29,上海临港：执行副总裁辞职 董监高成员变化,Wind
727,2019-03-28,A股早报2019年3月28日星期四,Wind
728,2019-03-27,上海临港(600848.SH)发行股份及支付现金购买资产获有条件通过 明日复牌,格隆汇
729,2019-03-27,证监会：宁波热电、上海临港重组事项获有条件通过,Wind
730,2019-03-27,证监会：宁波热电、上海临港发行股份购买资产均获有条件通过,Wind
731,2019-03-26,上海临港、宁波热电重组上会 明起停牌,e公司
732,2019-03-26,上海临港：重组3月27日上会，当日起停牌,Wind
733,2019-03-20,证监会：宁波热电、上海临港重组事项将于3月27日上会,Wind
734,2019-03-20,证监会：宁波热电、上海临港重组事项将于3月27日上会,e公司
735,2019-03-15,上海本地股迎风口，集万千宠爱于一身（附科创影子股）,Wind
736,2019-03-15,集体神话特斯拉不足取 中国零部件商撑起特斯拉 Model3,经济观察网
737,2019-03-15,上海自贸区板块迅速拉高，上海凤凰率先封板,Wind
738,2019-03-13,13日午评：分歧和操作难度加大,中金在线
739,2019-03-12,上海自贸区板块再度走强，张江高科连续涨停,Wind
740,2019-03-07,[快讯]上海临港:对《中国证监会行政许可项目审查一次反馈意见通知书》之回复（修订稿）,中财网
741,2019-03-06,国改推进混改进入攻坚阶段，并购重组当仁不让成为抓手,21世纪经济报道
742,2019-01-24,2018年房企收并购规模收窄 未来竞争加剧推动行业洗牌,华夏时报
743,2019-01-24,"汽车汽配行业:特斯拉或裁员7%,短期压力不改长期向好 员工变动",国信证券
744,2019-01-16,上海临港：拟发行8亿元公司债券 票面利率分别为3.74%和3.85%,中证网
745,2019-01-16,上海临港：发行8亿元公司债券 票面利率为3.85%,中金在线
746,2019-01-14,上海临港：拟发行8亿元公司债券 利率不超4.3%,中国网
747,2019-01-07,马斯克亲临，特斯拉上海超级工厂开工建设，国产Model3今年底下线,Ofweek
748,2019-01-07,上海临港股价大涨5.02%,中金在线
749,2018-12-26,【天风研究·固收】信用早早报（12月26日）,固收彬法
750,2018-12-21,CFi收盘揭秘:房地产松绑威力初显 下跌中继基本确定,中财网
751,2018-12-21,巨丰早评：市场仍有探底需求,巨丰财经
752,2018-12-20,巨丰收评：银行领跌两市 沪指创2月新低,巨丰财经
753,2018-12-18,上海临港拟发行股份购买科技绿洲等股权,中金在线
754,2018-12-18,上海临港182亿收购漕河泾园区开发业务方案获市国资委批复,观点地产网
755,2018-12-18,上海临港：重组方案获上海国资委批准,Wind
756,2018-12-17,上海自贸区板块尾盘小幅异动，长江投资等多股短线拉升,Wind
757,2018-12-11,简政放权！并购重组再抖猛料，12月最新名单曝光,Wind
758,2018-12-09,定了！5G终于来了，自动驾驶还远吗？| 中国汽车报,中国汽车报
759,2018-12-07,上海临港拟189亿购入漕河泾开发区资产 科创产业布局进一步完善业绩增长可期,中证网
760,2018-12-05,上海临港重大重组现新进展 时隔两月交易对价增6.7亿,国际金融报
761,2018-12-04,上海临港拟189亿元收购六家公司股权,中证网
762,2018-12-04,上海临港：拟约189亿元收购漕河泾园区开发业务资产,Wind
763,2018-12-03,上海临港自动驾驶基地将实现5G信号覆盖,盖世汽车
764,2018-11-29,5G信号将全面覆盖上海临港自动驾驶基地,盖世汽车
765,2018-11-24,11月22日∣小鹏汽车和英伟达合作，特斯拉要给座椅增加加热功能,Ofweek
766,2018-11-23,上海临港：参与投资两只股权投资基金，加强新兴产业布局等,Wind
767,2018-11-23,上海临港：参与投资两只股权投资基金,证券时报网
768,2018-11-23,巨丰早评：市场期待新的领头羊,巨丰财经
769,2018-11-22,特斯拉之后 上海临港打造世界级新能源汽车产业集群,新华网
770,2018-11-22,巨丰收评：新热点浮出水面,巨丰财经
771,2018-11-22,园区概念股回升 张江高科、上海临港领涨,证券时报网
772,2018-11-21,一批重大项目落户上海临港产业区，涉及新能源车、燃气轮机等,澎湃新闻
773,2018-11-21,地产股开始反攻，城投控股大涨5%,Wind
774,2018-11-20,上海临港：竞得上海松江区4.32万平方米工业用地,中证网
775,2018-11-19,上海临港融入长三角一体化行动方案发布 要在海洋经济产业上做文章,每日经济新闻
776,2018-11-19,上海临港直线拉升，午后冲击涨停,Wind
777,2018-11-16,涨停板解密：三大板块全面火爆！（11月16日）,Wind
778,2018-11-16,巨丰收评：金融创投井喷 沪指冲关未果,巨丰财经
779,2018-11-16,巨丰午评：上海本地股潮涌 大盘冲关可期,巨丰财经
780,2018-11-16,上海自贸区板块集体异动，上海临港冲击涨停,Wind
781,2018-11-15,上海临港袁国华：坚持专业化市场化品牌化和国际化,中证网
782,2018-11-08,消息面行情令资金“抱团取暖” 上海本地股集体上扬,扬子晚报
783,2018-11-07,强势股检阅：两大主题迎最强风口 重点关注三大龙头股,巨丰财经
784,2018-11-07,巨丰早评：创投成短期反弹主力军,巨丰财经
785,2018-11-06,涨停板解密：创投概念股再度集体爆发！（11月6日）,Wind
786,2018-11-06,上海本地股成风口！利好叠加，要点都在这里,Wind
787,2018-11-05,上海自贸区板块全线走高，张江高科率先封板,Wind
788,2018-10-25,上海临港：前三季度净利润同比增15.41%,Wind
789,2018-10-25,特斯拉Model 3与Model Y将国产,盖世汽车
790,2018-10-24,上海本地股午后走强，多股明显拉升,Wind
791,2018-10-23,"汽车行业周报:估值持续下调,建议选股以龙头为主",山西证券
792,2018-10-22,汽车：特斯拉落地临港 荐3股,中银国际
793,2018-10-22,电气设备：新能源整车项目相继落地上海 荐7股,华金证券
794,2018-10-22,"2018年机械行业周报10月第3期:能源装备景气有望继续改善,9月工业机器人产量首次下降",证券之星
795,2018-10-21,【华泰汽车每周谈】上汽大众新能源工厂开工，特斯拉上海临港购土地,华泰汽车研究
796,2018-10-20,特斯拉超级工厂落户上海临港 新能源汽车迎发展新机遇,大众证券报
797,2018-10-18,午报丨华大基因市值跌破200亿；特斯拉9.73亿摘得上海临港地块 连续下跌,搜狐
798,2018-10-18,特斯拉超级工厂正式落户上海临港,DoNews
799,2018-10-17,特斯拉摘牌上海临港近1300亩地块 开盘涨1.54%,新浪
800,2018-10-17,特斯拉成功摘得上海临港用地 投资额至少140.72亿元,新京报
801,2018-10-17,特斯拉摘得上海临港装备产业区用地,猎云网
802,2018-10-17,特斯拉以9.73亿元成功摘得上海临港一块工业用地,上海有色
803,2018-10-15,[看好评级]房地产行业周报：销售持续回落 板块走势重归基本面,中财网
804,2018-10-15,本周37家公司限售股解禁市值180亿元 解禁,证券时报
805,2018-10-12,下周199亿市值限售股解禁，彩虹股份解禁26.22亿元居首 解禁,Wind
806,2018-10-12,自由贸易港板块股票有哪些？自由贸易港板块股票汇总,益盟操盘手
807,2018-10-11,A股早报2018年10月11日星期四,Wind
808,2018-10-10,10月10日A股龙虎榜揭秘，机构最青睐5股,Wind
809,2018-10-10,上海临港龙虎榜数据（10月10日）,Wind资讯
810,2018-10-10,大变局：价格倒挂、逆市定增，寻找折上折标的,Wind
811,2018-10-10,跌停板解密：复牌股继续重挫！（10月10日）,Wind
812,2018-10-10,上海临港：拟以182.3亿元收购上海漕河泾园区开发业务,中国网
813,2018-10-10,沪深两市上市公司复牌一览表（10月10日）,Wind
814,2018-10-10,今日特别提示（2018年10月10日）,中财网
815,2018-10-10,上海临港拟收购多家公司股权,中证报
816,2018-10-09,上海临港182亿收购资产 股票今日复牌,大众证券报
817,2018-10-09,上海临港：获注入182亿元园区土地开发业务资产 明日复牌,e公司
818,2018-10-09,上海临港182亿元收购漕河泾园区开发业务 10月10日复牌,腾讯网
819,2018-10-09,上海临港：拟逾193亿元收购漕河泾园区开发业务资产等,Wind
820,2018-09-29,人气回暖、并购升温，三季度并购市场分析,Wind
821,2018-09-26,上交所问询上海临港182亿元收购漕河泾园区开发业务事项,观点地产网
822,2018-09-24,本周超300亿元市值限售股解禁 13股解禁市值超10亿 解禁,金融界
823,2018-09-21,下周334亿市值限售股解禁，环比增加262.53% 解禁,Wind
824,2018-09-20,地平线落户上海临港 将推进边缘计算在智慧城市落地,网易
825,2018-09-19,中联重科构筑工业互联网新图景 中科云谷正式落户上海临港,工程机械商贸
826,2018-09-18,[快讯]上海临港26902万限售股9月25日解禁,中财网
827,2018-09-18,上海漕河泾新兴技术开发区总公司：涉及重大资产重组,Wind
828,2018-09-14,上海临港：作价逾180亿元购买漕总公司旗下资产,Wind
829,2018-09-12,亨通光电:上半年业绩高速增长 海洋业务持续发力,西南证券
830,2018-09-11,12日机构强推买入 六股成摇钱树,证券之星
831,2018-08-29,上海临港：上半年净利润同比减18.08% 盈利能力下降,Wind
832,2018-08-17,上海临港：上半年净利润同比减18.08%（快报）,Wind
833,2018-08-16,中国电子旗下百亿级集成电路项目在上海临港开工,新华网
834,2018-08-13,[强于大市评级]机械设备行业研究周报：7月挖掘机数据持续超预期 继续看好工程机械和新兴产业,中财网
835,2018-08-12,电气设备：电动车7月销量符合预期 荐5股,中泰证券
836,2018-08-08,上海临港管委会考察团到访三一，多领域深化合作,工程机械商贸
837,2018-08-05,电气设备：风电向上趋势确立 荐5股,中泰证券
838,2018-07-31,[强于大市评级]汽车行业周报：外资股比正式开放 新能源车行业承压,中财网
839,2018-07-26,浦东先进能源动力研究中心在上海临港揭牌成立,e公司
840,2018-07-22,电气设备：半年报逾八成公司业绩环比预增,投资快报
841,2018-07-18,国家发改委规划司赴上海临港地区调研,国际金融报
842,2018-07-18,"有色行业周报:金属钴价格反弹,MB钴价或迎拐点",华融证券
843,2018-07-18,"汽车与汽车零部件行业:特斯拉上海产能落定,利好特斯拉产业链",国元证券
844,2018-07-17,[同步大市-A评级]汽车行业周报：6月新能源车产销增速亮眼加特斯拉落地上海双重利好 板块迎来布局良机,中财网
845,2018-07-17,明日最具投资机会六大牛股一览（2018年7月17日）,中财网
846,2018-07-17,[增持评级]电力设备与新能源行业点评：6月单月装机电量2.86GWH 同比增加33% 纯电乘用车带电量大幅提升,中财网
847,2018-07-17,新能源汽车行业周报:6月新能源汽车销售8.4万辆,渤海证券
848,2018-07-17,"电力设备行业:内外合力消费市加速,定海神针中国芯突破",安信证券
849,2018-07-15,【方正电新·周报】产销拐点显现，龙头标杆助推消费崛起,--
850,2018-07-13,上海临港：重大资产重组继续停牌暨进展公告,上交所
851,2018-07-13,涨停揭秘：两市强势放量反弹 部分超跌、中报预增股迎来涨停潮,巨丰财经
852,2018-07-12,国内建厂利好提振特斯拉相关概念走势活跃,中证网
853,2018-07-11,国产特斯拉真要来啦！马斯克用脚投票 超级工厂落户上海临港,央视
854,2018-07-11,特斯拉中国工厂将在上海临港落户 关注特斯拉中国建厂概念股,金融界
855,2018-07-11,中国工厂落户上海临港，未来国产的特斯拉动了谁的奶酪？,车云网
856,2018-07-11,特斯拉超级工厂落户上海临港 六股或迎腾飞契机,证券时报
857,2018-07-11,巨丰热点前瞻：弱势行情下市场或呈现结构性机会,巨丰财经
858,2018-07-11,巨丰早评：大盘低位三连阳 静待资金回流,巨丰财经
859,2018-07-10,股市藏宝图：特斯拉中国工厂将落户上海临港，产业链迎利好,腾讯网
860,2018-07-10,特斯拉:上海工厂预计两年后使用 不会影响美工厂运营,新浪
861,2018-07-10,【华创有色钢铁任志强团队】日报：特斯拉中国工厂落户上海临港，6月新能源乘用车销7.2万辆,华创有色
862,2018-07-10,特斯拉超级工厂落户上海临港 产业链股望受关注,证券时报网
863,2018-07-10,规划年产50万辆纯电动汽车 特斯拉中国工厂将落户上海临港,盖世汽车
864,2018-07-10,特斯拉首家海外工厂终于签约上海临港 春节后开工,21世纪经济报道
865,2018-07-10,消息称特斯拉首个海外工厂落户上海临港,证券时报网
866,2018-07-10,快讯：特斯拉中国工厂将在上海临港落户,IT之家
867,2018-07-10,尘埃落定！特斯拉的中国独资工厂将在上海临港落户,网易
868,2018-06-22,上海临港：第九届董事会第三十一次会议决议公告,上交所
869,2018-06-19,股海导航 6月19日沪深股市公告提示,中财网
870,2018-06-18,上海临港：重大资产重组停牌公告,上交所
871,2018-06-18,上海临港：筹划重组 涉及实控人下属漕河泾园区资产,e公司
872,2018-06-14,房地产行业日报：北京部分银行上调首套房房贷利率,中财网
873,2018-06-11,又一个国家级人工智能功能平台落户上海临港，BAT皆是会员,澎湃新闻
874,2018-06-07,上海临港：特斯拉上海分公司注册在临港物流园区内,Wind
875,2018-06-07,上海临港：特斯拉上海分公司注册地不属于公司下属园区,e公司
876,2018-06-06,巨丰收评：大盘缩量整理 金融地产制约反弹,巨丰财经
877,2018-06-06,巨丰热点：特斯拉高管确认上海建厂 锂电股走强,巨丰财经
878,2018-05-25,再传特斯拉选定中国工厂，还是上海临港 | 钛快讯,钛媒体
879,2018-05-25,【PW早报】三星因侵权专利将赔偿苹果 5.33 亿美元/Essential挂牌出售，已取消研发工作/华为停止提供解锁码服务/高通推出骁龙710移动平台/特斯拉将在上海临港国产,搜狐
880,2018-05-25,特斯拉独资在浦东注册成立公司 将在上海临港国产,搜狐
881,2018-05-25,媒体：特斯拉将在上海临港国产,凤凰网
882,2018-05-21,"机械行业周报2018年5月第3期:油价上涨助推油服产业链,特斯拉落户引领电动化浪潮",证券之星
883,2018-05-17,特斯拉破产危机：入华建厂或落地 仍面临缺钱等,新京报
884,2018-05-17,特斯拉破产危机(1),新京报
885,2018-05-16,上海临港：控股子公司竞得上海金山地块,金融界
886,2018-05-15,上海临港：控股子公司新增土地储备,金融界
887,2018-05-14,直击|传闻三年终落地 马斯克为什么一定要在中国建厂,新浪
888,2018-05-14,明日热点板块和概念预测 重点关注这些个股（2018年5月14日）,中财网
889,2018-05-14,上海临港领涨园区开发板块,证券之星
890,2018-05-11,全球30位诺奖等科学家11月组团来华 落地上海临港展开科技产业合作,每日经济新闻
891,2018-05-09,上海临港一期海上风电示范项目完成签约,Ofweek
892,2018-05-08,上海临港启动国内首个陆、海、空无人系统综合示范区建设,澎湃新闻
893,2018-04-27,上海临港大股东牵手法智金集团 拓展大数据人工智能,e公司
894,2018-04-27,上海临港2018年一季度净利6674万 同比增长19%,证券日报
895,2018-04-26,上海临港：一季度净利润同比增19.21%,Wind
896,2018-04-17,上海临港出人才新政：建设人才高峰、人才高原，加快住房配套,澎湃新闻
897,2018-04-11,上海临港：2017年净利润同比增1.59%,Wind
898,2018-04-09,园区开发拉升 上海临港领涨,证券之星
899,2018-03-26,上海临港：未参与菜鸟网络在奉贤区的投资,Wind
900,2018-03-25,近九成券商持仓股年报业绩增长 六股受追捧,证券日报
901,2018-03-20,菜鸟网络落户上海临港；北京在7方面加强支持雄安…,I黑马
902,2018-03-19,【华创机械】每日公告速递2018-03-19,华创机械
903,2018-03-14,商汤科技与上海临港集团合作 推进上海科技创新中心建设,元器件交易网
904,2018-03-04,上海临港优化营商环境：“一码通” 串联企业项目审批全流程,澎湃新闻
905,2018-03-01,亨通高压中标上海临港海上风电一期示范项目,电缆网
906,2018-02-28,下一站，上海临港！亨通发力智慧海洋再传捷报,C114通信网
907,2018-02-27,晚间重要公告2018年2月27日星期二,--
908,2018-02-26,多地掀自贸港申建热 概念股“涨声一片”,证券日报
909,2018-02-23,快讯：自由贸易港早盘活跃 上海临港领涨,中国经济网
910,2018-02-23,上海自贸区概念造好，上海物贸涨逾4%,Wind
911,2018-02-17,"上海临港:坚持科创中心建设,业绩持续稳定增长",南方财富网
912,2018-02-05,关于核准上海临港经济发展（集团）有限公司向合格投资者公开发行绿色公司债券的批复,证监会
913,2018-01-19,上海自贸区板块异动，畅联股份、上海物贸上涨4%,Wind
914,2018-01-12,各地房地产市场限购边际放松 概念股聚焦,证券之星
915,2018-01-12,快讯：上海自贸港概念股盘中拉升 上海临港涨逾5%,新浪
916,2018-01-12,快讯：自由贸易港概念股盘中异动上海临港涨幅过5%,顶尖财经网
917,2018-01-12,上海临港领涨园区开发板块。,证券之星
918,2018-01-08,上海临港聚焦打造人工智能产业,经济日报
919,2018-01-05,一行三会联合整顿债市交易 1月布局3月赚钱(附股),证券时报
920,2018-01-05,上海临港 瞬间封涨停板,红周刊
921,2018-01-05,政策直通车：《上海市城市总体规划》正式发布,巨丰财经
922,2018-01-05,巨丰早评：沪指将重新构筑震荡平台,巨丰财经
923,2018-01-05,交通运输行业日报：上海市城市总体规划正式发布,中财网
924,2018-01-05,A股江湖重演“炒地图”热潮 雄安、上海板块联袂崛起,21世纪经济报道
925,2018-01-04,“蛟龙”深潜上海临港，水下机器人迎百亿风口,第一财经
926,2018-01-04,【华创机械】每日公告速递2018-01-04,华创机械
927,2018-01-04,【申万宏源中小盘 每日带你复盘 2018.01.04】,申万中小盘研究
928,2018-01-04,数据王：雄安股涨停家数20变3只上海自贸概念股谨防雷同,巨丰财经
929,2018-01-04,涨停板解密：上海自贸区概念股遭资金突袭！（1月4日）,Wind
930,2018-01-04,巨丰复盘：石化双雄大幅拉升 上海自由贸易港快速崛起,巨丰财经
931,2018-01-04,权重股轮番拉抬指数，A股收获五连阳,第一财经
932,2018-01-04,巨丰收评：权重股轮番拉升 大盘反弹遇阻回落,巨丰财经
