,2021-12-31,三七互娱、世纪华通、吉比特……谁将会是成长能力最强的游戏企业？,Ofweek
0,2021-12-29,世纪华通现1笔大宗交易 共成交202.25万元,新浪
1,2021-12-29,世纪华通今日大宗交易成交25万股，成交价8.09元溢价0.0%,Wind
2,2021-12-28,互联网传媒行业点评：《传奇》IP之争落下帷幕 着力打造传奇元宇宙社区,新浪
3,2021-12-28,北向资金假期后首日加仓近13亿，兴业银行、宁德时代净买入均超5亿元,Wind
4,2021-12-28,娱美德拥有《传奇》授权权限 世纪华通旗下盛趣游戏权限过期,上方网
5,2021-12-28,世纪华通：目前公司各项业务板块的协同效应明显，发展顺利,每日经济新闻
6,2021-12-25,20 年传奇 IP 之争落幕 世纪华通公告最高法院终审判决 诉讼纠纷,ZAKER
7,2021-12-24,世纪华通：最高法判决蓝沙信息与亚拓士签订的传奇续约协议有效,澎湃新闻
8,2021-12-24,最高法院终审判决：20年传奇IP之争迎来终局 世纪华通成功“达阵” 诉讼纠纷,速途网
9,2021-12-24,2021金融界领航中国“金智奖”上市公司价值评选揭晓 沃森生物、世纪华通、香山股份等荣获杰出成长性企业奖,金融界
10,2021-12-24,刚刚登上游戏预约榜第一，百度游戏被曝裁员 员工变动,Wind
11,2021-12-24,当人工智能遇上“全球头号网红” 元宇宙是毒药还是解药？,每经头条
12,2021-12-23,北向资金加仓近25亿结束连续4日净卖出，宁德时代净买入4.74亿元,Wind
13,2021-12-23,世纪华通：公司会严格遵守有关规定及时履行信息披露义务,Wind
14,2021-12-23,世纪华通方辉：元宇宙兴起有现实的需求支撑 游戏企业有望扮演重要角色,金融界
15,2021-12-20,世纪华通：目前来自特斯拉、蔚来、小鹏汽车等新能源汽车零部件订单逐年增加，业务量大幅提升,每日经济新闻
16,2021-12-20,世纪华通：《认知障碍VR评估与康复系统》是公司与陈天桥雒芊芊研究院合作研发的产品,每日经济新闻
17,2021-12-20,世纪华通：腾讯持有上市公司10%的股份，是公司第二大股东,每日经济新闻
18,2021-12-19,共抗疫情 世纪华通驰援上虞父老,金融界
19,2021-12-17,Newzoo伽马数据联合发布《元宇宙全球发展报告》 可能有迄今最详细调研分析,上方网
20,2021-12-15,盛趣游戏王振勇：游戏赋能由虚入实 连接“两个世界”,金融界
21,2021-12-15,世纪华通：目前公司在元宇宙层面的布局主要是内容端产品开发和对外投资与合作的方式,每日经济新闻
22,2021-12-15,世纪华通：公司开发的《注意力强化训练系统》已开展临床试验,e公司
23,2021-12-15,世纪华通：公司开发的《注意力强化训练系统》已开展临床试验,Wind
24,2021-12-15,世纪华通：《饥荒:新家园》是饥荒系列的新作手游，是公司旗下盛趣游戏的在研产品,每日经济新闻
25,2021-12-15,世纪华通：目前《遗忘者之旅（代号：远征）》已拿到版号,Wind
26,2021-12-10,浙江绍兴市通报9例阳性感染者行动轨迹,腾讯网
27,2021-12-09,世纪华通大宗交易成交185.40万股 成交额1410.89万元,证券时报网
28,2021-12-09,"世纪华通现1笔大宗交易 共成交1,410.89万元",新浪
29,2021-12-09,世纪华通今日大宗交易成交185.40万股，成交价7.61元溢价0.0%,Wind
30,2021-12-07,世纪华通：目前公司在元宇宙层面的布局主要从内容端和外部合作的方式,每日经济新闻
31,2021-12-07,世纪华通(002602)：股东部分股份质押及解除质押,资本邦
32,2021-12-07,行业深度！2021年中国游戏行业竞争格局及市场份额分析 腾讯与网易占据绝对优势,前瞻研究院
33,2021-12-06,文化传媒行业周报：行情有所低迷 中线继续看好,渤海证券
34,2021-12-06,传媒行业周报：国内软实力出海 板块未来可期,新浪
35,2021-12-06,世纪华通：华通控股累计质押股数为3198.51万股,每日经济新闻
36,2021-12-06,世纪华通(002602.SZ)股东华通控股质押及解质各576万股,智通财经
37,2021-12-06,世纪华通(002602.SZ)：股东华通控股质押及解质576万股,格隆汇
38,2021-12-03,「文娱周评榜」世纪华通市值增加26.83亿，A股文娱一哥位置“稳了”，中青宝股价下滑12.45%,华夏时报
39,2021-12-03,北向资金今日净买入超92亿元本周累计加仓超150亿，大幅抢筹芯片股,Wind
40,2021-12-02,北向资金今日净买入30.21亿元，宁德时代连续6日净买入累计加仓超24亿,Wind
41,2021-12-02,Amazing，腾讯要把游戏给别人发行了,36氪
42,2021-12-02,北向资金动向盘点：批量净卖新能源个股,Wind
43,2021-12-01,未来有望发行运营下一款“农药”“吃鸡”？世纪华通与腾讯签订联运协议股价大涨9%,21世纪经济报道
44,2021-12-01,世纪华通与腾讯再牵手，盛趣游戏将运营腾讯旗下游戏产品,贝壳财经
45,2021-12-01,A股资讯晨报,新浪
46,2021-12-01,【港股通】腾讯(00700)涨2.71% 与世纪华通子公司签署联运合作框架协议,和讯
47,2021-12-01,世纪华通与腾讯进一步拓展合作领域 盘中涨幅超5%,金融界
48,2021-12-01,【行情】元宇宙概念持续拉升，网宿科技涨超5%，当虹科技、世纪华通、中文在线跟涨,金十数据
49,2021-12-01,A股早报2021年12月1日星期三,Wind
50,2021-12-01,【中证盘前】上海机场拟191亿元购买控股股东资产；世纪华通子公司与腾讯签署联运合作框架协议；美股三大指数下跌,中证报
51,2021-12-01,上市公司正负面新闻2021年12月1日星期三,Wind
52,2021-11-30,晚间重要公告2021年11月30日星期二,Wind
53,2021-11-30,【晚间公告抢先看】*ST众泰重整计划获法院裁定批准、宁德时代预计向飞荣达采购约36亿元,金融界
54,2021-11-30,世纪华通(002602)：与深圳市腾讯计算机系统有限公司签署联运合作框架协议,资本邦
55,2021-11-30,世纪华通子公司盛趣游戏与腾讯签署联运合作框架协议,乐居财经
56,2021-11-30,盛趣与腾讯签署联运合作框架协议，可在前者平台发行、推广和运营,IT之家
57,2021-11-30,世纪华通与腾讯深化游戏业务战略合作 盛趣游戏将联运腾讯游戏产品,证券时报网
58,2021-11-30,世纪华通：子公司与腾讯签署联运合作框架协议,Wind
59,2021-11-30,世纪华通：全资子公司盛趣游戏拥有包括传奇世界、辐射、泡泡堂、最终幻想在内的50余个IP储备，且每年都会有新的IP入库,每日经济新闻
60,2021-11-30,世纪华通：成功进入Sensor Tower统计的9月中国手游海外收入增长榜单前十,每日经济新闻
61,2021-11-30,世纪华通：现有近百款产品持续贡献收益,每日经济新闻
62,2021-11-30,世纪华通：旗下盛趣游戏系《传奇》游戏在中国大陆地区的独占性著作权权利人,每日经济新闻
63,2021-11-30,世纪华通：子公司华通车业是上海大众、上海通用、一汽集团、东风集团、广州本田等汽车主机厂的定点配套A级供应商,每日经济新闻
64,2021-11-30,每周一报：积极拥抱新兴技术 行业机遇不断涌现,新浪
65,2021-11-29,世纪华通前三季度营业利润37.41亿元，同比增长32.11%,Bianews
66,2021-11-29,传媒行业周报：坚守游戏板块 关注监管常态化下的互联网新机遇,新浪
67,2021-11-29,世纪华通抢跑元宇宙，股价两个月上涨50%,Ofweek
68,2021-11-29,传媒行业：周报,新浪
69,2021-11-24,深挖元宇宙产业链，世纪华通成元宇宙内容开发商,凤凰网
70,2021-11-24,手游收入大减证券投资大增 缺乏爆款的巨人网络如何重振主业？,投资者网
71,2021-11-23,腾讯增速下滑，网易逆势增长，三季度游戏企业过得怎么样？,第一财经
72,2021-11-23,新时代传媒周报：《演出经纪人员管理办法》公开征求意见 元宇宙的探讨将会持续进行,新浪
73,2021-11-23,持续挖掘“硬科技”多重赛道，世纪华通入局VR全产业链,凤凰网
74,2021-11-23,世纪华通：上海珑睿为公司的IDC业务打开窗口,每日经济新闻
75,2021-11-23,世纪华通：公司旗下盛趣游戏正在基于一些知名IP开发手游产品,每日经济新闻
76,2021-11-23,世纪华通：目前在研游戏《远征》已拿到版号,Wind
77,2021-11-23,世纪华通：公司旗下盛趣游戏和腾讯合作推出的《热血传奇手机版》累计流水已突破100亿元,每日经济新闻
78,2021-11-23,在研游戏代号远征到了什么阶段？世纪华通：目前该产品已经拿到版号,每日经济新闻
79,2021-11-22,传媒行业周报：新技术趋势持续扩散 成长空间提振板块信心,新浪
80,2021-11-19,解盘：资金持续流入，燃料电池、物流、智能音箱领涨,Wind
81,2021-11-19,元宇宙游戏+VR产业基金+数字药物：世纪华通多维布局“元宇宙”,金融界
82,2021-11-19,元宇宙概念股开盘拉升，天下秀2连板，国光电器、佳创视讯、世纪华通、当虹科技,新浪
83,2021-11-19,世纪华通：公司在元宇宙层面的布局主要从内容端和外部合作的方式,每日经济新闻
84,2021-11-19,世纪华通：有计划将拥有众多开发者的传奇打造成元宇宙社区,e公司
85,2021-11-19,世纪华通：目前已与腾讯集团六大事业群中的四个事业群进行合作,Wind
86,2021-11-18,元宇宙持续爆发 中青宝歌尔股份万兴科技完美世界有望受益,凤凰网
87,2021-11-18,传媒行业周报：模拟经营类新品表现亮眼 看好A股公司扩大出海,新浪
88,2021-11-17,传媒行业每周一报：行业市场表现亮眼 持续性还看基本面,新浪
89,2021-11-17,《菲菲大冒险》创出海流水新纪录 世纪华通三款产品月流水均超千万美元,金融界
90,2021-11-16,世纪华通现2笔大宗交易 合计成交1230.00万股,证券时报网
91,2021-11-16,"世纪华通现2笔大宗交易 共成交9,803.10万元",新浪
92,2021-11-16,世纪华通：全资子公司盛趣游戏拥有包括传奇世界、辐射、泡泡堂、最终幻想在内的50余个IP储备，且每年都会有新的IP入库,每日经济新闻
93,2021-11-16,世纪华通：今年4月，公司旗下点点互动自研的元宇宙游戏《LiveTopia》登陆全球最大的元宇宙社区Roblox平台，不到5个月时间，月活跃用户超过4000万,每日经济新闻
94,2021-11-16,世纪华通：公司旗下天游软件主要运营的游戏产品《街头篮球》累计注册用户达2亿，2021年街头篮球全国超级联赛上海站已被正式纳入电竞上海全民锦标赛，成为市一级的赛事,每日经济新闻
95,2021-11-13,千军万马“杀向”元宇宙，腾讯或成Facebook最强劲敌，A股高烧不退,时代财经
96,2021-11-12,元宇宙概念炒热文娱股：世纪华通重夺市值第一，宝通科技股价上扬超21% 「文娱周评榜」,华夏时报
97,2021-11-12,天风问答系列第二弹：传媒互联网五问五答,新浪
98,2021-11-12,成交活跃，游戏ETF（159869）换手率超10%,Wind
99,2021-11-12,北向资金动向盘点：房地产回暖，重手加仓却是非银,Wind
100,2021-11-12,世纪华通出海爆款“上新” 《菲菲大冒险》居国产手游海外收入增长榜前十,证券时报网
101,2021-11-11,元宇宙爆了！中美巨头接连出手，最牛中青宝暴涨4倍，下一个爆点在哪里？,金融界
102,2021-11-11,中文在线两连板，元宇宙板块继续拉升,Wind
103,2021-11-11,川酒集团申请元宇宙、Metaverse商标 与中青宝角逐“YUAN YU ZHOU”,中访网
104,2021-11-10,元宇宙行业专题之二：NFT：初露峥嵘的区块链应用 元宇宙的重要支柱,新浪
105,2021-11-09,元宇宙尾班车？交易所频发关注函降温 关注函,第一财经
106,2021-11-09,北向资金成交低迷连续3日净卖出，中国平安遭大幅净卖出超10亿元,Wind
107,2021-11-09,社保基金加仓世纪华通 长线看好元宇宙布局,中新网
108,2021-11-09,世纪华通：公司是长城汽车的二级供应商,每日经济新闻
109,2021-11-09,世纪华通：公司在元宇宙方面已有布局,财联社
110,2021-11-08,元宇宙概念持续活跃 机构强推这些个股,第一财经
111,2021-11-05,“A股游戏一哥”变了，三七互娱反超世纪华通！“元宇宙”疯狂下中青宝股价涨53%「文娱周评榜」,华夏时报
112,2021-11-05,探秘“元宇宙”：始于游戏，不止概念,Wind
113,2021-11-05,为什么这只基金，资金规模能翻80倍？,格隆汇
114,2021-11-05,A股游戏公司三季报业绩盘点 世纪华通27.29亿归母净利润领跑,金融界
115,2021-11-05,超半数游戏公司前三季度净利上涨 元宇宙或成行业催化剂,中新经纬
116,2021-11-04,世纪华通成为“游戏三巨头”唯一归母净利正增长 “元宇宙”概念多管齐下,金融界
117,2021-11-04,元宇宙概念股三季度均盈利 分析师：还在炒作阶段,搜狐
118,2021-11-03,A股异动 | 世纪华通(002602.SZ)涨6.63% 旗下点点互动自研的《LiveTopia》成为国内第一的元宇宙游戏,格隆汇
119,2021-11-03,世纪华通合作卫士通护航IDC业务发展,DoNews
120,2021-11-02,前三季度营业利润同比增长32.11% 世纪华通归母净利保持A股游戏板第一,金融界
121,2021-11-02,世纪华通归母净利保持A股游戏板块第一 IDC有望成又一支柱业务,证券日报网
122,2021-11-02,牵手数字密码王，世纪华通与卫士通合作提高核心竞争力,凤凰网
123,2021-11-01,“A股游戏第一股”世纪华通主业表现不佳，净利增长靠投资,搜狐
124,2021-10-29,A股游戏公司三甲三季报：业绩普遍回暖，三七互娱营收第一,南都报
125,2021-10-29,占领元宇宙新高地 A股游戏公司纷纷加码研发投入,每日经济新闻
126,2021-10-29,端游与出海成业绩“双保险” 世纪华通前三季度净利润增11.6%,金融界
127,2021-10-28,世纪华通公布三季报 前三季净利增加11.58%,新浪
128,2021-10-28,世纪华通前三季度净利润同比增长11.58%,上证报
129,2021-10-28,世纪华通(002602.SZ)第三季度净利润2.79亿元 同比下降66.91%,格隆汇
130,2021-10-28,图解世纪华通三季报：第三季度单季净利润同比减66.91%,证券之星
131,2021-10-28,世纪华通前三季度归母净利润27.29亿元 同比增长11.58%,证券时报网
132,2021-10-28,新鲜出炉！世纪华通：2021年第三季度净利润约2.79亿元，同比下降66.91%,每日经济新闻
133,2021-10-28,世纪华通：前三季度净利润同比增长11.58%,Wind
134,2021-10-27,每周一报：三季报行情渐次展开 关注超预期优质标的,新浪
135,2021-10-26,世纪华通表示密切关注元宇宙 以网络游戏切入该领域,财联社
136,2021-10-25,华西股份20年转型维艰,证券市场周刊
137,2021-10-25,世纪华通：计划将拥有众多开发者的传奇打造成元宇宙社区,e公司
138,2021-10-22,中青宝、共达电声涨停，机构：元宇宙爆发期或临近,第一财经
139,2021-10-21,世纪华通最新数字医药成果“走红”2021世界VR产业大会,凤凰网
140,2021-10-19,【行情】云游戏板块拉升，游族网络涨停，中青宝、世纪华通、汤姆猫、顺网科技等跟涨,金十数据
141,2021-10-18,2021世界VR产业博览会开幕 世纪华通VR成果首次亮相,质量新闻网
142,2021-10-15,A股共发生98宗大宗交易成交14.85亿元（10月15日）,Wind
143,2021-10-15,"世纪华通现2笔大宗交易 共成交2,600.05万元",新浪
144,2021-10-15,世纪华通今日大宗交易成交82.19万股，成交价7.3元折价0.68%,Wind
145,2021-10-14,世纪华通现1笔大宗交易 共成交999.98万元,新浪
146,2021-10-14,世纪华通今日大宗交易成交137.36万股，成交价7.28元溢价4.15%,Wind
147,2021-10-13,世纪华通董事长兼CEO王佶 当选上海浙江商会第十届副会长,中金在线
148,2021-10-12,世纪华通现1笔大宗交易 共成交300.00万元,新浪
149,2021-10-12,世纪华通今日大宗交易成交40.65万股，成交价7.38元溢价2.22%,Wind
150,2021-10-12,世纪华通再度牵手腾讯 发力IDC业务领域布局,证券日报网
151,2021-10-11,世纪华通与腾讯云计算签合作协议，为后者提供云机房软硬件服务,阿尔法工场
152,2021-10-11,融资客青睐6股，珍宝岛买入占比高达48.24%,Wind
153,2021-10-11,A股早报2021年10月11日星期一,Wind
154,2021-10-11,上市公司正负面新闻2021年10月11日星期一,Wind
155,2021-10-10,世纪华通：子公司和腾讯云计算签订战略协议 五年内持续深化六大领域合作,中证网
156,2021-10-10,晚间重要公告2021年10月10日星期日,Wind
157,2021-10-10,世纪华通(002602.SZ)与腾讯云将在数据中心业务等领域展开战略合作,智通财经
158,2021-10-10,世纪华通与腾讯达成IDC战略合作 五年期内持续深化六大领域合作,证券时报网
159,2021-10-10,世纪华通：与腾讯云计算签订《战略合作协议》,Wind
160,2021-10-09,元宇宙专题报告(二)：技术与应用变革掀开互联网新篇章 把握元宇宙时代投资机会,新浪
161,2021-10-08,世纪华通与南昌VR科创城达成合作 将加快VR产业链式集聚,中新网
162,2021-09-30,卫士通：恒越基金、中信自营等10家机构于9月29日调研我司,证券之星
163,2021-09-30,传媒互联网10月投资策略：元宇宙催化游戏板块表现 关注国庆档表现,新浪
164,2021-09-30,三七互娱、盛天网络、世纪华通涨超3%，游戏ETF（516010）涨超2.5%,资本邦
165,2021-09-30,世纪华通联姻卫士通，为数据业务系好“安全带”,金融界
166,2021-09-29,世纪华通：王佶累计质押股数约为7.22亿股,每日经济新闻
167,2021-09-29,传媒一周观点：孟回国有望提振情绪 持续关注三季报核心如东财等 及电商双十一预热,新浪
168,2021-09-28,卫士通与世纪华通签署协议，在互联网游戏领域展开合作,阿尔法工场
169,2021-09-27,巨头押注“元宇宙” 世纪华通在内容端已提前抢跑,凤凰网
170,2021-09-27,国盛证券：维持卫士通(002268.SZ)“买入”评级 首单落地世纪华通 千亿数据安全爆发在即,智通财经
171,2021-09-27,A股早报2021年9月27日星期一,Wind
172,2021-09-26,晚间重要公告2021年9月26日星期日,Wind
173,2021-09-26,卫士通与世纪华通战略合作 共拓互联网游戏和超算中心数据安全业务,上证报
174,2021-09-26,卫士通(002268.SZ)拟与世纪华通在互联网游戏和超算中心展开深入合作,智通财经
175,2021-09-26,A股游戏龙头签约信息安全国家队 世纪华通与卫士通签订战略合作协议,证券时报网
176,2021-09-26,世纪华通：与卫士通签署战略合作框架协议,Wind
177,2021-09-26,世纪华通：将继续深化与腾讯在多领域、多业态的战略合作,Wind
178,2021-09-26,世纪华通：盛趣游戏已与包括腾讯等全球一线游戏公司有过合作经验,Wind
179,2021-09-24,以游戏之名“破防”前沿科技 世纪华通翻开“时代的技术”,金融界
180,2021-09-24,世纪华通：目前已与腾讯集团六大事业群中的四个事业群进行合作,Wind
181,2021-09-24,世纪华通：公司的元宇宙游戏《LiveTopia》暂未在国内发布,Wind
182,2021-09-23,睿逻网络发生多项工商变更 与世纪华通联姻加深,北京商报
183,2021-09-23,哪个领域将最先受益“元宇宙”概念？,上方网
184,2021-09-17,世纪华通(002602.SZ)大股东王佶质押6900万股及解除质押4900万股,智通财经
185,2021-09-17,世纪华通：股东王佶累计质押股数约为7.42亿股,每日经济新闻
186,2021-09-17,世纪华通今日大宗交易成交1470.58万股，成交价6.8元折价3.0%,Wind
187,2021-09-14,世纪华通今日大宗交易成交1100万股，成交价6.63元折价5.01%,Wind
188,2021-09-14,世纪华通掘金5G，争做云游戏时代的领跑者,凤凰网
189,2021-09-14,传媒行业：METAVERSE 游戏先行,新浪
190,2021-09-13,传媒行业一周观点：超跌后如期出现修复 中期价值仍取决监管和业绩增长的综合评估,新浪
191,2021-09-13,积极布局硬科技，世纪华通持续赋能数字化发展,凤凰网
192,2021-09-13,争做数字文创产业先锋 世纪华通强化游戏传统文化输出,金融界
193,2021-09-13,【行情】元宇宙概念股再度走强，中青宝拉升一度涨逾18%，汤姆猫、宝通科技、顺网科技、万兴科技、世纪华通、完美世界等冲高,金十数据
194,2021-09-13,世纪华通：上半年公司推出多款新游，下半年产品储备依旧丰富,Wind
195,2021-09-13,世纪华通神操作赚24亿仍有165亿商誉悬顶 400亿跨界游戏后大股东套现74亿出逃 减持股份,长江商报
196,2021-09-10,董秘指数丨“元宇宙”，真火还是虚火？,和讯
197,2021-09-10,世纪华通元宇宙游戏《LiveTopia》用户超1亿全球前三,金融界
198,2021-09-10,世纪华通：公司早有布局元宇宙,Wind
199,2021-09-09,世纪华通《LiveTopia》跻身全球前三 将寻求元宇宙领域多方合作,上证报
200,2021-09-09,监管突然出手！25只“元宇宙”股涨超10%，接下来怎么走？,Wind
201,2021-09-08,最强风口！满屏20CM涨停，“元宇宙”彻底火了！,Wind
202,2021-09-08,从“汽配大佬”到A股游戏龙头 世纪华通的资本运作之路,新浪
203,2021-09-08,世纪华通：元宇宙是非常庞大的概念 公司会从有利于发展的方向积极寻求多方面合作,e公司
204,2021-09-07,游戏中报聚焦｜世纪华通上半年扣非净利润同比锐减49%，腾讯增持、“数字医疗产品”能否成为增长新动力？,21世纪经济报道
205,2021-09-07,对硬科技层层加码，A股“游戏王”世纪华通的路越走越宽了,时代周报
206,2021-09-07,A股早报2021年9月7日星期二,Wind
207,2021-09-06,世纪华通财报：研发费用同比增27.87% 未来重点发力前沿科技,新浪
208,2021-09-06,世纪华通要做硬科技赛道的“长跑者”,凤凰网
209,2021-09-03,世纪华通上半年营收73.1亿元 扣非净利骤降49% 盈利能力下降,中国网
210,2021-09-02,蝉联中国游戏上市企业竞争力15强，世纪华通进一步打开发展格局,凤凰网
211,2021-09-02,世纪华通：公司从2020年三季度开始就新增了IDC业务,每日经济新闻
212,2021-09-02,世纪华通：公司持续加大游戏研发及细分市场的布局,Wind
213,2021-09-02,世纪华通：旗下盛趣游戏自营平台18岁以下注册用户充值占比重0.009%,Wind
214,2021-09-01,资讯：世纪华通“硬科技”突破：行业前景广阔 助力IDC可持续发展,财联社
215,2021-09-01,传媒行业周报：苹果第三方支付有望全面放开 游戏研发商价值进一步凸显,华安证券
216,2021-09-01,世纪华通：公司董事中刘铭、李纳川为腾讯方人员,Wind
217,2021-09-01,盛趣游戏未成年用户占比0.9% 游戏龙头世纪华通加码硬科技布局,金融界
218,2021-08-31,世纪华通：上半年扣非净利润7.68亿元 同比下降49% 盈利能力下降,中国经济网
219,2021-08-30,游戏公司半年报爆冷：三七互娱净利润跌49.77% 世纪华通扣非净利润跌49.39% 盈利能力下降,每日经济新闻
220,2021-08-30,世纪华通欲加码理财遭董事会否决，腾讯方面表态：要审慎 双方游戏合作加码,每日经济新闻
221,2021-08-30,腾讯反对世纪华通加码理财 双方上半年游戏合作大增,每日经济新闻
222,2021-08-30,世纪华通上半年营收微降，净利润大涨53%，自研游戏密集 盈利能力下降,奥一网
223,2021-08-30,世纪华通半年报：运营十年以上产品超十款,观察者网
224,2021-08-30,世纪华通半年报：营收73.1亿元 互联网游戏收入占比85%,新浪
225,2021-08-30,世纪华通(002602.SZ)上半年扣非净利降49.39%至7.68亿元 盈利能力下降,格隆汇
226,2021-08-30,世纪华通2021上半年营收73.1亿元 归母净利润增长53%,金融界
227,2021-08-30,世纪华通2021上半年归母净利润24.5亿元 同比增长53%,证券时报网
228,2021-08-30,世纪华通：董事会审议否决调整使用闲置自有资金进行委托理财,Wind
229,2021-08-30,世纪华通发布股权转让暨关联交易相关公告,每日经济新闻
230,2021-08-30,世纪华通：上半年净利润同比增长52.88%,Wind
231,2021-08-30,世纪华通今日大宗交易成交66万股，成交价6.15元溢价0.0%,Wind
232,2021-08-30,互联网传媒行业周报：监管强化“饭圈”治理 苹果公司拟部分放开第三方支付,新浪
233,2021-08-27,《原神》大火米哈游营收破百亿，三七、世纪华通不淡定了？,奥一网
234,2021-08-27,世纪华通旗下盛趣游戏入选2021-2022年度国家文化出口重点企业,凤凰网
235,2021-08-25,A股午盘综述：白酒股领涨大市，券商集体回调,Wind
236,2021-08-25,网络游戏板块拉升，游族网络涨停，世纪华通、完美世界、昆仑万维、三七互娱跟涨,新浪
237,2021-08-25,游戏板块集体反弹，游族网络涨停,Wind
238,2021-08-23,世纪华通(002602.SZ)法定代表人变更为谢婓 董监高成员变化,智通财经
239,2021-08-23,出海赛道拥挤 世纪华通等游企的制胜“法宝”是什么？,凤凰网
240,2021-08-20,"世纪华通现1笔大宗交易 共成交6,500.16万元",新浪
241,2021-08-20,世纪华通今日大宗交易成交1184万股，成交价5.49元溢价1.1%,Wind
242,2021-08-19,腾讯游戏行业投资“扫货”提速 看好与世纪华通长期生态互补,证券市场周刊
243,2021-08-17,全球游戏股筑底反攻，世纪华通等A股巨头的机会来了,斑马消费
244,2021-08-13,机构都开始抄底游戏股，夯实内功的世纪华通（002602.SZ）或迎来估值修复,格隆汇
245,2021-08-12,利空出尽将迎价值修复 “三大增量”推高世纪华通游戏主业增长预期,证券市场周刊
246,2021-08-11,专访盛趣游戏副总裁谭雁峰：获取用户已不是最重要的，留住用户才是,每日经济新闻
247,2021-08-11,世纪华通：元宇宙是一个非常庞大的概念，公司会从有利于公司发展的方向积极寻求多方面合作,每日经济新闻
248,2021-08-10,世纪华通董事会换届：王佶担董事长兼CEO 同时兼盛趣游戏董事长,新浪
249,2021-08-10,王佶担任董事长兼CEO 世纪华通聚焦游戏主业持续发力,证券时报网
250,2021-08-09,《中国游戏企业研发竞争力报告》发布，世纪华通以多品类产品扩充发展空间,凤凰网
251,2021-08-06,中国上市/非上市游戏企业竞争力报告：游戏市场机会与风险并存，游戏企业展现各自竞争力,上方网
252,2021-08-05,千亿游戏产业“双减” 世纪华通陷入迷漫,财富动力网
253,2021-08-04,世纪华通：公司旗下盛趣游戏正在开发红色主题手机游戏《破晓》（暂命名）,Wind
254,2021-08-03,分歧加大！游戏股全线暴跌，百亿级基金经理却逆势加仓,Wind
255,2021-08-03,世纪华通(002602.SZ)股东王苗通分别质押及解质837.92万股,智通财经
256,2021-08-03,世纪华通：上海曜瞿如网络科技合伙企业（有限合伙）累计质押4.76亿股，占其所持股份100%,每日经济新闻
257,2021-08-03,游戏股大幅跳水，顺网科技跳水跌近10%，恺英网络、迅游科技、世纪华通、凯撒,新浪
258,2021-08-03,港股、A股游戏上市公司股价齐下跌,北京商报网
259,2021-08-03,【行情】A股网游股集体大跌，完美世界跌近7%，世纪华通跌近4%，迅游科技、游族网络、昆仑万维跌超2% 连续下跌,金十数据
260,2021-08-02,传媒行业周报：从CHINAJOY看游戏产业两大方向：出海、元宇宙,新浪
261,2021-08-02,世纪华通：2021年半年报拟8月31日发布,每日经济新闻
262,2021-08-01,中国游戏上市企业竞争力报告出炉：腾讯网易世纪华通蝉联第一梯队,证券时报网
263,2021-07-29,世纪华通大宗交易成交130.00万股成交额703.30万元,证券时报网
264,2021-07-29,腾讯入局 CEO上位 创始人抽身 世纪华通谁主沉浮,上证报
265,2021-07-29,世纪华通今日大宗交易成交130万股，成交价5.41元溢价0.0%,Wind
266,2021-07-23,普洛斯60亿收购松江互联网数据中心50.1%股权,经济观察网
267,2021-07-22,首创国内数字游戏疗法 游戏龙头世纪华通开辟“脑医”新战场,中金在线
268,2021-07-22,世纪华通：公司有执行工时管理制度,Wind
269,2021-07-21,世纪华通现1笔大宗交易 共成交306.00万元,新浪
270,2021-07-20,世纪华通(002602.SZ)选举浦晓成为职工代表监事,智通财经
271,2021-07-19,世纪华通：目前明确了三大投资方向,每日经济新闻
272,2021-07-19,世纪华通：将建成长三角最大、全国前三、亚洲领先的AI超算中心,每日经济新闻
273,2021-07-19,世纪华通：2021年半年报拟8月31日发布,每日经济新闻
274,2021-07-19,世纪华通：目前IDC数据中心业务进展顺利,每日经济新闻
275,2021-07-16,世纪华通(002602.SZ)股东王苗通质押及解质各4000万股,智通财经
276,2021-07-16,世纪华通：股东王苗通质押4000万股，解除质押4000万股,每日经济新闻
277,2021-07-13,【行业深度】洞察2021：中国游戏行业竞争格局及市场份额(附市场集中度、企业竞争力评价等),前瞻研究院
278,2021-07-13,IDC建设的咋样了？能如期交付吗？世纪华通：该项目总投资规模（含超算服务器）450亿元，占地236亩，总建筑面积50万平方米，由10栋数据中心集群组成，项目计划建成4万个以上机柜,每日经济新闻
279,2021-07-13,世纪华通：2021年半年报拟8月31日发布,每日经济新闻
280,2021-07-13,世纪华通：新一届董事会候选人、监事会候选人的提名工作尚未完成,每日经济新闻
281,2021-07-13,世纪华通：目前《庆余年》已获得版号并开启预约,Wind
282,2021-07-13,世纪华通：不存在旗下公司Eyedentity Games已破产的信息,Wind
283,2021-07-09,重组、减持，高商誉！世纪华通“量产亿万富翁”后再成新灶，腾讯垂帘听政“有深意”？,21世纪经济报道
284,2021-07-08,世纪华通：《小森生活》简体版于3月平台上线，上线当天跻身App Store免费榜第一、TapTap热门榜第一，同时获得苹果Today推荐，并连续5天蝉联iOS游戏免费榜第一,每日经济新闻
285,2021-07-08,世纪华通：半年报拟8月31日发布,每日经济新闻
286,2021-07-07,"世纪华通现1笔大宗交易 共成交3,987.20万元",新浪
287,2021-07-07,世纪华通今日大宗交易成交640万股，成交价6.23元溢价0.0%,Wind
288,2021-07-06,世纪华通现1笔大宗交易 共成交472.50万元,新浪
289,2021-07-06,世纪华通今日大宗交易成交75万股，成交价6.3元溢价0.0%,Wind
290,2021-07-05,世纪华通现1笔大宗交易 共成交301.05万元,新浪
291,2021-07-05,世纪华通今日大宗交易成交48.40万股，成交价6.22元溢价0.0%,Wind
292,2021-07-01,世纪华通：目前IDC数据中心业务进展顺利,每日经济新闻
293,2021-06-29,世纪华通：根据规划，本年度IDC数据中心业务尚处于工程建设期，首批机柜计划于暑期交付客户,每日经济新闻
294,2021-06-28,世纪华通(002602.SZ)：大股东曜瞿如质押47581.39万股,格隆汇
295,2021-06-28,世纪华通：上海曜瞿如网络科技合伙企业(有限合伙)股份质押,每日经济新闻
296,2021-06-28,世纪华通(002602.SZ)股东曜瞿如质押4.76亿股,智通财经
297,2021-06-23,世纪华通：《彩虹联萌》预计年内上线,Wind
298,2021-06-23,世纪华通：上海珑睿的相关交易将于二季度完成,Wind
299,2021-06-22,上海网络游戏产业去年收入1206亿元 盛趣游戏长线运营优势凸显,金融界
300,2021-06-21,世纪华通：副总裁邵恒辞职 董监高成员变化,每日经济新闻
301,2021-06-20,A、H股游戏样本股一季报对比：A股多个公司销售营收比高于H股,中国经营网
302,2021-06-18,"世纪华通现1笔大宗交易 共成交5,593.00万元",新浪
303,2021-06-18,世纪华通今日大宗交易成交850万股，成交价6.58元溢价0.0%,Wind
304,2021-06-18,世纪华通：未来公司整体投资策略主要分为三个方向,Wind
305,2021-06-18,世纪华通：今年公司计划发行游戏数量为近三年之最,Wind
306,2021-06-17,世纪华通：股东部分股份解除质押,发布易
307,2021-06-17,"世纪华通现1笔大宗交易 共成交4,942.63万元",新浪
308,2021-06-17,世纪华通：股东浙江华通控股集团有限公司累计质押3199.16万股,每日经济新闻
309,2021-06-17,世纪华通(002602.SZ)股东王娟珍解除质押758.78万股,智通财经
310,2021-06-17,世纪华通：IDC数据中心业务首批机柜计划暑期交付客户,Wind
311,2021-06-17,世纪华通：公司已形“网络游戏+汽车零部件”的双主业格局,Wind
312,2021-06-17,世纪华通：今年有联合他公司发起设立30亿元规模虚拟现实产业基金,Wind
313,2021-06-17,世纪华通：林芝腾讯目前是公司的第二大股东,Wind
314,2021-06-11,文化传媒行业周报：行情活跃 欧洲杯即将开幕,渤海证券
315,2021-06-11,世纪华通获增持，腾讯成为其第二大股东,环球老虎财经
316,2021-06-10,腾讯受让世纪华通5%股份完成过户 上位公司第二大股东,上证报
317,2021-06-10,世纪华通(002602.SZ)：林芝腾讯持股10% 成为公司第二大股东,格隆汇
318,2021-06-10,世纪华通：大股东王佶质押3.73亿股质权人为腾讯大地通途,财联社
319,2021-06-10,世纪华通(002602.SZ)：大股东王佶质押37262.78万股 质权人为腾讯大地通途,格隆汇
320,2021-06-10,世纪华通(002602.SZ)：华通控股、鼎通投资及王苗通合计解押50337.58万股,格隆汇
321,2021-06-10,世纪华通大宗交易成交67.00万股成交额469.00万元,证券时报网
322,2021-06-10,世纪华通：华通控股等股东协议转让部分股份完成过户 减持股份,每日经济新闻
323,2021-06-10,腾讯增持世纪华通5%股份已完成过户 成公司第二大股东,证券时报网
324,2021-06-10,"世纪华通：大股东王佶先生质押37,262.78万股",每日经济新闻
325,2021-06-10,世纪华通现1笔大宗交易 共成交469.00万元,新浪
326,2021-06-10,世纪华通方辉：与投资人保持透明高效的沟通 提升公司商业价值,金融界
327,2021-06-10,【2020-2021年度观察家资本价值年会系列报道之四】圆桌论坛：从资本角度提升企业商业价值,经济观察网
328,2021-06-03,世纪华通(002602.SZ)：林芝腾讯持股10%成为公司第二大股东,格隆汇
329,2021-06-02,A股异动|世纪华通(002602.SZ)涨4.39%大股东王佶与腾讯增持相关工作已近尾声,格隆汇
330,2021-06-01,"世纪华通现1笔大宗交易 共成交2,970.00万元",新浪
331,2021-06-01,世纪华通今日大宗交易成交450万股，成交价6.6元折价0.15%,Wind
332,2021-06-01,世纪华通：上海珑睿项目预计年内完成首批交付并投入使用,每日经济新闻
333,2021-05-31,大股东王佶与腾讯增持世纪华通股份相关工作已近尾声,证券时报网
334,2021-05-31,世纪华通：股份转让相关工作已取得深交所出具的合规确认函 资产异常,TechWeb
335,2021-05-31,好利来：关于董事辞职及补选董事的公告 董监高成员变化,新浪
336,2021-05-27,游戏行业进入“内容为王”时代!世纪华通提高研发核心竞争力,中金在线
337,2021-05-25,世纪华通：实控人向腾讯质押股权融资28亿元,Wind
338,2021-05-25,世纪华通：预计腾讯5月30日前完成增持公司股份交易,Wind
339,2021-05-21,"2020年盈利29.46亿,世纪华通蝉联A股游戏盈利王",电鳗快报
340,2021-05-20,营收利润增速双下滑！世纪华通大股东仍借款增持，三年需付7亿利息 盈利能力下降,投资时报
341,2021-05-17,数字经济正逆势起飞,经济日报
342,2021-05-17,2021年，游戏公司们集体焦虑,投资界
343,2021-05-16,二次元力量太猛，A股游戏大厂不得不“卷”,创业邦
344,2021-05-14,成瘾性赛道那些事儿,微信
345,2021-05-13,高毅资产最新持仓，冯柳邓晓峰买什么？散户抄“高毅概念股”或沦为接盘侠！,和讯
346,2021-05-13,[路演]世纪华通：腾讯增持后原大股东股票质押率过高的问题将缓解,全景网
347,2021-05-12,世纪华通(002602)：大股东王佶所持1亿股股份质押,发布易
348,2021-05-12,游戏公司财报季：A股大厂净利润集体下滑，内卷太严重？ 盈利能力下降,36氪
349,2021-05-12,世纪华通：股东王佶质押1亿股,每日经济新闻
350,2021-05-12,世纪华通：公司IDC与腾讯进行深度合作 项目投资收益可观,上证报
351,2021-05-12,世纪华通：公司已形成“网络游戏+汽车零部件”的双主业格局,Wind
352,2021-05-12,世纪华通：公司大股东目前没有减持计划,Wind
353,2021-05-12,传媒行业周报：游戏大厂加快投资节奏 研发比拼愈发激烈,新浪
354,2021-05-11,盛趣游戏3年超额完成业绩承诺 累计扣非净利达76.44亿元,证券市场周刊
355,2021-05-11,私募大佬冯柳又在游戏股上栽了：押宝巨人网络半年亏5亿,华夏时报
356,2021-05-10,传媒行业动态分析：板块分化加剧 关注影视及营销行业复苏,新浪
357,2021-05-10,A股游戏公司营收榜：世纪华通称王 巨人、昆仑等皆大幅下跌 盈利能力下降,新浪
358,2021-05-08,老赚钱了的游戏产业，要凉？,创业邦
359,2021-05-08,三年盈利超77亿世纪华通为何能成为A股游戏长跑冠军?,金融界
360,2021-05-06,一文看懂世纪华通连续三年蝉联A股游戏第一的运营逻辑,搜狐
361,2021-05-06,腾讯多次增持世纪华通 强强联手深化游戏多业态布局,消费日报网
362,2021-05-05,钱难挣？去年尽享“宅家防疫”红利，今年有游戏大厂业绩变脸 盈利能力下降,奥一网
363,2021-05-05,世纪华通(002602.SZ)：控股股东质押9764.13万股 质权人为林芝腾讯,格隆汇
364,2021-05-05,世纪华通：控股股东华通控股质押约9764万股，解除质押约5134万股,每日经济新闻
365,2021-05-02,2020年盈利29.46亿，世纪华通蝉联A股游戏盈利王,搜狐
366,2021-05-01,A股游戏公司成绩单：世纪华通领跑收入榜，游族网络转亏 亏损,澎湃新闻
367,2021-04-30,世纪华通149亿营收，领跑A股游戏板块，220亿商誉压顶,南都报
368,2021-04-30,盛趣游戏母公司世纪华通去年营收净利增速双降 Q1净利下滑27% 盈利能力下降,金融界
369,2021-04-30,净利29.46亿同比增29%世纪华通2020年营收、净利、市值A股游戏第一,证券市场周刊
370,2021-04-30,探索游戏新应用场景 世纪华通深度挖掘数字经济,消费日报网
371,2021-04-30,世纪华通2020年实现营收149.83亿元 归母净利润同比增长28.92%,证券日报网
372,2021-04-30,世纪华通大跌5.05%，资金净流出5234万元 连续下跌,中新经纬
373,2021-04-30,连续三年蝉联A股游戏第一世纪华通2020年营收、净利双增,搜狐
374,2021-04-30,世纪华通2020年营收近150亿元 游戏业务占比86.6%,TechWeb
375,2021-04-29,世纪华通(002602.SZ)2020年净利升28.92%至29.46亿元,格隆汇
376,2021-04-29,世纪华通：2020年度净利润约29.46亿元,每日经济新闻
377,2021-04-29,成绩单！世纪华通：2021年第一季度净利润约5.85亿元，同比下降27.24% 盈利能力下降,每日经济新闻
378,2021-04-29,世纪华通2020财报：营收净利润市值A股游戏股第一,金融界
379,2021-04-29,世纪华通(002602.SZ)一季度归母净利润同比下降27.24%至5.85亿元 盈利能力下降,智通财经
380,2021-04-29,世纪华通(002602.SZ)年度归母净利同比增28.92%至29.46亿元,智通财经
381,2021-04-29,世纪华通2020年营收149.8亿 归母净利润同比增28.9%,证券时报网
382,2021-04-29,世纪华通：2020年净利润同比增长28.92%,Wind
383,2021-04-29,世纪华通：一季度净利润同比减少27.24% 盈利能力下降,Wind
384,2021-04-26,传媒行业周报：紧握优质游戏CP 长看“短视频+”带来的机会,新浪
385,2021-04-21,犀牛财经晚报：民生银行辟谣“被接管”鹏华匠心精选规模缩水80亿,GPLP犀牛财经
386,2021-04-21,百亿富豪王佶向腾讯借款28亿增持世纪华通：利息为年化8%复利，三年利息7.26亿,财联社
387,2021-04-20,百亿富豪王佶向腾讯借款28亿增持世纪华通 三年利息超7亿,每日经济新闻
388,2021-04-19,开源证券--传媒行业周报：关注优质游戏CP稀缺性价值及线下娱乐机会【行业研究】,金融界股吧
389,2021-04-17,明星私募投资路线图：最勤奋的淡水泉探路电子行业，高毅瞄上医疗器械股,华夏时报
390,2021-04-14,小米领投蔚领时代1.5亿融资入局云游戏？,时代财经
391,2021-04-13,小米加入云游戏战场：领投蔚领时代1.5亿元融资，游戏业务撑起互联网服务收入增长,时代财经
392,2021-04-12,2020年380多家公司增发募资8400亿元 折价增发下最高浮盈近4倍,投资者网
393,2021-04-09,世纪华通现1笔大宗交易 共成交302.40万元,新浪
394,2021-04-09,世纪华通今日大宗交易成交42万股，成交价7.2元溢价0.0%,Wind
395,2021-04-08,A股共发生135宗大宗交易成交16.51亿元（4月8日）,Wind
396,2021-04-08,世纪华通现1笔大宗交易 共成交200.02万元,新浪
397,2021-04-08,世纪华通今日大宗交易成交27.14万股，成交价7.37元溢价2.36%,Wind
398,2021-04-07,私募大佬冯柳百亿持仓曝光：青睐中小市值，新进持有这四只股票,21世纪经济报道
399,2021-04-06,世纪华通：本次交易中，上海珑睿100%股权对应的交易价值为119.84亿元，增长15.35亿元,每日经济新闻
400,2021-04-06,世纪华通：将于2021年4月30日披露2020年年报,每日经济新闻
401,2021-04-06,3月份重要股东增减持动态：减持金额同比下降近半 减持股份,面包财经
402,2021-04-01,腾讯一季度游戏投资31起，焦虑的巨头与进击的“中生代”们,36氪
403,2021-03-31,晚间重要公告2021年3月31日星期三,Wind
404,2021-03-31,世纪华通回复关注函：公司与普洛斯签署《股权转让协议》，具有商业合理性 关注函,Wind
405,2021-03-31,游戏行业周报：苹果IDFA新政实施在即 关注广告投放成本变化,新浪
406,2021-03-29,世纪华通拟40亿转让子公司股权 深交所:买没1年就卖？ 资产异常,中国经济网
407,2021-03-29,传媒行业一周观点：财报季期间 高性价比个股强于整体 注意外部因素干扰较多,新浪
408,2021-03-26,深交所向世纪华通下发关注函，要求说明拟设立的并购基金规模、资金来源等具体情况 关注函,Wind
409,2021-03-26,浙江区域股市周报：新增3家上市公司49家机构调研世纪华通,每日经济新闻
410,2021-03-25,腾讯入股高毅醉翁之意：不在乎控股高毅资产，在乎借平台马甲进行二级市场投资,21世纪经济报道
411,2021-03-25,腾讯入股后，世纪华通真的靠上大树了吗？,证券之星
412,2021-03-25,管理层增持28亿元世纪华通游戏业务迎来发展“黄金时代”,证券市场周刊
413,2021-03-25,青睐大宗交易，机构捕捉结构性机会,Wind
414,2021-03-24,腾讯Q4交出好业绩，但游戏大本营正受到新生代“围攻”,经济观察网
415,2021-03-24,游族网络连续两日涨停提振网游股，世纪华通、完美世界、掌趣科技普涨,Wind
416,2021-03-23,世纪华通：将在梦境研究等人工智能新方向，实现前沿突破与产业应用,每日经济新闻
417,2021-03-23,传媒-游戏行业：谷歌宣布下调前百万美元分成比例,新浪
418,2021-03-22,近一周机构调研榜出炉！百亿级私募调研了这几家公司！,云掌财经
419,2021-03-22,世纪华通今日大宗交易成交470.50万股，成交价7.06元折价9.83%,Wind
420,2021-03-22,流量+资本=投资帝国+企业联盟,中国经营报
421,2021-03-21,字节步步紧逼，腾讯平均3天出手一家，2021游戏行业开启军备竞赛,创业邦
422,2021-03-19,两市股指震荡上行 宝钢价值暂时领先,财富动力网
423,2021-03-18,世纪华通：3月18日获主力资金净流入1.12亿元,每日经济新闻
424,2021-03-18,实控人套现56亿！腾讯二度举牌 商誉压顶的世纪华通能否腾飞？ 资产异常,投资时报
425,2021-03-18,市场风向要变？机构调研公司九成市值低于500亿元,Wind
426,2021-03-18,世纪华通现1笔大宗交易 共成交470.40万元,新浪
427,2021-03-18,商誉压顶的世纪华通能否腾飞：实控人套现56亿 腾讯二度举牌 资产异常,投资时报
428,2021-03-18,世纪华通今日大宗交易成交64万股，成交价7.35元折价8.01%,Wind
429,2021-03-18,柠檬微趣终止IPO，仅剩一家排队，游戏公司为何被A股“拒之门外”？ IPO融资异常,每日经济新闻
430,2021-03-18,世纪华通涨4.07%，领涨互联网传媒行业,中新经纬
431,2021-03-18,世纪华通王佶：12款新品年内待发争取未来3-5年实现高速增长,云掌财经
432,2021-03-18,“A股游戏一哥”三七互娱的开年失意，游戏公司为何逃不开“买量”魔咒？,创业邦
433,2021-03-18,指数震荡调整 创业板指涨逾1%,财富动力网
434,2021-03-17,紧跟机构调研 | 青松股份(300132.SZ)聚焦深挖化妆品及周边赛道 世纪华通(002602.SZ)腾讯成第二大股东,智通财经
435,2021-03-17,传媒-游戏：2月国内手游市场环比增长12.24％,新浪
436,2021-03-17,世纪华通：3月17日获主力资金净流入1.42亿元,每日经济新闻
437,2021-03-17,机构调研丨近期世纪华通、超华科技等接受调研,第一财经
438,2021-03-17,世纪华通：来自特斯拉、蔚来、小鹏汽车、威马、比亚迪等新能源汽车零部件订单逐年增加,每日经济新闻
439,2021-03-17,汽配大佬花298亿买下盛大，今套现56亿让贤，腾讯二度举牌 减持股份,AI财经社
440,2021-03-17,腾讯再“加仓”世纪华通：低估值叠加丰富IP的“魅力”?,智通财经
441,2021-03-17,掘金龙虎榜 31股近期获机构净买入,证券之星
442,2021-03-17,腾讯再次对游戏公司出手 成为世纪华通第二大股东,新浪
443,2021-03-16,一克商评丨当竖屏短视频平台遇上横屏观看的篮球赛，双方都迎来了变革机会,东方网
444,2021-03-16,世纪华通王佶：深化与腾讯7大业务合作重点推出4款产品,金融界
445,2021-03-16,文化传媒行业周报：电影复映填补大片断档 继续关注以Z世代、短视频为核心的新消费,新浪
446,2021-03-16,投入近28亿二次举牌，腾讯为何再次出手加码世纪华通？,每日经济新闻
447,2021-03-16,腾讯28亿再增持世纪华通：CEO王佶成为第一大股东 公司无实控人 控制人变化,新浪
448,2021-03-16,实控人撤离好利来控制权将易主！接盘方曾是世纪华通重组关键人物？ 控制人变化,投资时报
449,2021-03-16,一年之内两度举牌 腾讯为何如此青睐世纪华通,证券市场周刊
450,2021-03-16,毛利率媲美茅台，陈光明多次加仓的行业龙头,云掌财经
451,2021-03-16,机构近期抢筹这33股可关注（附名单）,证券之星
452,2021-03-16,A股融资融券日报：两融余额增加12.42亿元（3月15日）,Wind
453,2021-03-16,世纪华通获腾讯28亿增持 王苗通一年套现74亿 减持股份,新浪
454,2021-03-16,腾讯二度增持成为第二大股东 世纪华通未来之主目前仍是谜,上证报
455,2021-03-15,而对部分游戏公司而言，还存在着一些特殊的问题。,财华社
456,2021-03-15,【聚焦增减持】获腾讯斥资28亿元增持，世纪华通未来可期？,财华社
457,2021-03-15,腾讯27.95亿元增持世纪华通成第二大股东 A股、H股“游戏一哥”强强联合,证券日报网
458,2021-03-15,斥资28亿增持游戏巨头世纪华通，腾讯在打什么算盘？,云掌财经
459,2021-03-15,龙头股开盘即跌停！陈光明、林利军被套……,Wind
460,2021-03-15,世纪华通：正在等待相关事宜过会通过 公司经营情况正常丨公司问答,第一财经
461,2021-03-15,顶不住了！情绪彻底失控！创业板再暴跌5%！茅台失守2000元，中信再次高喊：坚信茅台会涨到3000元！ 连续下跌,雪球
462,2021-03-15,传媒行业周报：游戏继续布局 疫情后修复空间大的领域值得关注,新浪
463,2021-03-15,DataEye传奇研究报告：五巨头抱团将瓜分千亿市场,新浪
464,2021-03-15,创业板大跌超3%，茅台破2000元！半导体白酒领跌,Wind
465,2021-03-15,港股午评|小米涨超9%领升恒指；航空股再起飞，南航涨8%,富途证券
466,2021-03-15,豪掷28亿增持世纪华通，腾讯为何被套后再出手？︱一只热股,第一财经
467,2021-03-15,新经济扫描|小米大涨超9%，京东绩后两日累跌超10%,富途证券
468,2021-03-15,越跌越买？腾讯二次举牌世纪华通，斥资30亿“加仓”成二股东,环球老虎财经
469,2021-03-15,腾讯近28亿举牌成第二大股东，世纪华通一度涨超5%,第一财经
470,2021-03-15,腾讯拟28亿元受让世纪华通2.45%股份，将成上市公司第二大股东,企查查
471,2021-03-15,将获腾讯27.9亿元增持，世纪华通高开超5%,金融界
472,2021-03-15,世纪华通(002602.SZ)高开5.15% 腾讯增持5%成第二大股东,格隆汇
473,2021-03-15,世纪华通高开逾5%，腾讯方面拟受让公司5%股份,Wind
474,2021-03-15,传媒行业周报：泡泡玛特纳入港股通 关注Z世代泛娱乐产业新机遇,华安证券
475,2021-03-15,龙虎榜揭秘 近五日机构最青睐37股,证券之星
476,2021-03-15,500亿游戏巨头火了！冯柳刚走，腾讯28亿杀入，成第二大股东,Wind
477,2021-03-15,世纪华通56亿元股权巨变：公司CEO跃升第一大股东，腾讯增持5%股份成第二大股东,21世纪经济报道
478,2021-03-15,A股早报2021年3月15日星期一,Wind
479,2021-03-15,马化腾放大招！腾讯举牌成这家A股第二大股东！,中国基金报
480,2021-03-15,操盘必读｜美国万亿资管机构加仓茅台；腾讯拟受让世纪华通5%股份；比特币涨破61000美元；北上深严查信贷资金违规进入股市楼市,上游新闻
481,2021-03-15,腾讯举牌世纪华通成第二大股东，商业版图持续扩张,中国基金报
482,2021-03-15,晚间公告热点追踪：腾讯耗资27.9亿元增持世纪华通,新浪
483,2021-03-15,财经早茶∣“十四五”规划纲要全文发布；风电光伏行业政策暖风频吹,证券时报网
484,2021-03-15,腾讯举牌成世纪华通第二大股东 机构提前抄底 17万股民嗨了,中国基金报
485,2021-03-15,【中证盘前】美国万亿资管机构加仓茅台！腾讯拟受让世纪华通5%股份；比特币涨破6万美元；国金证券澄清被京东收购传闻,中证报
486,2021-03-15,腾讯30亿元“补仓”！这家再获增持的A股游戏公司，股价能否回升,中国财富网
487,2021-03-15,3月15日四大证券报头版头条内容精华摘要,新浪
488,2021-03-15,世纪华通将获腾讯27.9亿元增持,中证报
489,2021-03-15,腾讯(00700-HK)成为世纪华通(002602-CN)第二大股东,财华社
490,2021-03-15,腾讯拟加仓世纪华通 28亿拿下5%股份,证券时报
491,2021-03-14,腾讯27.9亿元增持世纪华通5%股份，成A股游戏巨头第二大股东,经济观察网
492,2021-03-14,腾讯举牌成第二大股东：世纪华通意念涨停 机构已提前进场,新浪
493,2021-03-14,腾讯举牌成第二大股东！这家游戏公司意念涨停，股民晚上“数板”，机构已提前进场,中证报
494,2021-03-14,林芝腾讯27.9亿元受让世纪华通5%股权,上证报
495,2021-03-14,世纪华通股东王苗通套现56亿：王佶成大股东 腾讯为二股东 减持股份,雷帝触网
496,2021-03-14,越跌越买?不惧股价腰斩，腾讯豪掷28亿元增持世纪华通，成第二,财联社
497,2021-03-14,晚间重要公告2021年3月14日星期日,Wind
498,2021-03-14,腾讯斥资27.9亿元增持世纪华通，持股10%成第二大股东,澎湃新闻
499,2021-03-14,世纪华通CEO王佶成为第一大股东 腾讯完成二次举牌 控制人变化,中证网
500,2021-03-14,世纪华通CEO王佶与林芝腾讯增持世纪华通 锁定第一、第二大股东,金融界
501,2021-03-14,林芝腾讯拟受让世纪华通5%股份,北京商报
502,2021-03-14,世纪华通(002602.SZ)：CEO王佶及林芝腾讯拟分别受让5%的股份公司将无实控人,格隆汇
503,2021-03-14,公告精选：腾讯方面拟受让世纪华通5%股份；理邦仪器2020年度净利润同比增长近4倍,e公司
504,2021-03-14,聚焦游戏发展战略 世纪华通(002602.SZ)引入战略投资者“腾讯”,智通财经
505,2021-03-14,世纪华通：控股股东及一致行动人拟将5%公司股份协议转让给林芝腾讯 减持股份,Wind
506,2021-03-14,世纪华通：腾讯方面拟受让公司5%股份,e公司
507,2021-03-12,"世纪华通现2笔大宗交易 共成交8,385.30万元",新浪
508,2021-03-12,世纪华通传奇买量排名进入行业前三机构看好流量运营优势,环球老虎财经
509,2021-03-12,A股早报2021年3月12日星期五,Wind
510,2021-03-11,3月11日龙虎榜，机构青睐这10股,证券时报网
511,2021-03-11,世纪华通龙虎榜数据（3月11日）,Wind
512,2021-03-11,世纪华通今日大宗交易成交606万股，成交价6.93元折价10.0%,Wind
513,2021-03-11,世纪华通放量涨停，外资净买入超1亿元,Wind
514,2021-03-11,好利来收深交所关注函：公司控制权或变更，交易股份目前全部质押 控制人变化,搜狐
515,2021-03-11,游戏板块显著回暖，世纪华通、游族网络先后涨停,Wind
516,2021-03-11,世纪华通、游族网络涨停，网游股冲高,Wind
517,2021-03-11,世纪华通大涨7.57%，领涨互联网传媒行业,中新经纬
518,2021-03-09,"世纪华通现8笔大宗交易 共成交3,949.62万元",新浪
519,2021-03-09,上海富豪汤奇青拟入主好利来 疑似通过世纪华通重组“大赚”、投资产业众多,每日经济新闻
520,2021-03-09,好利来的准实控人汤奇青是何背景？ 疑似借世纪华通重组“大赚”,每日经济新闻
521,2021-03-09,传媒行业高频数据可视化周报第8期,新浪
522,2021-03-09,世纪华通：子公司盛趣游戏旗下游戏服务器正常运行,每日经济新闻
523,2021-03-09,互联网传媒周报：互联网估值收缩明显 把握高景气 估值不高的核心资产和中小盘标的,新浪
524,2021-03-08,传媒一周观点：超跌A股企稳 中概外部影响调整 核心都在业绩估值性价比,新浪
525,2021-03-08,传媒行业周报：多只动漫游戏ETF上市流通 关注游戏板块结构性机会,华安证券
526,2021-03-08,传媒互联网行业周报：1月广告市场梯媒持续高速增长 游戏公司新品可期,新浪
527,2021-03-06,【行业一线】低估值叠加成长确定性，布局游戏行业正当时？,财华社
528,2021-03-04,国泰游戏ETF投资价值分析：力争上“游”,新浪
529,2021-03-04,隐秘的减持之手，大宗交易异动透视股东动向,Wind
530,2021-03-04,游戏板块性价比凸显 世纪华通等头部企业值得提前布局,证券时报网
531,2021-03-02,世纪华通现2笔大宗交易总成交金额3043.61万元,证券时报网
532,2021-03-02,世纪华通(002602.SZ)：大股东邵恒解除质押647万股,格隆汇
533,2021-03-02,世纪华通(002602.SZ)：股东邵恒累计减持1.72亿股、司法拍卖2011.8万股 减持股份,格隆汇
534,2021-03-02,"世纪华通现2笔大宗交易 共成交3,043.61万元",新浪
535,2021-03-02,世纪华通今日大宗交易成交498.95万股，成交价6.1元折价8.82%,Wind
536,2021-02-28,【传媒互联网】月度观点：外部影响有望企稳，高成长板块以及后疫情修复持续关注,天风研究
537,2021-02-27,国内首批游戏ETF出炉 长期投资价值遭质疑,新浪
538,2021-02-26,世纪华通：大股东邵恒解除质押3917万股,每日经济新闻
539,2021-02-26,合作特斯拉享新能源汽车增长利好 世纪华通2020业绩可观,中金在线
540,2021-02-24,"世纪华通现10笔大宗交易 共成交3,863.84万元",新浪
541,2021-02-24,世纪华通今日大宗交易成交656万股，成交价5.89元折价8.96%,Wind
542,2021-02-23,世纪华通今日大宗交易成交200万股，成交价6.0元折价6.83%,Wind
543,2021-02-22,首批游戏ETF带动游戏板块飘红 世纪华通大涨8%,金融界
544,2021-02-22,传媒行业周报：春节档78亿收官 国内首批游戏ETF获批,新浪
545,2021-02-17,传媒行业一周观点：春节档票房如期新高 抖快继续争夺 电商物流高景气,新浪
546,2021-02-10,世纪华通展IDC蓝图，决胜5G时代,斑马消费
547,2021-02-09,世纪华通牵手腾讯打造超算中心券商：低估值叠加IDC潜力十足,云掌财经
548,2021-02-09,世纪华通：大股东邵恒解除质押2577万股,每日经济新闻
549,2021-02-09,世纪华通今日大宗交易成交1000万股，成交价5.7元折价4.68%,Wind
550,2021-02-09,新基建概念下云计算长牛趋势不变重点关注世纪华通等个股,金融界
551,2021-02-08,乘风新基建 世纪华通IDC业务长期价值凸显,中新网
552,2021-02-08,传媒行业动态报告：《原神》上架小米渠道 看游戏行业变化,新浪
553,2021-02-07,传媒行业一周观点：继续重视全市场龙头 长假将至关注文娱活动数据表现,新浪
554,2021-02-05,世纪华通(002602.SZ)遭股东邵恒减持5905.38万股 减持股份,智通财经
555,2021-02-05,世纪华通(002602.SZ)：股东邵恒持股比例降至5.55%,格隆汇
556,2021-02-04,A股共发生127宗大宗交易成交51.3亿元（2月4日）,Wind
557,2021-02-04,世纪华通今日大宗交易成交759万股，成交价5.85元折价5.95%,Wind
558,2021-02-03,风格重回习惯 选手普遍受益,财富动力网
559,2021-02-02,世纪华通：公司目前未有商誉减值风险,Wind
560,2021-02-02,解盘：大消费活跃，汽车、品牌龙头、疫苗、血液制品领涨,Wind
561,2021-02-02,A股早报2021年2月2日星期二,Wind
562,2021-02-01,世纪华通《传奇》独占权再获韩国法院支持 娱美德恶意诉讼难改败诉结局 诉讼纠纷,中金在线
563,2021-02-01,传媒行业研究周报：市场波动中继续聚焦核心龙头 快手港股发行火爆 春节关注电影变化,新浪
564,2021-01-31,世纪华通(002602.SZ)：约6.31亿股将于2月2日解禁 解禁,格隆汇
565,2021-01-31,世纪华通：占总股本8.4602%限售股将于2月2日上市流通 解禁,Wind
566,2021-01-30,下周1516亿市值限售股解禁，环比增加930.1% 解禁,Wind
567,2021-01-29,"世纪华通现1笔大宗交易 共成交5,950.00万元",新浪
568,2021-01-29,娱美德在韩二审再败诉 世纪华通《传奇》IP在华独占性权益再度确权成功 诉讼纠纷,上证报
569,2021-01-26,马化腾又出手！百奥家庭互动立马飙升85%,中国基金报
570,2021-01-26,雷声滚滚！又有两公司亏穿总市值，15万股东触雷 亏损,证券时报
571,2021-01-24,A股爆雷之夜将至，就在下周！扫雷指南在此,中证报
572,2021-01-22,下周业绩披露高峰，“天雷滚滚”现冰山一角,Wind
573,2021-01-21,制造业老板变身游戏大亨，世纪华通实控人面临200亿商誉压力，会否成为下一个天神娱乐？ 控制人变化,华夏时报
574,2021-01-20,"世纪华通现1笔大宗交易 共成交3,234.70万元",新浪
575,2021-01-19,世纪华通(002602.SZ)：华通创投拟与专业投资机构设立虚拟现实产业基金,智通财经
576,2021-01-19,世纪华通(002602.SZ)：拟与时代伯乐、盛趣股权等发起设立虚拟现实产业基金,格隆汇
577,2021-01-19,世纪华通拟通过全资子公司联合发起设立虚拟现实产业基金,北京商报
578,2021-01-15,世纪华通(002602.SZ)：大股东邵恒解除质押475.69万股,格隆汇
579,2021-01-12,世纪华通(002602.SZ)：与上海恺英签署全面深化战略合作协议,格隆汇
580,2021-01-12,"世纪华通现1笔大宗交易 共成交1,401.48万元",新浪
581,2021-01-11,世纪华通(002602.SZ)大股东邵恒等解质3995.09万股及质押480万股,智通财经
582,2021-01-11,世纪华通(002602.SZ)：华通控股质押480万股及解押2918.4万股邵恒解押1076.69万股,格隆汇
583,2021-01-11,盛趣游戏传奇等多款IP助推世纪华通业绩走高,金融界
584,2021-01-11,传媒行业周报：游戏出海竞争力仍在提升 芒果超媒业绩或超预期,新浪
585,2021-01-11,2020年游戏上市公司股价盘点：有人市值创纪录，有人空欢喜,21世纪经济报道
586,2021-01-08,世纪华通现1笔大宗交易 共成交999.90万元,新浪
587,2021-01-08,解盘：错杀股企稳，网络游戏、数字货币、网络安全领涨,Wind
588,2021-01-07,世纪华通股价暴跌，实控人王苗通钱紧，千亿《传奇》IP是毒药？ 连续下跌,金融界
589,2021-01-04,传媒行业月度观点：“一年复始”关注超跌游戏电影 “万象新”推荐龙头芒果小米百度B站,新浪
590,2021-01-03,世纪华通(002602.SZ)：华通控股质押1200万股,格隆汇
591,2021-01-02,警报！2020年上市公司黑榜之财务爆雷（附独家连线） 产品问题,巨丰财经
592,2020-12-30,世纪华通(002602.SZ)：控股股东及实控人提前终止减持累计减持2.48%股份,格隆汇
593,2020-12-30,世纪华通(002602.SZ)遭控股股东华通控股及实控人王苗通减持1.84亿股 减持计划终止 拟减持股份,智通财经
594,2020-12-30,港股盘前必读：科技股强势反弹，欧盟批准与英国的贸易协议,Wind
595,2020-12-29,第七大道(00797)完成向世纪华通增发1.337亿股 净筹约3.46亿港元,智通财经
596,2020-12-29,解盘：顺周期全面回调，网络游戏、5G、第三代半导体略涨,Wind
597,2020-12-18,世纪华通(002602.SZ)：大股东邵恒解除质押800万股,格隆汇
598,2020-12-17,盛趣游戏CEO谢斐:云游戏是网游的未来,21世纪经济报道
599,2020-12-17,第七大道(00797-HK)向世纪华通(002602-CN)配股并进行战略合作,财华社
600,2020-12-16,世纪华通(002602.SZ)：将增持上海珑睿的股权,格隆汇
601,2020-12-15,传媒行业2021年投资策略：文娱消费复苏延续 内容赛道竞争再升级,新浪
602,2020-12-15,世纪华通今日大宗交易成交298.69万股，成交价8.57元溢价11.73%,Wind
603,2020-12-14,"世纪华通现1笔大宗交易 共成交2,889.90万元",新浪
604,2020-12-11,美股低开，新能源汽车、银行股普跌,Wind
605,2020-12-11,美股盘前：新能源汽车股走软,Wind
606,2020-12-11,"世纪华通现1笔大宗交易 共成交2,886.60万元",新浪
607,2020-12-11,Newzoo伽马发布《2020全球移动游戏竞争力报告》 中国20强公布,36氪
608,2020-12-11,业绩涨，PE低，四只龙头都跌超30%，这个板块被错杀了吗？,36氪
609,2020-12-11,报告：中国自研移动游戏海外收入预计超130亿美元,Wind
610,2020-12-10,世纪华通：预计明年会有若干款新游戏逐步上线,Wind
611,2020-12-10,世纪华通大股东减持3858.71万股，套现约3.08亿元 减持股份,21世纪经济报道
612,2020-12-09,世纪华通(002602.SZ)：控股股东及实控人股份减持比例超过1% 减持股份,格隆汇
613,2020-12-09,世纪华通(002602.SZ)近期遭控股股东及实控人王苗通减持8029.03万股 减持股份,智通财经
614,2020-12-09,世纪华通：华通控股及王苗通合计减持比例达总股本1.08% 减持股份,Wind
615,2020-12-09,世纪华通现1笔大宗交易 共成交879.00万元,新浪
616,2020-12-07,光正眼科低门槛激励达标术,证券市场周刊
617,2020-12-03,传媒行业月度报告：网络直播监管新规出台 12月新片供给回暖,新浪
618,2020-12-03,盛视早参：疫苗量产在即 风险偏好上升,新浪
619,2020-12-01,世纪华通(002602.SZ)：大股东王佶质押900万股,格隆汇
620,2020-12-01,A股收盘综述：金融板块火热，上证指数录升1.77%明日或突破年内高点,Wind
621,2020-12-01,三季度行业保持高增长 游戏概念股全面反弹丨牛熊眼,第一财经
622,2020-12-01,A股午盘综述：上证综指半日涨1.31%，银行、保险股炒作卷土重来,Wind
623,2020-12-01,网游股复苏，昆仑万维、顺网科技、游族网络、世纪华通领涨,Wind
624,2020-11-30,传媒月度观点：连续调整后不悲观 继续关注后疫情复苏逻辑及绩优稀缺龙头价值,新浪
625,2020-11-24,晚间重要公告2020年11月24日星期二,Wind
626,2020-11-24,世纪华通拟出售水果堂7.44%股权 交易作价4464万元 资产异常,北京商报
627,2020-11-24,世纪华通：广西腾讯创投拟受让水果堂7.44%股权,Wind
628,2020-11-24,世纪华通(002602.SZ)拟4464万元转让水果堂7.44%股权予广西腾讯创投 资产异常,格隆汇
629,2020-11-24,世纪华通：公司目前不存在商誉减值风险,Wind
630,2020-11-20,"高毅首度详细回应“GY被查”三大疑点：“未违规卖出”世纪华通,与腾讯没有一致行动关系，冯柳仍重仓同仁堂",华夏时报
631,2020-11-20,高毅资产首度详细回应坊间谣言：对世纪华通和同仁堂的投资完全合法合规！,每日经济新闻
632,2020-11-20,【直击】高毅资产澄清发布会：关于“GY被查”、大宗交易违规等传言，都回应了,证券时报网
633,2020-11-20,高毅回应冯柳交易问题：未在锁定期违规卖出世纪华通，仍较高比例持仓同仁堂,21世纪经济报道
634,2020-11-20,高毅资产回应冯柳进出个股：卖世纪华通没违规，仍持仓同仁堂,澎湃新闻
635,2020-11-20,高毅资产正面回应：已对谣言源头之一就职于券商的“某网络大V”采取法律措施,金融界
636,2020-11-19,接连布局超算中心 世纪华通为云游戏布局按下“快进键”,上证报
637,2020-11-19,从世纪华通布局超算中心 看游戏大厂自建IDC的几大利好,中金在线
638,2020-11-19,千亿私募被查传言背后：冯柳9年赚370倍，管理基金市值四百亿,AI财经社
639,2020-11-18,高毅资产被查 私募大佬冯柳“犀利”操作浮出水面,金融投资报
640,2020-11-18,高毅资产紧急辟谣被查传闻 冯柳世纪华通操作引市场质疑,新浪
641,2020-11-18,如何看待高毅被查传言，还“抄作业”吗？,格隆汇
642,2020-11-18,千亿资管公司被查？公司紧急回应 持仓股票大跌 股民吓出一身冷汗 连续下跌,每日经济新闻
643,2020-11-18,开启数据中心5G新时代 世纪华通为什么要做这么“重”的事情？,DoNews
644,2020-11-18,百亿私募被查？高毅紧急回应！是谁扔的“深水炸弹”？冯柳417亿持仓曝光,券商中国
645,2020-11-18,百亿私募被查？牵涉投资大佬冯柳？高毅紧急回应 冯柳持仓曝光,券商中国
646,2020-11-17,2500亿高毅资产被查？冯柳现身辟谣；重仓股世纪华通市值持续缩水,时代在线
647,2020-11-17,千亿私募高毅被查？冯柳罕见发微博，公司回应了,中证报
648,2020-11-17,逃不开的游戏生命周期 吉比特不再是游戏界的“茅台”,新浪
649,2020-11-16,【华西电子孙远峰-每日观点&资讯】（2020-11-17）,远峰电子
650,2020-11-16,世纪华通与神州数码战略合作 多股重大利好望开启上攻走势,巨丰财经
651,2020-11-16,A股早报2020年11月16日星期一,Wind
652,2020-11-15,世纪华通(002602.SZ)与神州数码(000034.SZ)签署战略合作框架协议,格隆汇
653,2020-11-15,晚间重要公告2020年11月15日星期日,Wind
654,2020-11-15,世纪华通(002602.SZ)携神州数码合作打造完整的超算中心产业链,智通财经
655,2020-11-15,世纪华通：与神州数码签订战略合作框架协议，助力公司在IDC产业布局,Wind
656,2020-11-15,世纪华通：与神州数码签订战略合作框架协议,e公司
657,2020-11-14,神州数码与世纪华通携手构筑“新基建”算力底座,中证网
658,2020-11-14,神州数码：与世纪华通达成战略合作,e公司
659,2020-11-14,【山证传媒】行业月度策略：博纳IPO过会快手递交上市申请，继续把握业绩主线,山西证券研究所
660,2020-11-13,市场要闻丨背靠腾讯，世纪华通的IDC业务又有新动作,36氪
661,2020-11-12,世纪华通(002602.SZ)拟续聘普华永道中天为公司2020年度审计机构,智通财经
662,2020-11-12,腾讯重仓股4个月暴跌47%，市值蒸发529亿！多空双方存分歧,搜狐
663,2020-11-12,传媒行业周报：快手抢占“短视频第一股” 双十一直播预售创纪录,新浪
664,2020-11-11,多路资本买买买，举牌“飞出”金凤凰,Wind
665,2020-11-10,传媒行业周报：博纳IPO终获批 电影行业有望迎来新生机,华安证券
666,2020-11-10,世纪华通：控股股东及大股东质押3900万股用于融资,资本邦
667,2020-11-09,世纪华通(002602.SZ)：华通控股质押2000万股 邵恒质押1900万股,格隆汇
668,2020-11-08,*ST群兴、华谊嘉信等资本运作异常 资金占用、商誉减值现象成常态 资金问题,红周刊
669,2020-11-07,吉比特：老本还能吃多久?,证券市场周刊
670,2020-11-06,20Q3传媒行业基金持仓报告：持仓配置比例下滑 机构加仓分众,新浪
671,2020-11-05,世纪华通超90款存量游戏收益增20% 6款重磅新游排期公开,凤凰网
672,2020-11-04,世纪华通前三季净利润24.46亿元超去年全年，排名A股游戏公司第一,搜狐
673,2020-11-04,世纪华通前三季度净利润24.46亿元同比增长21.73% 位列A股游戏板第一,长江商报
674,2020-11-03,股价腰斩、大股东套现、业绩增长放缓 世纪华通这样解释 盈利能力下降,新浪
675,2020-11-03,抄作业的，很多都亏钱了,格隆汇
676,2020-11-03,传媒行业周报：业绩稳健不必悲观 继续推荐游戏、视频龙头,新浪
677,2020-11-03,明星资本有进有退，这个板块能否“玩”转全年？,中国财富网
678,2020-11-02,21家A股游戏公司Q3业绩过山车,钛媒体
679,2020-11-02,游戏板块整体向好 世纪华通前三季度营收、净利均位列行业第一,证券日报网
680,2020-11-02,传媒行业研究周报：顺周期广告板块效应明显 关注双十一背后竞争力,新浪
681,2020-11-02,券商龙头闪崩，多只白马大跌！冯柳大举出货,中国基金报
682,2020-11-02,突发乌龙指？2800亿券商龙头盘中闪崩跌停，多只大白马集体暴跌！ 连续下跌,中新经纬
683,2020-11-02,突发乌龙指？中信建投盘中闪崩跌停 多只大白马集体暴跌 连续下跌,中国基金报
684,2020-11-02,世纪华通2020前三季度营收、净利位列A股游戏第一,凤凰网
685,2020-11-02,世纪华通一度触及跌停，冯柳减持消息引发市场抛售,Wind
686,2020-11-02,多家游戏公司三季度业绩增速放缓 数款重磅新品将上线 盈利能力下降,中证报
687,2020-11-02,多家游戏公司三季度业绩增速放缓 盈利能力下降,Wind
688,2020-10-31,最新！冯柳又现重磅减持 这次是600亿白马股！3季度以来暴跌 减持股份,中国基金报
689,2020-10-31,顺丰之后冯柳又现重磅减持，这次是世纪华通！,Wind
690,2020-10-31,顺丰之后，冯柳又现重磅减持，这次是600多亿的世纪华通 减持股份,证券时报网
691,2020-10-30,同比增长21.73% 世纪华通前三季度实现净利润24.46亿元,北京商报
692,2020-10-30,世纪华通(002602.SZ)第三季度归母净利润同比增长1.48%至8.43亿元,智通财经
693,2020-10-30,世纪华通前三季净利润24.46亿 同比增长22%,证券时报
694,2020-10-30,世纪华通(002602.SZ)第三季度扣非净利润降12.53%至6.92亿元 盈利能力下降,格隆汇
695,2020-10-30,世纪华通：前三季度净利润同比增长21.73%,Wind
696,2020-10-30,世纪华通：高级管理人员变更 董监高成员变化,Wind
697,2020-10-30,A股共发生82宗大宗交易成交35.18亿元（10月30日）,Wind
698,2020-10-30,"世纪华通现1笔大宗交易 共成交10,200.00万元",新浪
699,2020-10-30,世纪华通今日大宗交易成交1200万股，成交价8.5元折价0.35%,Wind
700,2020-10-30,世纪华通前三季度营收117.69亿元,北京商报
701,2020-10-26,近4000亿“安防茅”一度涨停 冯柳旗下产品持仓或逼近100亿元,每经牛眼
702,2020-10-26,基金圈“好兄弟”反目成“仇” 知名私募和熙投资治理闹剧曝光,新浪
703,2020-10-25,市值营收净利均位列A股游戏第一，世纪华通是如何做的,凤凰网
704,2020-10-21,世纪华通：目前公司有VR项目安排,Wind
705,2020-10-20,传媒行业周报：游戏蛰伏中布局 直播电商和芒果继续加码,新浪
706,2020-10-20,【中原晨会1020】市场分析、传媒行业月报、通信行业月报,中原证券研究所
707,2020-10-19,文化传媒行业周报：行情继续低迷 关注业绩优秀龙头个股,渤海证券
708,2020-10-19,世纪华通：可登录公司官网预约游戏《庆余年》,Wind
709,2020-10-18,闪崩！多只基金重仓白马股出事，基金经理最新研判来了,中国基金报
710,2020-10-16,这只股，让冯柳亏的有点多,格隆汇
711,2020-10-16,巨人网络失速：盈利能力下降 自主研发带来高毛利率？ 盈利能力下降,新浪
712,2020-10-16,融资客青睐17股，美好置业买入占比高达51.81%,Wind
713,2020-10-15,游族网络、世纪华通均放量下挫7%左右，昆仑万维、凯撒文化等游戏股跟跌,Wind
714,2020-10-15,A股早报2020年10月15日星期四,Wind
715,2020-10-14,跌幅最高超7% 盛迅达、世纪华通等多只游戏股股价继续下跌,北京商报
716,2020-10-14,定增新规下首批项目迎解禁，收益率落差明显,Wind
717,2020-10-14,定增新规下首批项目迎解禁 收益率落差明显 解禁,上证报
718,2020-10-13,A股互联网传媒行业2020年三季报业绩前瞻：楼宇媒体复苏超预期 视频龙头维持高景气 游戏有分化,新浪
719,2020-10-13,《热血传奇》20年：游戏IP穿越周期的最强样本,时代在线
720,2020-10-13,世纪华通(002602.SZ)股东华通控股及王苗通减持股份1.15亿股 减持时间已过半 减持股份,智通财经
721,2020-10-13,世纪华通(002602.SZ)：华通控股及王苗通减持期过半合计减持1.16亿股 减持股份,格隆汇
722,2020-10-13,世纪华通：控股股东及实际控制人减持计划时间过半 拟减持股份,Wind
723,2020-10-12,游戏龙头股领跌 或与渠道分成有关？,每日经济新闻
724,2020-10-12,传媒行业月度报告：国庆档顺利收官 关注Q4新游戏上线及双11营销板块催化,新浪
725,2020-10-12,传媒行业周报：新游上线纷至沓来 直播电商风云再起,新浪
726,2020-10-10,下周655亿市值限售股解禁 解禁,Wind
727,2020-10-08,世纪华通(002602.SZ)：3.24亿股限售股将于10月15日解禁 解禁,格隆汇
728,2020-09-30,创业板“妖股”遭散户追捧，高毅重仓股筹码“巨震”,红周刊
729,2020-09-29,“传奇”游戏已20岁，累计用户超6亿，版权纠纷仍存在隐患 诉讼纠纷,奥一网
730,2020-09-28,互联网传媒周报：游戏渠道内容议价力有望改变,新浪
731,2020-09-28,传媒互联网周报：“全国一网”取得突破性进展 推荐游戏、电商及广告,光大证券
732,2020-09-24,A股共发生141宗大宗交易成交34.76亿元（9月24日）,Wind
733,2020-09-24,"世纪华通现6笔大宗交易 共成交4,919.60万元",新浪
734,2020-09-24,世纪华通今日大宗交易成交502万股，成交价9.8元折价3.83%,Wind
735,2020-09-23,世纪华通：拟为全资子公司提供不超过3亿元额度的连带责任担保 大额借贷担保,TechWeb
736,2020-09-23,世纪华通(002602.SZ)：拟为华通车业申请综合授信业务提供不超3亿元连带责任担保 大额借贷担保,格隆汇
737,2020-09-23,每经专访世纪华通CEO、盛趣游戏董事长王佶：全世界游戏产业，还有四分之三市场等着中国企业开拓,每日经济新闻
738,2020-09-23,盛趣游戏董事长王佶：收购盛大是“命运交集”,每日经济新闻
739,2020-09-22,曾操盘中国游戏并购最大案铸就行业传奇，舵手王佶却要“转战”脑科学？,每日经济新闻
740,2020-09-22,互联网传媒行业周报：楼宇媒体继续复苏 游戏国内迎来新品高峰,新浪
741,2020-09-22,A股早报2020年9月22日星期二,Wind
742,2020-09-21,A股共发生136宗大宗交易成交42.34亿元,Wind
743,2020-09-21,"世纪华通现2笔大宗交易 共成交25,870.00万元",新浪
744,2020-09-20,传媒一周观点：持续提示的后疫情板块表现较强 关注Q3业绩兑现,新浪
745,2020-09-17,上半年A股头部游企增速30%以上，世纪华通扣非净利润超15亿,凤凰网
746,2020-09-17,冯柳上半年重仓两只游戏股曝光：世纪华通和完美世界,牛华网
747,2020-09-16,世纪华通(002602.SZ)：控股股东累计减持1.05%股份 减持股份,格隆汇
748,2020-09-16,世纪华通：华通控股减持比例达总股本1.05% 减持股份,Wind
749,2020-09-16,世纪华通：《阿瓦隆之王》和《火枪纪元》国内发行有分成入账,Wind
750,2020-09-16,晨会聚焦200916重点关注传媒互联网、纺织服装、游戏行业,国信研究
751,2020-09-16,传媒互联网中期回顾暨9月投资策略：疫情影响上半年业绩表现，关注国庆档及游戏新品表现,国信研究
752,2020-09-15,游戏板块2020上半年业绩综述：板块上半年业绩高增 头部公司业绩增速亮眼,新浪
753,2020-09-15,【传媒】行情有所低迷，关注低位龙头——文化传媒行业周报——看好,渤海证券研究
754,2020-09-14,文化传媒行业周报：行情有所低迷 关注低位龙头,渤海证券
755,2020-09-14,买买买！多路资本举牌愈演愈烈，风景这边独好,Wind
756,2020-09-14,互联网传媒周报：手游、楼宇媒体近期数据亮眼 小程序电商助推微信商业化,新浪
757,2020-09-14,世纪华通子公司亚拓士收《民事裁定书》诉前行为保全获法院支持 诉讼纠纷,资本邦
758,2020-09-13,世纪华通(002602.SZ)：子公司诉前行为保全获法院支持,格隆汇
759,2020-09-10,传媒行业2020年中报总结：线上消费持续高景气 线下文娱板块回暖进行时,新浪
760,2020-09-10,传媒行业四季度投资策略报告：行业业绩有所恢复 关注景气度回升领域龙头,渤海证券
761,2020-09-09,世纪华通(002602.SZ)：控股股东解除质押6000万股,格隆汇
762,2020-09-09,世纪华通：董事长被实施限高令已解除,Wind
763,2020-09-09,传媒行业-复盘游戏市场：再论游戏板块投资逻辑,新浪
764,2020-09-08,传媒行业半年报业绩综述：基本面有所恢复 关注景气度回升的龙头,渤海证券
765,2020-09-08,"世纪华通现7笔大宗交易 共成交3,893.20万元",新浪
766,2020-09-08,世纪华通净利15.17亿元同比增长135.29% 互联网游戏是收入增长的主要驱动力,长江商报
767,2020-09-07,文化传媒行业周报：行情活跃 关注相关子行业的景气度回升,渤海证券
768,2020-09-07,互联网传媒周报：线下持续复苏 美国禁令细则将公布,新浪
769,2020-09-03,世纪华通(002602)：合作腾讯业绩延续增长态势 加速布局IDC业务,国联证券
770,2020-09-03,百亿私募二季度调仓路径：冯柳新进34股，淡水泉增持农业股,澎湃新闻
771,2020-09-03,A股互联网传媒行业2020年中报总结：游戏、新媒体持续高景气 线下场景不同程度复苏,新浪
772,2020-09-02,【研报掘金】游戏板块中报超预期业绩增长后劲仍足 坚定看好游戏股后续行情,证券时报网
773,2020-09-02,世纪华通：与浙大共建传奇中心研究将聚焦数字医药等4个方向,Wind
774,2020-09-02,掌舵人王佶：盛趣游戏的多种未来,经济观察网
775,2020-09-02,A股游戏公司扣非净利榜:世纪华通15亿居首 ST天娱亏2亿 亏损,新浪
776,2020-09-02,41家游戏上市公司的上半年：23家净利润过亿，7家亏损 亏损,36氪
777,2020-09-01,游戏收入激增 世纪华通上半年扣非净利15亿元,证券日报
778,2020-09-01,上半年9成游企盈利 世纪华通扣非后净利15亿居A股游戏板首位,凤凰网
779,2020-09-01,389股获券商买入评级，中兴通讯目标涨幅达84.62%,Wind
780,2020-08-31,世纪华通H1游戏业绩点评：海外营收约29亿，占比近4成,钛媒体
781,2020-08-31,A股游戏公司营收榜:三七互娱TOP1 迅游、恺英雷声不断,新浪
782,2020-08-31,A股游戏公司半年考：三七互娱登顶营收榜，昆仑万维利润最高,澎湃新闻
783,2020-08-31,解读世纪华通财报：半年盈利16亿元，低估值游戏龙头后期空间巨大,中国经济网
784,2020-08-31,世纪华通：暂无商誉减值信息,Wind
785,2020-08-31,私募重仓医药生物、食品饮料和电子,中国基金报
786,2020-08-29,世纪华通上半年营收77.7亿：高毅资产晋升为前十大股东,雷帝触网
787,2020-08-29,10位明星基金经理“心水股”首次披露,中国基金报
788,2020-08-29,明星基金经理频频借道大宗交易调仓布局,Wind
789,2020-08-28,世纪华通(002602.SZ)：上半年净利升36.02%至16.02亿元,格隆汇
790,2020-08-28,世纪华通：上半年净利润同比增长36.02%,Wind
791,2020-08-27,刘格菘、傅鹏博、丘栋荣、刘彦春次重仓股名单曝光,中证报
792,2020-08-27,世纪华通2020上半年扣非后净利15亿 同比增135%,中新网
793,2020-08-25,上半年亏损578.8万美元 乐游科技拟90亿元卖身腾讯？ 亏损,证券日报
794,2020-08-25,解决版权顽疾 促进中国游戏产业高质量发展,中国网
795,2020-08-25,文化传媒行业周报：行情有所活跃 关注半年报表现优秀个股,渤海证券
796,2020-08-25,上市公司正负面新闻2020年8月25日星期二,Wind
797,2020-08-24,晚间重要公告2020年8月24日星期一,Wind
798,2020-08-24,世纪华通(002602.SZ)：盛趣游戏与浙江大学共建浙江大学传奇创新研究中心,格隆汇
799,2020-08-23,举牌潮又起：外资和野蛮人都来了 哪些股会被看中,中财网
800,2020-08-21,世纪华通(002602.SZ)：控股股东质押6000万股,格隆汇
801,2020-08-20,盛趣游戏CEO谢斐：预计今年中国网络游戏业产值逼近3000亿,新浪
802,2020-08-17,传媒行业：调整出现买入良机 继续推荐绩优龙头,新浪
803,2020-08-14,"传奇IP的罗生门，世纪华通的""劫""",格隆汇
804,2020-08-14,世纪华通今日大宗交易成交73.51万股，成交价9.64元折价9.4%,Wind
805,2020-08-13,传媒行业月报：游戏行业上半年增长 影院复工政策解禁 8月中报季来临 解禁,新浪
806,2020-08-12,世纪华通现1笔大宗交易 共成交729.00万元,新浪
807,2020-08-12,基金大手笔加仓股曝光！6股持仓首次破百亿,证券时报网
808,2020-08-11,世纪华通：控股股东浙江华通控股集团有限公司解除质押约6780万股,每日经济新闻
809,2020-08-11,世纪华通(002602.SZ)：控股股东解除质押6780.48万股,格隆汇
810,2020-08-11,高毅冯柳豪买3.97亿？景林后 大华股份再被百亿私募选中,新浪
811,2020-08-11,传媒-游戏：今年第二批进口游戏版号发放,新浪
812,2020-08-10,薪酬增140%！世纪华通员工均薪35万 获腾讯举牌前景可期？丨就业季薪金指南,新浪
813,2020-08-10,传媒行业周报：游戏、影视看新品驱动 818或助直播电商再升温,新浪
814,2020-08-07,传媒行业月度报告：H1游戏增长22.34% 电影市场加速复苏 关注中报行情,新浪
815,2020-08-05,中国游戏上市公司竞争力报告出炉：腾讯网易世纪华通居第一梯队,凤凰网
816,2020-08-03,A股共发生124宗大宗交易成交23.85亿元（8月3日）,Wind
817,2020-08-03,游戏行业周报：2020H1中国游戏市场收入同比增长22.34%,新浪
818,2020-08-03,世纪华通现1笔大宗交易 共成交715.65万元,新浪
819,2020-08-03,华泰证券：高价转债不能简单排斥,Wind
820,2020-07-31,"世纪华通现1笔大宗交易 共成交6,033.50万元",新浪
821,2020-07-31,世纪华通净利5年增长近10倍 股权融资累计将近500亿,新浪
822,2020-07-31,世纪华通频频并购资产9年增长40倍 股权融资累计将近500亿支撑产业布局,长江商报
823,2020-07-31,事关6500亿板块！顶级盛会即将开启,证券时报
824,2020-07-30,腾讯系举牌游戏公司 世纪华通迎“中场战事”,时代在线
825,2020-07-30,世纪华通：控股股东浙江华通控股集团有限公司解除质押约7812万股,每日经济新闻
826,2020-07-30,世纪华通(002602.SZ)：华通控股解押7812万股王佶质押1.13亿股及解押2.66亿股,格隆汇
827,2020-07-30,上调可转债募资至77亿元 世纪华通布局腾讯超算中心,上证报
828,2020-07-30,创业板领涨，北上资金青睐深市，市场驱动力已转移？,南都报
829,2020-07-30,腾讯的棋局，世纪华通的野心,和讯
830,2020-07-29,7月30日上市公司重要公告集锦：中信证券上半年净利润同比增长38.47%,证券日报
831,2020-07-29,晚间重要公告2020年7月29日星期三,Wind
832,2020-07-29,世纪华通(002602.SZ)：拟继续增加对智慧云实业的认缴出资额20.2亿元,格隆汇
833,2020-07-29,世纪华通(002602.SZ)：可转债的发行规模由不超57亿元调至不超77亿元,格隆汇
834,2020-07-29,粤开策略流动性专题：板块轮动继续 市场情绪有所降温,新浪
835,2020-07-29,世纪华通：拟将可转债发行规模上调至不超过77亿元,Wind
836,2020-07-29,世纪华通王苗通减持 疑为引入战略投资人腾讯 减持股份,凤凰网
837,2020-07-29,或是回应“头条系” 腾讯举牌世纪华通意味深远,中证网
838,2020-07-29,或是回应“头条系” 腾讯举牌世纪华通意味深远,中证报
839,2020-07-28,举牌世纪华通 腾讯系A股开启扫货模式,北京商报
840,2020-07-28,20Q2公募基金配置传媒行业跟踪报告：传媒配置市值大幅提升 头部效应持续,光大证券
841,2020-07-28,腾讯举牌A股游戏龙头 世纪华通：考虑与腾讯展开更多合作｜公司问答,第一财经
842,2020-07-28,传媒行业周报：市场波动中拥抱绩优股 继续坚守游戏视频龙头,新浪
843,2020-07-28,世纪华通(002602)：腾讯举牌锁定合作优先权 股权结构持续优化,新浪
844,2020-07-28,暴走A股：深扒出来一只云游戏“隐形冠军”,金融界
845,2020-07-28,世纪华通获腾讯举牌 此前已密切合作,上证报
846,2020-07-28,腾讯控股拟全资收购搜狗、举牌世纪华通 股价早盘高开2.88%,金融界
847,2020-07-28,世纪华通获林芝腾讯举牌 深度合作开启想象空间,证券日报
848,2020-07-28,A股早报2020年7月28日星期二,Wind
849,2020-07-28,操盘必读｜美股收涨黄金再创新高！林芝腾讯举牌世纪华通，美的集团拟分拆美智光电创业板上市,上游新闻
850,2020-07-28,【中证盘前】林芝腾讯举牌世纪华通；美的集团拟分拆美智光电创业板上市；海欣食品上半年净利同比增逾5倍；黄金价格再创新高,中证报
851,2020-07-28,A股再现举牌潮，腾讯2日举牌了两家企业,搜狐
852,2020-07-28,腾讯产业基金10亿举牌两公司A股版图曝光,证券时报
853,2020-07-27,腾讯增持世纪华通至5% 背后暗藏这些玄机,新浪
854,2020-07-27,换电站迎多重利好，概念龙头一览,新浪
855,2020-07-27,腾讯又出手！连续两日举牌，这次是A股游戏龙头,金融界
856,2020-07-27,腾讯又出手！连续两日举牌世纪华通 冯柳前脚刚重仓进驻,e公司
857,2020-07-27,晚间重要公告2020年7月27日星期一,Wind
858,2020-07-27,世纪华通(002602.SZ)获林芝腾讯举牌 持股达5%,格隆汇
859,2020-07-27,世纪华通：获林芝腾讯举牌 持股比例达5%,e公司
860,2020-07-27,世纪华通：林芝腾讯持股比例升至5%,Wind
861,2020-07-27,腾讯斥资28亿成世纪华通第二大股东,第一财经
862,2020-07-26,冯柳持仓新动向“曝光”，巨人网络、东方日升等18家公司或被新买入,红周刊
863,2020-07-24,游戏公司上半年业绩预喜，头部效应愈发凸显,Wind
864,2020-07-23,世纪华通(002602.SZ)：拟继续增加对智慧云实业的认缴出资额20.2亿元,格隆汇
865,2020-07-22,世纪华通现1笔大宗交易 共成交676.20万元,新浪
866,2020-07-22,"冯柳40亿重仓世纪华通,优质标的迎高速发展时期",凤凰网
867,2020-07-21,游戏行业周报：上半年板块业绩符合预期 下半年关注新游戏表现,新浪
868,2020-07-20,传媒行业周报：影院开业预期兑现后 爆款内容成为核心逻辑,华安证券
869,2020-07-20,世纪华通(002602.SZ)：控股股东解除质押7058.4万股,格隆汇
870,2020-07-20,游戏公司半年股价:盛天网络高管套现4亿 迅游股价跌10% 减持股份,新浪
871,2020-07-17,索尼、腾讯皆有意乐游科技 专家称：各有优势，收购仍存诸多影响因素,经济观察网
872,2020-07-16,传媒互联网行业周报：中报季将至 把握业绩优秀的龙头公司,新浪
873,2020-07-16,大涨之后如何抉择？这些公司机构扎堆一致看多,Wind
874,2020-07-16,乐游科技或将易主腾讯，走过曲折“卖身”路，迎来终极买家 控制人变化,36氪
875,2020-07-15,传媒互联网行业周报：关注云游戏等5G应用逐步落地带来投资机遇,新浪
876,2020-07-15,游族网络、富春股份闪崩跌停拖累网游板块，三七互娱、世纪华通、巨人网络大跌,Wind
877,2020-07-14,40只股遭北向资金减仓超30%,证券时报网
878,2020-07-13,历经三任买家，与腾讯签私有化协议，乐游科技控股终于名花有主?,资本邦
879,2020-07-13,游戏行业周报：Q2全球手游市场收入190亿美元 创历史新高,新浪
880,2020-07-13,文化传媒行业周报：行情持续活跃 关注业绩优良的超跌个股,渤海证券
881,2020-07-13,"世纪华通现2笔大宗交易 共成交5,931.55万元",新浪
882,2020-07-13,世纪华通(002602.SZ)“以退为进”让利腾讯(00700)，强强联合开创游戏精品化新格局,智通财经
883,2020-07-13,世纪华通、腾讯眉目传情 乐游科技是天价彩礼？,斑马消费
884,2020-07-13,游戏巨头“再探”3A,36氪
885,2020-07-11,上市公司正负面新闻2020年7月11日星期六,Wind
886,2020-07-10,世纪华通放弃收购乐游科技 背后新买家腾讯浮出水面 并购重组异常,e公司
887,2020-07-10,世纪华通弃购，乐游科技找到新买家：与腾讯签私有化独家协议,澎湃新闻
888,2020-07-10,最前线 | 传腾讯拟收购《星际战甲》母公司乐游科技，索尼、世纪华通等竞购者在前,36氪
889,2020-07-10,世纪华通：终止收购乐游科技,新浪
890,2020-07-10,世纪华通：终止合作意向 经营问题,Wind
891,2020-07-10,数字经济红利助力游戏产业迈入新时期,中投网
892,2020-07-10,缺乏爆款储备不足 巨人网络300亿并购项目两次受阻后再重启,投资者网
893,2020-07-09,56股获券商买入评级，震安科技目标涨幅达86.83%,Wind
894,2020-07-08,世纪华通VS三七互娱：研发与渠道谁才是行业未来？,新浪
895,2020-07-08,世纪华通(002602.SZ)：大股东邵恒质押150万股,格隆汇
896,2020-07-08,世纪华通现1笔大宗交易 共成交201.22万元,新浪
897,2020-07-08,成交量连续5天破万亿，各路资金跑步入场,Wind
898,2020-07-07,游戏行业周报：多款热门手游密集上线 游戏行业有望维持高景气,新浪
899,2020-07-07,世纪华通(002602)：版图初具 剑指游戏“第三极”,新浪
900,2020-07-07,腾讯或成世纪华通最大股东？,钛媒体
901,2020-07-06,世纪华通《传奇世界》IP再度确权成功 自研产品《龙之谷2》本月上线,证券日报
902,2020-07-06,世纪华通子公司被诉侵害《热血传奇》相关权益 法院一审驳回原告诉讼请求 诉讼纠纷,北京商报
903,2020-07-06,世纪华通(002602.SZ)2019年度权益分派10转2股权登记日为7月10日,格隆汇
904,2020-07-06,世纪华通现1笔大宗交易 共成交212.10万元,新浪
905,2020-07-06,长线新品齐头并进 盛趣游戏产品成绩预计再创新高,凤凰网
906,2020-07-03,启动《传奇》游戏合法授权绿色通道 传奇“私服”迎来“高光时刻”,凤凰网
907,2020-07-03,A股接下来往哪走？6大维度揭秘资金流向,每日经济新闻
908,2020-07-03,A股早报2020年7月3日星期五,Wind
909,2020-07-02,世纪华通(002602)：参与腾讯超算中心IDC建设 强化现有业务协同,新浪
910,2020-07-01,全球市场份额增长，中兴通讯单日16亿大宗交易亮眼,Wind
911,2020-07-01,世纪华通(002602.SZ)控股股东质押及解押2720万股,格隆汇
912,2020-07-01,民生传媒周报20200706：中报季来临重视业绩确定性，看好游戏板块全年机会,MS互联网传媒
913,2020-07-01,外资流入放缓，解禁压力上升——资金面周观察,修炼投资的水晶球
914,2020-06-30,"世纪华通2019业绩连增,盛趣游戏2020新品可期",砍柴网
915,2020-06-30,回顾2019A股游戏大事记:传奇确权 世纪华通重组盛趣游戏顺利,砍柴网
916,2020-06-30,国联证券研究所7月金股组合,国联研究
917,2020-06-30,三款大作亮相腾讯游戏发布会 盛趣与腾讯未来十年的合作不止是游戏,砍柴网
918,2020-06-30,30家公司获20家以上机构扎堆调研 世纪华通最受关注,证券时报网
919,2020-06-29,世纪华通(002602.SZ)：约9.036亿股限售股将解禁 解禁,格隆汇
920,2020-06-29,世纪华通：占总股本14.5116％限售股将于7月3日上市流通 解禁,Wind
921,2020-06-29,深港通十大成交活跃股排名（6月29日）,Wind
922,2020-06-29,文化传媒行业周报：腾讯游戏发布会召开 暑期新游来袭,新浪
923,2020-06-29,世纪华通(002602.SZ)：邵恒质押6000万股及解押8951万股 华通控股解押1358.8万股,格隆汇
924,2020-06-29,腾讯游戏年度发布会宣布40余款产品，游戏产业也要做好“新基建”,Wind
925,2020-06-29,102家公司获机构调研（附名单）,证券时报网
926,2020-06-28,传媒行业周报：腾讯游戏发布会验证行业景气度 持续关注龙头产品线,新浪
927,2020-06-28,世纪华通大股东质押及解除质押部分公司股份,北京商报
928,2020-06-28,世纪华通：大股东邵恒解除质押约8951万股及再质押约6000万股,每日经济新闻
929,2020-06-28,传媒行业周报：在线娱乐景气度持续 关注中报业绩预期高增个股,新浪
930,2020-06-28,娱美德中国再遭败绩 世纪华通《传奇世界》再度确权成功,中金在线
931,2020-06-28,传媒互联网周报：暑期多款新游陆续上线 线下文娱活动或有序恢复,新浪
932,2020-06-28,七月策略：游戏催化不断引领板块 财报季关注中报兑现,新浪
933,2020-06-28,7月解禁市值超3600亿环比增70% 宁德时代将迎考验 解禁,金融界
934,2020-06-28,[加急]七月解禁市值超3600亿元环比激增70%下周宁德时代将迎解禁考验 解禁,金融界
935,2020-06-26,世纪华通实控人要减持给腾讯？ 减持股份,环球老虎财经
936,2020-06-24,2667亿元计划减持“压顶”，海康、世纪华通重要股东“有一套” 拟减持股份,红周刊
937,2020-06-24,重磅盛会即将召开 云游戏概念股大狂欢！,中投网
938,2020-06-24,世纪华通市值盘中突破千亿 A股游戏龙头受到机构重点关注,中金在线
939,2020-06-24,解盘：超百亿资金流入，半导体、大基金、IGBT、创投领涨,Wind
940,2020-06-24,网游股延续强势，盛天网络、游族网络、世纪华通大涨,Wind
941,2020-06-24,融资客青睐10股，宋都股份买入占比高达44.48%,Wind
942,2020-06-24,游戏产业重磅大会临近！风口一触即发,恒泰睿财
943,2020-06-23,Q3游戏行业前瞻：暑期产品储备丰富 腾讯游戏年会+CHINAJOY催化云游戏发展进程,新浪
944,2020-06-23,重磅盛会即将召开，龙头股获资金提前埋伏，概念股大狂欢！13股获北上资金重点加仓,证券时报
945,2020-06-23,腾讯627游戏大会在即，多款新作将亮相，板块有望持续受益丨牛熊眼,第一财经
946,2020-06-23,A股收盘综述：市场再现“喝酒吃药”，创业板指8连升,Wind
947,2020-06-23,游戏行业周报：《荒野乱斗》上线首周IOS端收入破亿,新浪
948,2020-06-23,解盘：大消费拉升，白酒、网络游戏、高价股、品牌龙头领涨,Wind
949,2020-06-23,A股午盘综述：上证指数涨0.17%，“喝酒吃药”行情再现,Wind
950,2020-06-23,世纪华通大涨7.07%，成交7.63亿元,中新经纬
951,2020-06-22,世纪华通：控股股东存债务压力 减持为吸引战略投资者 减持股份,新浪
952,2020-06-22,世纪华通现6笔大宗交易 均为折价成交,证券时报网
953,2020-06-22,"世纪华通现6笔大宗交易 共成交3,342.60万元",新浪
954,2020-06-22,中泰金工可转债发行跟踪周报(0621),ZTQuant
955,2020-06-21,明星私募在买什么？高毅资本再加仓完美世界,中华网
956,2020-06-19,本周13家上市公司发布可转债预案，融资总规模达249.60亿元,Wind
957,2020-06-19,世纪华通(002602.SZ)：控股股东质押2122万股,格隆汇
958,2020-06-19,传媒互联网行业周报：《乘风破浪的姐姐》IP热度空前 看好传媒板块,新浪
959,2020-06-19,【读财报】世纪华通重金加码IDC 市场为何不买账？,新华网
960,2020-06-19,世纪华通重金加码IDC股价三天跌5.68% 市场为何不买账？,面包财经
961,2020-06-18,【商业趋势的力量】世纪华通的新尝试,经济观察报
962,2020-06-18,2019年游戏公司哪家强？腾讯、网易、世纪华通列前三,Wind
963,2020-06-18,2019年游戏公司哪家强？腾讯、网易、世纪华通列前三,上证报
964,2020-06-18,易观报告: 腾讯、网易、世纪华通成2019年中国最赚钱的游戏公司,凤凰网
965,2020-06-18,Wind风控日报2020年6月18日星期四,Wind
966,2020-06-18,世纪华通控股股东及实控人拟减持 拟减持股份,大众证券报
967,2020-06-17,世纪华通：持股11.22%的华通控股及公司实控人拟减持不超过6% 拟减持股份,格隆汇
968,2020-06-17,世纪华通(002602.SZ)：华通控股及公司实控人拟减持不超6%的股份 拟减持股份,格隆汇
969,2020-06-17,文化传媒行业周报：行情继续活跃 关注云游戏概念的逐步落地,渤海证券
970,2020-06-17,6月首批国产游戏版号出炉 这些公司上榜,上证报
971,2020-06-17,搭上数字新基建“快车”世纪华通加速产业链布局重塑内容新格局,中金在线
972,2020-06-17,6月首批国产游戏版号下发，云游戏商业化进程加速,Wind
973,2020-06-16,世纪华通(002602)公司点评：可转债募资57亿 投资腾讯超算中心IDC项目,新浪
974,2020-06-16,世纪华通(002602)：拟发可转债布局IDC 助力腾讯共建人工智能产业园,新浪
975,2020-06-16,三个月内四次布局 世纪华通难舍弃的云游戏野心,北京商报
976,2020-06-16,6月游戏版号获批叠加疫情反弹暑假将至游戏股再引市场关注,财华社
977,2020-06-16,游戏行业周报：5月国内手游市场规模环比增长11.9%,新浪
978,2020-06-16,世纪华通发行可转债募资57亿元，收购上海珑睿股权并增资,资本邦
979,2020-06-16,A股早报2020年6月16日星期二,Wind
980,2020-06-16,国内债市盘前2020年6月16日星期二,Wind
981,2020-06-16,腾讯游戏年会临近，机构强力布局云游戏主题,Wind
982,2020-06-15,收购上海珑睿布局IDC 世纪华通拟发行可转换债券募集不超57亿元,北京商报
983,2020-06-15,世纪华通：拟发行57亿元可转债用于收购珑睿科技10%股权及偿还借款,格隆汇
984,2020-06-15,世纪华通(002602.SZ)：拟控制智慧云实业并将其作为投资平台用于收购上海珑睿10%股权并对其增资31亿元,格隆汇
985,2020-06-15,世纪华通：拟发行可转债募资不超过57亿元,Wind
986,2020-06-15,世纪华通：拟发行不超过57亿元可转债,e公司
987,2020-06-15,世纪华通(002602.SZ)拟发行A股可转债募资不超57亿元用于收购上海珑睿10%股权及增资项目等,格隆汇
988,2020-06-15,传媒行业周报2020年第23期：优质内容供给充分 关注游戏、长短视频赛道龙头,新浪
989,2020-06-15,世纪华通入局腾讯超算中心 点燃数字经济“新引擎”,中新网
990,2020-06-14,财信证券晨会20200612：市场震荡调整，海外市场承压,微信
991,2020-06-14,6月策略：加配游戏，关注营销新生态 || 【国信传媒】,观媒万象
992,2020-06-12,世纪华通(002602.SZ)：大股东邵恒质押6000万股及解除质押6341万股,格隆汇
993,2020-06-12,网络游戏股进一步走强 三七互娱、世纪华通等拉升,格隆汇
994,2020-06-12,网游板块继续抬升，三七互娱、完美世界、世纪华通等纷纷拉涨,Wind
995,2020-06-12,A、H股游戏样本股一季报对比：A股多个公司销售营收比高于H股,中国经营网
996,2020-06-10,云游戏亮相腾讯发布会，千亿市场崛起，谁拔头筹？,Wind
997,2020-06-09,游戏行业跟踪：行业增速提升 中国游戏出海正当时,广发证券
998,2020-06-08,互联网传媒周报：游戏新品上线高峰将到来 关注楼宇广告和动画电影复苏,新浪
999,2020-06-08,传媒行业周报：游戏、电影继续前瞻布局下半年 关注直播电商产业链短期业绩兑现情况,新浪
1000,2020-06-05,游戏行业回暖中的备战盛趣：重金投入研发 精品化战略支撑,经济观察网
1001,2020-06-05,2020年传媒行业中期策略报告：优选高景气、低估值龙头,新浪
1002,2020-06-05,深交所和中证指数公司自6月15日调整深证基本面指数和深证产业链指数系列样本股,Wind
1003,2020-06-04,游戏出海深度报告：出海提速 打开龙头增长空间,新浪
1004,2020-06-04,从汽车零配件起家到A股游戏一哥 资本运作激活世纪华通？,每日经济新闻
1005,2020-06-04,盛趣游戏激活世纪华通 A股游戏一哥抢占5G风口,时代在线
1006,2020-06-04,22股获券商买入评级，万科A目标涨幅达67.66%,Wind
1007,2020-06-03,富时罗素：富时中国A50等指数季度审核变更6月22日生效,Wind
1008,2020-06-03,“雷布斯”A股再落一子，科技巨头青睐哪些股？,Wind
1009,2020-06-03,传播文化业行业：网络迭代与流量分发格局演变再造龙头,新浪
1010,2020-06-03,复盘2019年A股游戏年报 世纪华通净利三年复合增长超60%,凤凰网
1011,2020-06-03,世纪华通(002602)：盛跃对赌顺利完成 战略布局3A游戏,广发证券
1012,2020-06-02,世纪华通三年累计研发投入超31亿元 多款重磅产品预计今年上线,凤凰网
1013,2020-06-02,游戏行业跟踪：字节跳动游戏合作梳理 掌趣科技1~2亿集合竞价二次回购显信心,新浪
1014,2020-06-02,世纪华通(002602)：盛趣完成19年业绩承诺 期待20年新品表现,新浪
1015,2020-06-02,A股1.26万亿商誉警钟长鸣：15股超百亿 闻泰科技新增214亿,投资者网
1016,2020-06-01,世纪华通2019年营收147亿 归母净利润同比增70%,砍柴网
1017,2020-06-01,世纪华通2019年报抢眼 市值营收净利3项指标A股游戏第一,中金在线
1018,2020-06-01,这10家公司发布公告有看点 业绩“回暖”股望有好表现,巨丰财经
1019,2020-06-01,2019年A股完成并购总额逾7900亿 影视、游戏并购几乎绝迹,投资者网
1020,2020-05-30,盛趣游戏2019年净利同比增长12.2% 昔日大佬重拾辉煌？,北京商报
1021,2020-05-30,世纪华通2019年营收146.9亿元 净利润同比增69.77%,中证网
1022,2020-05-29,游戏业务收入占比超八成 世纪华通2019年实现净利润22.9亿元,北京商报网
1023,2020-05-29,游戏业务势头强劲 世纪华通2019年净利润同比增长70%,中国证券网
1024,2020-05-29,世纪华通(002602.SZ)：拟申请折合总额不超60亿元人民币的综合授信额度,格隆汇
1025,2020-05-29,A股最后3分钟！惊人一幕又发生了,中国基金报
1026,2020-05-29,MSCI尾盘数亿元扫货，北上5月吸金300亿,Wind
1027,2020-05-29,民生传媒周报20200601：618来临看好电商新营销板块,MS互联网传媒
1028,2020-05-29,传媒互联网行业周报：调整就是机会 关注影视板块龙头公司,新浪
1029,2020-05-29,平均浮盈36.13%，公募大举进军定增市场,中证报
1030,2020-05-28,奇葩！6500块就可封涨停，这只基金怎么了？,券商中国
1031,2020-05-27,世纪华通(002602.SZ)：2019年经审计年报预计披露时间为5月30日,格隆汇
1032,2020-05-27,传奇IP的那些故事：最长被告19年，最惨被索赔76亿 诉讼纠纷,钛媒体
1033,2020-05-26,游戏行业周报：4月国内手游收入同比增长24% 二次元新游火爆,新浪
1034,2020-05-26,传媒行业动态：中国广电中国移动5G共建共享合作落地 四月游戏行业增速达24.4% 显示需求韧性,新浪
1035,2020-05-25,【传媒】游戏行业年报及一季报总结：高增长兑现，现金流质优，关注暑假期间新游表现,天风研究
1036,2020-05-22,传媒行业周报：影视行业再迎政策利好 优质内容仍是王道,华安证券
1037,2020-05-21,冯柳的高毅邻山1号二季度重仓股曝光 13家公司上榜,红周刊
1038,2020-05-20,"“宅经济”需求激增 盛趣游戏业绩暴增,世纪华通扩充发行版图",砍柴网
1039,2020-05-19,世纪华通(002602)：并表盛趣 游戏版图终成型 龙头扬帆再度起航,新浪
1040,2020-05-19,乐游科技控股(01089.HK)：郁国祥已从世纪华通收到8000万美元诚意金,格隆汇
1041,2020-05-18,世纪华通(002602.SZ)：控股股东质押224万股及解除质押460.8万股,格隆汇
1042,2020-05-18,传媒行业周报：关注两会及618聚焦电影、游戏龙头及直播电商产业链,新浪
1043,2020-05-17,继世纪华通后，高毅资产冯柳1.77亿元再入昆仑万维,环球老虎财经
1044,2020-05-15,传媒互联网业绩回顾暨5月投资策略：线上娱乐表现优秀 关注受损领域变化,新浪
1045,2020-05-15,高毅资产冯柳1.77亿元买入昆仑万维,中新网
1046,2020-05-14,世纪华通今日大宗交易成交830万股，成交价13.2元折价8.14%,Wind
1047,2020-05-14,"世纪华通现2笔大宗交易 共成交10,956.00万元",新浪
1048,2020-05-14,世纪华通股东华通控股再质押5011.6万股 质押用途为融资,中国网
1049,2020-05-14,MSCI调仓了什么股？来看新增成份股全名单,投资快报
1050,2020-05-13,传媒行业2019及20Q1业绩回顾：拥抱龙头 线上娱乐经济高景气度,新浪
1051,2020-05-13,世纪华通(002602.SZ)：控股股东质押5011.60万股,格隆汇
1052,2020-05-13,策略专题：202005MSCI中国A股调整报告,新浪
1053,2020-05-13,中国策略简评：MSCI中国半年度调整,新浪
1054,2020-05-13,中信证券紧急澄清：未接受媒体“美国对华半导体代工厂禁令”采访,金融界
1055,2020-05-13,MSCI最新调整出炉：全球指数中国飞鹤、B站获纳入，瑞幸遭剔除,格隆汇
1056,2020-05-13,MSCI半年度审议结果出炉：中国A股在岸指数增加61只成份股,环球外汇网
1057,2020-05-13,MSCI中国A股在岸指数增加成份股61只，包括中公教育、世纪华通等,零壹财经
1058,2020-05-13,MSCI调整成份股——道达早评,每日经济新闻
1059,2020-05-13,"传媒互联网:线上表现优秀,关注受损领域边际改善 || 【国信传媒】",观媒万象
1060,2020-05-13,MSCI增加A股成份股，B股大跌A股反强，外资在干什么,Wind
1061,2020-05-13,MSCI中国A股在岸指数增加成份股61只，剔除18只,Wind
1062,2020-05-12,"营收净利猛增,世纪华通稳坐A股游戏头把交椅",砍柴网
1063,2020-05-12,驴迹科技CEO臧伟仲：文旅与科技融合发展成经济复苏新动能,砍柴网
1064,2020-05-12,【传媒】19年&20Q1财报总结（总览篇）,和讯
1065,2020-05-11,"深挖产业新增长点,世纪华通携盛趣游戏“抢跑”5G云游戏",证券之星
1066,2020-05-11,"多家研报看好业绩表现,世纪华通旗下盛趣游戏增长预期受期待",砍柴网
1067,2020-05-11,游族网络的财务迷局,港股那点事
1068,2020-05-10,2020年，并购浪潮呼啸而来,猎云网
1069,2020-05-08,世纪华通欲入主乐游：接盘“小宁波”的中国游戏新巨头,腾讯网
1070,2020-05-08,世纪华通今日大宗交易成交228万股，成交价13.18元折价9.54%,Wind
1071,2020-05-08,抢夺乐游科技，创梦天地、世纪华通先后出手,钛媒体
1072,2020-05-07,世纪华通(002602.SZ)：控股股东质押672万股,格隆汇
1073,2020-05-07,世纪华通拟收购乐游科技 A股“游戏一哥”加速海外布局,每日经济新闻
1074,2020-05-06,一图解码：乐游(01089-HK)易主对象有变？新买家世纪华通(002602-CN)突入战局 控制人变化,财华社
1075,2020-05-05,20Q1 利润高增长 重要产品密集上线有望支撑全年成长 ——世纪华通(002602.SZ)2020 年一季报点评,EB传媒互联网
1076,2020-05-05,港股异动|乐游科技控股(1089.HK)涨逾5%获世纪华通收购要约,格隆汇
1077,2020-05-05,【复牌】乐游控股(01089-HK)股东获世纪华通(002602-CN)提收购要约,财华社
1078,2020-05-04,乐游科技控股(01089.HK)获世纪华通(002602.SZ)意向收购若干股份或触发潜在要约 5日复牌,格隆汇
1079,2020-05-04,乐游科技控股(01089.HK)获世纪华通(002602.SZ)意向收购公司股份或触发潜在要约5日复牌,格隆汇
1080,2020-05-04,乐游科技(01089)控股股东与世纪华通就尽职调查事宜订立合作备忘录,智通财经
1081,2020-05-04,高毅、淡水泉、王亚伟一季度调仓路线曝光：重仓世纪华通超40亿元，两家青睐一小市值低价股,每日经济新闻
1082,2020-05-04,乐遊科技据悉获得世纪华通的新收购邀约,格隆汇
1083,2020-05-02,A股哪些公司被爆买？来看看四大私募巨头一季度持仓,格隆汇
1084,2020-05-01,Q1游戏公司盈利榜:世纪华通8亿称王 天神、恺英腰斩 盈利能力下降,新浪
1085,2020-04-30,世纪华通一季度利润居游戏A股首位，游族网络现金流增长近6倍,南都报
1086,2020-04-30,私募一季度持仓：高毅、淡水泉、朱雀各有所好,Wind
1087,2020-04-30,世纪华通一季度实现净利润8.03亿 同比增长257%,证券时报
1088,2020-04-30,世纪华通：一季报实现净利逾8亿元 同比增长257.57%,中证网
1089,2020-04-30,A股早报2020年4月30日星期四,Wind
1090,2020-04-30,私募一季度重仓食品饮料汽车和半导体,Wind
1091,2020-04-30,世纪华通：2019年净利润同比增长69.77%,Wind
1092,2020-04-30,世纪华通：一季度净利润同比增长257.57%,Wind
1093,2020-04-30,世纪华通(002602.SZ)一季度净利润升257.57%至8.04亿元,格隆汇
1094,2020-04-29,网络游戏红利未减，昆仑万维如何急于转型？,钛媒体
1095,2020-04-29,"世纪华通现1笔大宗交易 共成交13,600.00万元",新浪
1096,2020-04-29,最新！高瓴、高毅、淡水泉、景林持仓大曝光（名单）,中国基金报
1097,2020-04-28,27家A股游戏公司近6成净利下滑 有企业靠卖房维持业绩 盈利能力下降,金融界
1098,2020-04-28,公募密集参与定增，相关基金均现浮盈,Wind
1099,2020-04-28,公募密集参与定增相关基金均现浮盈,证券时报
1100,2020-04-24,游戏股受关注 机构扎堆完美世界前十大股东,金融界
1101,2020-04-21,世纪华通(002602.SZ)：控股股东质押896万股及解除质押1.27亿股,格隆汇
1102,2020-04-21,【研报掘金】一季度游戏产业实现爆发式增长 行业龙头优势明显,证券时报网
1103,2020-04-21,世纪华通：延期披露2019年度报告至不晚于5月29日 延期披露,TechWeb
1104,2020-04-21,世纪华通：延期披露2019年经审计年度报告 延期披露,Wind
1105,2020-04-20,世纪华通(002602.SZ)：延期披露2019年经审计年度报告 延期披露,格隆汇
1106,2020-04-20,"世纪华通现1笔大宗交易 共成交3,897.00万元",新浪
1107,2020-04-18,畅游完成私有化：市值被严重低估 是否回归A股成最大悬念,凤凰网
1108,2020-04-17,世纪华通现2笔大宗交易均为折价成交,证券时报网
1109,2020-04-17,"世纪华通现2笔大宗交易 共成交5,659.89万元",新浪
1110,2020-04-17,世纪华通(002602.SZ)：大股东王佶质押1750万股,格隆汇
1111,2020-04-17,风险偏好缓慢修复，融资客连日加仓,中证报
1112,2020-04-16,逆势大涨、冯柳重仓，游戏行业究竟好在哪？,DoNews
1113,2020-04-15,世纪华通(002602.SZ)：华通控股质押5376万股 王佶解除质押1750万股,格隆汇
1114,2020-04-15,百亿私募持仓浮出水面！高毅资产40亿重仓这只股,中投网
1115,2020-04-15,基金早班车|又踩雷？这只基金一天跌超37% 本月已有67只基金暂停大额申购 重仓股票异动,金融界
1116,2020-04-15,融资客青睐9股，海亮股份买入占比高达72.76%,Wind
1117,2020-04-15,A股融资融券日报：两融余额增加8.75亿元（4月14日）,Wind
1118,2020-04-15,再融资新规落地两个月，3家公募“尝鲜”定增,Wind
1119,2020-04-15,再融资新规落地两个月3家公募“尝鲜”定增,证券时报
1120,2020-04-14,持股直逼举牌线 冯柳缘何重仓世纪华通？,时代在线
1121,2020-04-14,传媒互联网：把握业绩及行业景气度主线，推荐游戏及直播电商产业链 || 行业投资策略【国信传媒】,观媒万象
1122,2020-04-14,世纪华通现1笔大宗交易 共成交240.64万元,新浪
1123,2020-04-14,4月14日北上资金流入165.12亿元 深股通106.67亿元,金融界
1124,2020-04-14,知名私募超40亿逼近举牌，900亿巨头冲涨停,中国基金报
1125,2020-04-14,40多亿押注一只股票，这才是冯柳最看好行业！900亿行业巨头盘中涨停,e公司
1126,2020-04-14,罕见重手！知名私募超40亿逼近举牌，900亿巨头突然冲涨停！外资半天净买A股近50亿，更有两日80亿资金抄底ETF！这些吸金最猛,中国基金报
1127,2020-04-14,百亿基金重仓股今天涨停,隆鹏论市
1128,2020-04-14,解盘：资金净流入，动力电池、特斯拉、黄金珠宝、特高压领涨,Wind
1129,2020-04-14,私募大佬冯柳重仓多只游戏股，你上车了吗？,每日经济新闻
1130,2020-04-14,科创板早报|上交所：不断增强科创板包容性承载力覆盖面特斯拉大涨逾13%,科创板日报
1131,2020-04-14,4月14日盘前重要市场新闻,上证报
1132,2020-04-14,强烈看好游戏股 冯柳40多亿元重仓世纪华通,上证报
1133,2020-04-14,四大报：再融资新规落地满两月 定增市场全面回暖,证券日报
1134,2020-04-13,冯柳旗下基金42亿元重仓世纪华通 逼近举牌线,上证报
1135,2020-04-13,40多亿元重仓一家公司，逼近举牌线！冯柳在下一盘怎样的棋？,中国证券网
1136,2020-04-12,RCS富媒体通信迎发展“强风口” 这批股望率先突破,巨丰财经
1137,2020-04-10,世纪华通(002602.SZ)：控股股东解除质押5376万股,格隆汇
1138,2020-04-08,世纪华通(002602.SZ)：控股股东质押1120万股及解除质押1075.2万股,格隆汇
1139,2020-04-08,盛趣游戏成三大运营商“5G消息”首批合作伙伴,上证报
1140,2020-04-08,世纪华通(002602.SZ)快速拉升半日涨4.92%成中国移动5G消息首批合作伙伴,格隆汇
1141,2020-04-08,世纪华通子公司盛趣游戏成中国移动5G消息首批合作伙伴,Wind
1142,2020-04-08,世纪华通旗下盛趣游戏成中国移动5G消息首批合作伙伴,证券时报网
1143,2020-04-03,再融资新规落地至今，207家公司加入定增大军，累计超3700亿元,格隆汇
1144,2020-04-02,A股早报2020年4月2日星期四,Wind
1145,2020-04-02,游戏公司竞逐云游戏千亿蓝海,中证报
1146,2020-04-01,三七互娱推出45亿定增布局增长 紧跟腾讯、网易抢跑5G,证券时报网
1147,2020-04-01,"世纪华通现1笔大宗交易 共成交14,832.00万元",新浪
1148,2020-04-01,世纪华通最新筹码趋于集中,证券时报网
1149,2020-04-01,A股早报2020年4月1日星期三,Wind
1150,2020-03-31,"世纪华通现1笔大宗交易 共成交14,820.00万元",新浪
1151,2020-03-30,世纪华通：法院支持公司对《传奇》IP在华独占性授权,上证报
1152,2020-03-30,娱美德复议被驳回 法院支持世纪华通独占性授权,证券时报网
1153,2020-03-27,世纪华通最新股东户数下降5.61%筹码趋向集中,证券时报网
1154,2020-03-26,11家游戏上市公司争相发力 云游戏有多“香”？,每日经济新闻
1155,2020-03-26,Funplus登顶2019年度中国出海收入榜 全球化驱动世纪华通业绩成长,飞象网
1156,2020-03-25,世纪华通(002602.SZ)：控股股东质押672万股及解押768万股,格隆汇
1157,2020-03-25,"世纪华通现7笔大宗交易 共成交7,916.84万元",新浪
1158,2020-03-23,【新时代传媒】0329周观点：紧握在线文娱办公经济，从一季报看全年把握超预期公司,关爱传媒成长小分队
1159,2020-03-19,世纪华通(002602.SZ)：控股股东解除质押3660万股,格隆汇
1160,2020-03-19,2019年近2万家游戏公司“凉凉”，2020年“游戏王”竞争正当时,每日经济新闻
1161,2020-03-16,股票质押解押一览表（3月16日）,Wind
1162,2020-03-13,上市公司大额减持频现重要股东逢高套现有玄机 减持股份,经济观察报
1163,2020-03-12,"世纪华通现1笔大宗交易 共成交5,047.11万元",新浪
1164,2020-03-12,世纪华通(002602.SZ)：控股股东质押4556万股及解除质押921.6万股,格隆汇
1165,2020-03-10,2020少壮派富豪榜出炉！人均财富364亿，拼多多黄峥登顶,券商中国
1166,2020-03-10,世纪华通子公司原告“侵权案”一审判决出炉 诉讼纠纷,资本邦
1167,2020-03-09,世纪华通：子公司诉讼事项收到一审判决书 关联方问题,Wind
1168,2020-03-07,机构借大宗交易吸筹2月以来净买入超百亿,证券时报
1169,2020-03-05,A股游戏公司几家欢喜几家愁？世纪华通151亿营收领跑“百亿俱乐部”，艾格拉斯巨亏26亿 重大损失,21世纪经济报道
1170,2020-03-04,网红概念掀涨停潮，星期六三连板，三条主线布局产业链,第一财经
1171,2020-03-04,77股获券商买入评级 姚记科技目标涨幅达86.23%,Wind
1172,2020-03-03,市场火热股东惜售 机构通过大宗平台吸筹医药、计算机概念股——2月大宗交易解析,红周刊
1173,2020-03-03,并购盛跃网络 世纪华通2019年净利润同比增长89%至25.5亿元,TechWeb
1174,2020-03-03,1446款游戏获得版号，18710家公司倒闭，游戏行业的冰火两重天 减资破产,36氪
1175,2020-03-03,20家A股游戏企业仅9家净利润增长，这家公司去年亏了25亿 亏损,南都报
1176,2020-03-03,186股获券商买入评级，天康生物目标涨幅达77.28%,Wind
1177,2020-03-03,世纪华通年报快报点评：业绩符合预期，2020成长有望加速【国信传媒】,观媒万象
1178,2020-03-03,【传媒】一季度业绩兑现、游戏出海受益，看好板块投资价值,天风研究
1179,2020-03-02,世纪华通：归母净利润增长90% 海外业务持续发力,投资者网
1180,2020-03-01,【猎云早报】麦当劳中国37亿元卖身中信资本；拼多多市值反超百度；Waymo获22.5亿美元新一轮融资,猎云网
1181,2020-02-29,版号重启一年后冰火两重天：有的成A股游戏王有的巨亏 重大损失,新京报
1182,2020-02-29,世纪华通：2019年净利润同比增89.49%（业绩快报）,Wind
1183,2020-02-28,游戏公司业绩哪家强？三七互娱世纪华通去年都赚了超20亿,澎湃新闻
1184,2020-02-28,世纪华通(002602.SZ)业绩快报：2019年度净利润升89.49%至25.51亿元,格隆汇
1185,2020-02-28,盛跃网络并入后首份年报 世纪华通2019年净利润同比增长近九成,北京商报网
1186,2020-02-28,世纪华通业绩快报：2019年营收151亿元 净利润增89%,证券时报
1187,2020-02-28,首份3月券商金股名单出炉，世纪华通、美的集团等7只在列，速围观,证券日报
1188,2020-02-28,世纪华通最新股东户数下降8.05%筹码趋向集中,证券时报网
1189,2020-02-24,再融资新规落地后，44家公司抛出新方案，三安光电拟募资70亿,格隆汇
1190,2020-02-24,"世纪华通现5笔大宗交易 共成交17,000.92万元",新浪
1191,2020-02-23,迎接华为终端5G全场景 关注广电及超高清视频内容等应用（周观点）,拾珠传媒新消费
1192,2020-02-22,新政悸动：75份再融资方案的“秘密”,Wind
1193,2020-02-22,新政悸动：75份再融资方案的“秘密”,21世纪经济报道
1194,2020-02-21,"世纪华通现41笔大宗交易 共成交26,618.46万元",新浪
1195,2020-02-20,"世纪华通现7笔大宗交易 共成交6,374.94万元",新浪
1196,2020-02-18,世纪华通现1笔大宗交易 共成交540.40万元,新浪
1197,2020-02-18,全面反弹勿忘风险，36家公司2月减持超亿元,Wind
1198,2020-02-18,上市公司重要股东增减持动态（2月前2周）：TMT公司高位减持 减持股份,面包财经
1199,2020-02-18,【读财报】上市公司重要股东增减持动态（2月1日-14日）：TMT公司高位减持频现 减持股份,面包财经
1200,2020-02-14,传媒互联网：把握调整中的布局机会，优选内容及MCN ||行业投资策略【国信传媒】,观媒万象
1201,2020-02-14,北向资金抢筹世纪华通 A股游戏龙头被多家机构看好,证券之星
1202,2020-02-14,2月13日有65家公司获重要股东增减持，延安必康已被连续减持154次 减持股份,Wind
1203,2020-02-13,"世纪华通现1笔大宗交易 共成交7,990.86万元",新浪
1204,2020-02-12,A股共发生95宗大宗交易成交24.69亿元（2月12日）,Wind
1205,2020-02-12,深圳证券市场大宗交易公开信息(2020年02月12日),金融界
1206,2020-02-12,"世纪华通现30笔大宗交易 共成交83,398.40万元",新浪
1207,2020-02-12,疫情下的游戏股： 在线游戏现火爆行情 云游戏后劲待发,21世纪经济报道
1208,2020-02-11,"世纪华通现1笔大宗交易 共成交50,680.00万元",新浪
1209,2020-02-11,世纪华通今日出现一笔5.07亿元大宗交易，成交价12.67元,Wind
1210,2020-02-11,世纪华通：巨头再启航多品类全球化发展,南方财经网
1211,2020-02-07,"世纪华通现1笔大宗交易 共成交3,474.80万元",新浪
1212,2020-02-07,世纪华通大涨7.31%，成交额60842万元,中新经纬
1213,2020-02-06,A股共发生71宗大宗交易成交20.67亿元（2月6日）,Wind
1214,2020-02-06,"世纪华通现5笔大宗交易 共成交69,724.00万元",新浪
1215,2020-02-04,"世纪华通现2笔大宗交易 共成交55,000.00万元",新浪
1216,2020-02-04,世纪华通：春节档游戏流水表现亮眼 新品进度未受疫情影响,e公司
1217,2020-02-04,疫情催化“宅”娱乐，头部游戏和棋牌游戏表现突出,证券时报网
1218,2020-02-03,特殊长假带来线上娱乐需求井喷 世纪华通等游戏概念股受关注,凤凰网
1219,2020-02-02,春节系列深度之2-游戏|疫情下的春节，超预期的火爆【天风传媒文浩团队】,文香思媒
1220,2020-02-02,世纪华通(002602.SZ)捐赠1000万元用于支持武汉市抗击新型冠状病毒肺炎疫情,格隆汇
1221,2020-02-02,"传媒互联网：疫情影响有损有益,持续看好向上大周期 || 【国信证券传媒】",观媒万象
1222,2020-01-29,抗击疫情 盛趣游戏母公司世纪华通捐款1000万元,新浪
1223,2020-01-29,世纪华通定向捐赠1000万元 用于抗击疫情,中证网
1224,2020-01-22,"世纪华通现1笔大宗交易 共成交37,797.50万元",新浪
1225,2020-01-22,云游戏+MCN 世纪华通力求双赛道领跑,凤凰网
1226,2020-01-21,游戏MCN，资本寒冬下的“例外”,钛媒体
1227,2020-01-21,世纪华通看好MCN的内容潜力 加速完善游戏产业生态建设,凤凰网
1228,2020-01-21,新年以来券商664次“拜访”185家公司 超七成被调研公司来自“中小创”,证券日报
1229,2020-01-20,世纪华通“脚踩两只船” 椰子游戏是否会沦为“弃子”？,中国经济网
1230,2020-01-17,把握三大新经济变量 盛趣游戏王佶提出新十年领跑计划,中新网
1231,2020-01-17,高质量游戏公司迎历史机遇，大晟文化将走出低谷,凤凰网
1232,2020-01-16,大晟文化轻装上阵，迎来重估和新增长良机,中投网
1233,2020-01-16,券商开年金股“半月考”：东兴、安信、国金证券荐股平均涨幅均超10%,证券日报
1234,2020-01-15,69股今日获机构买入评级,证券时报网
1235,2020-01-15,【新时代传媒】12月新发版号191个，新品上线带动发行商收入增长,关爱传媒成长小分队
1236,2020-01-13,世纪华通(002602.SZ)控股股东质押896万股及解除质押614.4万股,格隆汇
1237,2020-01-13,世纪华通(002602.SZ)：公司所属行业变更为软件和信息技术服务业 业务变化,格隆汇
1238,2020-01-13,TMT最受调研机构追捧 谁最受欢迎？（名单）,红周刊
1239,2020-01-13,世纪华通现1笔大宗交易 共成交230.22万元,新浪
1240,2020-01-13,世纪华通2020大鹅文化投资交流会在沪举办 看好游戏MCN领域,中金在线
1241,2020-01-13,盛趣模式引领行业发展 盛趣游戏欲成5G时代的主导者和领跑者,砍柴网
1242,2020-01-13,109家公司获机构调研（附名单）,证券时报网
1243,2020-01-10,机构调研:5万亿航母战投1股原因曝光 睿远关注医药股,新浪
1244,2020-01-09,A股游企聚焦新千亿市场 探索云游戏发展“盛趣模式”,砍柴网
1245,2020-01-08,巨头争相入局MCN 世纪华通锁定第一游戏MCN大鹅文化,砍柴网
1246,2020-01-07,早盘云游板块领涨 2.94亿元大单流入12只个股,证券日报
1247,2020-01-03,盛趣游戏：5G时代下的云游戏领跑者,GPLP犀牛财经
1248,2020-01-03,云游戏早盘延续涨势 世纪华通涨逾5%,中国经济网
1249,2020-01-03,盛趣游戏开发原生云游戏，成立擎云工作室,钛媒体
1250,2020-01-02,世纪华通(002602.SZ)控股股东质押878万股,格隆汇
1251,2020-01-02,2020年1月份券商月度金股出炉 5家券商推荐这家公司,证券日报
1252,2020-01-02,世纪华通CEO王佶：目前A股网游业处历史低估值水平,新浪
1253,2020-01-02,世纪华通(002602.SZ)：邵恒解押1928万股及质押1468.8389万股,格隆汇
1254,2020-01-02,世纪华通(002602.SZ)：与咪咕互娱在沪联合举办“GiveMe5”主题云游戏发布会,格隆汇
1255,2020-01-02,世纪华通：子公司拟与咪咕互娱联合成立云游戏开发工作室,e公司
1256,2020-01-02,世纪华通CEO王佶：已投资大鹅文化 布局MCN领域,证券时报网
1257,2020-01-02,世纪华通CEO王佶：“原生云游戏”将是未来游戏研发的最终归宿,中证网
1258,2019-12-31,2020年游戏股值得买吗？听听市值近600亿的游戏公司掌舵人怎么说,每日经济新闻
1259,2019-12-30,从世纪华通扩张云游戏布局 看王佶眼中的产业三大机遇,砍柴网
1260,2019-12-30,【东北销售团队】复盘笔记1227：创业板指跳水跌1.45% 券商股午后砸盘 盈利能力下降,东北证券研究所
1261,2019-12-30,世纪华通：《热血传奇》终审确权，有望打击传奇侵权行为,证券时报网
1262,2019-12-29,1股获买入评级 最新:世纪华通,中财网
1263,2019-12-29,“热血传奇”的这场版权纷争，距离结局还很远,钛媒体
1264,2019-12-27,终审裁定驳回娱美德上诉 世纪华通拥有热血传奇等合法权利 诉讼纠纷,证券日报
1265,2019-12-27,世纪华通IP共享经济模式落地 传奇IP从授权化到生态化,凤凰网
1266,2019-12-27,世纪华通赢得《传奇》纠纷阶段性胜利 《庆余年》手游将面世或成其揽金利器,投资者网
1267,2019-12-26,《热血传奇》商标诉讼终审结果 世纪华通接连胜诉,证券时报
1268,2019-12-26,世纪华通：子公司盛趣信息对于热血传奇等涉案商标拥有合法权利 其他违规处罚,Wind
1269,2019-12-26,世纪华通携手共建IP生态圈 国民传奇产业联盟落地,砍柴网
1270,2019-12-25,世纪华通大幅拉升1.34% 股价创近2个月新高,金融界
1271,2019-12-24,抢占云游戏风口，世纪华通借5G东风加速升级,砍柴网
1272,2019-12-24,世纪华通大幅拉升5.8% 股价创近2个月新高,金融界
1273,2019-12-24,游戏板块午后发力，游族网络大涨7%,Wind
1274,2019-12-24,世纪华通子公司诉讼判决集中落地 正版传奇授权将逐步规范 诉讼纠纷,证券时报网
1275,2019-12-24,2个月3地法院接连胜诉，明确《传奇》在华权益归属世纪华通,猎云网
1276,2019-12-24,25股获券商买入评级 中南建设目标涨幅达59%,Wind
1277,2019-12-23,《传奇》版权进一步明确 世纪华通加码5G云游戏领域,每经网
1278,2019-12-22,索赔逾76亿！爆款游戏热血传奇飞出黑天鹅，这家涉事A股公司市值才64亿，明天股价怎么走？ 诉讼纠纷,中证报
1279,2019-12-20,盛趣游戏王佶：借“融合”之力打开云游戏“变量”,砍柴网
1280,2019-12-20,《传奇》诉讼告一段落 相关侵权市场规模达数百亿 诉讼纠纷,新浪
1281,2019-12-20,娱美德 “热血传奇IP维权路”处处碰壁？,北京商报网
1282,2019-12-20,15股获券商买入评级 禾望电气目标涨幅达74.69%,Wind
1283,2019-12-19,世纪华通：《传奇》版权归属进一步确立，持续看好向上成长空间 【国信传媒】,观媒万象
1284,2019-12-19,世纪华通CEO王佶：云游戏服务平台或成为未来最大的“渠道商”,中证网
1285,2019-12-19,世纪华通收法院裁定书 禁止娱美德在华授权《传奇》 诉讼纠纷,证券日报
1286,2019-12-19,游戏政策扶持打开新机遇 云游戏+精品助力世纪华通进入发展快通道,砍柴网
1287,2019-12-19,盛趣游戏董事长王佶：云游戏将催生出三大新经济,新浪
1288,2019-12-19,世纪华通：看好公司新产品周期和治理结构改善空间,--
1289,2019-12-19,游戏板块热度不减，优质游戏公司估值有望持续提升,第一财经
1290,2019-12-19,晨会聚焦191219重点关注化妆品行业、世纪华通,国信研究
1291,2019-12-18,世纪华通控股子公司被侵权 诉前行为保全获法院支持 诉讼纠纷,资本邦
1292,2019-12-18,【金财富早知道】2019-12-19,赢家之星
1293,2019-12-18,明确传奇软件独占著作权 世纪华通向侵权游戏下“禁令” 诉讼纠纷,证券日报
1294,2019-12-18,世纪华通：法院裁定娱美德立即停止在中国大陆《传奇》改编权授权,证券时报网
1295,2019-12-18,左手内容 右手平台 世纪华通打出抢跑5G云游戏的组合拳,砍柴网
1296,2019-12-18,世纪华通龙虎榜数据（12月18日）,Wind
1297,2019-12-18,世纪华通(002602.SZ)子公司诉前行为保全获法院支持法院裁定娱美德娱乐、传奇IP立即停止在中国大陆向任何第三方进行涉及网络游戏《LEGENDOFMIRII》改编权授权,格隆汇
1298,2019-12-18,网络游戏概念股午后冲高，天神娱乐、游族网络、迅游科技先后涨停,Wind
1299,2019-12-18,云游戏行业：游戏上云重塑产业链 头部内容价值重估,财富动力网
1300,2019-12-17,游戏政策释放利好 腾讯网易世纪华通将深度获益,中新网
1301,2019-12-16,游戏政策释放利好 腾讯网易世纪华通将深度获益,中新网
1302,2019-12-16,[公司]世纪华通：对子公司游戏业务进行整合,全景网
1303,2019-12-16,早间公告2019年12月16日星期一,Wind
1304,2019-12-15,北京13条举措促游戏产业健康发展，相关概念有望迎业绩与估值双击,第一财经
1305,2019-12-13,资本市场逐“云”日盛 多家公司加快云游戏布局,证券时报
1306,2019-12-13,盛趣游戏端游上云“多+快” 世纪华通云游戏优势明显,砍柴网
1307,2019-12-12,各大互联网巨头布局云游戏平台 世纪华通多款游戏已在上云测试中,证券日报
1308,2019-12-11,盛趣游戏云游戏落子端游 世纪华通引领端游上“云”,砍柴网
1309,2019-12-10,新一批游戏版号过审，腾讯网易等在列，三个方向继续看好游戏板块,第一财经
1310,2019-12-10,多重利好助推 世纪华通市值重回600亿元大关,证券日报
1311,2019-12-09,世纪华通董事兼首席执行官王佶 获“优秀企业家”奖,砍柴网
1312,2019-12-09,2019年度金手指奖揭晓 世纪华通荣获“优秀企业”奖,砍柴网
1313,2019-12-09,世纪华通大幅拉升0.88% 股价创近2个月新高,金融界
1314,2019-12-06,世纪华通大幅拉升2.21% 股价创近2个月新高,金融界
1315,2019-12-04,世纪华通“续约”腾讯：精品游戏向头部企业集中 研发厂商话语权提高,每日经济新闻
1316,2019-12-03,世纪华通旗下盛跃网络与腾讯加深业务合作 包括独家优先合作权,证券日报
1317,2019-12-03,世纪华通“续约”腾讯 双方将深化业务合作,上证报
1318,2019-12-03,【中银传媒】继续看好游戏，关注影视去库存带来的业绩弹性,文娱透光镜
1319,2019-12-03,【传媒互联网】世纪华通：与核心股东腾讯继续深化合作，积极关注落地情况,天风研究
1320,2019-12-02,世纪华通(002602.SZ)控股股东质押745.44万股,格隆汇
1321,2019-12-02,世纪华通：盛跃网络将与腾讯在数字化互动娱乐领域深入合作,e公司
1322,2019-12-02,世纪华通：子公司与腾讯签订战略合作协议,第一财经
1323,2019-12-01,【传媒】月度观点：网易云游戏平台发布，年底波动中择机关注核心龙头,天风研究
1324,2019-11-29,盛趣游戏《传奇世界》经典延续，世纪华通有望再创辉煌,凤凰网
1325,2019-11-29,《庆余年》热播叠加云游戏利好 多家机构看多世纪华通,中国经济网
1326,2019-11-28,盛趣游戏出品《庆余年》热播 世纪华通IP产品储备引关注,砍柴网
1327,2019-11-27,世纪华通：《庆余年》同名手游开放预约,证券时报网
1328,2019-11-27,《庆余年》首播拉升同名手游期待 世纪华通持续释放增长潜力,凤凰网
1329,2019-11-27,世纪华通大幅拉升3.37% 股价创近2个月新高,金融界
1330,2019-11-25,A股共发生79宗大宗交易成交20.93亿元（11月25日）,Wind
1331,2019-11-25,"世纪华通现1笔大宗交易 共成交4,763.20万元",新浪
1332,2019-11-25,世纪华通今日大宗交易成交520万股，成交价9.16元折价3.58%,Wind
1333,2019-11-25,【传媒互联网】世纪华通：国内及出海游戏龙头合璧，强强联手扬帆起航,天风研究
1334,2019-11-22,世纪华通(002602.SZ)：控股股东补充质押196.8万股 股票质押异常,格隆汇
1335,2019-11-22,世纪华通布局5G云游戏 与中移动咪咕战略合作,新浪
1336,2019-11-22,游戏产业风口将至 世纪华通乘5G东风抢占云游戏发展先机,砍柴网
1337,2019-11-22,中国5G优势转化 助力世纪华通跻身全球游戏第一梯队,砍柴网
1338,2019-11-22,世纪华通的5G野心：联手中国移动，基于内容团队抢占云游戏市场,砍柴网
1339,2019-11-20,20只个股集体涨停后 游戏概念股还能买吗？,第一财经
1340,2019-11-20,【世纪华通】大幅拉升3.78% 股价创近2个月新高,金融界
1341,2019-11-19,世纪华通：5G时代云游戏布局,挖贝网
1342,2019-11-19,快讯：世纪华通涨停 报于9.81元,金融界
1343,2019-11-19,【世纪华通】大幅拉升9.08% 股价创近2个月新高,金融界
1344,2019-11-15,中国游戏企业20强：米哈游、莉莉丝、叠纸网络上榜，2019年自研手游出海收入预计破110亿美元,上方网
1345,2019-11-13,盛趣游戏5G云游戏多层布局，世纪华通打通重要一环,砍柴网
1346,2019-11-13,世纪华通盛趣游戏“游戏+文化”模式，践行趣味文化体验,凤凰网
1347,2019-11-13,盛趣游戏加速布局5G云游戏，世纪华通成坚强后盾,凤凰网
1348,2019-11-13,聚焦优势、取长补短 世纪华通旗下盛趣游戏深入5G布局,凤凰网
1349,2019-11-11,FPX横扫G2夺冠，世纪华通、OPPO、上好佳齐嗨,新京报
1350,2019-11-11,FPX勇夺英雄联盟S9全球总决赛冠军，押中宝的世纪华通一年赚了81亿,重庆商报
1351,2019-11-11,FPX 3:0获英雄联盟S9全球总决赛冠军 背后上市公司一年狂赚80多亿,金融界
1352,2019-11-11,FPX夺冠刷爆朋友圈！背后公司一年狂赚44.7亿，出海收入超网易腾讯,金融界
1353,2019-11-09,从“常识”到“启示”—57页游戏板块财务对比·A股篇 | 姚蕾&杨仁文团队,杨仁文研究笔记
1354,2019-11-06,世纪华通(002602.SZ)：华通控股质押1324万股,格隆汇
1355,2019-11-06,10月以来A股再现400份回购公告，苏宁环球已回购10%的股份,格隆汇
1356,2019-11-04,世纪华通营收净利双料王，稳坐A股游戏首位,凤凰网
1357,2019-11-04,世纪华通前三季度营收净利润增长幅度荣登A股榜首,凤凰网
1358,2019-11-04,世纪华通2019年1-9月总营收109.35亿,凤凰网
1359,2019-11-01,加码研发力度，世纪华通前三季度业绩表现突出,砍柴网
1360,2019-11-01,长线产品助力绩效 世纪华通前三季度营收破百亿,GPLP犀牛财经
1361,2019-11-01,游戏公司业绩分化:世纪华通营收百亿 天神娱乐惨将ST 盈利能力下降,新浪
1362,2019-11-01,前三季度净利润同比增长110.50%，世纪华通抓住行业发展先机,凤凰网
1363,2019-11-01,战略布局稳步提升，世纪华通稳坐A股游戏龙头,凤凰网
1364,2019-11-01,净利下滑、商誉高企 世纪华通收购后遗症渐显 盈利能力下降,北京商报网
1365,2019-10-29,A股最大游戏公司世纪华通增收不增利 商誉高暗藏风险 盈利能力下降,国际金融报
1366,2019-10-29,盛趣游戏并表助力：世纪华通三季报营收破百亿,新浪
1367,2019-10-28,世纪华通2019年前三季度营收109亿元,中证网
1368,2019-10-28,世纪华通：前三季度净利润同比减15.13% 盈利能力下降,Wind
1369,2019-10-22,传媒行业:关注职业教育板块和三季报业绩,国联证券
1370,2019-10-19,募投资金另行配置 世纪华通出海“差钱”？,华夏时报
1371,2019-10-18,携手咪咕文化，世纪华通稳坐A股游戏C位,砍柴网
1372,2019-10-18,版号珍贵 游戏下半场竞赛开启,新京报
1373,2019-10-17,输掉官司后迎终极拷问 椰子游戏喊话欲收购娱美德 诉讼纠纷,中国青年网
1374,2019-10-17,抢占5G先机，世纪华通游戏产业发展可期,砍柴网
1375,2019-10-16,世纪华通咪咕文化优势互补，助力5G时代,砍柴网
1376,2019-10-15,娱美德韩国本土再次败诉 盛趣游戏《传奇》独占权不容侵犯 诉讼纠纷,IT时代网
1377,2019-10-15,世纪华通Q3净利润环比提升 前三季度盈利18.5亿元-19.8亿元,证券时报
1378,2019-10-15,世纪华通：预计前三季度盈利同比下滑21.86%-16.36% 盈利能力下降,TechWeb
1379,2019-10-15,世纪华通：2019年前三季度业绩报告预告,深交所
1380,2019-10-14,世纪华通(002602.SZ)前三季度净利润预降16.36%-21.86% 盈利能力下降,格隆汇
1381,2019-10-14,世纪华通：预计前三季度调整后净利同比下降21.86%-16.36% 盈利能力下降,Wind
1382,2019-10-14,世纪华通公告韩国法院驳回娱美德关于《传奇》续展协议无效的所有请求,IT时代网
1383,2019-10-14,韩法院就游戏“传奇”版权争端做出判决 世纪华通胜诉娱美德,中国经济网
1384,2019-10-14,"传媒行业月度策略:中秋&国庆档期票房创新高,关注三季报披露",山西证券
1385,2019-10-13,终止募投项目补充流动资金 世纪华通多渠道降负债 项目问题,e公司
1386,2019-10-13,世纪华通(002602.SZ)：首尔中央地方法院判决驳回原告娱美德的全部诉讼请求 诉讼纠纷,格隆汇
1387,2019-10-13,世纪华通：终止募投项目并将相关募集资金用于永久性补充流动资金 资金用途变更,Wind
1388,2019-10-09,世纪华通与咪咕公司签署全面战略合作协议,中证网
1389,2019-10-09,世纪华通：与中国移动旗下咪咕公司签署战略合作协议,TechWeb
1390,2019-10-09,世纪华通(002602.SZ)与咪咕公司签署框架合作协议,格隆汇
1391,2019-10-09,世纪华通：与“咪咕”在游戏等方面展开战略合作,Wind
1392,2019-10-09,[快讯]世纪华通发布质押公告一股东累计质押57495万股,中财网
1393,2019-10-09,世纪华通(002602.SZ)：华通控股解除质押2310.4万股,格隆汇
1394,2019-10-08,世纪华通(002602.SZ)：回购期限届满 累计耗资15.81亿元回购1.64%股份,格隆汇
1395,2019-09-29,[快讯]世纪华通:关于原持股5%以上股东减持计划实施完成 拟减持股份,中财网
1396,2019-09-29,世纪华通：菁尧投资减持计划完成，不再是持股5%以上股东 减持股份,Wind
1397,2019-09-27,世纪华通：董事会同意为子公司申请1亿元授信额度提供担 大额借贷担保,Wind
1398,2019-09-27,并表盛趣游戏，世纪华通下半年将迎业绩大增长,证券之星
1399,2019-09-25,世纪华通今日大宗交易成交174万股，成交价8.5元折价6.39%,Wind
1400,2019-09-20,乐游科技或将易主腾讯，走过曲折“卖身”路，迎来终极买家 控制人变化,36氪
1401,2019-09-19,2019年H1游戏公司财报解读：市场这半年的变化值得关注,钛媒体
1402,2019-09-17,A股共发生63宗大宗交易成交16.39亿元（9月17日）,Wind
1403,2019-09-12,A股游戏公司营收榜：世纪华通依赖并购 盛天网络垫底 经营问题,新浪
1404,2019-09-12,"传媒行业月度策略:板块业绩分化,8月票房数据亮眼关注国庆档催化 盈利能力下降",山西证券
1405,2019-09-10,"传媒行业2019年中期业绩总结:调整与分化继续,关注细分绩优龙头标的",山西证券
1406,2019-09-09,游戏第三极世纪华通：游戏业务收入稳增 未来业绩将爆发,GPLP犀牛财经
1407,2019-09-09,44股获券商买入评级 松芝股份目标涨幅达73.47%,Wind
1408,2019-09-04,[快讯]世纪华通发布质押公告一股东累计质押59805万股,中财网
1409,2019-09-04,世纪华通(002602.SZ)：华通控股质押2330万股 王佶质押及解除质押3.19亿股,格隆汇
1410,2019-09-04,A股游戏王世纪华通上半年营收增长23%,砍柴网
1411,2019-09-04,世纪华通重组后货币资金降超33亿 研发投入增四成致增收不增利 盈利能力下降,长江商报
1412,2019-09-04,"传媒与互联网行业研究:A股传媒板块一度强劲反弹,可以持续吗",国金证券
1413,2019-09-03,世纪华通(002602.SZ)截至8月底累计回购15.81亿元的股份,格隆汇
1414,2019-09-02,并表盛趣游戏，世纪华通下半年将迎业绩大增长,砍柴网
1415,2019-09-02,游戏版图拼合完成 世纪华通打开全新发展格局,砍柴网
1416,2019-08-30,世纪华通：副总经理、董秘离任退休 董监高成员变化,Wind
1417,2019-08-29,世纪华通(002602.SZ)：菁尧投资减持期已过半 累计减持1168.16万股 减持股份,格隆汇
1418,2019-08-29,世纪华通：公司股东菁尧投资减持约1168万股 减持股份,Wind
1419,2019-08-29,非典型化工股华西股份：纺织主业滑坡 加杠杆投资,证券市场周刊
1420,2019-08-29,市值不足负债一半 天神娱乐中报净亏2亿 股东仍套现 偿债能力下降,新浪
1421,2019-08-29,文化传媒行业周报:广电总局发文推动广播电视和网络视听产业高质量发展,首创证券
1422,2019-08-28,盛趣游戏上半年营收25.61亿元 完成与世纪华通业绩对赌可期,证券日报
1423,2019-08-27,世纪华通半年报：盛趣游戏营收25.6亿 同比增45%,新浪
1424,2019-08-27,世纪华通上半年营收增长23%至近70亿元 A股游戏龙头实力凸显,证券日报
1425,2019-08-27,世纪华通登顶A股游戏老大，盛趣游戏并表将迎业绩飙涨,斑马消费
1426,2019-08-26,盛大游戏回A后首份半年报：世纪华通归母净利润下滑两成 盈利能力下降,新京报
1427,2019-08-26,盛趣游戏2019年上半年营收25.61亿元，同比增长45%,金融界
1428,2019-08-26,世纪华通上半年营收近70亿 同比增长23%,证券时报网
1429,2019-08-26,世纪华通(002602.SZ)半年度扣非净利润升26.10%至6.45亿元,格隆汇
1430,2019-08-26,世纪华通：上半年净利润同比减23.63% 盈利能力下降,Wind
1431,2019-08-24,华西股份：非典型化工股,证券市场周刊
1432,2019-08-15,冷门股变身大热门 市场这条主线悄然崛起 股价创新低股连续涨停,证券时报
1433,2019-08-10,注入世纪华通获批 盛趣游戏逆市回归A股,经济观察网
1434,2019-08-07,世纪华通跌1.09%，创年度新低，报9.05元 连续下跌,腾讯网
1435,2019-08-02,世纪华通(002602.SZ)截至7月底累计耗资15.45亿元回购1.57%股份,格隆汇
1436,2019-08-01,画面太美！提升含金量，千亿回购刷新A股新记录,Wind
1437,2019-08-01,"文化传媒行业周报:《哪咤》表现持续火爆,暑期档表现超预期",渤海证券
1438,2019-08-01,传媒行业周观点29期:视频作为主流媒体形式将围绕着图像分辨率、视场角、交互三条主线提升用户体验,安信证券
1439,2019-07-31,世纪华通(002602.SZ)：菁尧投资近日减持1168.1572万股 持股降至4.9999998% 减持股份,格隆汇
1440,2019-07-31,[快讯]世纪华通:关于股东减持公司股份后持股比例低于5%的权益变动提示性 减持股份,中财网
1441,2019-07-31,世纪华通：股东菁尧投资减持后，持股比例低于5%股份 减持股份,Wind
1442,2019-07-30,"传媒互联网行业周报:移动互联网单季用户数历史首降,《哪咤》破多项国漫记录",光大证券
1443,2019-07-29,盛趣游戏回归亮相：首提三大理念三大战略,经济观察网
1444,2019-07-29,媒体：自上而下关注大众图书与广电系 荐2股,国海证券
1445,2019-07-26,A股共发生62宗大宗交易成交10.79亿元（7月26日）,Wind
1446,2019-07-26,世纪华通今日大宗交易成交40万股，成交价9.54元折价7.83%,Wind
1447,2019-07-24,互联网传媒行业周报:斗鱼上市之际重新审视游戏直播赛道,申万宏源
1448,2019-07-22,媒体：NETFLIX付费用户1.52亿媒介演变下内容驱动是核心,国海证券
1449,2019-07-22,传媒行业周观点28期:二季度基金对传媒板块配置比例整体下降,安信证券
1450,2019-07-21,【传媒】一周观点：科创来临，关注情绪变化，继续推荐东财等龙头,天风研究
1451,2019-07-20,战略护航新品加持 盛趣游戏有望顺利兑现业绩承诺,证券日报
1452,2019-07-19,业绩并表助世纪华通中报净利大增 盛趣游戏或兑现2019年业绩承诺,证券日报
1453,2019-07-19,A股早报2019年7月19日星期五,Wind
1454,2019-07-18,游戏行业阵营重塑 世纪华通携盛趣游戏开辟新赛道,IT时代网
1455,2019-07-15,盛趣游戏成功登陆A股：曾经历至艰时刻 去年净利超20亿,IT时代网
1456,2019-07-15,盛跃网络并入报表 世纪华通上半年盈利预计超9.4亿元,TechWeb
1457,2019-07-15,切割盛大绑定腾讯盛趣游戏回A续写“传奇”,新京报
1458,2019-07-15,中银绒业经销商内幕交易反亏损 实控人马生国泄的密？ 亏损,中国经济网
1459,2019-07-14,世纪华通：2019年半年度业绩报告预告,深交所
1460,2019-07-14,世纪华通(002602.SZ)上半年净利润预增32.30%-61.86%至9.4亿元-11.5亿元,格隆汇
1461,2019-07-14,世纪华通2019年上半年盈利9.4亿元–11.5亿元 同比增长32%-62%,挖贝网
1462,2019-07-14,世纪华通：预计上半年净利增长32.3%-61.86%,Wind
1463,2019-07-12,中银绒业经销商内幕交易反亏损 实控人马生国恐泄密 亏损,中国经济网
1464,2019-07-12,盛趣游戏唐彦文：立足精品化 瞄准全球游戏领军企业,中新网
1465,2019-07-12,切割盛大绑定腾讯 盛趣游戏回A后如何续写“传奇”,新京报
1466,2019-07-12,注入世纪华通问鼎A股游戏“老大”，盛趣游戏三大战略升级,斑马消费
1467,2019-07-12,世纪华通股东华通控股质押2100万股 公司去年净利同比增长23%,挖贝网
1468,2019-07-11,世纪华通(002602.SZ)控股股东质押2100万股,格隆汇
1469,2019-07-11,[快讯]世纪华通发布质押公告一股东累计质押57475万股,中财网
1470,2019-07-11,前后耗时5年，盛趣游戏历经波折登陆A股，亟需打造自己的强IP,钛媒体
1471,2019-07-11,盛趣游戏战略发布会 剖析高层演讲中的“潜台词”,中金在线
1472,2019-07-11,世纪华通大股东的一致行动人吉运盛质押1.98亿股 去年营收同比增长133%,挖贝网
1473,2019-07-10,A股最大游戏公司出世面临诸多挑战,中国经营网
1474,2019-07-10,盛大游戏告别盛大,凤凰网
1475,2019-07-10,[快讯]世纪华通发布质押公告一股东累计质押19805万股,中财网
1476,2019-07-10,世纪华通(002602.SZ)：吉运盛质押1.98亿股,格隆汇
1477,2019-07-08,申万宏源：哈高科拟收购湘财证券 单周过会项目数创新高,申万宏源
1478,2019-07-07,年中盘点:过会率、审核量小幅下滑 并购重组从严监管,国际金融报
1479,2019-07-05,世纪华通(002602.SZ)股东菁尧投资拟减持不超5956.43万股 拟减持股份,格隆汇
1480,2019-07-05,世纪华通：股东菁尧投资拟减持不超过1%股份 减持股份,Wind
1481,2019-07-05,中国证券监督管理委员会上海监管局行政处罚决定书 沪〔2019〕2号 金融监管处罚,上海证监局
1482,2019-07-04,完美、巨人和三七 谁是游戏行业“科创巨星”？,新浪
1483,2019-07-02,世纪华通(002602.SZ)截至6月底累计回购12.55亿元的股份,格隆汇
1484,2019-07-02,世纪华通（002602.SZ）：298亿收购盛大游戏，商誉减值风险大增 资产异常,格隆汇
1485,2019-07-02,并购重组盛趣游戏 世纪华通将成A股游戏霸主,砍柴网
1486,2019-06-30,公告点题｜今晚这些公告有看头,第一财经
1487,2019-06-21,世纪华通重组盛趣游戏获批 A股游戏第一股诞生,证券之星
1488,2019-06-21,世纪华通2018年总营收81.24亿元同比增长96.26%,砍柴网
1489,2019-06-21,盛跃网络子公司2亿存款遭法院冻结 未见世纪华通公告 资产查封,中国经济网
1490,2019-06-19,世纪华通：盛大旗下核心IP手游《龙之谷2》预期将于Q2~Q3上线,证券时报网
1491,2019-06-12,"游戏行业周报:新一批进口游戏版号公布,暑期档新游表现值得期待",上海证券
1492,2019-06-11,世纪华通全年业绩增长 并购盛趣游戏增厚研运实力,砍柴网
1493,2019-06-10,世纪华通：收到深交所监管函 问询,Wind
1494,2019-06-10,世纪华通国内外双线布局 盛趣游戏未来可期,砍柴网
1495,2019-06-09,媒体：广电行业有望迎转型发展 荐2股,中信建投
1496,2019-06-05,世纪华通实际控制人一致行动人鼎通投资质押9496万股,挖贝网
1497,2019-06-04,世纪华通(002602.SZ)：鼎通投资质押9495.549万股,格隆汇
1498,2019-06-04,世纪华通(002602.SZ)截至5月底累计回购10.8亿元的股份,格隆汇
1499,2019-06-04,[快讯]世纪华通发布质押公告 涉及股份9496万股,中财网
1500,2019-06-04,世纪华通：实控人之一质押全部9495万股 股票质押异常,Wind
1501,2019-05-31,一季度实现营收近二十二亿元——世纪华通发力互联网游戏,经济日报
1502,2019-05-29,世纪华通(002602.SZ)拟每10股派1元及转增6股 股权登记日为6月5日,格隆汇
1503,2019-05-29,38家A股游戏公司近四成亏损 游戏制作人转行写网络小说 亏损,TechWeb
1504,2019-05-29,游戏行业周报:中国手游拿下日美手游市场超过10%的市场份额,上海证券
1505,2019-05-28,世纪华通(002602.SZ)截至5月28日累计耗资10.75亿元回购2.25%的股份,格隆汇
1506,2019-05-27,媒体：国家发布职教顶层设计方案 荐7股,广证恒生
1507,2019-05-27,298亿元并购获核准 盛趣游戏回A助力世纪华通,证券日报
1508,2019-05-25,浙江世纪华通集团股份有限公司关于发行股份及支付现金购买资产并募集配套资金暨关联交易报告书的修订说明,证券时报
1509,2019-05-24,世纪华通重组获批：昔日游戏巨头盛大回A落定 募资缩水近半,中新经纬
1510,2019-05-23,世纪华通重组获批 盛趣游戏优质资产即将注入上市公司,证券时报网
1511,2019-05-23,世纪华通(002602.SZ)向林芝腾讯等发行股份购买资产并募集配套资金不超31亿元获核准,格隆汇
1512,2019-05-23,世纪华通：发行股份购买资产，获证监会核准,Wind
1513,2019-05-22,2018-2019中国上市公司价值创造案例之一：世纪华通揽入盛趣游戏 A股游戏巨头诞生,经济观察报
1514,2019-05-21,传媒行业周报:传媒板块持续反弹,正点财经
1515,2019-05-20,世纪华通午后封跌停 成交额2.02亿元封单1.28万手,腾讯网
1516,2019-05-16,世纪华通2019Q1总营收22亿元同比增涨57.76%,砍柴网
1517,2019-05-15,世纪华通并购“网游鼻祖”即将完成？证监会：审批中,每日经济新闻
1518,2019-05-15,从现金流，研发投入，股东分红三维度看A股上市游戏公司竞争力,证券网
1519,2019-05-15,世纪华通接连两个月零回购 募资被砍30亿后消极回购？,中国经济网
1520,2019-05-10,"文化传媒行业周报:一季度基本面弱势修复,亏损公司数量减半 亏损",首创证券
1521,2019-05-08,2018中国游戏上市公司透视：谁是第三个百亿俱乐部成员？,钛媒体
1522,2019-05-07,世纪华通(002602.SZ)截至4月底累计回购4835.312万股 耗资9.98亿元,格隆汇
1523,2019-05-06,A股共发生34宗大宗交易成交11.46亿元（5月6日）,Wind
1524,2019-05-06,世纪华通今日大宗交易成交175.14万股，成交价19.09元折价0.0%,Wind资讯
1525,2019-05-06,包装招股书冲击科创板，只服木瓜移动,大众证券报
1526,2019-05-06,世纪华通一季度净利1.96亿同比下滑37% 现金流量净额9065万 盈利能力下降,挖贝网
1527,2019-05-01,世纪华通2018年游戏业务已超营收一半,经济观察网
1528,2019-04-30,世纪华通：一季度营收同比增长57.76%,中证网
1529,2019-04-30,世纪华通去年净利9.62亿元 同比增长23% 董事长王苗通薪酬为106万元,挖贝网
1530,2019-04-29,世纪华通：一季度净利润同比减37.38% 盈利能力下降,Wind
1531,2019-04-27,世纪华通业绩翻倍增长：游戏出海之王，剑指A股游戏老大,斑马消费
1532,2019-04-27,世纪华通2018年营收81.24亿元 海外收入占比过半,中证网
1533,2019-04-27,世纪华通(002602.SZ)2018年净利润升22.94%至9.62亿元 拟10转6派1元,格隆汇
1534,2019-04-27,世纪华通：2018年净利润同比增22.94%,Wind
1535,2019-04-23,[快讯]世纪华通发布质押公告 涉及股份34610万股,中财网
1536,2019-04-23,世纪华通澄清：不存在重组材料与举报信一同被退回到浙江省证监局的情形,e公司
1537,2019-04-23,世纪华通澄清媒体不实报道,Wind
1538,2019-04-23,早间公告：哈工智能行业分类变更为专用设备制造业,Wind
1539,2019-04-19,东吴证券：世纪华通买入评级,东吴证券
1540,2019-04-19,【世纪华通*张良卫】深度：注入盛大资产，互补游戏品类与发行区域，新游储备充足催化产品流水,东吴研究所
1541,2019-04-16,创游戏回购规模之最 世纪华通延长回购期限利好股价维稳,证券时报网
1542,2019-04-13,大众公用（01635.HK/600635.SH）：公用事业稳中有升，科创板利好价值待释放,格隆汇
1543,2019-04-04,券商评级:沪指震荡收涨0.9% 九股迎掘金良机,证券之星
1544,2019-04-04,进口游戏版号开闸 游戏业吹响回暖号角,第一财经
1545,2019-04-01,盛趣游戏布局精准 世纪华通将开创游戏市场布局新纪元,砍柴网
1546,2019-03-29,再见 盛大游戏！你好 盛趣游戏,国际金融报
1547,2019-03-29,世纪华通战略布局深远 盛趣游戏将成国内发展支柱,砍柴网
1548,2019-03-29,“盛大游戏”品牌名授权到期：3月31日起更名为盛趣游戏,澎湃新闻
1549,2019-03-27,"文化传媒行业周报:中国广电携手中信阿里,共谋全国有线“一张网”",首创证券
1550,2019-03-26,世纪华通：股东解除一致行动关系,e公司
1551,2019-03-26,世纪华通(002602.SZ)：华聪投资及华毓投资一致行动关系正式解除,格隆汇
1552,2019-03-19,2019全球40岁以下白手起家富豪：黄峥第二张一鸣第四,新浪
1553,2019-03-19,"文化传媒行业周报:迪士尼收购福克斯,好莱坞进入新“五大”时代",首创证券
1554,2019-03-14,游戏产业高聚合态势显现 世纪华通完成2019年A股游戏并购首单,TechWeb
1555,2019-03-14,85股获券商买入评级 道氏技术目标涨幅达108.12%,Wind
1556,2019-03-14,传媒周报:基本面稳健,联讯证券
1557,2019-03-13,"国金证券：将世纪华通评级调高为""买入""",Wind
1558,2019-03-12,世纪华通2018年业绩提速 盛大游戏将成新增长核心,砍柴网
1559,2019-03-12,【游戏行业深度】短中长期如何把握板块利好？【天风传媒文浩团队】,Wind
1560,2019-03-12,"文化传媒行业周报:北京春推会剧集数量明显减少,古装剧少而精",首创证券
1561,2019-03-12,"游戏行业周报:多款新游表现活跃,《完美世界》登顶畅销榜",上海证券
1562,2019-03-12,"传媒行业周报:风险偏好上行,游戏板块有望迎来补涨,继续重视内容风控",申万宏源
1563,2019-03-11,世纪华通：2019年期待高质量的手游产品线，调升评级至“买入”,微信
1564,2019-03-11,世纪华通整合优质资源 盛大游戏前景广阔,砍柴网
1565,2019-03-11,世纪华通业绩快报解读 并购盛大游戏布局全产业链,砍柴网
1566,2019-03-11,盛大游戏沉浮,中国经营报
1567,2019-03-11,盛大游戏潜力巨大 世纪华通2019表现备受期待,砍柴网
1568,2019-03-11,盛大游戏的这个“盘”真的好接吗,企业观察报
1569,2019-03-09,世纪华通2018年业绩腾飞 并购盛大游戏享多重利好,砍柴网
1570,2019-03-09,世纪华通制霸海外市场 盛大游戏提速多元化布局,砍柴网
1571,2019-03-08,盛大游戏产品强势 世纪华通备战2019,砍柴网
1572,2019-03-07,A股共发生58宗大宗交易成交14.57亿元（3月7日）,Wind
1573,2019-03-07,世纪华通今日大宗交易成交49.44万股，成交价18.42元折价8.36%,Wind资讯
1574,2019-03-07,"传媒行业周报:持续看好传媒板块估值修复,关注《完美世界手游》上线",正点财经
1575,2019-03-06,世纪华通2018业绩亮眼 盛大游戏IP价值优势明显,砍柴网
1576,2019-03-06,世纪华通、万达电影重组过会影视游戏产业并购“回春”?,21世纪经济报道
1577,2019-03-06,"文化传媒行业周报:2月国内电影票房破110亿,创全球单月纪录",首创证券
1578,2019-03-05,盛大游戏凸显核心价值 世纪华通并购案将完美收官,砍柴网
1579,2019-03-05,盛大游戏立足精品研发 世纪华通成国内游戏第三极,砍柴网
1580,2019-03-05,盛大游戏董事长王佶：做A股游戏领域的盈利王,时代周报
1581,2019-03-04,"盛大游戏唐彦文:游戏业精品化成趋势 或进入""云时代""",第一财经日报
1582,2019-03-04,世纪华通回购规模近10亿 领跑A股游戏板,证券时报网
1583,2019-03-04,[快讯]世纪华通回购公司股份情况通报,中财网
1584,2019-03-04,世纪华通(002602.SZ)截至2月底公司累计回购股份约4835.31万股,格隆汇
1585,2019-03-04,世纪华通并购盛大游戏 闭合生态链已逐渐形成,砍柴网
1586,2019-03-01,世纪华通稳居A股头部 盛大游戏深化IP打造,砍柴网
1587,2019-03-01,"文化传媒行业周报:行情继续活跃,关注低估值白马",渤海证券
1588,2019-03-01,"游戏行业周报:盛大游戏并购方案获批,存量游戏版号审批正常进行",上海证券
1589,2019-02-28,游戏业冰火两重天 世纪华通海外业务亮眼,第一财经
1590,2019-02-28,148亿商誉压顶十余起诉讼缠身 盛大游戏借壳世纪华通回A遇冷 资产异常,投资时报
1591,2019-02-28,14家游戏公司抛出2018成绩单 天神娱乐巨亏75亿,每日经济新闻
1592,2019-02-28,世纪华通发布2018业绩快报 营收超80亿同比增131%,中新网
1593,2019-02-27,世纪华通：2018年净利润同比增28.48%（快报）,Wind
1594,2019-02-26,多重利好支持世纪华通重组 盛大游戏发力二次元,砍柴网
1595,2019-02-25,盛大游戏回A、美的吸收小天鹅、亚夏汽车更名中公教育，A股并购潮狂欢,IPO日报
1596,2019-02-24,盛大归来 玩家是否还买账,北青网
1597,2019-02-23,A股最大游戏巨头诞生 盛大游戏下一步加快出海步伐,经济观察网
1598,2019-02-22,世纪华通298亿并购盛大游戏过会，“传奇”游戏侵权起诉成首难 诉讼纠纷,腾讯网
1599,2019-02-22,被陈天桥抛弃的盛大游戏，如今要登陆A股,钱江晚报
1600,2019-02-22,盛大游戏手游连续成功 精品策略助力世纪华通产业布局,砍柴网
1601,2019-02-22,盛大游戏A股图腾：5年争夺300亿借壳重组终成 却错失段位,大众证券报
1602,2019-02-21,"“盛大”老矣,尚能饭否?",云掌财经
1603,2019-02-21,并购盛大游戏获通过，世纪华通成新“游戏王”,投中网
1604,2019-02-21,4股得到看好明日可以一看,中财网
1605,2019-02-21,并购跑出大牛，欲与“东方”试比高，最新名单曝光,Wind
1606,2019-02-21,世纪华通牵手盛大游戏 深耕国内游戏市场,砍柴网
1607,2019-02-21,欺骗投资者、践踏著作权人合法权益，盛大游戏配得起上市吗？,环球老虎财经
1608,2019-02-21,盛大游戏回A落地 网游股集体大涨 行业春天到了吗？,证券时报网
1609,2019-02-21,世纪华通近300亿重组获批 盛大游戏“借壳”回A成功,中金在线
1610,2019-02-21,A股第一游戏股诞生！盛大游戏298亿注入世纪华通，3年对赌76亿净利,DoNews
1611,2019-02-21,快讯：世纪华通并购重组盛大游戏 开盘逼近涨停,新浪
1612,2019-02-21,298亿并购盛大游戏重组案获通过 世纪华通开盘逼近涨停,证券时报网
1613,2019-02-21,世纪华通高开9.75% 盛大回A股落定,e公司
1614,2019-02-21,世纪华通开盘涨9.75%，盛大游戏作价298亿注入有条件通过,Wind
1615,2019-02-21,A股早报2019年2月21日星期四,Wind
1616,2019-02-21,2月21日操盘必读：影响股市利好与利空消息,新浪
1617,2019-02-21,世纪华通收购盛大游戏获批，A股最大游戏公司即将起航,微信
1618,2019-02-20,盛大游戏298亿回归A股终落地游戏市场格局会否生变?,新浪
1619,2019-02-20,苦等5年 盛大游戏300亿“借壳”终于回A股,新浪
1620,2019-02-20,公告精选：美的集团换股吸收合并小天鹅A获批；天风证券及子公司近一年累计涉及诉讼金额达11.76亿元,每日经济新闻
1621,2019-02-20,世纪华通重组盛大游戏成功过会 A股游戏王诞生,每日经济新闻
1622,2019-02-20,公告精选：多家公司因商誉减值巨亏；三全食品回复深交所关注函,e公司
1623,2019-02-20,世纪华通：298亿收购盛大游戏获证监会审批，2月21日复牌,凤凰网
1624,2019-02-20,上市公司明日停复牌（2月21日）,金融界
1625,2019-02-20,世纪华通重组盛大游戏有条件通过 21日起复牌,腾讯网
1626,2019-02-20,世纪华通298亿元并购盛大游戏重组案获证监会有条件通过,TechWeb
1627,2019-02-20,盛大游戏借壳世纪华通获得证监会有条件通过,中证网
1628,2019-02-20,盛大游戏作价298亿注入世纪华通获有条件通过 明日复牌,e公司
1629,2019-02-20,盛大游戏估值300亿将回归A股 世纪华通成赢家,新浪
1630,2019-02-20,世纪华通：盛大游戏298亿注入公司事项获通过 21日复牌,腾讯网
1631,2019-02-20,尘埃落定，盛大游戏298亿注入世纪华通获通过,Wind
1632,2019-02-20,布局2019移动游戏发展 盛大游戏获世纪华通青睐,砍柴网
1633,2019-02-19,世纪华通：停牌公告,深交所
1634,2019-02-19,世纪华通：重组上会 20日起停牌,金融界
1635,2019-02-18,盛大游戏重组获证监会通过，回归A股在即,猎云网
1636,2019-02-16,565只个股连涨3日以上，康龙化成累计上涨135.63%,Wind
1637,2019-02-14,并购重组委2019年第4次工作会议公告,证监会
1638,2019-02-14,世纪华通发行股份及购买资产等事项待审核,中金在线
1639,2019-02-14,2月14日资本市场预警信息,华股财经
1640,2019-02-14,"文化传媒行业周报:春节档票房超58亿元,票价上涨撑起微弱增长",首创证券
1641,2019-02-13,中证监将于近日审核世纪华通(002602.SZ)298亿元并购盛跃网络事项,格隆汇
1642,2019-02-13,世纪华通：证监会将于近日审核公司重大资产重组事项,e公司
1643,2019-02-13,世纪华通：重组近日上会，当日停牌,Wind
1644,2019-02-13,券商研报看好世纪华通 盛大游戏点点互动优势互补,证券之星
1645,2019-02-13,重组迎来关键期 盛大游戏手游发行提速,腾讯网
1646,2019-02-12,世纪华通9.62亿元回购1.99%股份 2018业绩预期10-11.5亿元,TechWeb
1647,2019-02-11,世纪华通回复二次反馈意见：盛跃网络市场法评估合理,TechWeb
1648,2019-01-30,[快讯]世纪华通36302万限售股2月11日解禁,中财网
1649,2019-01-25,A股共发生42宗大宗交易成交10.96亿元（1月25日）,Wind
1650,2019-01-25,世纪华通今日大宗交易成交204.20万股，成交价18.88元折价0.0%,Wind资讯
1651,2019-01-25,盛大游戏重返资本市场 能否杀出一条血路？,格隆汇
1652,2019-01-24,世纪华通：并购盛大游戏重组案通过反垄断审查,Wind
1653,2019-01-24,世纪华通并购盛大游戏重组案通过反垄断审查,腾讯网
1654,2019-01-22,网络游戏行业研究:2019年会发多少个游戏版号?版号恢复对市,国金证券股份有限公司
1655,2019-01-22,"游戏行业周报:手游出海收入持续增长,头部产品发力日美市场",上海证券
1656,2019-01-21,世纪华通收购盛大游戏方案生变,国际金融报
1657,2019-01-18,"文化传媒行业周报:影视板块表现活跃,继续看好春节档行情",渤海证券
1658,2019-01-16,世纪华通并购盛大游戏获看好 未来盈利空间巨大,砍柴网
1659,2019-01-16,并购动态：博威合金收到上交所重组预案审核意见函,中金在线
1660,2019-01-15,[快讯]世纪华通:《中国证监会行政许可项目审查一次反馈意见通知书》（181911号）之回复（修订稿）修订说明,中财网
1661,2019-01-15,手游成盛大游戏决胜下半场关键 世纪华通并购深度发挥互补效应,砍柴网
1662,2019-01-15,世纪华通低开低走重挫6.49%报18.60元 成交3280万元,腾讯网
1663,2019-01-15,《传奇》快成记忆！盛大游戏：深陷“龙之谷”、又遇“星辰变”,搜狐
1664,2019-01-14,世纪华通收购盛大游戏方案又变了 募资总额回到从前,新浪
1665,2019-01-14,世纪华通并购盛大游戏融资拟由61亿元缩减至31亿元,36氪
1666,2019-01-14,世纪华通并购盛大游戏配套融资缩水,中证网
1667,2019-01-14,早间公告：领益智造拟收购充电器制造商Salcomp公司,Wind
1668,2019-01-12,昔日的网游鼻祖，今日的生死冤家与亲家,投资界
1669,2019-01-10,盛大游戏坚定IP信仰世纪华通强化游戏信心,证券之星
1670,2019-01-09,[快讯]世纪华通发布质押公告 涉及股份35358万股,中财网
1671,2019-01-09,"传媒互联网周报(含全球互联网&教育):游戏板块继续强势表现,重视传媒板块相对收益",申万宏源
1672,2019-01-08,历经3年等待终提速:世纪华通重组享多重政策红利,腾讯网
1673,2019-01-07,从全球视野看世纪华通商誉 中国游戏商誉问题被过度放大,和讯
1674,2019-01-07,世纪华通商誉滚雪球 收购盛大游戏196亿溢价大象无形,中国经济网
1675,2019-01-06,世纪华通：已累计回购1.66%股份 耗资8.07亿元,证券之星
1676,2019-01-05,盛大游戏的关键战事,经济观察网
1677,2019-01-04,[快讯]世纪华通回购公司股份情况通报,中财网
1678,2019-01-04,世纪华通：已累计耗资8.07亿元回购1.66%股份,e公司
1679,2019-01-04,王苗通导演盛大游戏回A 世纪华通身背150亿商誉风险,新浪
1680,2019-01-04,北上资金年度透视：净流入3000亿，增持超千股,证券时报
1681,2019-01-04,世纪华通精品化战略布局游戏产业 迎接强监管时代,证券日报
1682,2019-01-03,协同效应加速业绩承诺完成 机构看好世纪华通重组盛大游戏,砍柴网
1683,2019-01-03,世纪华通298亿元新收购该放行吗？,中金在线
1684,2019-01-03,盛大游戏冲击A股游戏老大：十几年还在吃老本，《传奇》收入下滑 盈利能力下降,斑马消费
1685,2019-01-01,史上最大规模！美的集团40亿回购实施完毕，2018年回购金额过亿元公司已达百家,证券时报网
1686,2018-12-28,[快讯]世纪华通:《中国证监会行政许可项目审查一次反馈意见通知书》之反馈意见回复,中财网
1687,2018-12-27,文化传媒行业:游戏版号放开后该怎么看?从对产业大会监管发言的,正点财经
1688,2018-12-27,"游戏的未来:这个创新严重乏力的行业,到了全面洗牌的前夜",国金证券
1689,2018-12-25,"传媒行业2018年三季报前瞻暨十月投资策略:三季报业绩预告波澜不惊,行业估值处于历史低位",正点财经
1690,2018-12-25,大额回购+业绩预喜，这些超跌股已获北上资金“举牌” 盈利能力下降,证券时报
1691,2018-12-21,盛大游戏董事长：今年是游戏业挤掉泡沫的一年,铅笔道
1692,2018-12-21,【头条研报】游戏行业拐点已至？四大机构解读(附股),新浪
1693,2018-12-15,年内492家公司推股份回购方案 陕西煤业等八大“回购王”浮出水面,证券日报
1694,2018-12-14,第九届牛耳奖揭幕：王佶获评互联网年度风云人物,中新网
1695,2018-12-14,并购热度持续回升 11只个股年内被亿元以上资金追捧,广州日报
1696,2018-12-14,年终盘点：2018年十大回购王 陕煤、美的等豪气出手,投资快报
1697,2018-12-11,简政放权！并购重组再抖猛料，12月最新名单曝光,Wind
1698,2018-12-11,媒体：拥抱消费分级时代的文娱消费新机遇,中信建投
1699,2018-12-11,世纪华通将花不超30亿元回购公司股份 用于员工持股计划,挖贝网
1700,2018-12-11,"文化传播行业周报:腾讯音乐IPO在即,数字音乐迎产业大发展",首创证券
1701,2018-12-10,"世纪华通:A股最大游戏公司的进击之路,逐鹿国内,剑指海外",国金证券股份有限公司
1702,2018-12-10,国金晨讯精选：世纪华通深度，最终幻想由盛转衰专题，雅本化学深度，医药2019策略,国金证券研究所
1703,2018-12-07,世纪华通298亿并购盛大游戏：76亿业绩承诺能否兑现?,新浪
1704,2018-12-06,[快讯]世纪华通发布质押公告 涉及股份35658万股,中财网
1705,2018-12-06,再融资松绑，近50家公司争相发布预案！他们有一共同特征,中财网
1706,2018-12-05,A股共发生68宗大宗交易成交11.95亿元（12月5日）,Wind
1707,2018-12-05,世纪华通今日大宗交易成交27万股，成交价19.28元折价9.48%,Wind资讯
1708,2018-12-05,国信证券维持增持评级 世纪华通回购规模达6.73亿,时代周报
1709,2018-12-04,世纪华通：已累计回购1.37%股份 耗资6.73亿元,证券之星
1710,2018-12-04,世纪华通：已累计耗资6.73亿元回购1.37%股份,e公司
1711,2018-11-30,世纪华通并购盛大游戏 重组申请获证监会受理,证券时报网
1712,2018-11-29,震荡中逾468亿北上资金入场 25只标的股被机构看好,证券日报
1713,2018-11-27,投行简报11.27世纪华通并购预案获股东会通过,新浪
1714,2018-11-27,重组方案获股东大会通过世纪华通转型游戏开启“加速跑”,证券日报
1715,2018-11-26,政策放宽重组配套融资用途 世纪华通提高募资规模,证券日报
1716,2018-11-24,重组预案披30亿元补血募资遭疑 世纪华通跨界游戏风险潜存,中国经营报
1717,2018-11-23,上市公司回购热情持续上升 世纪华通完成5.29亿元回购,中国经济网
1718,2018-11-23,国产游戏在海外被热捧，长期霸榜第一，欧美玩家开眼了,搜狐
1719,2018-11-23,世纪华通完成5.29亿元回购 券商研报再给增持评级,腾讯网
1720,2018-11-23,世纪华通30亿回购寅吃卯粮 现金花光等61亿募资补血？,中国经济网
1721,2018-11-22,股指走弱 个股还有潜力机会,中财网
1722,2018-11-22,回A之路渐明朗，盛大游戏能否重返“传奇”？,投中网
1723,2018-11-21,政策松绑，再融资赚钱效应显露，这些值得一看,Wind
1724,2018-11-21,世纪华通：持续布局游戏产业链 股份回购展现长期发展信心,国信证券
1725,2018-11-20,媒体：政策红利及低估值与优质影片票房等多因素看好后续上涨 重点布局低估值优质标的,中信建投
1726,2018-11-20,盛大游戏回A草案详细披露后 世纪华通提高股份回购数量,经济观察网
1727,2018-11-19,盛大游戏意欲开发大文化产业“IP”,中国经济网
1728,2018-11-19,"世纪华通:上调回购总金额至15-30亿元,期待综合性游戏龙头",正点财经
1729,2018-11-19,"传媒行业周报:商誉减值会计监管发布,文化传媒需关注什么",国海证券
1730,2018-11-16,世纪华通：上调股份回购数量至15亿元-30亿元股份,Wind
1731,2018-11-15,行业龙头市盈率对比 盛大游戏310亿元估值成洼地,上方网
1732,2018-11-14,"世纪华通:298亿收购盛跃完成全体系布局,积极关注后续过会情况",中证网
1733,2018-11-13,世纪华通回购2.13亿股票 未来持续拓展手游市场,21世纪经济报道
1734,2018-11-12,再融资新政点燃市场做多热点，这些值得一看,Wind
1735,2018-11-12,A股商誉规模再创新高 哪些公司在推动商誉增长？,巨丰财经
1736,2018-11-12,世纪华通披露重组报告书 横向整合游戏全产业链,中新网
1737,2018-11-11,[公司]世纪华通回购1075.7万股 耗资逾2亿元,全景网
1738,2018-11-11,11月11日晚间上市公司十大重磅公告,巨丰财经
1739,2018-11-11,世纪华通：首次回购逾2亿元股份,Wind
1740,2018-11-11,世纪华通：首次回购逾2亿元股份,e公司
1741,2018-11-11,媒体：看好进口片带动票房市场 荐12股,安信证券
1742,2018-11-11,世纪华通补充披露重组草案数据 盛大游戏将加码手游业务,中证网
1743,2018-11-10,世纪华通重组草案披露 盛大游戏业绩承诺兑现无忧,TechWeb
1744,2018-11-10,世纪华通发布重组盛大游戏草案 承诺未来三年实现利润近76亿,凤凰网
1745,2018-11-09,世纪华通重组盛大游戏草案发布 承诺未来三年实现利润75.98亿,腾讯网
1746,2018-11-09,深港通十大成交活跃股排名（11月9日）,Wind
1747,2018-11-09,端游稳增手游爆发 盛跃网络估值298亿元拟回归A股,证券日报
1748,2018-11-09,"文化传媒行业周报:三季报密集发布,优选细分龙头",中航证券
1749,2018-11-08,78%毛利领跑A股游戏板块 盛大游戏估值298亿拟回归A股,证券日报网
1750,2018-11-08,详解世纪华通复牌：并购完成游戏全体系布局,中新网
1751,2018-11-08,独角兽日报1107 | 万达电影市值蒸发165亿元；搜狗与新华社合作发布AI合成主播；奇树有鱼发布五大计划和24部片单 连续下跌,和讯
1752,2018-11-08,世纪华通298亿收购曲高和寡 停牌5个月券商研报冷场,中国经济网
1753,2018-11-07,政策暖风频吹，游资大佬亮相，低价股警报解除,Wind
1754,2018-11-07,复牌股迎跌停潮，5个一字跌停后还有200万手卖单压顶！长期停牌股承压,e公司
1755,2018-11-07,世纪华通29亿现金支付疑点 与诺亚财富有无利益输送,中国经济网
1756,2018-11-07,申万宏源：世纪华通增持评级,申万宏源
1757,2018-11-07,筹划盛大游戏回A停牌近5个月 世纪华通复牌跌停,北京商报网
1758,2018-11-07,世纪华通早盘封跌停 成交额3.33亿元封单9.78万手,腾讯网
1759,2018-11-07,世纪华通拟298亿元收购盛跃网络 开盘跌停,腾讯网
1760,2018-11-07,拟298亿元收购盛跃网络，世纪华通复牌几近跌停,Wind
1761,2018-11-07,拟298亿元收购盛跃网络 世纪华通复牌触及跌停,e公司
1762,2018-11-06,世纪华通回复问询函:盛跃网络估值合理 不存规避重组,新浪
1763,2018-11-06,世纪华通拟298亿收购盛跃网络 募资总额由31亿元增至61亿元,大众证券报
1764,2018-11-06,公告精选：世纪华通拟298亿元收购盛跃网络；恒大入股广汇集团交易已完成,每日经济新闻
1765,2018-11-06,世纪华通调整重组预案 拟多募30亿“补血”,北京商报网
1766,2018-11-06,世纪华通调整重组方案 募集配套资金拟由31亿元增至61亿元,中证网
1767,2018-11-06,世纪华通拟298亿购买盛跃网络100%股权 股票明日复牌,新浪
1768,2018-11-06,世纪华通：拟298亿元收购盛大游戏网游业务，明日复牌,Wind
1769,2018-11-05,游戏投资额创10年新高 世纪华通310亿并购盛大游戏,TechWeb
1770,2018-11-03,22家上市游戏公司Q3财报披露：世纪华通营收蝉联第一,TechWeb
1771,2018-11-02,【中泰传媒|游戏专题】三季度总结：行业增速回暖，龙头个股估值合理，配置价值显现,传媒产业大视点
1772,2018-11-01,世纪华通：调整发行股份股买资产发行价格和发行数量,金融界
1773,2018-10-31,游戏企业Q3财报集中发布 世纪华通或引领产业回暖,TechWeb
1774,2018-10-29,世纪华通2018年Q3营收23.3亿元 同比增长181.71%,证券之星
1775,2018-10-29,世纪华通第三季度营收23.33亿元 同比增长181.71%,中证网
1776,2018-10-25,世纪华通股东邵恒质押700万股 占其所持股份3.67%,挖贝网
1777,2018-10-25,游戏市场Q3回暖 再看世纪华通拟收购盛大游戏,TechWeb
1778,2018-10-24,世纪华通及子公司获得政府补助405万元,金融界
1779,2018-10-24,世纪华通半年度推10派1转6股 股权登记10月30日,金融界
1780,2018-10-18,世纪华通重组盛大游戏背后 精品与出海或引领行业“回暖”,时代周报
1781,2018-10-15,"""盛大""归来世纪华通巨资收购能否跻身游戏第一梯队",投资者报
1782,2018-10-14,天神娱乐：拟择机处置所持世纪华通股票,Wind
1783,2018-10-12,天神娱乐：拟处置所持世纪华通全部股票,e公司
1784,2018-09-29,人气回暖、并购升温，三季度并购市场分析,Wind
1785,2018-09-28,世纪华通分步收购盛大避开181亿商誉 溢价估值或偏高,新浪
1786,2018-09-21,盛大游戏回归A股能否再续“传奇”,北京商报
1787,2018-09-19,深交所就世纪华通298亿收盛大游戏发问询函 问询,北京商报
1788,2018-09-18,公告精选：乐视网被列入失信被执行人名单；世纪华通等拟回购股份 失信被执行人,e公司
1789,2018-09-18,世纪华通抛不超20亿元回购预案,北京商报网
1790,2018-09-18,世纪华通拟回购股份10亿元至20亿元用于股权激励计划等,金融界
1791,2018-09-18,世纪华通承接盛大游戏“回A” 抛10亿-20亿元回购预案“抢先”护盘,e公司
1792,2018-09-18,多家公司发布回购公告：安诺其等获得力捧,Wind
1793,2018-09-18,世纪华通：拟10亿至20亿元回购股份,e公司
1794,2018-09-18,世纪华通：拟回购10亿元-20亿元，回购价格不超过42.25元/股,Wind
1795,2018-09-18,盛大游戏拟借道世纪华通回A 深交所发问询函抛17问,北京商报网
1796,2018-09-18,"传媒行业周报:市场低迷板块估值持续下挫,行业长期仍具较大增长动力 连续下跌",正点财经
1797,2018-09-18,世纪华通重组盛大游戏背后 精品与出海或引领行业“回暖”,时代周报
1798,2018-09-18,世纪华通拟298亿收购盛大游戏网游业务，收到深交所问询,Wind
1799,2018-09-18,世纪华通拟298亿收购盛大游戏网游业务 收到深交所问询 问询,e公司
1800,2018-09-17,盛大游戏回归A股进入倒计时阶段 再续“传奇”前景可期,中国经济网
1801,2018-09-17,盛大游戏上市之后：研发爆款、加速出海成关键,第一财经
1802,2018-09-14,盛大游戏回归A股进入倒计时 世纪华通拟近300亿接手,每日经济新闻
1803,2018-09-13,盛大游戏注入 世纪华通成A股“头号玩家”,南方财富网
1804,2018-09-13,拟298亿估价注入世纪华通 盛大游戏回归A股倒计时,新京报
1805,2018-09-13,世纪华通将携盛大游戏A股上市 股权交易价预估298亿元,DoNews
1806,2018-09-13,世纪华通做东 盛大游戏作价298亿启程回A,全景网
1807,2018-09-13,估值298亿元未来三年承诺净赚75亿元 盛大游戏回A开始倒数,中国经济网
1808,2018-09-13,世纪华通拟298亿元“迎娶”盛大游戏,中证报
1809,2018-09-13,盛大游戏选择“新欢”世纪华通 承诺三年75亿净利,证券时报
1810,2018-09-12,世纪华通拟298亿重金收购 盛大游戏回归A股只差一步,新浪
1811,2018-09-12,盛大游戏欲携300亿重组方案回A 是抱团还是另有深意,证券时报
1812,2018-09-12,估值近300亿，昔日游戏界“传奇”盛大回A股脚步近了！,和讯
1813,2018-09-12,游戏传奇盛大归来，这次没有陈天桥,和讯
1814,2018-09-12,盛大游戏终启“回A”路 拟作价298亿注入世纪华通,经济观察网
1815,2018-09-12,重磅解读：世纪华通298亿收购盛大游戏 何以利好资本市场？,和讯
1816,2018-09-12,世纪华通披露重组预案，或将成A股第一游戏股,上方网
1817,2018-09-12,借道世纪华通 盛大游戏回A倒计时,北京商报网
1818,2018-09-12,作价298亿！盛大游戏拟注入世纪华通，承诺3年净利75亿,澎湃新闻
1819,2018-09-12,盛大游戏A股倒计时 世纪华通斥资298亿元铺路,第一财经
1820,2018-09-12,盛大游戏回归A股倒计时：估值近300亿 世纪华通披露重组预案,凤凰网
1821,2018-09-12,世纪华通重组预案披露 盛大游戏登陆A股倒计时,中新网
1822,2018-09-12,世纪华通拟购买盛跃网络100%股权 交易价格预估298亿,金融界
1823,2018-09-12,早间公告：我爱我家澄清消息；世纪华通拟298亿元购买盛跃网络100%股权,Wind
1824,2018-09-12,世纪华通拟购盛跃网络100%股权 标的资产价格预估298亿,腾讯网
1825,2018-09-12,世纪华通拟斥资298亿收购盛跃网络 揽入盛大游戏网络游戏业务,e公司
1826,2018-09-04,媒体：游戏影视内容承压 荐7股,申万宏源
1827,2018-09-01,国内A股公司上半年财报：版号审批暂停后的日子厂商收入增幅继续放缓,搜狐
1828,2018-08-30,世纪华通：2018年前三季度业绩报告预告,深交所
1829,2018-08-30,世纪华通上半年扣非净利润同比增长153.79%,中证网
1830,2018-08-30,A股早报2018年8月30日星期四,Wind
1831,2018-08-29,世纪华通：上半年净利润同比增14.93%,Wind
1832,2018-08-13,监管层将积极推进上市公司并购重组，茂硕电源等重组概念股或值得关注,Wind
1833,2018-07-31,媒体：传媒行业整体业绩稳定 影游板块增速维持上行,国信证券
1834,2018-07-27,2018股权投资榜单发布：世纪华通并购点点互动、腾讯入股盛大游戏入选,南方财富网
1835,2018-07-24,"传媒行业:移动互联网出海主要体现为商业模式的输出,游戏作为内容服务型出海,格局已定",安信证券
1836,2018-07-17,[优于大市评级]传媒行业深度报告：出海开启国内游戏公司成长新空间,中财网
1837,2018-07-10,[推荐评级]传媒行业18年中报业绩预告梳理：三成公司发布业绩预告 游戏个股增幅亮眼,中财网
1838,2018-06-25,世纪华通旗下点点互动：连续两月蝉联出海收入榜首位,财经网
1839,2018-06-25,世纪华通与八菱科技在南宁共同出资设立汽车零部件公司,南方财富网
1840,2018-06-23,汽车业务发展遇挫 世纪华通拟收购盛大游戏加速转型,中国经营报
1841,2018-06-22,盛大游戏回A背后：面临7项版权诉讼,凤凰网
1842,2018-06-15,八菱科技：与世纪华通共同出资设立汽车零部件公司,中证网
1843,2018-06-14,传统汽车零部件行业发展受挫 世纪华通拟收购盛大游戏挽颓势？,中国经营网
1844,2018-06-13,盛大游戏“挺”过来了,投资界
1845,2018-06-13,一骑红尘！借壳上市再执牛耳，跟着机构有肉吃,--
1846,2018-06-13,昔日“王者”盛大游戏终借壳回A？,环球老虎财经
1847,2018-06-13,昔日网游霸主宣告回归A股 对手回A曾收20个涨停,中国基金报
1848,2018-06-13,这家全球市值最高的游戏公司盛大归来，却已传奇不再,创业邦
1849,2018-06-13,借道世纪华通回A 盛大游戏欲复制巨人网络？,21世纪经济报道
1850,2018-06-13,盛大游戏拟注入世纪华通 半年前估值300亿元,证券日报
1851,2018-06-12,世纪华通停牌重组 盛大游戏将回归A股,经济观察网
1852,2018-06-12,2018/6/12股市消息早知道：今日大盘预测及个股分析,南方财富网
1853,2018-06-12,盛大游戏开启回A之旅 世纪华通今起停牌重组,北京商报网
1854,2018-06-12,世纪华通拟收购盛跃网络 盛大游戏借道回归A股,中证报
1855,2018-06-12,传奇归来！昔日网游霸主借道回A 能否复制巨人网络的20个涨停板？,中证报
1856,2018-06-11,“游戏王”归来！世纪华通宣布盛大游戏回归A股,时代周报
1857,2018-06-11,世纪华通：拟收购盛跃网络科技100%股权,TechWeb
1858,2018-06-11,多公司发布晚间重要公告 12日走势或将反转,新浪
1859,2018-06-11,世纪华通：拟收购互联网游戏公司盛跃网络 明日起停牌,e公司
1860,2018-06-07,A股共发生45宗大宗交易成交18.31亿元（6月7日）,Wind
1861,2018-06-07,世纪华通今日大宗交易成交85万股，成交价30.18元折价9.23%,Wind资讯
1862,2018-06-07,世纪华通掀起游戏业“竞合”风？,证券日报
1863,2018-06-06,十大异动股点评：知识产权战略成果显著 中国科传等4股强势涨停！,巨丰财经
1864,2018-06-06,龙虎榜：一网游股半年时间股价腰斩 今日多家游资介入,巨丰财经
1865,2018-06-05,世纪华通旗下盛大游戏与恺英网络开展战略合作,中证网
1866,2018-06-04,"世纪华通:17年业绩符合预期,预计18Q1成增速拐点",中证网
1867,2018-06-01,世纪华通车轮并购不乐观,证券市场周刊
1868,2018-05-28,[领先大市-A评级]游戏行业深度分析：成熟行业的新发展-流量驱动转为研发驱动,中财网
1869,2018-05-26,世纪华通“转身”与“结盟”,21世纪经济报道
1870,2018-05-25,天神娱乐：授权天神互动择机出售不超300万股世纪华通股票,金融界
1871,2018-05-23,世纪华通全资子公司点点互动海外收入亮眼,中证网
1872,2018-05-23,"传媒行业:游戏,成熟行业的新发展,流量驱动转为研发驱动",安信证券
1873,2018-05-22,“入摩”后再获喜报 世纪华通子公司位列中国发行商出海第一,证券时报
1874,2018-05-22,"世纪华通:一季报超预期,点点互动发力海外手游市场",正点财经
1875,2018-05-19,市场中期趋势难改 部分成份股存炒作预期,巨丰财经
1876,2018-05-16,世纪华通：纳入MSCI指数不会影响公司重组,中证网
1877,2018-05-16,MSCI新增11股大有来头：全是行业龙头这家涨得最少,顶尖财经网
1878,2018-05-16,A股最新入围MSCI名单出炉 6股绝佳布局良机,证券日报
1879,2018-05-14,"世纪华通:18Q1并表提升增速,18年继续关注公司背靠腾讯生态带来的持续成长性",正点财经
1880,2018-05-14,[强于大市评级]传媒行业专题研究：传媒板块分化已然明显 选对赛道 坚守价值,中财网
1881,2018-05-11,“娱乐大玩家”朱晔被立案调查 曾涉多宗知名交易,新浪
1882,2018-05-11,[谨慎推荐评级]传媒行业周报：视频网站精品内容需求上涨 影视制作公司受益,中财网
1883,2018-05-11,3年期对赌协议陆续到期近期爆雷现象频现(股),顶尖财经网
1884,2018-05-10,[增持评级]游戏行业周报：板块业绩平淡 精选个股为主,中财网
1885,2018-05-09,[买入评级]三七互娱(002555)公司跟踪报告：产品多元化持续推进 流量运营仍为核心竞争力,中财网
1886,2018-05-09,黑马股推荐：2018年5月9日推荐6只黑马股,至诚财经
1887,2018-05-08,"三七互娱研简报:剥离汽车配件业务,优化公司股权与业务结构",正点财经
1888,2018-05-08,"三七互娱:短期业绩承压,期待新产品突破及海外市场扩张",中证网
1889,2018-05-07,[谨慎增持评级]世纪华通(002602)年报及季报点评：一季报超预期 点点互动发力海外手游市场,中财网
1890,2018-05-03,一起增持引发40亿市值增长 三七互娱增持世纪华通为哪般？,e公司
1891,2018-05-03,“结盟”半月再送“厚礼” 三七互娱拟2亿元增资世纪华通,每日经济新闻
1892,2018-05-02,三七互娱：拟不超2亿元增持世纪华通,e公司
1893,2018-04-28,"世纪华通2017年报点评:全产业链布局带动业绩高增长,储备产品预期高企",国信证券
1894,2018-04-27,世纪华通：2018年半年度业绩报告预告,深交所
1895,2018-04-27,世纪华通：一季度净利润同比增150.59%,Wind
1896,2018-04-25,媒体：构建共赢生态 荐8股,国盛证券
1897,2018-04-24,曾被畅游2亿美元卖掉的第七大道冲刺港交所 孟书奇操盘,搜狐
1898,2018-04-24,世纪华通发布2017年年报 净利润7.83亿元游戏收入8亿元,DoNews
1899,2018-04-24,[中性评级]游戏行业周报：三七互娱世纪华通深化合作 腾讯、网易首次垄断中国IOS收入榜TOP10,中财网
1900,2018-04-24,三七互娱：“核心＋多元化”战略升级 收获可期,腾讯网
1901,2018-04-23,世纪华通：2017年净利润同比增55.47%,Wind
1902,2018-04-20,世纪华通与三七互娱合作 摒弃“竞争”转向“共赢”,南方财富网
1903,2018-04-20,[买入评级]世纪华通(002602)点评：与三七互娱确定三年战略合作 A股两大游戏公司竞合共赢,中财网
1904,2018-04-20,[增持评级]世纪华通(002602)点评：与三七互娱在游戏IP授权和游戏发行运营上强强联合 业务布局持续突破,中财网
1905,2018-04-20,[推荐评级]三七互娱(002555)热点速评：与世纪华通深化合作 传奇IP类游戏收入预期增强,中财网
1906,2018-04-20,"三七互娱:与世纪华通在游戏ip授权和游戏发行运营上展开合作,强强联合助力公司游戏研发业务",申万宏源
1907,2018-04-19,签署战略合作协议 世纪华通牵手三七互娱深化合作,中证网
1908,2018-04-19,晚间重要公告2018年4月19日星期四,--
1909,2018-04-19,三七互娱世纪华通深化合作，“竞合”利好行业长远发展,DoNews
1910,2018-04-19,三七互娱：与世纪华通签署战略合作协议,Wind
1911,2018-04-17,"游戏行业周报:手游出海表现良好,部分新品进入海外榜单前列",上海证券
1912,2018-04-16,世纪华通海外捷报频传 两款游戏出海表现出众,证券时报
1913,2018-04-12,2018最新中国上市公司市值排名：世纪华通上升百位,南方财富网
1914,2018-04-11,[增持评级]游戏行业周报：IOS平台游戏Q1下载量增长14% 收入增长18%,中财网
1915,2018-04-11,世纪华通再靠子公司收益一季度利润翻番,号外财经网
1916,2018-04-03,盛大游戏、腾讯投资韩国版“微信” 海外市场掘金胜算几何？,每日经济新闻
1917,2018-04-03,[强于大市评级]传媒行业研究周报：东财慈文等引领3月成长 继续加仓Q1业绩印证的优质品种,中财网
1918,2018-04-03,"世纪华通:子公司入股Kakao进军韩国游戏市场,一季报业绩高增108%-140%",申万宏源
1919,2018-04-01,世纪华通：一季度净利预增107%-139%,证券之星
1920,2018-03-31,【推荐】腾讯携世纪华通投韩国版“微信” 全球化发展实现重大突破,创业家
1921,2018-03-31,世纪华通一季度净利预增108%-140% 拟投资韩国KakaoGames,中证网
1922,2018-03-30,世纪华通：预计一季度净利润同比增长1.08倍-1.4倍,Wind
1923,2018-03-30,世纪华通：一季度净利翻倍 100亿韩元参股韩国KakaoGames,证券时报网
1924,2018-03-30,[买入评级]世纪华通(002602)首次覆盖报告：立足海内外全产业链 携手体外盛大打造游戏独角兽,中财网
1925,2018-03-21,世纪华通：股东菁尧投资质押1.21亿股,Wind
1926,2018-03-21,世纪华通靠卖子公司维持净利润增长,号外财经网
1927,2018-03-21,[增持评级]游戏行业周报：亚太地区手游市场收入份额占全球市场的60%,中财网
1928,2018-03-16,2018年3月16日新闻发布会,深交所
1929,2018-03-13,世纪华通股东汤奇青短线交易违规 被深交所通报批评,和讯
1930,2018-03-12,30亿入账 盛大游戏“傍”上腾讯,北京商报
1931,2018-03-06,3月6日有43家公司获重要股东增减持 汉钟精机已被连续增持88次,Wind
1932,2018-03-06,[增持评级]游戏行业周报：腾讯计划全面布局“功能游戏”,中财网
1933,2018-03-05,[强于大市评级]传媒行业研究周报：政策吹响科技新浪潮 精选优质个股攻守兼备,中财网
1934,2018-03-05,【传媒】 告诉你真实的文娱消费细节——4200份问卷看清中国消费,天风研究
1935,2018-03-03,独角兽企业上市或迎快速通道，多家公司回应参股企业IPO情况,Wind
1936,2018-02-27,世纪华通：2017年净利润同比增59.39%（快报）,Wind
1937,2018-02-25,机构：春节消费数据塑造市场新风口 四板块欲借机腾飞,21世纪经济报道
1938,2018-02-25,手游行业景气度高涨 六股正迎来绝佳布局良机,中证报
1939,2018-02-24,手游景气度高涨 概念股受追捧,中证报
1940,2018-02-24,[强于大市评级]互联网传媒行业专题研究：春节游戏效应=社交化+碎片化 各路游戏如何争春?,中财网
1941,2018-02-22,游戏周报：腾讯入股盛大游戏 阿里投资万达电影,中财网
1942,2018-02-22,[看好评级]传媒行业数据周报20180212,中财网
1943,2018-02-14,腾讯30亿元加持盛大游戏 寡头格局再放大,通信信息报
1944,2018-02-13,盛大游戏迎腾讯入股 世纪华通CEO称继续履行注入承诺,中国财经网
1945,2018-02-13,世纪华通大股东短线交易违规 被浙江证监局警示,和讯
1946,2018-02-11,违规买卖公司股票 世纪华通股东汤奇青收警示函,北京商报网
1947,2018-02-10,腾讯30亿入股盛大游戏 盛大能否顺利回归A股？,国际金融报
1948,2018-02-10,引入腾讯盛大游戏“回A”添筹码,证券时报
1949,2018-02-09,30亿入账 盛大游戏“傍”上腾讯,新浪
1950,2018-02-08,盛大游戏6月注入世纪华通 借壳是中概股回A最优解,证券时报
1951,2018-02-07,[推荐评级]游戏行业周报：中国网游用户规模年增长率5.9% 世纪华通完成点点互动100%股权交割,中财网
1952,2018-02-07,巨丰热点前瞻：市场短期或继续筑底,巨丰财经
1953,2018-02-07,市场风险短期加速出清，A股有望更快迎来配置机会,第一财经
1954,2018-02-07,华创事件驱动早报2-7：一线房企销售额纷纷大增；居民春节出游意愿强,华创证券研究
1955,2018-02-07,盛大游戏获腾讯入股 回归A股时间点渐行渐近(受益股),金融界
1956,2018-02-07,A股头条：6家首发上会4家通过 美股上演过山车行情,金融界
1957,2018-02-06,盛大游戏获腾讯入股，完成回归A股前股权架构最后优化,Wind
1958,2018-02-06,为了回归 A 股，盛大也需腾讯的大腿,凤凰网
1959,2018-02-06,高层换血引入投资方腾讯，盛大游戏能否迎来第二春？,搜狐
1960,2018-02-06,[增持评级]游戏行业周报：业绩分化明显 关注绩优龙头,中财网
1961,2018-02-06,【海通策略】18年2月解禁额较上月减半（荀玉根、李影）,股市荀策
1962,2018-02-06,传媒行业月报：传媒板块2017年报业绩前瞻,国信研究
1963,2018-02-06,最前线|盛大游戏引入腾讯作为股东，回归A股会变得更顺利吗？,36氪
1964,2018-02-06,盛大游戏迎腾讯入股：回归A股前股权架构最后一轮调整优化,澎湃新闻
1965,2018-02-06,6日盘前研报精选：10股有望爆发,证券时报网
1966,2018-02-06,盛大游戏资本运作又有新变化 腾讯入股,新浪
1967,2018-02-05,持股还是现金？这5股证明自己,中财网
1968,2018-02-05,黑马股已现 这6股来日待奔行,中财网
1969,2018-02-05,[增持评级]世纪华通(002602)调研简报：新游储备丰富 全球市场布局加速,中财网
1970,2018-02-03,一位60后企业家的产业“憧憬”与杠杆“惩罚”,21世纪经济报道
1971,2018-02-02,世纪华通CEO王佶：将择机注入盛大游戏资产,证券时报
1972,2018-01-31,世纪华通：金盾股份事件对公司没有实质性影响,Wind
1973,2018-01-31,世纪华通：金盾股份事件对公司没有实质性影响,e公司
1974,2018-01-31,媒体：关注绩优龙头股 荐2股,上海证券
1975,2018-01-31,"传媒互联网一周回顾与展望:持续看好板块行情表现,继续推荐细分领域龙头",国信证券
1976,2018-01-30,传媒行业卓越推：暂不推荐,中财网
1977,2018-01-29,媒体：继续推荐细分领域龙头 荐11股,国信证券
1978,2018-01-29,"世纪华通重大事件快评:点点互动100%股权过户完成,游戏产业链布局更进一步",国信证券
1979,2018-01-24,A股共发生28宗大宗交易成交9.28亿元（1月24日）,Wind
1980,2018-01-24,世纪华通今日大宗交易成交7万股，成交价35.32元折价0.0%,Wind资讯
1981,2018-01-24,24日晚间机构研报精选：8股值得关注（名单）,和讯
1982,2018-01-24,游戏行业周报:游戏版块龙头获公募基金净增持,上海证券
1983,2018-01-24,"世纪华通:点点互动顺利完成交割,《择天记》即将上线公司18年游戏大作值得期待",申万宏源
1984,2018-01-15,世纪华通荣膺2017年度游鼎奖两项大奖,中金在线
1985,2018-01-12,世纪华通页游产业 庖丁解牛“哥们网”武侠文化,中金在线
1986,2018-01-11,世纪华通COO张向东：搭建精品游戏全产业链 做全球移动内容领创者,证券之星
1987,2018-01-09,立下贷欠供应商数千万调查：曾通过饿了么导流，上市公司世纪华通控股,和讯
1988,2018-01-09,媒体：微信小游戏隐含巨大营销价值 荐2股,上海证券
1989,2018-01-03,游戏行业周报:严监管不影响行业基本面,中国网
