,2021-12-29,中国卫通(601698.SH)：非公开发行股票申请获证监会受理,格隆汇
0,2021-12-07,中国卫通跌4.11% 中泰证券高点喊买入,中国经济网
1,2021-12-04,中国机队有望迎来高速互联网阶段？,中国经营网
2,2021-12-01,中国卫通：与北京微纳星空科技有限公司有小额卫星转发器带宽租赁业务,财联社
3,2021-11-23,采用Viasat技术的移动卫星网络已在中国建成,美通社
4,2021-11-23,机上互联体验更佳？霍尼韦尔Jet Wave系统获准接入中国卫通,21世纪经济报道
5,2021-11-23,霍尼韦尔卫星通信系统获准接入卫星网,浦东时报
6,2021-11-22,霍尼韦尔JetWave卫星通信系统获准接入中国卫通Ka高通量卫星网,民航资源网
7,2021-11-18,通信行业事件点评：工信部印发信息通信“十四五”规划 看好板块反弹行情,光大证券
8,2021-11-17,川财证券研究所晨报,新浪
9,2021-11-15,达华智能：亚太卫星宽带通信（深圳）有限公司、中国卫通集团公司等为我司合作伙伴,每日经济新闻
10,2021-11-02,通信行业跟踪周报：本周专题 通信第三季度基金持仓环比持平 持续关注物联网及能源信息化赛道投资机会,新浪
11,2021-10-29,中国卫通公布三季报 前三季净利增加11.29%,新浪
12,2021-10-29,中国卫通：2021年第三季度净利润约1.19亿元，同比下降18.02% 盈利能力下降,每日经济新闻
13,2021-10-29,中国卫通(601698.SH)：第三季度净利降18.02%至1.19亿元 盈利能力下降,格隆汇
14,2021-10-29,中国卫通：前三季度净利润同比增长11.29%,Wind
15,2021-10-26,中国卫通：与中国国航举行Ka卫星机载终端交付仪式,e公司
16,2021-10-25,通信行业周报：运营商业绩持续向好 华为发布HARMONYOS3预览版,新浪
17,2021-10-21,行业深度！一文带你了解2021年中国卫星产业市场规模、竞争格局及发展趋势,前瞻研究院
18,2021-10-08,中国卫通(601698.SH)：郑海燕不再担任公司财务总监/总会计师职务 由王利军接任,格隆汇
19,2021-10-08,中国卫通(601698.SH)聘任王利军为财务总监、总会计师,智通财经
20,2021-10-08,中国卫通：变更公司高级管理人员 董监高成员变化,Wind
21,2021-09-29,中国卫通董坤：高通量卫星筑起“数字普惠”天路,C114通信网
22,2021-09-26,通信行业周报：中移动5G核心网集采规模翻倍 华为发布欧拉操作系统,新浪
23,2021-09-26,通信·产业追踪(31)：卡奥斯首入亚洲品牌500强 国内智能制造强势崛起,新浪
24,2021-09-17,中国卫通(601698.SH)证券事务代表赵猛辞职,智通财经
25,2021-09-17,中国卫通：公司证券事务代表辞职,Wind
26,2021-09-17,解盘：资源股回调，CRO、电力、医疗服务、白酒领涨,Wind
27,2021-09-17,中国卫通大涨,新浪
28,2021-09-14,通信·产业追踪(29)：上海加码工业软件政策；中兴通讯高端路由器集采拔头筹,新浪
29,2021-09-11,上市公司正负面新闻2021年9月11日星期六,Wind
30,2021-09-10,晚间重要公告2021年9月10日星期五,Wind
31,2021-09-10,【公告抢先看】大手笔！三六零拟至多15亿元回购公司股份、中星9B卫星通过在轨测试后将交付中国卫通运营管理,金融界
32,2021-09-10,9月10日天坛生物、中国卫通等11家公司公告出现利好,证券之星
33,2021-09-10,中国卫通：中星9B卫星通过在轨测试后将交付公司运营管理,e公司
34,2021-09-10,中国卫通：中星9B卫星成功发射,Wind
35,2021-09-10,A股融资融券日报：两融余额增加91.1亿元（9月9日）,Wind
36,2021-09-10,中星9B卫星成功发射，将显著提高我国直播卫星传输性能,Wind
37,2021-09-08,干货！2021年中国卫星应用行业龙头企业分析——中国卫星：力争成为国内综合型卫星应用服务一流提供商,前瞻研究院
38,2021-09-07,iPhone 13 支持卫星电话？也许是全球通讯时代来临的前奏,ZAKER
39,2021-09-06,新款iPhone带飞卫星通讯！管窥商业卫星行业：亟需降本,财联社
40,2021-09-06,亮相服贸会 中国太保多领域服务国家战略,投资时报
41,2021-09-06,通信行业跟踪周报-本周专题：AI产业链日渐成熟 关注相关优质标的投资机会,新浪
42,2021-09-06,重磅！2021年中国及31省市卫星应用行业政策汇总及解读（全）,前瞻研究院
43,2021-09-06,机构最近都在买哪些股？,证券之星
44,2021-09-06,A股三大指数走强：创业板指涨逾1% 有色等板块涨幅居前,凤凰网
45,2021-09-06,券商晨会观点速递,第一财经
46,2021-09-06,天风证券：看好低轨卫星互联网成为2022年电子行业的一大关键趋势,Wind
47,2021-09-06,天风证券：看好低轨卫星互联网成为2022年电子行业的一大关键趋势,第一财经
48,2021-09-06,【天风Morning Call】晨会集萃20210906,天风研究
49,2021-09-04,深化融合发展 助力航天强国,中金在线
50,2021-09-04,国防军工行业资金流向周报,证券时报网
51,2021-09-03,机构本周共调高50股评级，中金公司等获“买入”评级,36氪
52,2021-09-03,机构本周共调高50股评级 这些个股获“买入”评级,第一财经
53,2021-09-02,9月2日午盘主力巨资抢筹四大板块(附股),金融界
54,2021-09-02,9月2日午盘两市机构大单抛盘40股(名单),金融界
55,2021-09-02,每日市场热点分析,新浪
56,2021-09-02,9月2日早盘两市机构大单抛盘40股(名单),金融界
57,2021-09-02,9月2日早盘主力巨资抢筹四大板块(附股),金融界
58,2021-09-02,智通A股龙虎榜统计|9月1日,智通财经
59,2021-09-01,2021-09-01 NESC复盘笔记：沪指涨0.65% 大金融、白酒板块领涨,复盘笔记
60,2021-09-01,中国卫通龙虎榜数据(9月1日）,Wind
61,2021-09-01,GPLP看市：美股微幅收跌 沪深两市成交额创年内新高,GPLP犀牛财经
62,2021-09-01,中国卫通(601698.SH)股价异动 不存在应披露而未披露重大信息,智通财经
63,2021-09-01,交易异动！中国卫通：近3个交易日上涨26.72%,每日经济新闻
64,2021-09-01,中国卫通今日涨停，机构、北向资金合买7500万元,证券之星
65,2021-09-01,市场综述：超级行情要来？1.7万亿“扫货”让人害怕,老虎证券
66,2021-09-01,61只A股筹码大换手（9月1日）,证券时报网
67,2021-09-01,A股收评：沪指涨0.65%，成交额1.7万亿，锂电产业链遭重挫,证券之星
68,2021-09-01,9月1日复盘：高位周期股退潮 主力资金出击7股,新浪
69,2021-09-01,苹果手机研发卫星通讯，中国卫通午后走强,阿尔法工场
70,2021-09-01,快讯：中国卫通涨停 报于17.36元,金融界
71,2021-09-01,快讯：卫星互联网概念股走强 中国卫通领涨,财联社
72,2021-09-01,干货！2021年中国卫星应用行业龙头企业对比：中国卫星VS中国卫通 谁更胜一筹？,前瞻研究院
73,2021-09-01,央企重组进入新加速赛道！中字头持续火热，五大领域成下半年工作重点,证券之星
74,2021-09-01,国泰君安：关注卫星制造配套产业链投资机会,e公司
75,2021-09-01,【国君通信|事件点评】终端或备卫星通信功能，行业加速可期,微信
76,2021-08-31,A股异动丨中国卫通(601698.SH)涨5.64% iPhone 13或支持卫星通信功能,格隆汇
77,2021-08-31,俄罗斯拒绝禁售苹果手机！其SOS功能没有侵犯专利,和讯
78,2021-08-31,传iPhone 13支持卫星通讯？这家公司暴涨64%！,中财网
79,2021-08-31,iPhone 13或支持卫星通信，商业卫星市场将呈现爆发式增长（附股）,第一财经
80,2021-08-31,苹果将出黑科技？iPhone 13或支持卫星通信，美股合作商一度暴涨60%（附股）,e公司
81,2021-08-31,iPhone 13无缘 苹果手机最快明年支持卫星通讯：仅用于应急情况,和讯
82,2021-08-31,欧美股市多数收涨，纳指和标普500指数刷新历史新高,Wind
83,2021-08-31,美国三大股指收盘涨跌不一，纳指和标普500指数刷新历史新高,Wind
84,2021-08-30,美股全线高开，标普500指数、纳指续创新高,Wind
85,2021-08-30,iPhone支持卫星通讯？虽有可能但或许并非好事,36氪
86,2021-08-30,苹果通信要“支楞起来”了？iPhone 13或支持卫星上网,36氪
87,2021-08-30,美股盘前：重磅网络游戏新规落地，网易等应声大跌,Wind
88,2021-08-30,A股冲高回落指数区间震荡调整 中报行情将结束谨防市场短期变脸,财华社
89,2021-08-30,110只股涨停 最大封单资金10.20亿元,证券时报网
90,2021-08-30,业绩被看好军工大涨，机构：黄金发展期来了丨一大板块,第一财经
91,2021-08-30,放量震荡：成交超1.5万亿元，沪指微涨，创指涨0.45%,澎湃新闻
92,2021-08-30,收评：创业板指涨0.45% 工业母机板块领涨,网易
93,2021-08-30,收评：沪指涨0.17% 工业母机板块领涨,网易
94,2021-08-30,指数跳水深成指跌0.6% 银行、证券板块走弱,网易
95,2021-08-30,苹果新手机或支持卫星直连,第一财经
96,2021-08-30,苹果新手机或支持卫星直连 北斗总设计师：天地一体化网络中国必须建,第一财经
97,2021-08-30,军工股强势领涨 主力、机构青睐这些个股,第一财经
98,2021-08-30,低轨卫星通信或成5G重要补充 分析师预测iPhone 13将支持,财联社
99,2021-08-30,主力18亿抢筹航发动力，机构：军工行业进入黄金发展期,第一财经
100,2021-08-30,国防军工掀涨停潮！国防军工ETF（512810）放量涨超4%再创上市新高！,资本邦
101,2021-08-30,军工股早盘上演涨停潮,格隆汇
102,2021-08-30,洪都航空、中国卫通涨停，军工ETF涨超3.5%成交额超6.3亿元,金融界
103,2021-08-30,创业板指涨逾1% 锂电池、军工板块走强,网易
104,2021-08-30,国防军工大幅高开！中信证券：军工已进入黄金发展期，近期回调是较好的配置机会,资本邦
105,2021-08-30,郭明錤：iPhone 13或将支持低轨道卫星通讯、手机告别没信号,Wind
106,2021-08-30,苹果隐藏大招！iPhone 13最强新功能首曝：再不拍没信号了,快科技
107,2021-08-30,【苹果研究】iPhone 13或将支援低轨道卫星通讯；iPhone支援低轨道卫星通讯将在2022年加速相关服务与零部件出货成长,天风国际
108,2021-08-27,卸任中国联通董事长！王晓初职业生涯大事记 董监高成员变化,新浪
109,2021-08-27,中国卫通发财报股价跌2.8% 上半年营收经营现金流双降 盈利能力下降,中国经济网
110,2021-08-27,【热点报告——股指期货】港交所A50指数发布！个股成分近50，行业权重似300,东证衍生品研究院
111,2021-08-26,中国卫通(601698.SH)半年度归母净利润同比增长33.50%至2.55亿元,智通财经
112,2021-08-26,中国卫通(601698.SH)：上半年净利增33.5%至2.55亿元,格隆汇
113,2021-08-26,中国卫通2021年上半年实现净利润3.22亿元，同比增长27.04%,经济观察网
114,2021-08-26,中国卫通：2021年半年度净利润约2.55亿元，同比增加33.5%,每日经济新闻
115,2021-08-26,中国卫通：上半年净利润同比增长33.5%,Wind
116,2021-08-25,2021年中国智慧城市行业产业链现状及区域市场格局分析 技术进步推动产业发展,前瞻研究院
117,2021-08-24,【热点报告——股指期货】港交所A50股指期货获批，“重工业，轻金融”是亮点,东证衍生品研究院
118,2021-08-23,通信本周专题：从派息率和子公司独立分拆上市重新审视运营商投资价值,新浪
119,2021-08-12,中国商业航天需要资本“泡沫”：176家公司十年融资190亿元,I黑马
120,2021-08-12,中国成功发射通信广播卫星中星2E,中投网
121,2021-08-09,近十年我国商业航天融资达190亿元，近5成项目发生在北京,第一财经
122,2021-08-09,近十年我国商业航天赛道融资额达190亿元，火箭/卫星研发企业频获融资,企查查
123,2021-08-06,圆满接力！长三乙成功发射中星2E,新浪
124,2021-08-06,不到30个小时中国航天再发一星！中星2E卫星成功发射,澎湃新闻
125,2021-08-03,A股明日风口：全国多个地区相继启动大规模新冠核酸筛查行动,新浪
126,2021-08-02,通信·产业追踪：重点关注【硬科技三剑客】宝信&中兴&紫光,新浪
127,2021-07-28,A股明日风口：部署进一步改革完善中央财政科研经费管理 确定稳定生猪产能的措施,新浪
128,2021-07-28,河南挺住！中国卫通紧急驰援为抗洪抢险提供卫星通信保障,中国卫通
129,2021-07-28,我国低轨宽带卫星首次成功入网 产业化加速（附股）,证券时报网
130,2021-07-27,百点大跌非转熊，市场向好仍可期,国盛证券
131,2021-07-25,通信行业重大事项点评：六部委联合发文推动“教育新基建” 指引了哪些通信板块的应用方向？,新浪
132,2021-07-22,卫星太空看河南特大暴雨：前后对比 触目惊心,快科技
133,2021-07-22,与2021年中国国际信息通信展一起，探索数字化未来,美通社
134,2021-07-19,中国信通院和中国卫通联合开展基于5G的高轨高通量卫星通信技术试验,DoNews
135,2021-07-19,美股持续走牛背后的四大动因,Wind
136,2021-07-12,通信行业周报：电信联通启动5G招标 中兴通讯中报超预期,新浪
137,2021-07-11,独家：中国电信卫星公司副总经理于玉海不再担任该职 动向不明,运营商财经网
138,2021-07-08,14.66亿元主力资金今日抢筹国防军工板块,证券时报网
139,2021-06-29,通信行业跟踪周报：本周专题 三大运营商5G总用户数超4.5亿 智慧能源解决方案加速发展,新浪
140,2021-06-28,中信建投证券王常青：坚持融入发展大局 不断做大做强资本市场“稳定器”,中证网
141,2021-06-26,59.84亿资金本周流出国防军工股,证券时报网
142,2021-06-23,A股明日风口：本周国常会提出完善跨境电商发展支持政策,新浪
143,2021-06-23,保险业助力航天事业筑梦星河,中国金融新闻网
144,2021-06-22,解密航天保险：你在云端征鸿万里我在身边并肩前行,搜狐
145,2021-06-21,中国卫通：字节跳动有承租中国卫星通信大厦部分房屋用于商业办公,Wind
146,2021-06-21,平台化转型和构建生态系统成为新时代破局的关键,人民邮电报
147,2021-06-18,【中证盘前】1个月涨4倍，最强鸿蒙概念股停牌核查；*ST天成称不涉及与酒企“借壳”等行为；北汽蓝谷子公司与阿波罗智能签合作协议,中证报
148,2021-06-18,解密航天保险：高价值、高技术、高风险,21世纪经济报道
149,2021-06-17,解密航天保险：你在云端征鸿万里 我在身边并肩前行,21世纪经济报道
150,2021-06-17,美联储温和举动全球受益，白酒、医药核心板块引领上涨,新浪
151,2021-06-16,高端制造行业事件点评：中国电信5G+ATG+2021商用助力民航打造智慧航空,新浪
152,2021-06-15,预见2021：《2021年中国卫星产业全景图谱》(附市场规模、竞争格局和发展趋势等),前瞻研究院
153,2021-06-15,通信行业跟踪周报：本周专题 四部委印发《能源领域5G应用实施方案》 华为成立子公司发力能源数字化,新浪
154,2021-06-13,通信行业周报：ODM龙头向新品类拓展 关注主设备市场变化,新浪
155,2021-06-11,34只股即将分红抢权行情能否开启？,证券时报网
156,2021-06-08,鸿蒙助力万物互联 数据中心产业链受益,财富动力网
157,2021-06-07,中国卫通(601698.SH)： 2020年度权益分派10派0.25元 股权登记日6月11日,格隆汇
158,2021-06-07,通信行业跟踪周报：本周专题：为什么“5G+工业互联网”很可能会是下一个数字化转型投资风口,新浪
159,2021-06-06,通信2021年中期投资策略行业策略：历史“三低”时刻 不妨乐观点,新浪
160,2021-06-03,【浙商策略】新股新赛道系列之十八：卫星应用服务| 三分钟看中观,王杨策略研究
161,2021-06-02,新股新赛道之十七：卫星应用服务,新浪
162,2021-06-02,去年共罚6亿！反洗钱调查扩至房产、贵金属，期货概念股“全军覆没”,时代财经
163,2021-05-31,457只股短线走稳 站上五日均线,中国财富网
164,2021-05-31,通信行业跟踪周报：本周专题 政策持续赋能云计算及数据中心产业链发展 通信行业仍维持高景气度,新浪
165,2021-05-30,A股明日风口：北京消费季6月将发放超百亿消费补贴,新浪
166,2021-05-29,国防军工行业本周资金流入榜：7股净流入资金超5000万元,证券时报网
167,2021-05-27,前发审委员任拟IPO的富滇银行董秘：力争2021年完成上市辅导,新浪
168,2021-05-24,通信行业跟踪周报：云网融合打造基石 运营商、设备商、互联网公司携手加速数字化转型,新浪
169,2021-05-22,一周沪深股通动向曝光：这30只个股净卖出最多（附名单）,每日经济新闻
170,2021-05-19,5月19日晚间重要行业研究汇总(附股),中金在线
171,2021-05-19,火星探测也上保险 航天保险有哪些？,21世纪经济报道
172,2021-05-17,信达证券--信达通信·产业追踪（12）：阿里资本开支实现大幅增长，云产业链持续复苏【行业研究】,金融界股吧
173,2021-05-17,国盛证券--通信行业周报：重视高成长低估值“五朵金花”的修复机会【行业研究】,金融界股吧
174,2021-05-16,中国人保为我国首次火星探测提供独家保险保障,经济日报
175,2021-05-15,“祝融号”成功着陆火星！背后是这家保险机构保驾护航,奥一网
176,2021-05-15,着陆火星成功 人保全力保障,新民晚报
177,2021-05-15,人保财险为中国首次火星探测任务提供独家保险保障,中证网
178,2021-05-15,中国人民保险为中国首次火星探测任务提供独家保险保障,证券时报
179,2021-05-15,民航“牵手”5G，产业链公司提前布局,Wind
180,2021-05-14,工信部稳中有进推动6G发展，应用场景丰富化或利好这些个股,第一财经
181,2021-05-14,股市动态 | 久违大涨！三大指数单边拉升，“牛市旗手”王者归来，氛围到了行情起飞？,财经网
182,2021-05-14,马斯克“星链”迎强力盟友：谷歌将提供计算和网络资源今年下半年上线,科创板日报
183,2021-05-14,【机会挖掘】工信部稳中有进推动6G发展 6G将会带来更加丰富的应用场景,证券时报网
184,2021-05-14,“民航+5G”要起飞？这些公司已提前布局,Wind
185,2021-05-14,“民航+5G”要起飞？这些公司已提前布局,中国证券网
186,2021-05-14,【机会挖掘】首条小卫星智能生产线首颗卫星下线 卫星批产时代来临,证券时报网
187,2021-05-14,首条小卫星智能生产线首颗卫星下线牛股新方向即将出现,巨丰财经
188,2021-05-14,财闻点金：特斯拉自动驾驶用纯视觉系统替代雷达,巨丰财经
189,2021-05-13,【明日主题前瞻】行业旺季来临，啤酒巨头企业抢先提价，高端化趋势下或迎价格上行持续驱动,财联社
190,2021-05-12,A股明日风口：发改委拟创新市域、市郊铁路发展模式和路径,新浪
191,2021-05-11,通信行业2020年报及一季报综述：把握高景气 探索新赛道,新浪
192,2021-05-11,5月11日晚间重要行业研究汇总(附股),中金在线
193,2021-05-11,青岛航空自有机队部署高速机上互联网 加快航司数字化转型,消费日报网
194,2021-05-11,中国版“星链”来了 这家刚刚成立的央企被曝正谋划新动作,巨丰财经
195,2021-05-10,通信持仓深度系列(2)：持仓创新低 建议聚焦“新应用+新网络”,新浪
196,2021-05-10,通信运营商盈利逐步改善，关注五个投资方向,中泰证券
197,2021-05-08,通信行业2021年第17周周报：星网集团组建 运营商一季报开门红,新浪
198,2021-05-07,川财证券--科技与高端制造行业科技及智能设备产业链日报：航空航天与国防Ⅲ指数涨幅近2%【行业研究】,金融界股吧
199,2021-05-06,【干货】智慧城市产业链全景梳理及区域热力地图,前瞻研究院
200,2021-05-05,中国卫星网络集团完成组建 卫星互联网产业或迎加速发展,国元证券订阅号
201,2021-04-30,【异动股】天基互联板块下挫，天银机电(300342.CN)跌11.45%,财华社
202,2021-04-30,逾20股跌超5% “军工跌停”上热搜,第一财经
203,2021-04-30,利润环比连增+同比暴增75匹盈利白马现身,证券时报网
204,2021-04-30,东北证券维持中国卫通买入评级：一季度净利润快速增长，卫星互联网前景广阔，目标价格为20元,每日经济新闻
205,2021-04-30,中航证券给予中国卫通持有评级：我国高轨卫星互联网运营商，“十四五”公司国内业务收入有望稳定增长,每日经济新闻
206,2021-04-29,中国卫通(601698.SH)一季度归母净利1.04亿元 同比增长19.75%,智通财经
207,2021-04-29,中国卫通：一季度净利润同比增长19.75%,Wind
208,2021-04-29,509公司利润环比连增142家步入绩优股行列,证券时报网
209,2021-04-29,【天风Morning Call】晨会集萃20210429,新浪
210,2021-04-28,【天风军工】深度-卫星互联网：开启新征程，我国蓄势待发,tf防务深评
211,2021-04-28,中国卫通去年扣非净利持平 末季十大流通股东8家减持 减持股份,中国经济网
212,2021-04-28,505公司利润环比连增139家步入绩优股行列,证券时报网
213,2021-04-28,95股今日获机构买入评级,证券时报网
214,2021-04-27,中国卫通2020年实现净利润4.89亿元 同比增长9.49%,中证网
215,2021-04-27,中国卫通(601698)：净利润实现较快增长 开拓卫星互联网业务,新浪
216,2021-04-27,通信行业周报：一季度电信业发展良好 5G手机渗透率持续提升,新浪
217,2021-04-27,利润环比连增+同比暴增83匹盈利白马现身,证券时报网
218,2021-04-27,今日339公司公布年报65家业绩增幅翻倍,证券时报网
219,2021-04-27,年报解读|中国卫通营收毛利同比微降 卫星互联网有望迎新发展机遇,财联社
220,2021-04-27,【中信建投 通信】SpaceX或向更低轨道发射卫星，华为、中移动验证卫星与5G融合组网（通信周报 2021年第16期）,建投通信研究
221,2021-04-27,中国卫通2020年净利4.89亿元 同比增长9.49%,C114通信网
222,2021-04-27,中信建投TMT研究最新成果,中信建投证券研究
223,2021-04-26,中国卫通：2020年度净利润约4.89亿元，同比增加9.49%,每日经济新闻
224,2021-04-26,中国卫通(601698.SH)年度归母净利同比增长9.49%至4.89亿元,智通财经
225,2021-04-26,中国卫通(601698.SH)2020年净利增长9.49%至4.89亿元拟10派0.25元,格隆汇
226,2021-04-26,中国卫通：2020年净利润同比增长9.49%,Wind
227,2021-04-26,【异动股】天基互联板块下挫，达华智能(002512-CN)跌8.62%,财华社
228,2021-04-26,【异动股】天基互联板块下挫，康拓红外(300455-CN)跌9.77%,财华社
229,2021-04-26,A股头条：支持RCEP各成员国过渡性条款先行先试 “学而思”等四家校外机构遭顶格罚款,金融界
230,2021-04-26,华创事件驱动早报4-26：中国6G专利申请量遥遥领先；优质银行业绩领跑,华创证券研究
231,2021-04-21,医美板块拉升带节奏！指数窄幅震荡之后，下一个压力位在哪里,云掌财经
232,2021-04-21,中国人寿财报靓丽，保险或将调整结束,云掌财经
233,2021-04-21,李志林丨量能不济难以持续上攻，3500点以下反复震荡,中金在线
234,2021-04-21,医美板块卷土重来！指数探底回升后，还有哪些机会值得注意——骑牛看熊4月21日投资逻辑午评,云掌财经
235,2021-04-21,快讯：北斗导航概念股异动,科创板日报
236,2021-04-21,【行情】北斗导航概念股异动，中国卫通直线拉升封板，中国卫星、中科星图、天银机电、华力创通等跟涨,金十数据
237,2021-04-21,卫星互联网板块异动，中国卫通拉升触板,Wind
238,2021-04-19,东吴证券--通信行业跟踪周报：本周专题：展望上海车展-群雄逐鹿自动驾驶【行业研究】,金融界股吧
239,2021-04-19,华尔街见闻早餐FM-Radio｜2021年4月19日,证券之星
240,2021-04-19,周末消息内参全知道,云掌财经
241,2021-04-17,多方抢筹 智能驾驶进入快车道 机构出逃 顺控发展剧烈波动,财富动力网
242,2021-04-16,白马股止跌企稳 市场向好趋势明显,财华社
243,2021-04-16,热点淘金：午后市场延续震荡反弹 板块轮动带来人气回升！,巨丰财经
244,2021-04-16,板块异动丨三个层面支撑行业发展 国防军工板块异动拉升,智通财经
245,2021-04-16,【行情】国防军工板块异动拉升，中国卫通涨超5%，亚星锚链、新兴装备、智明达、科思科技跟涨,金十数据
246,2021-04-13,东吴证券--通信行业本周专题：三大运营商乘“云”而上，华为或将重点发力云计算【行业研究】,金融界股吧
247,2021-04-12,中国卫通：4月12日获主力资金净流入2166.36万元,每日经济新闻
248,2021-04-12,通信行业周报：天翼推动5G工业物联发展 模组厂商机遇广阔,新浪
249,2021-04-12,上周融资净买入50个股排名榜,财富动力网
250,2021-04-09,电子行业周报：浙江拟建我国第五座航天发射场,新浪
251,2021-04-08,中国卫通：4月8日主力资金净流入额占板块278.75%,每日经济新闻
252,2021-04-08,题材轮动，卫星互联网趁机表现,云掌财经
253,2021-04-08,【异动股】天基互联板块拉升，天银机电(300342-CN)涨13.66%,财华社
254,2021-04-08,卫星互联网板块拉升中国卫通(601698.SH)涨超8%,格隆汇
255,2021-04-08,板块异动 | “十四五”是军工行业的快速发展期 国防军工板块持续走强,智通财经
256,2021-04-08,川财证券--科技与高端制造行业：科技及智能设备产业链日报，高端制造和科技板块整体表现一般【行业研究】,金融界股吧
257,2021-04-08,盘前情报丨北京布局氢能产业，2023年氢能产业规模目标突破500亿元,21世纪经济报道
258,2021-04-06,通信行业跟踪周报：本周专题 从华为年报看数字化转型的投资机会,新浪
259,2021-04-02,「起源太空」太空垃圾回收和太空采矿，两颗“特色”卫星今年上天,36氪
260,2021-04-01,川财证券--科技及智能设备产业链日报，信息技术服务和电脑与外围设备板块逆市表现【行业研究】,金融界股吧
261,2021-04-01,东北证券--中国卫通：国内通信卫星运营龙头，卫星互联网促发展【公司研究】,金融界股吧
262,2021-03-29,通信行业跟踪周报：中国移动年报业绩向好 政策支持下智慧交通持续发力,新浪
263,2021-03-25,中国卫通募资33亿元获国资委批,C114通信网
264,2021-03-24,A股头条之上市公司公告（3.25）,金融界
265,2021-03-24,中国卫通(601698.SH)：定增事宜获国务院国资委批复,格隆汇
266,2021-03-24,科技及智能设备产业链日报：电脑与外围设备和互联网软件与服务板块表现出色,新浪
267,2021-03-23,科技及智能设备产业链日报：软件和机械板块涨幅超过2% 表现优秀跑赢大盘,新浪
268,2021-03-18,科技及智能设备产业链日报：通信和半导体产品与设备板块涨幅领先,新浪
269,2021-03-17,开源证券--通信行业深度报告：5G+时代，星链计划和6G齐闪耀【行业研究】,金融界股吧
270,2021-03-10,中泰证券--通信行业周报：千兆光网写入政府工作报告，5G用户发展超预期【行业研究】,金融界股吧
271,2021-03-09,中国卫通跌5.73% 市值612亿去年前3季度净利3.36亿,中国经济网
272,2021-03-09,两市探底回升：航运板块活跃，钢铁股临近午盘发力,中新经纬
273,2021-03-08,东吴证券--本周专题：不同于市场一般认知，数字化转型浪潮下，为何同时看好运营商和主设备商【行业研究】,金融界股吧
274,2021-03-08,银河证券：军工行业景气度持续向好，建议四条主线布局,第一财经
275,2021-03-08,券商晨会观点速递,第一财经
276,2021-03-04,中泰证券--中泰通信行业周报：MWC聚焦5G应用，韩国5G驱动运营商增长【行业研究】,金融界股吧
277,2021-03-03,预见2021：《2021年中国卫星通信产业全景图谱》(发展现状、竞争格局和发展趋势等),前瞻研究院
278,2021-02-23,干货来了！国资委：加快国有资本优化和结构调整,Wind
279,2021-02-22,Space X将再发60颗星链卫星，今年有望成为卫星互联网元年？丨牛熊眼,第一财经
280,2021-02-22,东吴证券--通信行业跟踪周报-本周专题：更关注优质企业的成长性和持续性，无论市值大小【行业研究】,金融界股吧
281,2021-02-18,通信行业跟踪周报：春节期间海外云计算、光模块等板块走势强劲 关注容联云美股IPO挂牌,新浪
282,2021-02-18,2月18日晚间重要行业研究汇总(附股),中金在线
283,2021-02-18,军工行业周报：深调后或再现配置良机,新浪
284,2021-02-18,银河证券：“两会”日历效应明显 四条主线布局军工“两会行情”,证券时报网
285,2021-02-17,假期重磅：春节假期全球市场狂欢，A股牛年首个交易日有望收红包,腾讯网
286,2021-02-10,解密主力资金出逃股连续5日净流出334股,证券时报网
287,2021-02-10,马斯克又带货了 旗下卫星互联网公司IPO有望 行业或再迎狂欢,巨丰财经
288,2021-02-09,解密主力资金出逃股连续5日净流出370股,证券时报网
289,2021-02-08,中国卫通跌7% 公告中星9A卫星已进入寿命末期,中国经济网
290,2021-02-08,太平洋--通信行业周报：移动广电700M5G建设达成协议，承载网加速推进【行业研究】,金融界股吧
291,2021-02-05,中星9A卫星推进剂耗尽 无法保证正常工作：在轨不到4年,观察者网
292,2021-02-05,中国卫通：中星9A卫星推进剂耗尽，公司将对其资产价值重新核定,格隆汇
293,2021-02-05,中国卫通(601698.SH)：中星9A卫星已进入寿命末期,格隆汇
294,2021-02-04,长三角应急减灾和救援展加紧筹备,中国贸易报
295,2021-02-03,千亿市场开启 卫星互联网项目加速落地,上证报
296,2021-02-02,长三角国际应急博览会——深入贯彻落实长三角一体化发展，促进长三角应急管理事业协同发展,第一财经
297,2021-01-29,节前连续调整！1月收官沪指月涨幅基本归零短期关注3500支撑,财华社
298,2021-01-29,解盘：成交量低迷，航空、白酒、CRO、影视略涨,Wind
299,2021-01-29,快讯：国防军工板块早盘再度下挫 洪都航空等多股走弱,新浪
300,2021-01-29,【行情】国防军工板块下跌，洪都航空、北斗星通跌7%，航发控制、中国卫通、星网宇达等跟跌,金十数据
301,2021-01-28,主力资金：主力紧急出逃面板龙头 卖出资金超21亿元,新浪
302,2021-01-28,14股主力资金净流入超亿元,证券时报网
303,2021-01-26,中国卫通跌8% 富国基金华夏人寿等为前十大流通股东,中国经济网
304,2021-01-25,通信行业周报：中兴Q4业绩表现亮眼 全国开通71.8万5G基站,新浪
305,2021-01-25,通信行业跟踪周报：卫星互联网等数字基建再获各地政策支持 如何抓住相关投资机会？,新浪
306,2021-01-22,北向资金增仓榜：32股持股量环比增加超50%,证券时报网
307,2021-01-22,北向资金单日净流入56.78亿！加仓这些板块,e公司
308,2021-01-21,卫星互联网板块拉升,格隆汇
309,2021-01-21,【行情】卫星导航板块持续拉升，中国卫星大涨9%，中科星图涨8%，中国卫通、天银机电、华力创通跟涨,金十数据
310,2021-01-21,华创证券：中国成功发射天通一号卫星 卫星通信再次迈步,证券时报网
311,2021-01-19,华泰瑞银(08006)以758.8万港元出售35万股中国卫通股份 资产异常,智通财经
312,2021-01-15,【策略会军工专场】军工要起飞了吗？还能上车吗？（附锦囊妙计）,新浪
313,2021-01-15,军工板块指数一度大跌近4%,格隆汇
314,2021-01-12,财经早茶∣钛白粉价格调涨；美股三大指数集体收跌，特斯拉大跌，蔚来逆市大涨,证券时报网
315,2021-01-12,马斯克“星链”获英国批准 卫星互联网加快商业化,证券时报网
316,2021-01-07,军工企业订单饱满行业景气高,证券导报
317,2021-01-05,华泰瑞银(08006.HK)1月5日以241.9万港元收购10万股中国卫通股份有,格隆汇
318,2021-01-05,巨·大盘丨中小板强势补涨 创业板指数上摸3100点（0105）,巨丰财经
319,2021-01-05,快讯：军工板块午后再拉升 中国卫星直线封板,新浪
320,2021-01-05,【行情】军工板块午后再度拉升，中国卫星直线封板，中国卫通、北斗星通、天箭科技、中航沈飞等直线拉升,金十数据
321,2021-01-05,预见2021：《2021年中国卫星产业全景图谱》(附发展现状、竞争状况、发展趋势等),前瞻研究院
322,2021-01-05,北向资金增仓榜：50股持股量环比增加超50%,证券时报网
323,2021-01-04,华泰瑞银(08006)购买25万股中国卫通股份及100万股京东方A股份,智通财经
324,2021-01-04,华泰瑞银(08006.HK)：分别收购25万股中国卫通股份及100万股京东方股份,格隆汇
325,2021-01-04,【建投中小盘】一周策略回顾与展望2021-01-04,中信建投中小市值
326,2021-01-04,今日94只股长线走稳 站上年线,证券之星
327,2021-01-04,逐鹿万亿蓝海市场！卫星互联网时代来了，市占率80%的中国卫通：抓住“新基建”机遇“上天下海”| 全景云调研,全景网
328,2021-01-04,【盘中播报】76只个股跨越牛熊分界线,证券之星
329,2021-01-04,【银河晨报】1.4丨2021十四五开局，制造业迎高质量发展时代,新浪
330,2020-12-31,卫星及应用产业链全景梳理：产业链上游门槛高,前瞻研究院
331,2020-12-31,【干货】中国卫星及应用行业产业链全景梳理及区域热力地图,前瞻研究院
332,2020-12-31,中国卫通拟募33亿实施卫星建设项目 拓展卫星服务范围向综合信息服务转型,长江商报
333,2020-12-31,中泰证券：5G投资需关注结构性机会 重视AIOT应用与终端创新驱动的市场机遇,证券时报网
334,2020-12-30,中国卫通拟定增融资不超33亿 股价盘中杀跌尾盘翻红,中国经济网
335,2020-12-30,中国卫通拟定增融资33亿元投向卫星项目,中证网
336,2020-12-30,拟33亿元造3颗通信卫星！中国卫通年末施展“吸金大法”奠基行业龙头地位,电鳗快报
337,2020-12-30,上市公司正负面新闻2020年12月30日星期三,Wind
338,2020-12-29,A股头条之上市公司（12.30）,金融界
339,2020-12-29,中国卫通(601698.SH)拟定增不超4亿股募资不超33亿元,智通财经
340,2020-12-29,公告精选丨*ST刚泰终止上市，多只连续涨停股提示风险,21世纪经济报道
341,2020-12-29,晚间重要公告2020年12月29日星期二,Wind
342,2020-12-29,中国卫通推33亿元定增计划 加码卫星项目建设,e公司
343,2020-12-29,周三最新重磅公司传闻集锦(12月30日),证券之星
344,2020-12-29,【投行参要】每日审核要点及市场动态 | 2020.12.29,兴业证券订阅号
345,2020-12-29,晚间公告｜12月29日这些公告有看头,第一财经
346,2020-12-29,12月29日上市公司晚间公告速递,新浪
347,2020-12-29,三星无限期延长LCD面板生产；腾讯联合阅文集团发起“世界文化遗产新文创计划”；北京顺义所有小区禁止快递外卖进入【Do说】,DoNews
348,2020-12-29,中国卫通：拟定增募资不超过33亿元实施卫星建设项目,TechWeb
349,2020-12-29,中国卫通(601698.SH)拟定增募资不超33亿元用于中星6D卫星项目等,格隆汇
350,2020-12-29,通信行业周报：稳中有增 云网融合,华安证券
351,2020-12-28,【东吴通信侯宾团队】通信行业点评报告：政策导向清晰，板块向上趋势确定，继续重点推荐新基建、云计算与5G应用,东吴通信互联网团队
352,2020-12-25,【机会挖掘】我国空间站核心舱明年春季发射 航天相关个股投资价值显现（附股）,证券时报网
353,2020-12-25,中国卫通总经理孙京：推进公司业务向天地一体综合信息服务转变,中证报
354,2020-12-24,中国卫通总经理孙京：目前已具备开展航空互联网业务的技术条件,每日经济新闻
355,2020-12-24,中国卫通总经理孙京：从卫星运营到C端服务，产业链迎来新机遇,每日经济新闻
356,2020-12-22,中国卫通(601698.SH)拟发放2020年前三季度现金红利 每股派发0.011元,智通财经
357,2020-12-22,中国卫通(601698.SH)：前三季拟10派0.11元 股权登记日12月28日,格隆汇
358,2020-12-21,通信行业周报20201221：面向2021 电信+云市场招标订单迎来回暖,新浪
359,2020-12-21,户外应急卫星通信解决方案 天海世界全自动便携卫星WiFi设备面世,砍柴网
360,2020-12-18,中国卫通：亚太6D卫星已纳入控股子公司旗下的卫星资源,Wind
361,2020-12-18,中国卫通：亚太6D卫星已纳入控股子公司旗下的卫星资源,e公司
362,2020-12-17,欧洲投73亿美元欲打造星链卫星网络 SpaceX星链获得8.86亿美元补贴,中研网
363,2020-12-10,中国卫通：已与广播电视相关单位建立长期稳定良好的业务合作关系,发布易
364,2020-12-07,通信行业周报：电信设备营收保持增长 智能手机销量降幅收窄,新浪
365,2020-12-06,通信设备及服务行业2020年第49周周报：国内主设备商竞争力更强劲 关注卫星产业机会,新浪
366,2020-12-03,中国卫通获中国证券“金紫荆奖”最佳新经济上市公司,上证报
367,2020-12-02,从纸上谈兵进入实战 中国卫通拟探索C端市场,证券日报
368,2020-12-02,中国卫通：提供卫星互联网中国方案,上证报
369,2020-12-01,A股明日风口：TWS耳机芯片缺货严重 情况或持续到明年Q2,新浪
370,2020-12-01,工信部：加快《卫星通信网无线电频率和地球站管理规定》规章立法,Wind
371,2020-12-01,工信部：加快《卫星通信网无线电频率和地球站管理规定》规章立法,e公司
372,2020-12-01,通信行业：关注物联网与卫星互联网,新浪
373,2020-12-01,中信建投TMT团队最新研究观点,中信建投证券研究
374,2020-11-30,通信行业周报：智能控制器景气度提升 世界5G大会聚焦应用,新浪
375,2020-11-30,通信本周专题：新基建持续推进 重点看好主设备、IDC、光模块和数字化转型服务提供商,新浪
376,2020-11-30,中信建投：建议重视5G应用带来的投资机会 重点是智能网联汽车,e公司
377,2020-11-29,【国君通信|年度策略】新型基建正浓，应用燎原前夜—通信2021年度投资策略,程风信语
378,2020-11-27,戴森未来五年投资27.5亿英镑拓展产品线，重点研发固态电池；哈啰出行换电业务启用全新品牌“小哈换电”丨【每日播报】,阿特列斯如是说
379,2020-11-27,6G规划的应用场景远超5G 大规模商业化可能于2030年实现,证券时报
380,2020-11-27,小K播早报！工信部等开展5G+医疗健康试点项目IGBT产能持续紧缺,科创板日报
381,2020-11-27,中兴通讯等多家公司布局6G 市场规模远超5G,证券时报网
382,2020-11-27,市场规模远超5G，多家上市公司布局6G,Wind
383,2020-11-27,市场规模远超5G 多家上市公司布局6G,证券时报
384,2020-11-26,美股纳斯达克收盘创历史新高 科技股有望顺势跟涨,巨丰财经
385,2020-11-26,快讯：国防军工板块异动拉升 江龙船艇涨超12%,新浪
386,2020-11-26,【行情】国防军工板块异动拉升，江龙船艇涨超6%，中国卫通、安达维尔、中航飞机、新余国科等跟涨,金十数据
387,2020-11-26,行业重磅大会举行 概念股提前躁动 5G产业链投资机会有哪些？,第一财经
388,2020-11-26,中国6G研发去年已开始，市场规模远超5G,21世纪经济报道
389,2020-11-26,盘前情报丨高盛建议高配A股，中国6G研发去年已开始，附概念股名单,21世纪经济报道
390,2020-11-26,这些上市公司在6G技术上有所布局,证券时报网
391,2020-11-26,6G概念股仅20只 这些通信公司有相关业务,第一财经
392,2020-11-26,A股头条：境外疫情输入风险进一步加大，深交所强调提高新股定价市场化水平,金融界
393,2020-11-25,A股头条之上市公司（11.26）,金融界
394,2020-11-25,中国卫通拟采购卫星、运载火箭及相关技术服务,上证报
395,2020-11-25,中国卫通(601698.SH)拟新增与五院及火箭研究院的日常关联交易共计39.18亿元,智通财经
396,2020-11-25,中国卫通：为尽快满足市场需求 拟39.18亿元采购卫星、运载火箭及相应服务,发布易
397,2020-11-25,中国卫通(601698.SH)拟采购卫星及AIT技术服务、长征三号乙增强型运载火箭,格隆汇
398,2020-11-23,创新航空互联网应用服务 赋能航空运输业数字化高质量发展,中国青年网
399,2020-11-21,【招商通信余俊团队】通信行业2021年度投资策略：百转千回，蓄势待发,俊Sir通信研究
400,2020-11-20,10只次新股股价已破发（附名单） 连续下跌,证券时报网
401,2020-11-20,推动“航天+”产业高质量发展，星航互联揭牌成立,科技日报
402,2020-11-20,通信行业：5G SA＋KA卫星融合组网试验成功 卫星互联网或再进一步,新浪
403,2020-11-19,11月20日走进中国卫通 解读高通量卫星运营服务商|全景云调研,全景网
404,2020-11-18,破发次新股一览 连续下跌,证券时报网
405,2020-11-18,业界首个5G SA+Ka高通量卫星系统融合组网试验取得圆满成功,--
406,2020-11-17,11月17日主力资金净流出424亿元,证券时报网
407,2020-11-10,【东吴晨报1110】【行业】汽车、通信、电新【个股】新东方-S,东吴研究所
408,2020-11-09,【东吴通信侯宾团队】本周专题：三季度持仓小幅度下滑，“龙头集中”明显,东吴通信互联网团队
409,2020-11-06,A股头条之上市公司（11.7）,金融界
410,2020-11-06,中国卫通(601698.SH)：亚太通信拟与关联方共设合资公司采购亚太6E卫星,格隆汇
411,2020-11-06,中国卫通成立星航互联科技公司，注册资本1亿元,企查查
412,2020-11-05,149股今日获机构买入评级,证券时报网
413,2020-11-05,45只股遭北向资金减仓超20%,证券时报网
414,2020-11-04,北向资金增仓榜：24股持股量环比增加超50%,证券时报网
415,2020-11-02,中国卫通前三季度扣非后净利下滑12% 股价今跌3% 盈利能力下降,中国经济网
416,2020-10-30,中国卫通(601698.SH)：前三季净利升9.68%至3.36亿元,格隆汇
417,2020-10-30,中国卫通：拟每10股分红0.11元,中证网
418,2020-10-30,中国卫通：前三季度净利润同比增长9.68%,Wind
419,2020-10-27,大摩上调SpaceX估值近一倍星链项目成最大推动力卫星互联网有望加速商业化,科创板日报
420,2020-10-22,2020PT展：布局5G技术革新,中国贸易报
421,2020-10-20,物联网领域迎来重磅利好，有望带来这些产业链投资机会,第一财经
422,2020-10-15,“太空狂人”马斯克的“星链”即将公测 中国卫星互联网时代何时到来？,每日经济新闻
423,2020-09-30,通信行业周报：5G建设稳步推进中 广电加快5G应用场景推广,渤海证券
424,2020-09-30,【通信】5G建设稳步推进中，广电加快5G应用场景推广——通信行业周报——中性,渤海证券研究
425,2020-09-29,北斗卫星大国重器，自主可控全景解析丨开源证券通信,开源证券研究所
426,2020-09-29,亚太卫星(01045)与中国卫通重续转发器及通信服务框架协议,智通财经
427,2020-09-27,通信本周专题：华为发力自动驾驶 建议关注车联网、云计算等赛道投资机会,新浪
428,2020-09-27,【国君通信】以业绩为基，三个方向维度探寻Q4通信最佳配置方向（周观点0928-1004）,程风信语
429,2020-09-25,中国卫通拟与国华卫星基金共同投资设立子公司星航互联,C114通信网
430,2020-09-25,股海导航 9月25日沪深股市公告提示,新浪
431,2020-09-25,上市公司正负面新闻2020年9月25日星期五,Wind
432,2020-09-24,财闻点金：新疆维吾尔自治区将迎来成立65周年 媒体密集报道,巨丰财经
433,2020-09-24,A股头条之上市公司（9.25）,金融界
434,2020-09-24,公告精选：山西省属燃气企业拟整合重组；兄弟科技等业绩大幅预增,e公司
435,2020-09-24,公告精选：山西省属燃气企业整合重组；万华化学上调10月份中国地区MDI价格,e公司
436,2020-09-24,公告精选丨天山生物称证监会调查仍在进行中；药明康德披露A股定增报告书,21世纪经济报道
437,2020-09-24,晚间重要公告2020年9月24日星期四,Wind
438,2020-09-24,9月24日晚间上市公司十大重磅公告,巨丰财经
439,2020-09-24,中国卫通：牵头组建星航互联，从事基于宽带卫星的航空互联网业务,Wind
440,2020-09-24,中国卫通：牵头组建星航互联 从事基于宽带卫星的航空互联网业务,e公司
441,2020-09-24,中国卫通(601698.SH)拟与国华卫星基金共同设立星航互联持股占比75%,格隆汇
442,2020-09-21,通信本周专题：阿里云进入2.0时代 云计算产业链加速推进 持续重点关注IDC、光模块、物联网等机会,新浪
443,2020-09-19,【国君通信|行业点评】商业小卫星需求超4000颗，加速键将按下,程风信语
444,2020-09-17,中国卫通：近期无卫星发射项目,Wind
445,2020-09-17,中泰证券：看好5G+云数据中心的新基建投资机会（附股）,证券时报网
446,2020-09-16,青岛航空战略重组：由民营转国资！,微信
447,2020-09-16,通信行业2020年中报总结：Q2整体环比改善 光器件、物联网与IDC表现突出,新浪
448,2020-09-16,40只股遭北向资金减仓超20%,证券时报网
449,2020-09-16,【太平洋通信李宏涛团队】中报综述：Q2业绩反弹明显，新基建和华为链表现亮眼,永不消失的电磁波
450,2020-09-14,北上资金流出大幅缩小回调时抢筹创业板,证券时报
451,2020-09-11,军工行业具备上涨基础 看多军工板块 6股热,证券时报
452,2020-09-09,军工板块持续走强 通裕重工、银邦股份等多股涨停 近15股涨幅超10%,金融界
453,2020-09-07,通信行业周报：5G建设稳步推进 云+端持续景气,新浪
454,2020-09-07,国防军工2020年半年报综述：Q2呈现恢复式增长 全年有望稳定提升,新浪
455,2020-09-07,通信行业本周专题：20H1通信设备商业绩明显改善 继续关注5G高景气领域,新浪
456,2020-09-07,【通信&传媒&汽车&计算机&高端装备】步入顺周期的乘用车板块,国泰君安证券研究
457,2020-09-07,民生军工行业周报：军工H1业绩小幅下滑 Q2呈现恢复式增长,新浪
458,2020-09-06,通信设备及服务行业2020年半年报总结及展望：Q2环比改善 光模块、IDC、卫星北斗表现亮眼,新浪
459,2020-09-03,“中国神化”、“中国神航”要来了？,中证报
460,2020-09-02,宁高宁首次表态“两化”合并！“中国神化”“中国神航”要来了？,中证报
461,2020-09-01,中国卫星、长城工业持股公司注册资本增至1.32亿，增幅120%,证券时报网
462,2020-08-31,A股8月收官：沪深两市突破万亿，市场氛围仍趋于谨慎,搜狐
463,2020-08-31,军工股，第二波机会来了,证券之星
464,2020-08-31,31日强势板块分析：数字货币概念活跃 军工板块走强,证券时报网
465,2020-08-31,中国卫通：2020年上半年实现净利润1.9亿元,中证网
466,2020-08-31,中国卫通上半年扣非后净利降21% 广发四基金减持凶猛 盈利能力下降,中国经济网
467,2020-08-31,中国神航要来？两大千亿级集团大动作，军工风再起,券商中国
468,2020-08-30,中国卫通2020上半年营收12.64亿元 同比减少3.94% 盈利能力下降,C114通信网
469,2020-08-30,【安信中小盘】次新股资讯0830,AX中小盘研究
470,2020-08-30,中国卫通(601698.SH)：上半年净利降8.33%至1.91亿元 盈利能力下降,格隆汇
471,2020-08-30,中国卫通：上半年净利润同比减少8.33%,Wind
472,2020-08-28,【研报掘金】军工行业发展进入快车道 坚定看好后续板块行情,证券时报网
473,2020-08-27,【安信中小盘】创业板注册制首批公司获得市场认可-中小市值周报20200831,AX中小盘研究
474,2020-08-25,上市房企业绩完成率近五成后市如何“抢收”成关键,中国建设报
475,2020-08-24,军工行业周报：军工电子元器件景气上行 看好后续投资价值,新浪
476,2020-08-21,巨丰数据赢｜北上资金流出开始趋缓 这一消费电子龙头已获资金关注,巨丰财经
477,2020-08-20,股市女神：市场弱势下跌明日能否企稳反弹,金融界
478,2020-08-20,市场情绪陷入冰点，接下来还会大跌吗？,中财网
479,2020-08-20,沪指跌1.3%，创业板失守2600点 ，军工、种业概念大跌,港股那点事
480,2020-08-20,A股缩量下行沪指跌超1%交易规则改变在即市场避险情绪较强,财华社
481,2020-08-20,沪深股市缩量下跌：成交不足9000亿，创指失守2600点,澎湃新闻
482,2020-08-20,军工板块午后大跌,格隆汇
483,2020-08-20,【行情】军工股午后继续下挫，光启技术逼近跌停，景嘉微、中国卫通、中国卫星等个股大跌逾6% 连续下跌,金十数据
484,2020-08-19,军工股探底回升 中国卫星涨停,e公司
485,2020-08-19,卫星互联网深度研究报告：星汉灿烂 “新基建”下卫星互联网蓄势待发 产业链机遇几何？,新浪
486,2020-08-18,2020年中国航天大会将在9月召开 关注相关上市公司（附股）,证券时报网
487,2020-08-18,大涨之后或现分歧,搜狐
488,2020-08-17,【国君通信】运营商经营将持续改善，关注卫通赛道（周观点0817-0823）,程风信语
489,2020-08-17,主力资金：3只科技股获主力尾盘抢筹 杀入资金超4亿元,金融界
490,2020-08-17,巨·热点|市场放量强势上涨 大金融板块受追捧！,巨丰财经
491,2020-08-17,快讯：北斗导航板块表现活跃 中国卫星涨幅9.06%居首,证券日报
492,2020-08-17,军工行业重大事项点评：航天五院推进宇航系统总体重组 军工混改有望加速,新浪
493,2020-08-17,军工股纷纷走强,格隆汇
494,2020-08-17,军工股走强 中国卫星、景嘉微涨停,e公司
495,2020-08-17,8月17日盘前重要公司新闻,中国证券网
496,2020-08-17,本周前瞻丨郭树清周末重磅发声，A股怎么走？10大券商把脉：下一轮上涨要来，将挑战新高！,21世纪经济报道
497,2020-08-17,中国航天科技集团五院宇航系统总体重组 集团改革加速（附股）,证券时报网
498,2020-08-17,宇航系统总体重组 航天科技集团改革加速,上证报
499,2020-08-15,宇航系统总体重组！航天科技集团五院改革，上市公司影响几何？,上证报
500,2020-08-13,36氪首发 |从应急赛道切入卫星通信系统，「控维通信」完成千万级A轮融资,36氪
501,2020-08-12,多家房企前7月销售业绩向好,中证报
502,2020-08-11,破发次新股一览 连续下跌,证券时报网
503,2020-08-11,通信行业月报：5G建设效应显现 把握行业确定性投资机会,渤海证券
504,2020-08-11,中国卫通董事会换届 提名李忠宝、孙京等为非独立董事候选人,C114通信网
505,2020-08-10,军工股早盘集体拉升 北斗星通等多股涨停,中国经济网
506,2020-08-10,民生军工行业周报：行业发展进入快车道 持续看好军工投资价值,新浪
507,2020-08-10,微信苹果二选一 果粉换手机！iPhone 12或支持北斗导航 苹果受不了啦？,金融投资网
508,2020-08-10,本周前瞻丨调整即是机会？A股买什么？最新券商策略这样说,21世纪经济报道
509,2020-08-09,"微信苹果二选一？iPhone 12忽传多条""示好""",Wind
510,2020-08-06,71只股股价创历史新高,证券时报网
511,2020-08-05,巨·热点｜两市振幅加大 板块切换现常态 五大题材受追捧！,巨丰财经
512,2020-08-05,北斗催生4千亿产值，概念股上演涨停潮，有企业花400万蹭热点打水漂,搜狐
513,2020-08-05,【异动股】天基互联板块拉升，亚光科技(300123-CN)涨停,财华社
514,2020-08-05,【通信】中报行情有望展开，重点关注通信绩优品种——通信行业周报——看好（联系人：徐勇）,渤海证券研究
515,2020-08-04,特斯拉出猛料：主力抢筹5只概念股 最高扫货超6亿,新浪
516,2020-08-04,北斗概念股的“冰与火”：全产业链冲刺4000亿，龙头股却1年亏6亿,搜狐
517,2020-08-04,68只A股筹码大换手（8月4日）,证券时报网
518,2020-08-04,A股早报2020年8月4日星期二,Wind
519,2020-08-04,通信跟踪周报：本周专题 Q2机构超配IDC、光模块以及物联网板块 持续看好科技新基建板块的绩优个股,新浪
520,2020-08-04,巨丰早评：八月开门红之后将惯性上冲,巨丰财经
521,2020-08-04,8月A股放量开门红释放哪些信号，还有哪些股可以买,澎湃新闻
522,2020-08-04,国产率100%！卖到120个国家和地区 产业总产值将超4千亿元 超10股涨停,中财网
523,2020-08-04,下一代北斗建设已经着手,中证报
524,2020-08-04,8月A股喜迎开门红，券商看好军工板块,Wind
525,2020-08-03,严重超跌的军工概念股：大飞机战略供应商，军用设备龙头,搜狐
526,2020-08-03,利好刺激北斗导航概念上演涨停潮：概念股哪家强？,金融投资网
527,2020-08-03,6只次新股股价已破发（附名单） 连续下跌,证券时报网
528,2020-08-03,101股主力资金净流入超亿元,证券时报网
529,2020-08-03,涨停板解密：市场火爆，多板块个股掀涨停潮！（8月3日）,Wind
530,2020-08-03,8月开门红！A股高开高走创指涨近3% 军工科技爆发掀涨停潮,搜狐
531,2020-08-03,北斗导航概念股今日集体爆发｜数据观察,第一财经
532,2020-08-03,【新华500】新华500指数（989001）放量上涨1.74% 逾20只个股涨停,新华网
533,2020-08-03,北斗三号全球卫星导航系统全面建成 卫星导航迎来涨停潮,长江商报
534,2020-08-03,放量上扬：沪指涨1.75%，深市涨逾2%，北向资金净流出,澎湃新闻
535,2020-08-03,巨丰收评：科创板暴涨7% 多板块爆发涨停潮,巨丰财经
536,2020-08-03,巨丰资金流向：市场迎来强势反弹 近26亿主力流向军工板块！,巨丰财经
537,2020-08-03,8月3日午后两市机构大单抢筹40股(名单),金融界
538,2020-08-03,快讯：军工板块午后继续上攻 江航装备大涨27%,新浪
539,2020-08-03,科创50涨6%，军工板块上演涨停潮，机构建议三主线配置,中证报
540,2020-08-03,8月3日午盘主力巨资抢筹四大板块(附股),金融界
541,2020-08-03,午盘：沪指涨1.08%创业板指涨1.85%军工股掀涨停潮,金融界
542,2020-08-03,沪指半日涨1.08% 国防军工板块掀涨停潮,中证网
543,2020-08-03,165只股上午收盘涨停(附股),证券时报网
544,2020-08-03,新华500指数午盘报5089.97点 涨1.06%,新华网
545,2020-08-03,军工股掀涨停潮 逾30股涨停,e公司
546,2020-08-03,快讯：大飞机板块早盘表现强势涨5.63% 银邦股份等9只概念股联袂涨停,证券日报
547,2020-08-03,国防军工掀涨停潮 北方导航等逾10股涨停,中国经济网
548,2020-08-03,卫星导航板块拉升 北斗星通、天奥电子等多股涨停,中证网
549,2020-08-03,【行情】卫星导航板块大涨，北斗星通、天奥电子、合众思壮、中国卫星、启明信息涨停，华测导航逼近涨停，中国卫通、中海达等大幅跟涨,金十数据
550,2020-07-31,百亿资金搏杀芯片龙头股，主力扫货近30亿元！科技股抢筹名单来了,证券时报网
551,2020-07-30,快讯：北斗导航板块涨2.59% 中科星图、北斗星通涨停,证券日报
552,2020-07-30,北斗卫星系统全面完成部署 机构：相关产业链有望受益丨牛熊眼,第一财经
553,2020-07-30,【异动股】北斗导航板块拉升，中科星图(688568-CN)涨停,财华社
554,2020-07-28,A股明日风口：发改委下发通知有序推进县城智慧化改造,新浪
555,2020-07-28,北向资金增仓榜：40股持股量环比增加超30%,证券时报网
556,2020-07-27,民生军工行业周报：基金持股比例持续下降 布局军工价值显著着,新浪
557,2020-07-25,震荡行情活跃股揭秘：160股筹码换了一半,证券时报
558,2020-07-24,A股收评：三大指数大幅走弱创业板指跌逾6%，题材概念全线飘绿 连续下跌,格隆汇
559,2020-07-24,“天问一号”远征火星军工板块持续活跃,证券时报
560,2020-07-23,刚刚，天问一号飞向火星，概念股大爆发，这些滞涨军工股请及时收藏！,搜狐
561,2020-07-23,刚刚天问一号飞向火星：概念股大爆发 多家公司表态有参与,新浪
562,2020-07-23,涨停复盘：天问一号发射成功航空板块大涨医疗行业持续拉升,金融界
563,2020-07-23,天问一号发射成功 航空板块大涨 新余国科、中航沈飞涨停,金融界
564,2020-07-23,中国首次火星探测任务探测器成功发射 关注相关受益股（附股）,证券时报网
565,2020-07-23,历史时刻！天问一号飞向火星，开启7个月旅程，概念股已躁动,证券时报网
566,2020-07-23,出征火星！天问一号发射升空 航天产业链要嗨？,科创板日报
567,2020-07-23,【行情】北斗导航板块拉升，北斗星通涨4.1%，中国卫通涨2.8%,金十数据
568,2020-07-22,【天风军工】军工股的下一个阶段：开启战略价值重估,tf防务深评
569,2020-07-21,7月21日异动股点评：蚂蚁上市引爆概念股 盘点四牛与四熊,中财网
570,2020-07-21,军工概念集体回调 航天电器跌超7%,e公司
571,2020-07-21,A股融资融券日报：两融余额增加127.02亿元（7月20日）,Wind
572,2020-07-21,A股重上3300点！百股涨停、339家公司创本月新高,Wind
573,2020-07-20,A股明日风口：蚂蚁集团计划寻求A+H同步发行上市,新浪
574,2020-07-20,“八一”临近，军工板块集体爆发，市值飙升，主力扫货。附：北上资金增持军工股名单,证券时报网
575,2020-07-20,中国卫通现1笔大宗交易 共成交228.80万元,新浪
576,2020-07-20,中国卫通今日大宗交易成交10.40万股，成交价22.0元折价9.09%,Wind
577,2020-07-20,工业、材料批量涨停，经济复苏打造“强国牛”,Wind
578,2020-07-20,177只股涨停最大封单资金8.81亿元,证券时报网
579,2020-07-20,天风策略对话军工：国内大循环之军工板块的投资机会,Wind
580,2020-07-17,中天火箭IPO过会、九天微星拟冲刺科创板，A股卫星产业链持续扩容,21世纪经济报道
581,2020-07-17,云计算市场水大鱼大 云巨头去库存周期结束,国金证券
582,2020-07-17,A股异动丨中国卫通(601698.SH)涨4.4%间接参股的中天火箭首发过会,格隆汇
583,2020-07-17,【国金研究】通信行业2020年中期策略：拥抱趋势，超配龙头,国金证券研究所
584,2020-07-17,【有声早报】华龙证券7月17日财经早报,华龙掘金
585,2020-07-17,国金证券通信行业2020年中期策略：拥抱趋势超配龙头,金融界
586,2020-07-17,7月17日操盘必读：影响股市利好与利空消息,新浪
587,2020-07-17,7月17日热点概念与题材前瞻,新浪
588,2020-07-16,8只次新股股价已破发（附名单） 连续下跌,证券时报网
589,2020-07-16,航天科技研制的多种卫星为抗洪救灾助力,中国机经网
590,2020-07-15,华创事件驱动早报7-15：腾讯正式推出微信小商店；火星探测任务即将启动,华创证券研究
591,2020-07-15,【通信】中报行情逐步展开，关注业绩高增长5G品种——通信行业周报——中性（联系人：徐勇）,渤海证券研究
592,2020-07-15,【有声早报】华龙证券7月15日财经早报,华龙掘金
593,2020-07-14,109只股股价创历史新高,证券时报网
594,2020-07-14,银河科创板周报20200712：科创板将迎解禁潮 预计对市场影响度有限,科创TMT靖观其变
595,2020-07-14,快讯：通信网络板块逆市走强 机构建议关注三条投资主线,证券日报
596,2020-07-13,60只A股筹码大换手（7月13日）,证券时报网
597,2020-07-13,可实现百兆以上高速联网！国产卫星助力航班畅享网络互联,国资委
598,2020-07-13,军工板块走弱 医疗保健板块大幅拉升,红周刊
599,2020-07-13,金股预测早间版：8股有望开启估值修复,巨丰财经
600,2020-07-10,中国卫通(601698.SH)：股价异动不存在应披露而未披露重大信息,格隆汇
601,2020-07-10,中国卫通龙虎榜数据(7月10日）,Wind
602,2020-07-10,33股每笔成交量增超50%,证券时报网
603,2020-07-10,154只股股价创历史新高,证券时报网
604,2020-07-10,64只A股筹码大换手（7月10日）,证券时报网
605,2020-07-10,国防军工2020年中期策略报告：拨云见日 看好全年业绩增长,新浪
606,2020-07-10,A股低开：沪指跌0.92%，金融股资源股集体走弱,中新经纬
607,2020-07-10,军工行业景气度持续提升,中证网
608,2020-07-10,A股早报2020年7月10日星期五,Wind
609,2020-07-10,军工行业景气度持续提升,中证报
610,2020-07-10,军工景气度持续提升 预计资金将向航空、航天领域集中,中证报
611,2020-07-09,上市首日暴涨超1000%！刷新科创板纪录，这只新股彻底火,国际金融报
612,2020-07-09,“民航新基建”：青岛破题,民航资源网
613,2020-07-09,好股票APP|今日要闻必读：大蓝筹成龙头继续狂奔 后期机会在哪里？,巨丰财经
614,2020-07-09,185只股股价创历史新高,证券时报网
615,2020-07-09,震惊A股！赚钱神话上演：最高暴涨1000%,中国基金报
616,2020-07-09,5G建设加速推进，行业景气度提升，关注产业链股,证券时报网
617,2020-07-09,通信行业月报：5G建设加速推进中 通信行业景气度有效提升,渤海证券
618,2020-07-09,A股收评：创业板指涨近4%，国防军工板块掀起涨停潮,格隆汇
619,2020-07-09,A股收盘综述：上证指数涨1.39%录得8连升，创业板指大涨4%,Wind
620,2020-07-09,142只股上午收盘涨停(附股),证券时报网
621,2020-07-09,解盘：300亿资金流入，光刻胶、次新股、生物疫苗领涨,Wind
622,2020-07-09,A股午盘综述：上证指数涨逾1%，创业板指涨3.7%,Wind
623,2020-07-09,军工板块大涨 多股一字涨停,第一财经
624,2020-07-09,军工板块盘中拉升 多股涨停,中证网
625,2020-07-09,军工板块持续活跃，中船防务等涨停，关注两投资主线,证券时报网
626,2020-07-09,军工板块大幅高开 中航沈飞等6股涨停,金融界
627,2020-07-09,国防军工板块受资金热捧，三主线把握投资机会丨牛熊眼,第一财经
628,2020-07-09,中国卫通盘中创历史新高,证券时报网
629,2020-07-09,快讯：军工板块早盘再度活跃 中国卫通等多股涨停,新浪
630,2020-07-09,军工板块延续强势 多股涨停,e公司
631,2020-07-09,A股早评：沪指开盘持平、创业板指低开0.1%军工股继续走强,格隆汇
632,2020-07-09,军工板块大涨中船防务等多股涨停,格隆汇
633,2020-07-09,A股早报2020年7月9日星期四,Wind
634,2020-07-09,沪指连升7日站上3400点 震荡上扬是A股后市主基调,大众证券报
635,2020-07-09,军工板块吹响冲锋号A股继续强势上攻,证券时报
636,2020-07-08,【招商策略】资金回流券商板块，外资流入边际趋缓 ——7月8日复盘笔记,招商策略研究
637,2020-07-08,关注军工优质低估值品种修复行情 五股机遇,证券时报
638,2020-07-08,沪指站上3400点，成交却萎缩了2000亿！北上资金情绪有变，这一冷门板块获连续买入，龙头股集体爆发,证券时报网
639,2020-07-08,策略日报：大盘震荡上行 军工、券商领涨,新浪
640,2020-07-08,沪指“七连涨”站上3400点，券商板块再掀涨停潮！下一步怎么走？,21财闻汇
641,2020-07-08,非银金融卷土重来！A股总市值增至78.05万亿，资金流向释放这一信号,中证报
642,2020-07-08,55亿主力资金近三日杀入十大军工集团概念股,证券时报网
643,2020-07-08,85股主力资金净流入超亿元,证券时报网
644,2020-07-08,行情火热家电股遇冷：美的集团却被外资“买爆” 原因是什么？,红周刊
645,2020-07-08,A股强势沪指七连阳重上3400点两市成交额连续三日破1.5万亿,财华社
646,2020-07-08,行情火热家电股遇冷，这只标的却被外资“买爆”，原因是什么？,红周刊
647,2020-07-08,成交量连续3日超1.5万亿，指数站上3400点整数关口！,Wind
648,2020-07-08,7月8日复盘：强势市场该如何布局 主力资金出击7股,新浪
649,2020-07-08,7日强势板块分析：军工板块爆发 券商股再活跃,证券时报网
650,2020-07-08,178只股涨停最大封单资金7.77亿元,证券时报网
651,2020-07-08,沪指站上3400点！军工板块领涨，A股市场上涨势头不减,澎湃新闻
652,2020-07-08,沪指收涨1.74%站上3400点 券商板块再度爆发,上证报
653,2020-07-08,【新华500】新华500指数（989001）8日缩量上涨1.72%,新华网
654,2020-07-08,收评：沪指涨1.74%站上3400点 券商股再度爆发军工板块掀涨停潮,金融界
655,2020-07-08,广电计量助力中国第一架ka高速互联网飞机首航,中国证券网
656,2020-07-08,收评：指数表现强势沪指涨1.7% 券商军工板块领涨,新浪
657,2020-07-08,A股收盘综述：上证指数连升7日站上3400点,Wind
658,2020-07-08,航天电器涨7.44%，股价创历史新高,证券时报网
659,2020-07-08,港A市场军工股全线大涨中船防务(0317.HK)涨超20%,格隆汇
660,2020-07-08,87只股上午收盘涨停(附股),证券时报网
661,2020-07-08,新华500指数午盘报5051.57点 涨0.75%,新华网
662,2020-07-08,快讯：北斗导航板块异动拉升3.04% 中国卫通涨停,证券日报
663,2020-07-08,快讯：航天军工板块走强涨逾2% 5只概念股冲至涨停,证券日报
664,2020-07-08,解盘：超200亿资金流入，稀土永磁、军工、新材料领涨,Wind
665,2020-07-08,A股午盘综述：上证指数涨0.74%，两市半日成交额超9000亿元,Wind
666,2020-07-08,【异动股】天基互联板块拉升，中国卫通(601698-CN)涨停,财华社
667,2020-07-08,快讯：大飞机板块走强 机构给出两条投资主线,证券日报
668,2020-07-08,【行情】卫星导航概念早盘持续走强，中国卫通拉升涨停，新研股份、华测导航、中国卫星等多股大涨,金十数据
669,2020-07-08,【行情】军工板块持续拉升，中国卫通、中航沈飞涨停，洪都航空、北斗星通、中船防务、航天发展等个股集体走高,金十数据
670,2020-07-08,卫星导航板块走强 中国卫通(601698.SH)涨停,格隆汇
671,2020-07-08,快讯：卫星导航概念早盘持续走强 中国卫通拉升涨停,新浪
672,2020-07-08,卫星导航板块急速拉升，中国卫通率先涨停,Wind
673,2020-07-08,大飞机板块走强 中航沈飞涨停,金融界
674,2020-07-08,快讯：大飞机概念股盘中走强 中航沈飞直拉涨停,新浪
675,2020-07-08,首架高速卫星互联网飞机首航：可百兆以上高速率联网,经济日报
676,2020-07-08,我国首架百兆卫星宽带航班首航,中国科技网
677,2020-07-07,飞机上也能开直播了！已有上市公司在布局,中国证券网
678,2020-07-07,可实现百兆以上高速联网：国产卫星助力航班畅享网络互联,新华网
679,2020-07-07,推进公司业务向天地一体综合信息服务转变,中证报
680,2020-07-06,军工行业周报：ARJ21首次交付三大航 国产飞机进入主流民航市场,新浪
681,2020-06-30,限售股解禁一览 解禁,南方财经网
682,2020-06-29,【早间资讯】2020-06-29,大通证券投教基地
683,2020-06-29,6月29日沪深两市最新交易提示,金融界
684,2020-06-28,【东吴通信侯宾团队】周专题:自动驾驶渐行渐近，无人驾驶还有多远？,东吴通信互联网团队
685,2020-06-28,7月解禁市值超3600亿环比增70% 宁德时代将迎考验 解禁,金融界
686,2020-06-28,[加急]七月解禁市值超3600亿元环比激增70%下周宁德时代将迎解禁考验 解禁,金融界
687,2020-06-26,下周668亿市值限售股解禁，环比增加276.49% 解禁,Wind
688,2020-06-23,【东吴通信侯宾团队】产业资本积极投入高景气度行业，持续看好以IDC和光模块为代表的流量基建的投资机会,东吴通信互联网团队
689,2020-06-23,快讯：北斗导航板块表现抗跌 15只成份股逆市上涨,证券日报
690,2020-06-23,卫星导航概念震荡上扬 北斗三号最后一颗全球组网卫星今日发射,证券时报网
691,2020-06-22,北斗三号最后一颗组网卫星明日发射 这些概念股将受益（附名单）,新浪
692,2020-06-22,军工行业周报：坚持实弹演习 武器装备需求持续提升,新浪
693,2020-06-22,【东吴晨报0624】【固收】【行业】汽车、电新、通信【个股】永新股份、漫步者、至纯科技,东吴研究所
694,2020-06-21,【东吴通信侯宾团队】周专题：电信业务收入持续环比提升，流量增速拐点将至？,东吴通信互联网团队
695,2020-06-21,中国卫通(601698.SH)764万股限售股将于6月29日解禁 解禁,格隆汇
696,2020-06-21,国卫通：763.75万股限售股6月29日上市流,Wind
697,2020-06-18,A股收评：医药板块领跌两市，华为概念股掀起涨停潮,格隆汇
698,2020-06-18,A股市场强势震荡：钢铁股煤炭股联袂走强，三大指数收涨,澎湃新闻
699,2020-06-14,【东吴晨报0612】【固收】【宏观】【行业】通信【个股】建设机械、完美世界,东吴研究所
700,2020-06-12,【通信*侯宾】北京新基建建设方案多维度加强持力度，持续看好5G、数据中心及物联网等环节绩优个股,东吴研究所
701,2020-06-10,北斗导航板块开盘异动拉升，华力创通涨5.78%，航天宏图涨3,--
702,2020-06-09,34只股遭北向资金减仓超20%,证券时报网
703,2020-06-08,冠军基金经理建仓中国卫通 关注中国版“星链计划”,巨丰财经
704,2020-06-08,民生军工行业周报：订单补偿式增长 看好军工全年业绩表现,新浪
705,2020-06-08,今日大盘提示和热点前瞻（附股）,新浪
706,2020-06-07,地摊网红迎利空，明天A股高位切换,新浪
707,2020-06-05,商业航天产业链深度之六：深度解析卫星通信地面系统,新浪
708,2020-06-05,41只股遭北向资金减仓超20%,证券时报网
709,2020-06-04,中国卫通(601698.SH)年报推10派0.12元 股权登记日6月12日,格隆汇
710,2020-06-03,33只股遭北向资金减仓超30%,证券时报网
711,2020-06-02,51只A股筹码大换手（6月2日）,证券时报网
712,2020-06-02,快讯：国防军工板块持续拉升 天海防务涨停,新浪
713,2020-06-02,军工股崛起，中海达率先涨停,Wind
714,2020-06-02,军工股表现活跃 大连重工涨停,e公司
715,2020-06-01,军工行业周报：SPACEX龙飞船升空 商业载人航天大幕开启,新浪
716,2020-06-01,8只次新股股价已破发（附名单） 连续下跌,证券时报网
717,2020-06-01,涨停板复盘：六月迎来开门红 消费电子、券商板块大涨,新浪
718,2020-06-01,39只A股筹码大换手（6月1日）,证券时报网
719,2020-06-01,【中金科技】航空航天科技：SpaceX实现民企全球首次载人航天发射，技术创新为我国带来启示,乐平科技视角
720,2020-06-01,美国SpaceX载人龙飞船发射成功 20万亿级别太空经济已开启,科创板日报
721,2020-06-01,大幕开启！SpaceX龙飞船升空，商业载人航天发展进入新篇章,证券时报网
722,2020-05-29,【主力资金】体外诊断板块多股涨停，主力最高杀入超20亿元,证券时报网
723,2020-05-29,28股主力资金净流入超亿元,证券时报网
724,2020-05-29,5月29日复盘：五穷已过六绝会来吗 主力资金出击10股,新浪
725,2020-05-29,涨停板复盘：5月收官三大指数飘红 创业板本月涨近1%,新浪
726,2020-05-29,A股市场主力资金净流入11.5亿元 新产业净流入额居首,中证网
727,2020-05-29,收评：五月收官战沪指涨0.22%创业板指涨1.54%北向资金净流入逾70亿元,金融界
728,2020-05-29,99只股涨停 最大封单资金22.94亿元,证券时报网
729,2020-05-29,新华500指数（989001）29日收盘涨0.36%,新华网
730,2020-05-29,A股收盘综述：上证指数涨0.22%，大消费整体走强,Wind
731,2020-05-29,北斗卫星概念股异动,格隆汇
732,2020-05-29,天基互联网题材尾盘走高，中国卫通直线涨停,Wind
733,2020-05-28,A股明日风口：整合提速 多家公司拟参建中国广电网络,新浪
734,2020-05-27,巨·热点 | 市场修复行情依旧 结构性轮动凸显 短期机会呈现！,巨丰财经
735,2020-05-27,两会瞭望之卫星互联网：雷军建言航天产业链，中国卫星奋起直追的20年,财华社
736,2020-05-27,航空航天科技-商业航天：谁能成为中国的SPACEX？,新浪
737,2020-05-27,5月27日利好及其影响个股,中财网
738,2020-05-26,5月26日券商晨会研报汇编,证券日报
739,2020-05-22,【民生军工】行业事件简评报告：国防预算增速6.6%，核心资产投资价值显著,MS国防军工
740,2020-05-22,卫星互联网板块集体崛起 航天宏图上涨7.00%居首,证券日报
741,2020-05-21,解密主力资金出逃股 连续5日净流出558股,证券时报网
742,2020-05-20,国防军工行业今日净流出资金29.52亿元，10股净流出资金超亿元,证券时报网
743,2020-05-20,【收评：消费股补跌回落，部分消费个股抄底机会临近】,财经
744,2020-05-20,【异动股】天基互联板块下挫，雷科防务(002413-CN)跌8.5%,财华社
745,2020-05-20,A股IPO年报业绩掘金榜：瓜分饕餮盛宴的六大真相,投资者网
746,2020-05-19,趋势巡航：北上资金大幅扫货名单,金融界
747,2020-05-18,港股异动丨北斗导航概念股表现活跃 北斗三号“收官之星”下月将发射,格隆汇
748,2020-05-15,被纳入“新基建”建设提速 卫星互联网未来还有哪些坎？,每日经济新闻
749,2020-05-15,5月15日午盘主力巨资抢筹四大板块(附股),金融界
750,2020-05-15,北向资金增仓榜：20股持股量环比增加超30%,证券时报网
751,2020-05-14,军工板块14日盘中发力走强 烽火电子涨逾6%,证券时报网
752,2020-05-14,上市公司开始认可“高价即品牌”,证券导报
753,2020-05-14,军工板块发力走强，机构看好“成长+改革”逻辑,证券时报网
754,2020-05-13,一箭双星成功发射！我国首个卫星物联网组网计划正式启动,电子信息产业网
755,2020-05-13,通信行业2019年报&2020一季报总结：5G与云新基建提速 AIOT开启创新周期,新浪
756,2020-05-13,热点前瞻：特斯拉或将举行电池日活动 加快推进智能感知、5G通信等公路管理中应用,巨丰财经
757,2020-05-12,掘金“上市公司品牌价值榜”：消费龙头、科技新锐携手舞出大机会 2020新锐榜单又有这些10倍股种子选手,每日经济新闻
758,2020-05-12,中泰证券：5G与云新基建提速，AIOT开启创新周期,证券时报网
759,2020-05-10,【天风军工】卫星互联网窗口期将至，空间站/火星探测/北斗打造航天大年,tf防务深评
760,2020-05-10,【华西通信】周观点：卫星互联网纳入新基建，行业加速发展,香农圆桌沙龙
761,2020-05-10,"【天风军工】星网核心推荐跟踪：航天科工""行云一号""成功发射，天基物联网星座计划正式启动，Q3或为卫星互联网窗口期",tf防务深评
762,2020-05-08,2900点得而复失，A股释放重磅信号！,华讯财经
763,2020-05-08,沪深A股主力资金合计净流入1.57亿元 格力电器净流入额居首,中证网
764,2020-05-08,巨·热点|中国电信服务器招标出炉 国产占比大幅提升 计算机板块活跃,巨丰财经
765,2020-05-08,申万宏源：中国商业航天有望迎“超级大年”,第一财经
766,2020-05-08,物联网产业进入爆发期 把握中期机会,金融界
767,2020-05-08,卫星导航概念股走强 中国卫星涨近7%,每日经济新闻
768,2020-05-08,北斗导航概念板块走强,中证网
769,2020-05-08,快讯：北斗导航概念走强 中国卫星、天银机电拉升涨逾7%,新浪
770,2020-05-08,中金公司：关注卫星“工业化时代”的投资机会,证券时报网
771,2020-05-06,长征五号B发射成功：航天产业的再度腾飞,格隆汇
772,2020-05-05,【天风军工】年报\季报分析：行业处于高景气爬坡阶段,tf防务深评
773,2020-05-05,【民生军工】军工行业2019年年报和2020年一季报综述：一季度业绩承压，全年有望稳定增长,MS国防军工
774,2020-05-02,2020年中国北斗导航行业市场现状及发展前景分析 预计全年市场规模将突破4000亿元,前瞻研究院
775,2020-05-01,卫星互联网：从缝隙市场到大众市场,中国电子报
776,2020-04-30,700亿5G基站采购落地，机构建议看好新基建投资机会丨牛熊眼,第一财经
777,2020-04-29,首次纳入新基建范畴，卫星互联网概念表现强势｜今日异动数据,第一财经
778,2020-04-27,光大证券：卫星互联网真能替代5G？,金融界
779,2020-04-27,新风口卫星互联网：战火早已熊熊燃烧,51CTO
780,2020-04-23,星链第七批已上天 卫星互联网全球竞赛开启 国内产业如何后发制人？,科创板日报
781,2020-04-23,金股预测早间版：8股有望开启估值修复,巨丰财经
782,2020-04-23,北向资金增仓榜：32股持股量环比增加超30%,证券时报网
783,2020-04-22,【研报掘金】卫星互联网首次被纳入新基建 机构一致看好这几股,证券时报网
784,2020-04-22,【信达看盘】2020.4.22,信达证券上海
785,2020-04-22,季报行情展开，关注5G建设核心品种——通信行业周报,渤海证券
786,2020-04-22,银河证券：卫星互联网纳入新基建 全产业链迎来投资机会,金融界
787,2020-04-22,【行业点评】军工丨卫星互联网之九： 卫星互联网纳入新基建，全产业链迎来投资机会,中国银河证券研究
788,2020-04-22,股王争霸即将见分晓 冠军落谁家大戏上演,南方财经网
789,2020-04-21,卫星互联网首次被列入“新基建” 机构预计未来市场超千亿,中国财富网
790,2020-04-21,负油价利空来袭A股难独善其身新基建发力带动市场局部回暖,财华社
791,2020-04-21,36只A股筹码大换手（4月21日）,证券时报网
792,2020-04-21,巨·个股|新基建又添“新丁”！卫星互联网助力5G，两大垄断性龙头有望受益,巨丰财经
793,2020-04-21,涨停板复盘：指数午后震荡反弹 大基建卷土重来,新浪
794,2020-04-21,沪指跌0.9% 电信运营板块逆市领涨,中新经纬
795,2020-04-21,卫星互联网首次被纳入“新基建”范畴 相关商业机会看四大方向,科创板日报
796,2020-04-21,卫星互联网纳入新基建，引爆产业链股，天银机电两连板,证券时报网
797,2020-04-21,中国银河：卫星互联网纳入新基建 6G时代要来？(股),新浪
798,2020-04-21,晨会0421｜CARES Act：三个月的窗口期,中信证券研究
799,2020-04-21,新华500指数午盘报4049.74点 跌1.69%,新华网
800,2020-04-21,卫星互联网板块走强 中国卫通涨超7%领涨,格隆汇
801,2020-04-21,三大股指震荡走低 数据中心板块涨幅居前,上证报
802,2020-04-21,卫星互联网拉升走强中国卫通涨超7%领涨,格隆汇
803,2020-04-21,卫星导航互联网板块开盘活跃,Wind
804,2020-04-21,中信证券：卫星互联网纳入新基建，产业迎发展契机,证券时报网
805,2020-04-21,市场走强的关键,中财网
806,2020-04-21,新基建获政策加持A股再创反弹新高,证券时报
807,2020-04-20,什么是“新基建”？国家首次明确范围，阿里要在这个领域投资2000亿,每日经济新闻
808,2020-04-20,【中金电子与通信】航空航天科技：卫星互联网首次被纳入“新基建”范畴，产业面临历史发展机遇,乐平科技视角
809,2020-04-20,【万联TMT-通信|行业深度】卫星互联网产业链解析：战火早已熊熊燃烧,万联证券研究所
810,2020-04-20,巨·数据 | 基建概念继续走强 有望打破限制赚钱效应因素,巨丰财经
811,2020-04-20,31股主力资金净流入超亿元,证券时报网
812,2020-04-20,国防军工行业4月20日资金流向日报,证券时报网
813,2020-04-20,江左牛郎：市场新主线题材机会梳理,金融界
814,2020-04-20,天风证券：高薪聘火箭专家 吉利欲打造天基万物互联智能汽车,新浪
815,2020-04-20,4月20日两市机构大单抢筹40股(名单),金融界
816,2020-04-20,卫星互联网首次被纳入新基建范围，中国卫通、天银机电拉升涨停,Wind
817,2020-04-20,沪深A股主力资金合计净流出107.12亿元 沪硅产业净流入额居首,中证网
818,2020-04-20,首次被纳入“新基建”范围 卫星互联网概念全线上涨,格隆汇
819,2020-04-20,三大指数全天震荡走高 北向资金流入近18亿 题材概念回暖轮番上涨,中华网
820,2020-04-20,卫星互联网被首次纳入新基建范围 中国卫通等概念股午后走强,中证网
821,2020-04-20,连涨三日！A股全线收红，数字货币概念股大涨,中新经纬
822,2020-04-20,上证指数三连阳，卫星互联网概念午后升空,Wind
823,2020-04-20,卫星互联网概念股午后异动,证券时报网
824,2020-04-20,卫星互联网概念股走强 中国卫通、天银机电涨停,格隆汇
825,2020-04-20,卫星导航板块走高,Wind
826,2020-04-20,卫星互联网获官方纳入“新基建”产业链概念股逆市领涨,财华社
827,2020-04-20,【国君通信|事件点评】卫星互联网纳入新基建，产业链加速,程风信语
828,2020-04-19,14大消息影响下周市场，降准、降息仍将持续，明日能否破4.19魔咒？,腾讯网
829,2020-04-17,中国卫通：2019年净利润同比增长6.7%,中证网
830,2020-04-17,今日69公司公布年报7家业绩增幅翻倍,证券时报网
831,2020-04-16,中国卫通：2019年净利润同比增长6.73%,Wind
832,2020-04-15,11只次新股股价已破发（附名单） 连续下跌,证券时报网
833,2020-04-14,近一年上市新股市场表现（4月14日）,证券时报
834,2020-04-14,9只次新股股价已破发（附名单） 连续下跌,证券时报网
835,2020-04-13,北上资金流入规模扩大重点加仓机械设备股,证券时报
836,2020-04-09,中信证券：天基互联网的建设有望提速 未来市场需求空间超千亿,证券时报网
837,2020-04-09,军工｜商业航天：Oneweb申请破产，中国的天基互联网将何去何从？ 减资破产,中信证券研究
838,2020-04-08,涨停板复盘：指数窄幅震荡 题材快速轮动,新浪
839,2020-04-08,【每日晨报】0408丨中国央行预计将继续在常态政策框架内行事,中国银河证券研究
840,2020-04-07,受消息刺激卫星导航板块走强︱数据观察,第一财经
841,2020-04-07,3月27日复盘：谨防强势股补跌风险 主力资金出击14股,新浪
842,2020-04-07,巨·热点|宽松政策再加码 两市迎来普涨格局 哪些机会备受关注？,巨丰财经
843,2020-04-07,152只股涨停最大封单资金3.54亿元,证券时报网
844,2020-04-07,收评：沪指收复2800点创业板指大涨3.31%北向资金净流入逾140亿元,金融界
845,2020-04-07,上证指数收涨2%，区块链概念掀涨停潮,Wind
846,2020-04-07,利好齐发！外资汹涌杀入A股两大题材成主力扫货目标,搜狐
847,2020-04-07,早盘复盘：港A两市飘红收涨，科技、消费板块领涨大市,格隆汇
848,2020-04-07,108只股上午收盘涨停(附股),证券时报网
849,2020-04-07,巨丰投顾：农业科技全面走强 市场天平向多方倾斜,新浪
850,2020-04-07,卫星导航概念拉升，北斗三号系统建成在即，关注产业链投资机会,证券时报网
851,2020-04-07,新华500指数午盘报4042.86点 涨2.10%,新华网
852,2020-04-07,无悬念大涨，外资早盘强力扫货60亿，A股降准利好落地后该买什么？,证券时报网
853,2020-04-07,卫星导航早盘拉升 航天晨光等多股涨停,中国经济网
854,2020-04-07,太空互联网概念爆发 天银机电、中国卫星等四股涨停,金融界
855,2020-04-07,卫星导航板块走强 北斗全球组网进入冲刺阶段,格隆汇
856,2020-04-07,银河证券：“星链”系统今年覆盖北美，国内市场空间有望超百亿,证券时报网
857,2020-04-06,A股明日风口：海南印发国家体育旅游示范区发展规划,新浪
858,2020-04-05,中播控股(00471.HK)与鑫诺卫星签署战略合作协议和技术服务合同,格隆汇
859,2020-04-03,【研报掘金】危中存机军工自主可控属性强，战略性看多军工板块,证券时报网
860,2020-04-01,六神有“主” 未来“科”期,科创板日报
861,2020-03-31,【东吴通信侯宾团队】本周专题：基金二季度持仓变化预示了哪些新的投资机会？,东吴通信互联网团队
862,2020-03-30,北向资金逐步回流A股 近期增持个股曝光,巨丰财经
863,2020-03-29,【安信军工】重申看好军工板块，全年稳健增长确定性高，重点关注信息化、新材料及主机厂等方向,安信军工冯福章
864,2020-03-24,卫星导航概念风生水起，相关产业链个股备受关注丨牛熊眼,第一财经
865,2020-03-23,10只次新股股价已破发（附名单） 连续下跌,证券时报网
866,2020-03-22,【天风军工周报】一季报预计：净利润保持正增长4.1%,tf防务深评
867,2020-03-20,北向资金单日净流出102.21亿！加仓这些板块,中财网
868,2020-03-20,中国第一家保险上市路漫漫：江泰保险三易辅导券商，IPO辅导历时8年从头再来,搜狐
869,2020-03-20,中信证券：建议关注天基互联网、大飞机、新装备等产业链标的,证券时报网
870,2020-03-20,中信证券：天基互联网、大飞机、军工电子等将成军工的“新声”,金融界
871,2020-03-20,A股再迎外资进场“关键时刻”,Wind
872,2020-03-20,A股再迎外资进场“关键时刻”，富时第三次纳入，300亿已在路上,腾讯网
873,2020-03-17,巨丰数据赢｜北上资金持仓数据 三月份外资加仓个股曝光,巨丰财经
874,2020-03-16,2020年中国北斗导航行业发展现状和市场前景分析 北斗全球系统即将全面建成【组图】,前瞻研究院
875,2020-03-12,粤开策略｜资金面日报：市场震荡，资金流向何处-0312,微信
876,2020-03-12,北斗三号组网完成在即北斗概念股风云再起单日成交额261亿元,中金网
877,2020-03-11,机构预判A股位置处于历史底部 主力资金逆市买27只股,证券日报
878,2020-03-11,3000点！15天5次折返跑揭秘A股有啥新变化？,证券日报
879,2020-03-11,主力动向：3月11日特大单净流出334.57亿元,证券时报网
880,2020-03-11,A股市场主力资金净流出551.69亿元 招商轮船净流入额居首,中证网
881,2020-03-11,22股主力资金净流入超亿元,证券时报网
882,2020-03-11,三大指数全天弱势震荡，收盘后英国宣布将利率下调50个基点,金融界
883,2020-03-11,68只A股筹码大换手（3月11日）,证券时报网
884,2020-03-11,周三A股小幅高开后震荡走低 创业板领跌,中投网
885,2020-03-11,民生证券：北斗三号组网在即，产业链投资价值显著,证券时报网
886,2020-03-11,沪指跌近1%，亚太股市全线下挫，海南本地股逆势爆发 连续下跌,新京报
887,2020-03-11,3月11日两市机构大单抢筹40股(名单),金融界
888,2020-03-11,巨丰收评：大盘高开低走 低价股躁动,巨丰财经
889,2020-03-11,北斗三号组网完成在即 券商三主线围猎9只相关概念股,证券日报
890,2020-03-11,大盘短期回补缺口强烈 安心持股,金融界
891,2020-03-11,巨丰午评：沪指围绕3000点拉锯,巨丰财经
892,2020-03-11,卫星导航概念爆发，北斗三号全球组网完成在即，产业链股受关注,证券时报网
893,2020-03-11,卫星导航板块走强 北斗系统第54颗卫星升空 距全球组网一步之遥,格隆汇
894,2020-03-11,【行情】北斗卫星板块走强，天银机电、烽火电子、中国卫星封板，华力创通、中国卫通、雷科防务等涨逾6%。,金十数据
895,2020-03-11,创业板指跌近2% 北向资金大幅流出,科创板日报
896,2020-03-10,两市成交额再次突破万亿元 3000余个股上涨,新京报
897,2020-03-10,【行情】卫星导航板块尾盘持续走强，中国卫星封板，亚光科技、中国卫通跟随上涨，此前华力创通、天银机电涨停。,金十数据
898,2020-03-10,SpaceX获5亿美元新融资较原计划规模翻倍天基互联网再引关注,科创板日报
899,2020-03-10,融资金额翻倍，SpaceX估值360亿美元再超预期，天基互联网再迎脉冲,腾讯网
900,2020-03-06,军工行业|2020年春季策略：航空航天产业链持续高景气,国泰君安
901,2020-03-05,外资配置A股或提速！富时罗素最新目录公布（附全名单）,Wind
902,2020-03-04,富时罗素宣布对富时中国A50指数等多个指数季度审核变更,Wind
903,2020-03-04,4只次新股股价已破发（附名单） 连续下跌,证券时报网
904,2020-03-04,粤开：资金面日报--震荡市中资金如何配置,金融界
905,2020-03-03,解盘：人气回升，操作系统、云计算、广电系、智慧医疗领涨,Wind
906,2020-03-03,快讯：国防军工板块异动拉升 天奥电子涨停,新浪
907,2020-03-01,【天风军工 周报】强调Q1内资进入配置拐点，关注军工新基建,tf防务深评
908,2020-02-29,盈亚证券咨询两市午后震荡走强，光伏概念掀涨停潮,搜狐
909,2020-02-27,45只股遭北向资金减仓超30%,证券时报网
910,2020-02-26,【通信】5G网络建设提速，通信行业迎来高景气期——通信行业周报——看好（联系人：徐勇）,渤海证券研究
911,2020-02-25,油服板块复苏 海油发展迎来发展提速期,财经网
912,2020-02-25,102只A股筹码大换手（2月25日）,证券时报网
913,2020-02-25,【研报掘金】政府强调加快5G步伐，通信新基建或加码，景气度提升,证券时报网
914,2020-02-24,67只A股筹码大换手（2月24日）,证券时报网
915,2020-02-24,龙虎榜揭秘近五日机构最青睐44股,证券时报网
916,2020-02-23,三大主力抢同花顺 钴业巨头遭遇遗弃,南方财经网
917,2020-02-22,47只股成交活跃，筹码大换手（附股）,证券时报网
918,2020-02-22,北向资金增仓榜：26股持股量环比增加超50%,证券时报网
919,2020-02-22,科技股依然是机构布局重点 部分超涨股遭兑现,大众证券报
920,2020-02-21,超涨概念股主力资金近三日净流量排序,证券时报网
921,2020-02-21,510亿主力资金近三日撤出超涨概念股,证券时报网
922,2020-02-21,68只A股筹码大换手（2月21日）,证券时报网
923,2020-02-21,空天互联网板块大涨 中国卫星涨停,金融界
924,2020-02-21,卫星导航板块午后异动上涨,巨丰财经
925,2020-02-21,快讯：卫星导航板块异动 中国卫星封涨停,新浪
926,2020-02-21,天基互联网继续走强,证券之星
927,2020-02-21,卫星导航板块走强,Wind
928,2020-02-21,【行情】卫星导航板块异动，中国卫星封涨停，华力创通涨超8%，华测导航、海格通信、超图软件、中国卫通等跟涨。,金十数据
929,2020-02-21,大金融爆发都在喊牛市？但我想说明天别太乐观…丨山哥解盘,搜狐
930,2020-02-21,北斗三号系统将全面建成 卫星互联网前景广阔,第一财经
931,2020-02-20,五日龙虎榜追踪机构抢筹这39股,证券时报网
932,2020-02-19,2月19日股市预警| 10家公司突发利空 55亿资金流出这十股,腾讯网
933,2020-02-19,15股特大单净流入资金超2亿元,证券时报网
934,2020-02-19,次新股概念股近三日受34亿主力资金追捧,证券时报网
935,2020-02-19,两市震荡回落：沪指跌0.32% 黄金概念逆市活跃,中新经纬
936,2020-02-19,A股收评：沪指冲高回落跌0.32% 外资净流入逾60亿 两市成交额破万亿,格隆汇
937,2020-02-19,2月19日午后两市机构大单抛盘40股(名单),金融界
938,2020-02-19,2月19日早盘主力巨资出逃四大板块(附股),金融界
939,2020-02-19,天基互联网走弱,证券之星
940,2020-02-19,科技股加速，持股者的盛宴！,德邦证券微资讯
941,2020-02-19,A股早报2020年2月19日星期三,Wind
942,2020-02-19,【计算机】低轨卫星产业深度报告：软件定义卫星,东吴证券
943,2020-02-19,猎鹰看盘：增量护航的强势格局中 多留意急跌带来的机会,金融界
944,2020-02-19,赵老哥逢高抛售星期六 机构顶板和而泰涨停,财富动力网
945,2020-02-19,场外资金跑步进场！行情已有效激活 后市结构性机会将持续涌现,投资快报
946,2020-02-19,A股放量上涨中小板综合指数创20个月新高,重庆商报
947,2020-02-18,【18日资金路线图】主力资金净流出296亿元 龙虎榜机构抢筹12股,证券时报网
948,2020-02-18,2月18日A股龙虎榜揭秘，机构最青睐12股,Wind
949,2020-02-18,公牛集团被机构爆买后 这条暗线必须重视,金融界
950,2020-02-18,2月18日龙虎榜：27股出现机构身影，石英股份净买入2.12亿元,第一财经
951,2020-02-18,数据复盘｜48股主力资金净流入超亿元 北向资金净流出54亿元,证券时报网
952,2020-02-18,A股龙虎榜揭秘机构最青睐8股,证券时报
953,2020-02-18,中国卫通龙虎榜数据（2月18日）,Wind
954,2020-02-18,机构今日卖出这15股，买入石英股份2.1亿元丨牛熊眼,第一财经
955,2020-02-18,2月18日龙虎榜，机构青睐这8股,证券时报网
956,2020-02-18,上海证券交易所2020年02月18日主板交易信息,上交所
957,2020-02-18,42亿主力资金近三日杀入次新股概念股,证券时报网
958,2020-02-18,6只次新股股价已破发（附名单） 连续下跌,证券时报网
959,2020-02-18,55只A股筹码大换手（2月18日）,证券时报网
960,2020-02-18,低轨道通信卫星概念股火了 产业链带来市场新机会,通信信息报
961,2020-02-18,【天风军工】美预封锁我国大飞机，空天自主化对标半导体,tf防务深评
962,2020-02-18,A股早报2020年2月18日星期二,Wind
963,2020-02-18,三机构合买公牛集团 游资追涨国金证券,财富动力网
964,2020-02-18,游资突袭!国防军工板块掀起涨停潮,财富动力网
965,2020-02-17,SpaceX计划17日发射今年第三次星链卫星！机构一日爆买4.8亿，顶级游资接力，A股星链板块起底！,每日经济新闻
966,2020-02-17,2月17日A股龙虎榜揭秘，机构抢筹6股,Wind
967,2020-02-17,2月17日龙虎榜：11只个股出现机构身影，公牛集团净买入8.9亿元,第一财经
968,2020-02-17,数据解盘|今日北向资金合计净流入82.79亿元 券商信托板块遭主力资金抢筹,新浪
969,2020-02-17,2月17日股市预警 | 10家公司突发利空 27亿资金流出这十股,腾讯网
970,2020-02-17,A股龙虎榜揭秘机构最青睐3股,证券时报网
971,2020-02-17,24股特大单净流入资金超2亿元,证券时报网
972,2020-02-17,6只个股尾盘净流入资金超亿元,证券时报网
973,2020-02-17,2月17日龙虎榜，机构青睐这3股,证券时报网
974,2020-02-17,机构今日卖出这5股，买入公牛集团8.9亿元丨牛熊眼,第一财经
975,2020-02-17,342亿主力资金近三日撤出成交主力概念股,证券时报网
976,2020-02-17,75股主力资金净流入超亿元,证券时报网
977,2020-02-17,2月17日主力巨资抢筹四大板块(附股),金融界
978,2020-02-17,龙虎榜：物业股获三机构大幅买入 一线游资合力封板苏州固锝,第一财经
979,2020-02-17,巨丰数据赢：机构密集调研曝光主力新猎物 百亿明星私募盯上这些公司,巨丰财经
980,2020-02-17,快讯：军工板块开盘异动拉升 航天发展等5股涨停,新浪
981,2020-02-17,军工板块早盘拉升走强 海特高新涨停,中国经济网
982,2020-02-17,机构五日抢筹22股主力资金大量流入,证券时报网
983,2020-02-17,猎鹰看盘：创业板迎“火上浇油” 本周如何应对？,金融界
984,2020-02-16,【天风军工】卫星互联网：巨头入局图谱瞰其背后目标，行情仅为认知起始,tf防务深评
985,2020-02-16,锂电池股全面爆发 病毒防治开始回调,南方财经网
986,2020-02-16,三机构合买招商积余 游资大哥逢高出逃苏州固锝,南方财经网
987,2020-02-15,机构资金重点买入三类股,大众证券报
988,2020-02-14,三大股指震荡收涨，金融股强势,量化先行者
989,2020-02-14,龙虎榜全解析：北向资金问鼎营业部榜首 爆买7.25亿,新浪
990,2020-02-14,欧菲光尾盘净流入资金超亿元,证券时报网
991,2020-02-14,2月14日龙虎榜，机构青睐这9股,证券时报网
992,2020-02-14,41只A股筹码大换手（2月14日）,证券时报网
993,2020-02-14,8只次新股股价已破发（附名单） 连续下跌,证券时报
994,2020-02-14,2月14日早盘主力巨资抢筹四大板块(附股),金融界
995,2020-02-14,A股早报2020年2月14日星期五,Wind
996,2020-02-14,游资格外青睐耐威科技 机构高位抛售天齐锂业,财富动力网
997,2020-02-13,情绪再次急转直下 硬核科技股轮番上阵,华讯财经
998,2020-02-13,三大股指集体回调，地产股逆市领涨,量化先行者
999,2020-02-13,2月13日A股龙虎榜揭秘，机构抢筹14股,Wind
1000,2020-02-13,机构今日买入这14股，卖出天齐锂业1.81亿元丨牛熊眼,第一财经
1001,2020-02-13,上海证券交易所2020年02月13日主板交易信息,上交所
1002,2020-02-13,涨停板复盘：沪指止步八连阳 半导体板块逆势走强,新浪
1003,2020-02-13,京东方Ａ（股票代码：000725）微跌0.63%，资金净流出4.31亿元,搜狐
1004,2020-02-13,低轨卫星产业深度报告——软件定义卫星,透视先进制造
1005,2020-02-13,科技股加速，大盘还能继续逼空吗？,德邦证券微资讯
1006,2020-02-13,A股早报2020年2月13日星期四,Wind
1007,2020-02-13,外资机构顶格买这些；华友钴业被爆买17亿，孙哥章建平20亿暴走,腾讯网
1008,2020-02-13,光伏板块接棒A股风口 几乎全线涨停,每日经济新闻
1009,2020-02-12,云经济卡位病毒防治 功率半导体值得重视,华讯财经
1010,2020-02-12,沪指八连阳站稳2900，创业板再领涨,量化先行者
1011,2020-02-12,2月12日A股龙虎榜揭秘，机构抢筹15股,Wind
1012,2020-02-12,沪股通现身中国卫通龙虎榜净买入2002万元,证券时报网
1013,2020-02-12,主力动向：2月12日特大单净流入102.11亿元,证券时报网
1014,2020-02-12,机构今日买入这15股，卖出博腾股份7461万元丨牛熊眼,第一财经
1015,2020-02-12,沪指8连阳再创反弹新高量价背离市场谨防指数回调,财华社
1016,2020-02-12,龙虎榜机构新动向：净买入8股净卖出6股,证券时报网
1017,2020-02-12,60股主力资金净流入超亿元,证券时报网
1018,2020-02-12,港股异动 | 亚太卫星跟随控股股东走强 7交易日累计涨幅逾30%,格隆汇
1019,2020-02-12,7只次新股股价已破发（附名单） 连续下跌,证券时报网
1020,2020-02-12,巨·热点 | 市场强势格局不改 多板块掀起涨停潮！,巨丰财经
1021,2020-02-12,43只A股筹码大换手（2月12日）,证券时报网
1022,2020-02-12,2月12日主力巨资抢筹四大板块(附股),金融界
1023,2020-02-12,12日新华500指数涨1.03%,新华网
1024,2020-02-12,涨停板复盘：三大指数表现强势 题材概念表现活跃,新浪
1025,2020-02-12,125只股涨停最大封单资金23.93亿元,证券时报网
1026,2020-02-12,12日新华500指数（989001）涨1.03%,新华网
1027,2020-02-12,新华500指数收报4241.88点 涨1.03%,新华网
1028,2020-02-12,上证指数录得七连升，创业板指涨近3%刷新逾三年新高,Wind
1029,2020-02-12,卫星导航午后走强 欧比特等多股涨停,中国经济网
1030,2020-02-12,快讯：北斗卫星概念股再走强 华力创通拉升涨停,新浪
1031,2020-02-12,空天互联网概念爆发 中国卫通等5股涨停,金融界
1032,2020-02-12,【行情】北斗卫星概念股再度走强，华力创通拉升封板，中国卫通、中国卫星、航天宏图等跟涨。,金十数据
1033,2020-02-12,卫星导航板块午后走强,Wind
1034,2020-02-12,创业板指涨2.05%光伏概念表现强势,中新经纬
1035,2020-02-12,2月12日早盘两市机构大单抢筹40股(名单),金融界
1036,2020-02-12,掘金龙虎榜47股近期获机构净买入,证券时报网
1037,2020-02-12,券商首次关注3股并给予买入评级（2月12日）,Wind
1038,2020-02-11,主力动向：2月11日特大单净流出105.39亿元,证券时报网
1039,2020-02-11,44股今日获机构买入评级11股上涨空间超20%,证券时报网
1040,2020-02-11,41股主力资金净流入超亿元,证券时报网
1041,2020-02-11,2月11日午后主力巨资出逃四大板块(附股),金融界
1042,2020-02-11,早间复盘：港A两市涨跌不一，口罩、远程办公概念纷纷回落,格隆汇
1043,2020-02-11,沪指小幅上涨0.33%报2900.14点 餐饮等板块领涨,中新经纬
1044,2020-02-11,地上跑的电动车之后，马斯克的下一站直指天空之外,科创板日报
1045,2020-02-11,2月11日午盘两市机构大单抛盘40股(名单),金融界
1046,2020-02-11,2月10日龙虎榜：26只个股出现机构身影，鸿合科技净买入1.59亿元,第一财经
1047,2020-02-11,机构近期抢筹这54股你跟吗,证券时报网
1048,2020-02-11,A股早报2020年2月11日星期二,Wind
1049,2020-02-11,主力高位出逃中国卫通 机构大买力撑鸿合科技,财富动力网
1050,2020-02-11,【军工】中国卫通：我国唯一商用卫星电信运营企业，集团卫星运营核心公司,天风研究
1051,2020-02-11,板块轮动加剧，机构席位动向预示强弱切换,Wind
1052,2020-02-10,【10日资金路线图】主力资金净流出282亿元龙虎榜机构抢筹14股,证券时报网
1053,2020-02-10,工信部发放5G室内频率许可，三大重点子领域将受益丨牛熊眼,第一财经
1054,2020-02-10,2月10日A股龙虎榜揭秘，机构最青睐14股,Wind
1055,2020-02-10,36股特大单净流入资金超1亿元,证券时报网
1056,2020-02-10,数据复盘｜机构资金加仓这9股 主力资金持续流出医药生物板块,证券时报网
1057,2020-02-10,机构今日买入这14股，卖出中国卫通1.28亿元丨牛熊眼,第一财经
1058,2020-02-10,2月10日复盘：周二能否七连阳？主力重点出击8股,新浪
1059,2020-02-10,776亿资金争夺20股：主力资金重点出击8股(名单),新浪
1060,2020-02-10,2月10日午后主力巨资出逃四大板块(附股),金融界
1061,2020-02-10,早盘复盘：各大农业板块全线爆发，医药及云办公概念高位回落,格隆汇
1062,2020-02-10,2月10日早盘两市净流入前20股(名单),金融界
1063,2020-02-10,2月10日早盘两市机构大单抢筹40股(名单),金融界
1064,2020-02-10,港股低开高走 互联网医疗等板块走势强劲,腾讯网
1065,2020-02-10,三大指数冲高回落 农林牧渔板块表现抢眼,上证报
1066,2020-02-10,【信达看盘】2020.2.10,信达证券上海
1067,2020-02-10,沪指盘中翻红 农林牧渔板块领涨 医药生物板块领跌,上证报
1068,2020-02-10,港股异动 | 天基互联网炒起 控股股东A股创新高 亚太卫星(01045)涨逾11%,智通财经
1069,2020-02-10,创业板指盘中涨逾1% 农林牧渔板块涨幅居前,上证报
1070,2020-02-10,北斗卫概念股继续走强,证券之星
1071,2020-02-10,新华500指数开盘报4120.49点 跌0.58%,新华网
1072,2020-02-10,沪深两市双双低开 卫星导航概念表现强势,上证报
1073,2020-02-10,快讯：卫星导航概念早盘高开 全信股份等股涨停,新浪
1074,2020-02-10,卫星导航概念股继续攀升，中国卫通、华力创通等涨停,Wind
1075,2020-02-10,机构近期抢筹这50股你跟吗,证券时报网
1076,2020-02-10,IPO前夕猛分红 新亚电子却称“缺钱”,中国经济网
1077,2020-02-10,风起“云”涌 这则消息或将引爆本周A股云经济！,金融界
1078,2020-02-10,国外低轨卫星通信系统大规模建设 有望加快国内相应计划的实施,证券时报网
1079,2020-02-10,【东北晨会0210】恐慌情绪释放，风险偏好修复/流动性周度观察/低轨卫星通信行业深度/保险新规点评/圆通速递（深）、北信源,东北证券研究所
1080,2020-02-10,【东北军工陈鼎如/刘中玉】低轨卫星通信行业深度报告：从高轨到低轨——新起点上的卫星通信产业,东北证券研究所
1081,2020-02-10,IPO前夕猛分红，新亚电子却称“缺钱”,国际金融报
1082,2020-02-10,威迈斯IPO，上汽“功不可没”,国际金融报
1083,2020-02-09,春节后首周86只强势股创历史新高 北上资金+机构合力布局4只白马股,证券日报
1084,2020-02-09,本周股市龙虎榜一览：优刻得最受机构青睐,搜狐
1085,2020-02-08,一周273只个股突破一年新高,中财网
1086,2020-02-07,【天风军工】卫星互联网(三):测算卫星互联网制造和商用价值(Starlink及中国对标),tf防务深评
1087,2020-02-07,两市全天特大单净流出178.76亿元,中投网
1088,2020-02-07,一周活跃股排行榜：162只股换手率超50%,证券时报网
1089,2020-02-07,11股特大单净流入资金超2亿元,证券时报网
1090,2020-02-07,龙虎榜新动向：11股本周获机构及北向资金集体抢筹,证券时报网
1091,2020-02-07,吴佳栋：空头充分释放，收复缺口大战在即,金融界
1092,2020-02-07,中国卫通(601698.SH)连续3个涨停提示风险 公司静态市盈率为165.16,格隆汇
1093,2020-02-07,34股主力资金净流入超亿元,证券时报网
1094,2020-02-07,巨·热点 | 抛盘引发市场分化 主力仍在炒作这些板块！,巨丰财经
1095,2020-02-07,A股市场主力资金净流出356.03 亿元 中科曙光净流入额居首,中证网
1096,2020-02-07,2月7日复盘：下周大盘延续反弹 主力资金出击4股,新浪
1097,2020-02-07,7日新华500指数（989001）微涨0.07%,新华网
1098,2020-02-07,188只股涨停最大封单资金19.24亿元,证券时报网
1099,2020-02-07,新华500指数收报4144.69点 涨0.07%,新华网
1100,2020-02-07,2月7日午后主力巨资出逃四大板块(附股),金融界
1101,2020-02-07,2月7日午盘两市机构大单抢筹40股(名单),金融界
1102,2020-02-07,84只股上午收盘涨停(附股),证券时报网
1103,2020-02-07,新华500指数午间收报4108.05点 跌0.82%,新华网
1104,2020-02-07,2月7日早盘两市净流入前20股(名单),金融界
1105,2020-02-07,“钢铁侠”马斯克带火A股卫星导航板块中国卫星连续4日涨停,金融界
1106,2020-02-07,疫情带来机会：布局红外测温仪概念 选择哪些基金？,养基司令
1107,2020-02-07,大参考：指导网络视听平台疫情防控期间规范开展在线教育,巨丰财经
1108,2020-02-07,基本面改善 军工板块强势反弹,中证报
1109,2020-02-06,市场继续超预期强势 多题材爆发,华讯财经
1110,2020-02-06,【6日资金路线图】主力资金净流出31亿元 龙虎榜机构抢筹19股,证券时报网
1111,2020-02-06,A股龙虎榜揭秘：机构净买入个股7只，净卖出个股7只,Wind
1112,2020-02-06,中国卫通龙虎榜数据(2月6日）,Wind
1113,2020-02-06,中国卫通(601698.SH)连续2个涨停 不存在未披露的重大信息,格隆汇
1114,2020-02-06,机构今日买入这19股，卖出华海药业5.1亿元丨牛熊眼,第一财经
1115,2020-02-06,9只次新股股价已破发（附名单） 连续下跌,证券时报网
1116,2020-02-06,创业板继续领涨创逾三年新高，各板块全线反弹,量化先行者
1117,2020-02-06,碾压空头！A股抗“疫”如火如荼！一概念股望继续攀升,搜狐
1118,2020-02-06,新华500指数午盘收报4105.74点 涨1.16%,新华网
1119,2020-02-06,沪指高开0.31%报2826.89点通信运营等板块领涨,中新经纬
1120,2020-02-06,低轨卫星互联网行业深度报告：全球覆盖，群雄逐鹿,格隆汇
1121,2020-02-06,今日大盘提示和热点前瞻（附股）,新浪
1122,2020-02-05,2月5日今日强势个股分析,腾讯网
1123,2020-02-05,北斗导航板块午盘大涨 中国卫通 华测导航领涨,第一财经
1124,2020-02-05,大盘无忧，短期将挑战阻力！,腾讯网
1125,2020-02-05,主力动向：2月5日特大单净流出118.85亿元,证券时报网
1126,2020-02-05,20股主力资金净流入超亿元,证券时报网
1127,2020-02-05,巨丰资金流向：市场放量继续强反弹 247亿主力呈现净流出！,巨丰财经
1128,2020-02-05,新华500指数收报4058.81点 涨1.40%,新华网
1129,2020-02-05,早盘复盘：港A两市主要股指全线上涨，特斯拉概念股集体爆发,格隆汇
1130,2020-02-05,2月5日午盘两市净流入前20股(名单),金融界
1131,2020-02-05,2月5日午盘两市机构大单抢筹40股(名单),金融界
1132,2020-02-05,新华500指数午盘收报4079.25点 涨1.91%,上证报
1133,2020-02-05,130只股上午收盘涨停(附股),证券时报网
1134,2020-02-05,今日124只A股封板计算机行业涨幅最大,证券时报网
1135,2020-02-05,A股午评：创业板涨3.61% 远程办公、特斯拉概念股大涨,格隆汇
1136,2020-02-05,2月5日早盘主力巨资抢筹四大板块(附股),金融界
1137,2020-02-04,医药、特斯拉连番涨停后 下一个是它？,金融界
1138,2020-02-04,盯盘:76股暴力拉升 6股秒停,中财网
1139,2020-02-04,元月赛事收官 察猜.塔旺夺冠,南方财经网
1140,2020-02-02,军工｜疫情专题：行业基本面受冲击较小，红外测温值得关注,中信证券研究
1141,2020-01-24,揭秘本周“聪明钱”｜避险：545亿元出逃！游资这一逆市操作太不寻常？,每日经济新闻
1142,2020-01-23,主力动向：1月23日特大单净流出447.48亿元,证券时报网
1143,2020-01-23,1月23日复盘：抄底的机会到了吗 主力资金出击1股,新浪
1144,2020-01-23,19只A股筹码大换手（1月23日）,证券时报网
1145,2020-01-23,涨停板复盘：年末收官创指跌超3% 两市超百股跌停,新浪
1146,2020-01-23,收评：A股猪年收官战沪指重挫2.75%失守3000点两市逾百股跌停 连续下跌,金融界
1147,2020-01-23,巨·热点 | 节前效应引发调整 抗流感强势回归 ！,巨丰财经
1148,2020-01-23,收评：三大指数全线下跌沪指跌2.75% 板块个股普跌 连续下跌,新浪
1149,2020-01-23,早盘复盘：A港股两市集体大跌，口罩概念股成为唯一亮点 连续下跌,格隆汇
1150,2020-01-23,1月23日午盘主力巨资出逃四大板块(附股),金融界
1151,2020-01-23,1月23日午盘两市机构大单抢筹40股(名单),金融界
1152,2020-01-23,解盘：个股走势分化，电子竞技、医疗器械、卫星导航、生物疫苗略涨,Wind
1153,2020-01-23,午评：三大指数低开低走沪指跌1.46% 口罩概念领涨,新浪
1154,2020-01-23,1月23日早盘主力巨资出逃四大板块(附股),金融界
1155,2020-01-23,快讯：军工板块走强 中国卫星涨停,新浪
1156,2020-01-22,近三日大单流入占比较高个股,财富动力网
1157,2020-01-21,涨停板复盘:沪指跌1.4%回补缺口 半导体板块逆势走强,新浪
1158,2020-01-21,业绩有望快速释放 两主线掘金国防军工板块,中证报
1159,2020-01-20,主力动向：1月20日特大单净流入27.72亿元,证券时报网
1160,2020-01-20,50股主力资金净流入超亿元,证券时报网
1161,2020-01-20,数据解盘|北向资金连续净流入 电子元件主力资金净流入超39亿元,新浪
1162,2020-01-20,14只A股筹码大换手（1月20日）,证券时报网
1163,2020-01-20,沪深两市主力资金净流出76.86亿元 京沪高铁净流入额居首,中证网
1164,2020-01-20,1月20日复盘：行情有望延续至节后 主力重点出击15股,新浪
1165,2020-01-20,涨停股复盘：9股封单超亿元,证券时报网
1166,2020-01-20,巨丰资金流向：两市高位震荡反弹 电子元件获37亿主力净买入！,巨丰财经
1167,2020-01-20,20日新华500指数（989001）上涨0.91%,新华网
1168,2020-01-20,A股异动丨中国卫通涨停 中国航天科技集团发布《中国航天科技活动蓝皮书》,格隆汇
1169,2020-01-20,新华500指数（20日）午盘上涨0.63%,新华网
1170,2020-01-20,新华500指数上涨0.63%,中国证券网
1171,2020-01-20,1月20日午盘主力巨资抢筹四大板块(附股),金融界
1172,2020-01-20,1月20日早盘主力巨资出逃四大板块(附股),金融界
1173,2020-01-20,【军工】中国卫星：我国小/微小卫星生产主导力量，把握卫星互联网建设发展机遇,天风研究
1174,2020-01-19,【天风军工周报】商业航天产业或进入拐点，聚焦北斗产业与天基互联网---Week3,tf防务深评
1175,2020-01-17,光大保德信靠委外资金冲千亿 包爱丽阿尔法团队制胜或成空谈,金融界
1176,2020-01-17,卫星通信产业发展势头强劲，产业链上下游多股受益,第一财经
1177,2020-01-15,【华西通信】卫星移动通信行业：天通系统正式商用，卫星移动通信市场拓宽,香农圆桌沙龙
1178,2020-01-11,中国自主卫星电话正式商用 卫星通信下一片蓝海在哪儿？,每日经济新闻
1179,2020-01-11,5G引领“管-端-云”创新周期 开启AIOT科技时代,中泰证券
1180,2020-01-09,中国卫通的“天地一体”新征程：从空间段运营迈向综合信息服务,21世纪经济报道
1181,2020-01-08,2020（第十届）中国互联网产业年会在京召开,互联网协会
1182,2020-01-07,4只次新股股价已破发（附名单） 连续下跌,证券时报网
1183,2020-01-07,18亿元！中星18号卫星失联后，中国卫通获中国人保赔付,澎湃新闻
1184,2020-01-06,中国卫通(601698.SH)拟对中星18号卫星保险赔款共计2.5亿美元进行人民币现金管理,格隆汇
1185,2020-01-06,科创板早报|国产Model3规模交付在即华为、苹果供应商：存储芯片将涨价,科创板日报
1186,2020-01-02,今日976只个股突破五日均线,证券时报网
1187,2019-12-31,2019年A股IPO募资2489亿元：科创板占3成 北京居首,中国经济网
1188,2019-12-30,【财经早餐】全人大会第十五次会议审议通过《证券法》修订草案 明年3月1日起正式实施,华龙掘金
1189,2019-12-27,北斗三号系统提供全球服务一周年 10只相关个股获机构推荐,证券日报
1190,2019-12-27,今年新股数量较2018年翻倍！柏楚电子每签获利8.8万成“最肉签”,格隆汇
1191,2019-12-27,三力制药过会：今年IPO获批第138家 申港证券过首单,中国经济网
1192,2019-12-27,西域旅游过会：今年IPO获批第135家 国金证券过5单,中国经济网
1193,2019-12-24,解密主力资金出逃股连续5日净流出575股,证券时报网
1194,2019-12-21,52只股遭北向资金减仓超30%,证券时报网
1195,2019-12-20,雷赛智能过会:今年IPO获批第133家 中信建投过第11单,中国经济网
1196,2019-12-20,中泰证券过会：今年IPO获批第131家 东吴证券过3单,中国经济网
1197,2019-12-19,两融规模时隔21月重上万亿 现9个月以来最大单周加仓 后市策略,证券时报
1198,2019-12-18,巨·热点｜市场高位震荡 热点呈现局部分化 网游掀起涨停潮 ！,巨丰财经
1199,2019-12-18,18日公司新闻聚焦:南烨集团三度举牌长航凤凰*ST皇台保壳曙光重现,证券时报网
1200,2019-12-18,首艘国产航母交付海军 军工股大涨,中国经济网
1201,2019-12-18,我国第一艘国产航空母舰下水 军工板块表现活跃,新浪
1202,2019-12-18,【通信】市场氛围良好，关注新产品带来的投资机会——通信行业周报——看好（联系人：徐勇）,渤海证券研究
1203,2019-12-17,12月18日涨停板早知道：七大利好有望发酵,新浪
1204,2019-12-17,中国卫通：公司已与保险承保商签署《责任解除协议》,新浪
1205,2019-12-17,中国卫通：确认可从保险承保商获得2.5亿美元中星18号卫星保险理赔款,Wind
1206,2019-12-17,中国卫通：确认可从保险承保商获得2.5亿美元中星18号卫星保险理赔款,e公司
1207,2019-12-17,5G概念股震荡上扬 东方通信新易盛等涨停,证券时报网
1208,2019-12-17,京东方Ａ（股票代码：000725）上涨4.56%，资金净流入7.62亿元,搜狐
1209,2019-12-17,A股异动丨中国卫通涨逾6%北斗系统核心星座部署完成,格隆汇
1210,2019-12-17,11月重要经济数据出炉——道达早评,每日经济新闻
1211,2019-12-16,注意！富时罗素季度调整周五生效，7股新进，73股遭剔除，这份完整攻略请收好,中证报
1212,2019-12-16,政策红利带来实质利好 国防军工成长股投资价值显现,大众证券报
1213,2019-12-16,A股有了慢牛味道？174股年内翻倍，去年仅有1只！这些机构赚翻了，明年这样布局,券商中国
1214,2019-12-13,同庆楼过会：今年IPO获批第127家 国元证券过2单,中国经济网
1215,2019-12-12,A股明日风口：深圳拟开展移动支付创新应用,新浪
1216,2019-12-10,富时罗素新纳入7只A股 主动基金或周一调整(附名单),中证报
1217,2019-12-09,中国卫通(601698.SH)拟改聘中兴华为公司2019年度审计机构,格隆汇
1218,2019-12-09,富时罗素最新纳入7只A股——道达早评,每日经济新闻
1219,2019-12-09,风口已至 5G投资正当时,中证报
1220,2019-12-08,富时罗素宣布新纳入7只A股并剔除29只A股,上证报
1221,2019-12-08,开盘必看！富时罗素宣布新纳入7只并剔除29只A股，主动基金或周一就动手调整（附名单）,中证报
1222,2019-12-06,阿尔特过会：今年IPO获批第120家 中金公司过11单,中国经济网
1223,2019-11-29,良品铺子过会：今年IPO获批第116家 广发证券过第8单,中国经济网
1224,2019-11-28,康拓红外控股股东拟协议转让5%公司股份 受让方为中国空间技术研究院 减持股份,e公司
1225,2019-11-26,蓝海沙龙｜聚焦安全认证 赋能企业服务,互联网协会
1226,2019-11-26,【华泰金工林晓明团队】2019年12月重要指数调整预测——沪深300、中证500等指数成分股调整预测20191125,华泰金融工程
1227,2019-11-22,测绘股份过会：今年IPO获批第115家 华泰联合过第2单,中国经济网
1228,2019-11-22,玉禾田股份过会：今年IPO获批第114家 招商证券过8单,中国经济网
1229,2019-11-22,公牛集团过会：今年IPO获批第111家 国金证券过4单,中国经济网
1230,2019-11-21,成分股年内第二次调整在即 20股或被调入沪深300指数,大众证券报
1231,2019-11-21,卫星通信产业主导8万亿太空经济蓝海掘金,第一财经
1232,2019-11-20,沪深300及中证500成分股调整名单预测,辰奥临君
1233,2019-11-18,公告精选：英飞拓等多家公司控制权拟变更；神州数码助力厦门建设鲲鹏产业生态基地,e公司
1234,2019-11-18,中国卫通：已就中星18号卫星项目提交损失证明 推进理赔工作,e公司
1235,2019-11-18,中国卫通：目前仍未能与中星18号卫星建立有效连接,新浪
1236,2019-11-18,建科机械过会：今年IPO获批第110家 东兴证券过8单,中国经济网
1237,2019-11-18,瑞芯微过会：今年IPO获批第109家 兴业证券过2单,中国经济网
1238,2019-11-15,京沪高铁过会：今年IPO获批第104家 中信建投过7单,中国经济网
1239,2019-11-12,社融不及预期影响A股情绪沪指V型探底回升短线或迎来反弹？,财华社
1240,2019-11-12,巨丰投顾：大金融板块“两大金刚”护盘沪指2900点失而复得,巨丰财经
1241,2019-11-12,巨丰收评：金融股护盘 2900点失而复得,巨丰财经
1242,2019-11-12,【异动股】军工板块午后快速拉升宝塔实业(000595-CN)涨停,财华社
1243,2019-11-12,军工板块午后异动拉升 三角防务冲击涨停,中国经济网
1244,2019-11-12,军工板块午后异动拉升 宝塔实业直线涨停,e公司
1245,2019-11-12,沪指午后收复2900点 军工板块拉升,第一财经
1246,2019-11-12,朝阳科技过会：今年IPO获批第103家 民生证券过5单,中国经济网
1247,2019-11-08,双飞轴承过会：今年IPO获批第102家 光大证券过6单,中国经济网
1248,2019-11-07,沪指收阴航天军工股护盘 三大股指终结三连阳,新浪
1249,2019-11-06,大浪淘沙始见真金璀璨？,金融界
1250,2019-11-06,11月6日复盘:调整之后还有一次冲顶 主力资金出击4股,新浪
1251,2019-11-06,涨停板复盘：两市午后单边下挫 猪肉板块领跌,新浪
1252,2019-11-06,收评：两市震荡走低沪指跌0.5% 猪肉板块领跌,新浪
1253,2019-11-06,A股异动丨中国卫通涨近5% 北斗全球组网进入全面冲刺期,格隆汇
1254,2019-11-06,跟盘丨沪指、深成指翻绿 军工股逆势走高,第一财经
1255,2019-11-06,国防军工板块走强 2股涨停,第一财经
1256,2019-11-04,机构投资者积极接盘 三季度逾六成上市公司筹码集中度走高,重庆商报
1257,2019-11-04,私募新进212只个股 关注建材家电等行业,--
1258,2019-11-03,【太平洋通信李宏涛团队】卫星互联网首次纳入新基建，国家战略推动产业提速,微信
1259,2019-11-01,机构三季度持仓大揭秘：抱团股数量锐减、16只个股年内涨幅翻倍、上千机构入驻茅台、最青睐这一板块,e公司
1260,2019-11-01,博杰股份过会：今年IPO获批第96家 民生证券过4单,中国经济网
1261,2019-11-01,建业股份过会：今年IPO获批第95家 浙商证券过1单,中国经济网
1262,2019-11-01,成都燃气过会：今年IPO获批第94家 中信建投过6单,中国经济网
1263,2019-10-28,易天股份过会：今年IPO获批第93家 华林证券过1单,中国经济网
1264,2019-10-25,侨银环保过会：今年IPO获批第92家 民生证券过3单,中国经济网
1265,2019-10-25,东鹏控股过会：今年IPO获批第90家 中金公司过9单,中国经济网
1266,2019-10-25,邮储银行过会：今年IPO获批第89家 中金公司过8单,中国经济网
1267,2019-10-23,电信板块小幅跳水,Wind
1268,2019-10-18,中科海讯过会：今年IPO获批第88家 东兴证券过6单,中国经济网
1269,2019-10-18,科安达过会：今年IPO获批第87家 长城证券过1单,中国经济网
1270,2019-10-18,嘉美包装过会：今年IPO获批第85家 中泰东兴联合保荐,中国经济网
1271,2019-10-12,电声营销过会：今年IPO获批第84家 广发证券过6单,中国经济网
1272,2019-10-12,斯迪克股份过会：今年IPO获批第83家 平安证券过1单,中国经济网
1273,2019-10-11,通信展举办在即：聚焦5G融合、产业发展新成果,维库电子市场
1274,2019-10-10,中国信通院与中国卫通达成战略合作,e公司
1275,2019-10-04,4天大跌9%！哪些次新股正在孕育“大牛”？ 连续下跌,重庆商报
1276,2019-09-27,透视一周20大牛熊股：股价一年涨12倍到连续5跌停，它怎么了？ 连续下跌,21世纪经济报道
1277,2019-09-25,小甜甜秒变牛夫人：科技股高位集体崩塌！今年这波最牛行情你还敢不敢玩？,每日经济新闻
1278,2019-09-25,【异动股】通讯行业板块下挫，新易盛(300502-CN)跌8.62%,财华社
1279,2019-09-25,安信证券：次新股涨势强劲 机构参与度提升,安信证券
1280,2019-09-23,国庆七十周年阅兵临近 军工股“秋收”价值凸显,大众证券报
1281,2019-09-20,力合科技过会：今年IPO获批第76家 一创投行过2单,中国经济网
1282,2019-09-20,李兄控仓得宜 坐次升入前二,南方财经网
1283,2019-09-19,资金流向：主力资金“回马枪” 尾盘集中流入这些股,新浪
1284,2019-09-19,中国移动研究院举办6G系列研讨会第一次会议 业界预期6G于2030年左右商用,中证网
1285,2019-09-19,【卫星物联网行业】低轨道高频卫星通信，使能星基物联未来,格隆汇
1286,2019-09-18,医药健康利好遭围猎 机构借机打压安琪酵母,南方财经网
1287,2019-09-16,左江科技过会：今年IPO获批第71家 中信证券过8单,中国经济网
1288,2019-09-16,广电计量过会：今年IPO获批第73家 光大证券过4单,中国经济网
1289,2019-09-16,锦鸡股份过会：今年IPO获批第72家 国信证券过3单,中国经济网
1290,2019-09-16,军工食品领衔 五大板块市值年内大幅增长,中证报
1291,2019-09-12,【山证早班车】山西证券：晨会纪要（20190912）,山西证券研究所
1292,2019-09-11,早盘复盘：A股白酒板块遭大幅抛售，港股被暴拉站上27000点大关 股票卖空,格隆汇
1293,2019-09-11,近期强势个股集体回调 浙江广厦等炸板,证券时报网
1294,2019-09-11,近期强势个股集体回调，中国卫通跌超4%,Wind
1295,2019-09-11,A股早报2019年9月11日星期三,Wind
1296,2019-09-10,数据复盘｜两市主力资金净流出330亿元 科技股遭抛售,证券时报网
1297,2019-09-10,中国卫通龙虎榜数据（9月10日）,Wind
1298,2019-09-10,沪指短期超涨回踩稳固3000点重磅会议或追捧金融科技成新热点,财华社
1299,2019-09-10,[快讯]9月10日证券公司营业部交易龙虎榜,中财网
1300,2019-09-10,巨丰资金流向：283亿主力呈现净流出 医药板块避险获8.62净流入！,巨丰财经
1301,2019-09-10,窄幅震荡三大股指微跌：农业股走强，北向资金连续9日净流入,澎湃新闻
1302,2019-09-10,754亿资金争夺20股：主力资金重点出击7股(名单),新浪
1303,2019-09-10,5G再传大消息！两大运营商正式牵手，市值飙升320亿！中移动要慌了？,中国基金报
1304,2019-09-10,早盘复盘：A股农业概念股逆势普涨，港股能源电讯板块走强,格隆汇
1305,2019-09-10,巨丰午评：防御性板块启动 夯实3000点将再升,巨丰财经
1306,2019-09-10,快讯：军工板块开盘走强 中国卫通涨超8%,新浪
1307,2019-09-10,军工板块活跃 中国卫通触及涨停,e公司
1308,2019-09-10,国防军工板块直线拉升,Wind
1309,2019-09-06,贝斯美过会：今年IPO获批第67家 中信建投过4单,中国经济网
1310,2019-09-06,机构重金追击华工科技 深南股份暴涨游资难割舍,财富动力网
1311,2019-09-05,军工、医药、科技三大热门主题基金怎么选,新浪
1312,2019-09-05,A股涨声一片！大金融发威，科技、世界铜王、5G妖股逞强,Wind
1313,2019-09-05,巨丰资金流向：市场放量反弹 软件服务获22亿主力净买入！,巨丰财经
1314,2019-09-05,军工股早盘异动走强 中国卫通涨逾6%,中国经济网
1315,2019-09-05,连续3年净利增超30%次新股仅17只,财富动力网
1316,2019-09-05,两类资金跑步进场 积极参与市场热点,南方财经网
1317,2019-09-05,好行情助推高收益,南方财经网
1318,2019-09-04,9月4日复盘：局部性牛市已在向纵深推进 主力出击9股,新浪
1319,2019-09-04,666亿资金争夺20股：主力资金重点出击9股(名单),新浪
1320,2019-09-04,快讯：军工板块持续走弱 万里马跌超7%,新浪
1321,2019-09-04,早盘复盘：A股券商银行有色轮换拉升，港股地产金融全线大涨,格隆汇
1322,2019-09-04,【安信中小盘】中小市值周报190901-世界人工智能大会召开，产业支持再度升级,AX中小盘研究
1323,2019-09-03,龙虎榜解密：游资偏爱5G概念股 沪电股份暴涨263%,新浪
1324,2019-09-03,趋势巡航：明天还有震荡低吸机会,金融界
1325,2019-09-03,597亿资金争夺20股：主力资金重点出击6股(名单),新浪
1326,2019-09-03,A股收盘丨沪指收涨0.21% 科技板块强势领涨,第一财经
1327,2019-09-03,巨丰收评：科技股全线走强 白马股压制股指,巨丰财经
1328,2019-09-03,快讯：军工股拉升 中航电测封板,新浪
1329,2019-09-03,军工板块异动走强,第一财经
1330,2019-09-03,军工股午后强势反弹，晨曦航空冲击涨停,Wind
1331,2019-09-03,窄幅震荡！沪指跌0.05% ，科技蓝筹表现继续抢眼,第一财经
1332,2019-09-03,巨丰早评：短线可继续关注涨价题材,巨丰财经
1333,2019-09-03,9月开门红 沪指收复2900点,新浪
1334,2019-09-03,军工行业景气度有望保持上行态势,中证网
1335,2019-09-02,国庆阅兵规模超往年 国防军工龙头股持续受追捧,大众证券报
1336,2019-09-02,军工股强势走强，行业“桃花期”快要来了？,格隆汇
1337,2019-09-02,今日风口｜航天军工井喷 宝塔实业等15股涨停,重庆商报
1338,2019-09-02,复盘8张图：创业板指涨幅2.57% 科技、军工股上演涨停潮,第一财经
1339,2019-09-02,巨丰资金流向：两市强势放量反弹 软件服务获主力23亿净流入！,巨丰财经
1340,2019-09-02,A股九月“开门红”：沪指涨1.31% 军工股爆发,中新经纬
1341,2019-09-02,9月开门红：A股三大指数大涨但未放量，军工板块掀涨停潮,澎湃新闻
1342,2019-09-02,早盘复盘：A股国防军工全线走强，港股本地地产股明显下跌,格隆汇
1343,2019-09-02,9月开门红军工股拔头筹 机构看好三主线机遇,中证网
1344,2019-09-02,午评：创业板指走高涨近2% 军工板块掀涨停潮,网易
1345,2019-09-02,9月A股藏宝图 除了热门的军工股 还有板块过去7年上涨概率是100%,证券时报
1346,2019-09-02,军工板块走强 中国卫通、晨曦航空等3股涨停,中国经济网
1347,2019-09-02,国防军工股“热浪”持续多股涨停 机构建议三条主线布局投资机会,第一财经
1348,2019-09-02,中报披露收官机构持仓完整曝光：机构持股市值近28万亿，抱团白马，10大重仓中6只是金融股,21世纪经济报道
1349,2019-09-02,跟盘丨深成指、创业板指涨1% 有色镍板块表现强势,第一财经
1350,2019-09-02,军工股早盘持续走强,第一财经
1351,2019-09-02,快讯：军工板块开盘活跃 中国卫通涨7%,新浪
1352,2019-09-02,A股早报2019年9月2日星期一,Wind
1353,2019-09-01,国庆70周年将举行超大规模阅兵，军工板块有望迎反复催化,Wind
1354,2019-08-31,公募持仓图浮出水面 逾千基金扎堆持有15只个股,金融投资报
1355,2019-08-31,国防军工板块迎来“升浪”,中证网
1356,2019-08-31,弱市氛围难掩个股光辉,南方财经网
1357,2019-08-30,数据复盘｜逾17亿主力资金加仓中国广核 北向资金买入中国平安等,证券时报网
1358,2019-08-30,中国卫通龙虎榜数据(8月30日）,Wind
1359,2019-08-30,涨停板解密：三板块个股逆市上攻！（8月30日）,Wind
1360,2019-08-30,巨丰资金流向：两市高位震荡调整 246亿主力资金出现逃离！,巨丰财经
1361,2019-08-30,上证指数震荡收跌0.16% 国防军工板块多股涨停,中证网
1362,2019-08-30,高开低走：三大股指收跌，军工白酒股走强，北向资金大幅流入,澎湃新闻
1363,2019-08-30,8月A股绿盘收官：沪指跌0.16% 军工股逆市大涨,中新经纬
1364,2019-08-30,收评：三大指数尾盘走弱沪指跌0.2% 军工板块飙升,新浪
1365,2019-08-30,收评：沪指冲高回落跌0.16% 军工概念现涨停潮,e公司
1366,2019-08-30,军工产业链板块延续火爆行情中国卫通涨停多只个股大涨,财界网
1367,2019-08-30,军工股午后持续走强 中国卫通涨停,中国经济网
1368,2019-08-30,浙商银行过会：今年IPO获批第61家 中信证券过7单,中国经济网
1369,2019-08-30,网创科技过会：今年IPO获批第63家 广发证券过4单,中国经济网
1370,2019-08-30,豪尔赛过会：今年IPO获批第62家 长江保荐过3单,中国经济网
1371,2019-08-30,军工股持续上行，中国卫通涨停,Wind
1372,2019-08-30,“股神”上市公司来了，上半年57家公司投资赚超10亿,证券时报
1373,2019-08-30,【通信-中国卫通(601698)】吴友文、周铃雅（研究助理）：卫星通信运营商龙头，高通量卫星带来业务新空间-20190828,中泰证券研究所
1374,2019-08-29,8月29日复盘:周五将接受重要考验 主力重点出击7股,新浪
1375,2019-08-29,涨停板复盘：三大股指缩量收跌 猪肉板块多股回调,新浪
1376,2019-08-29,国防军工板块维持活跃三角防务领衔多只个股跟涨,财界网
1377,2019-08-29,军工股早盘强势拉升 三角防务涨逾7%,中国经济网
1378,2019-08-29,盟升电子调整上市计划：最新目标改为科创板,IPO早知道
1379,2019-08-28,涨停板复盘丨军工、猪肉板块强势上涨，深赛格收获八连板,格隆汇
1380,2019-08-28,8月28日复盘:六大积极因素撑腰 主力资金重点出击8股,新浪
1381,2019-08-28,三大股指收跌 沪指失守2900点 科创板普跌,澎湃新闻
1382,2019-08-28,涨停板复盘：三大股指弱势盘整 汽车板块延续强势,新浪
1383,2019-08-28,早盘复盘：A股生物医药板块全线回落，港股大消费概念股持续走强,格隆汇
1384,2019-08-28,沪指再失2900点！消费股活跃，五粮液、山西汾酒股价创历史新高,中新经纬
1385,2019-08-28,军工股全线大涨 分析师:军工行业已来到重要历史节点,21世纪经济报道
1386,2019-08-28,午评：三大股指下探回升沪指跌0.33% 海南板块异动,新浪
1387,2019-08-28,军工股全线大涨，中报业绩向好行业关注度提升，机构看好三主线,第一财经
1388,2019-08-28,军工股全线上涨,中证网
1389,2019-08-28,次新股表现强势 国联股份等多股涨停,证券时报网
1390,2019-08-28,军工板块强势爆发 三角防务等近10股涨停,金融界
1391,2019-08-27,军工股尾盘拉升，改革红利逐步释放，两条主线配置细分领域龙头,第一财经
1392,2019-08-27,137股中报报喜 21股增长超1倍,中财网
1393,2019-08-26,中国卫通(601698.SH)上半年净利升24.34%至2.08亿元,格隆汇
1394,2019-08-26,中国卫通：上半年净利润同比增24.34%,Wind
1395,2019-08-20,8月21日上市公司重要公告集锦：万科A上半年净利同比增近三成,证券日报
1396,2019-08-20,中国卫通：中星18号卫星工作异常，不影响公司目前在轨卫星运营和日常经营,Wind
1397,2019-08-20,中国卫通(601698.SH)正会同卫星制造商等有关各方开展卫星故障排查工作,格隆汇
1398,2019-08-16,宇瞳光学过会：今年IPO获批第58家 东兴证券过4单,中国经济网
1399,2019-08-16,重庆农商行过会：今年IPO获批第59家 中金公司过7单,中国经济网
1400,2019-08-15,中国卫通使用7.4亿暂时闲置募集资金进行现金管理,挖贝网
1401,2019-08-14,今年涨幅最大的科技股竟然是创业板的这家公司,阿尔法工场
1402,2019-08-09,两市高开低走：沪指跌0.71%再失2800点，5G概念遭重挫,Wind
1403,2019-08-07,上市公司也沦为“韭菜”！这家公司上半年炒股亏损1.46亿 投资失误,重庆商报
1404,2019-08-07,第二批科创板对标股来了 增量资金将至 2733点能否成阶段底部？,证券时报网
1405,2019-08-06,军工股尾盘异动，华讯方舟涨停,Wind
1406,2019-08-03,16股周换手超2成 1股达40.28%,中财网
1407,2019-08-03,抄别人家公告连电话都不改？安信证券哭了 中信建投笑了,每日经济新闻
1408,2019-08-02,中国电信一口气任命了6个首席专家 岗级高达25级,运营商财经网
1409,2019-08-02,新股中签公告现乌龙 主承销商安信证券留了友司号码,澎湃新闻
1410,2019-07-31,六张图看懂7月行情：最牛股价翻倍，最熊连续14个跌停 连续下跌,21世纪经济报道
1411,2019-07-31,A股市场资金变动一览（7月31日）,Wind
1412,2019-07-28,5G板块蓄势待发 中国卫通资金出逃,南方财经网
1413,2019-07-26,安徽交建过会：今年IPO获批第55家 国元证券过1单,中国经济网
1414,2019-07-24,7月A股首发过会率71.43% 掘金中报优质新股及次新股,大众证券报
1415,2019-07-24,机构看空抛售砸盘高位股 游资坚定看多海康威视 股票卖空,南方财经网
1416,2019-07-23,454亿资金争夺20股：主力资金重点出击8股(名单),新浪
1417,2019-07-23,申万宏源：次新股指数下跌 关注复合调味料研发生产商日辰食品上市,申万宏源
1418,2019-07-22,【龙虎榜】猪肉荣8300万元买入红塔证券，江苏路4.3亿元助攻海康威视,和讯
1419,2019-07-22,446亿资金争夺20股：主力资金重点出击10股(名单),新浪
1420,2019-07-22,安信证券：Q2基金继续增持核心资产 科创板或将注入新活力,安信证券
1421,2019-07-22,『早安，新时代！』晨会早读2019/7/22:长期低利率环境下的货币政策新框架,新时代证券研究
1422,2019-07-21,【科创言新】科创板开市倒计时 新板块新规则新玩法（2019.7.21丨第5期）,东吴财经通
1423,2019-07-21,无影脚3200万元主封盛运环保，中信上海分公司1亿元锁仓中国卫通,搜狐
1424,2019-07-21,【新时代中小盘 孙金钜团队】次新股说：本批小熊电器值得重点追踪,新时代证券研究
1425,2019-07-21,大健康概念异军突起 爆雷白马股回天乏术,南方财经网
1426,2019-07-21,机构无悔做多中信出版 游资追涨东晶电子,南方财经网
1427,2019-07-19,7月19日股市预警|7家公司突发利空 23亿资金流出这十股,腾讯网
1428,2019-07-19,涨停板复盘：三大指数集体收红 燃料电池板块爆发,新浪
1429,2019-07-19,464亿资金争夺20股：主力资金重点出击12股(名单),新浪
1430,2019-07-19,龙虎榜：机构抛售力度加大 一线游资逾亿元封板中国卫通,第一财经
1431,2019-07-19,A股早报2019年7月19日星期五,Wind
1432,2019-07-19,释放信号！沪指退守2900点之际，北向资金6天5次净买入,Wind
1433,2019-07-19,6只战略配售基金股票持仓仍较低,中证报
1434,2019-07-19,郑眼看盘：虚势迎科创 可积极加仓,每日经济新闻
1435,2019-07-18,【18日资金路线图】主力资金净流出264亿元 龙虎榜机构抢筹2股,证券时报网
1436,2019-07-18,侃财丨连续10日跌破面值，又有公司陷退市危机 风险警示,证券时报网
1437,2019-07-18,[快讯]招商基金管理有限公司基金公布业绩报告,中财网
1438,2019-07-18,中国卫通开板后再涨停换手率达64%，游资成背后主要推手,第一财经
1439,2019-07-18,涨停板解密：两类个股逆市上攻！（7月18日）,Wind
1440,2019-07-18,7月18日复盘：情绪上明天是个冰点 主力资金出击4股,新浪
1441,2019-07-18,481亿资金争夺20股：主力资金重点出击4股(名单),新浪
1442,2019-07-18,巨丰资金流向：市场大幅回落调整 主力210亿出逃,巨丰财经
1443,2019-07-18,重磅！京东方A出货量直逼三星！新一轮的上涨正在酝酿中,金融界
1444,2019-07-18,快讯：次新股拉升 中国卫通再涨停,新浪
1445,2019-07-18,上海嘉善路独大华映科技 中信出版现机构资金分歧,财富动力网
1446,2019-07-18,郑眼看盘：淡化科创影响 可寻机增仓,每日经济新闻
1447,2019-07-17,沪弱深强A股指数分化创指涨0.32% 资金主力转向科技股强势崛起,搜狐
1448,2019-07-17,528亿资金争夺20股：主力资金重点出击7股(名单),新浪
1449,2019-07-17,龙虎榜：机构高位抢筹卓胜微 一线游资频繁进军中国卫通,第一财经
1450,2019-07-17,午评：妖股乏力，新题材趁势崛起，A股做多力量正在凝聚,金融界
1451,2019-07-17,A股早报2019年7月17日星期三,Wind
1452,2019-07-17,缩量盘整 沪指收阴十字星,新浪
1453,2019-07-17,“七翻身”还要多久？连续缩量后，A股估值已迎来拐点,Wind
1454,2019-07-17,杭州游资主封澄星股份 机构资金青睐卓胜微,财富动力网
1455,2019-07-17,主力资金连续11日净流出 北向资金恢复净流入,证券时报
1456,2019-07-16,【赢家资讯】07月16日收盘简评,赢家之星
1457,2019-07-16,中国卫通：不存在应披露而未披露的重大信息,Wind
1458,2019-07-16,600078！A股“妖王”来了！明天就两个方向,金融界
1459,2019-07-16,中国卫通龙虎榜数据（7月16日）,Wind
1460,2019-07-16,收盘回顾：行情反复下，沪指成交1408亿阶段地量，紧抓市场两大核心因素,财界网
1461,2019-07-16,巨丰数据赢 | 龙虎榜数据揭秘 这类股牛市发令枪打响,巨丰财经
1462,2019-07-16,上海证券交易所2019年07月16日交易信息,上交所
1463,2019-07-16,小牛奔腾之涨停股揭秘：氟化工走强,中国经济网
1464,2019-07-16,7月16日复盘：反复之下仍有加仓时机 资金出击6股,新浪
1465,2019-07-16,巨丰资金流向：两市缩量窄幅调整 通讯、电子类板块获主力追捧,巨丰财经
1466,2019-07-16,430亿资金争夺20股：主力资金重点出击6股(名单),新浪
1467,2019-07-16,涨停板复盘：三大指数弱势盘整 白马股持续低迷,新浪
1468,2019-07-16,07月16日 28只股票封板 通讯行业板块涨幅最大,每日经济新闻
1469,2019-07-16,涨停揭秘：市场缩量震荡调整 健康中国概念呈现强势表现,巨丰财经
1470,2019-07-16,【异动股】通讯行业板块拉升，中国卫通(601698-CN)涨停,财华社
1471,2019-07-16,次新不“刺心”，两市第三大高价股问世！代表方向很重要,金融界
1472,2019-07-16,深市强于沪市，创业板崛起,国盛证券
1473,2019-07-16,A股三大股指小幅震荡 5G板块表现强势,证券之星
1474,2019-07-16,午评｜沪指弱势震荡收跌0.11%，白马股疲软5G概念股活跃,上游新闻
1475,2019-07-16,源达：反弹依然有压制 科技可作为观盘重点,中金在线
1476,2019-07-16,快讯：次新股板块早盘异动拉升 中信出版一字涨停,新浪
1477,2019-07-16,快讯：军工板块盘中再度拉升 中国卫通封涨停,新浪
1478,2019-07-16,“成长+改革”打造军工板块投资逻辑 8只半年报预喜股受机构青睐,证券日报
1479,2019-07-16,次新股板块表现活跃 中信出版、中国卫通涨停,金融界
1480,2019-07-16,次新股开盘爆发 中信出版一字涨停,证券时报网
1481,2019-07-16,A股早报2019年7月16日星期二,Wind
1482,2019-07-16,医药健康利好机构围猎 游资低位扫货大族激光,财富动力网
1483,2019-07-15,【赢家资讯】07月15日收盘简评,赢家之星
1484,2019-07-15,【15日资金路线图】主力资金净流出14亿元 龙虎榜机构抢筹7股,证券时报网
1485,2019-07-15,106万！六月新韭菜跑步进场！全年增超千万，大行情要来了,金融界
1486,2019-07-15,巨丰数据赢 | 龙虎榜数据揭秘 主力暗中杀进这些股,巨丰财经
1487,2019-07-15,科创板开市在即：310万人打新 中签率超A股整体水平,新京报
1488,2019-07-14,本周主力资金净流出943亿 电子行业净流出规模居前,证券时报网
1489,2019-07-12,【一周资金路线图】主力资金净流出943亿 电子行业净流出规模居前,证券时报网
1490,2019-07-12,巨丰资金流向：市场弱势震荡反弹 金融股获主力资金追捧,巨丰财经
1491,2019-07-11,7月11日A股龙虎榜揭秘，机构抛售5股,Wind
1492,2019-07-11,7月11日机构席净卖出 买入6股,中财网
1493,2019-07-11,中国卫通龙虎榜数据(7月11日）,Wind
1494,2019-07-11,11只个股出现机构身影，这6只股票呈现净买入,第一财经
1495,2019-07-11,小牛奔腾之涨停股揭秘：黄金板块引领两市,中国经济网
1496,2019-07-10,【赢家资讯】07月10日收盘简评,赢家之星
1497,2019-07-10,中国卫通：副总经理变更 董监高成员变化,Wind
1498,2019-07-10,三大股指早盘维持震荡 军工板块表现活跃,第一财经
1499,2019-07-10,跟盘丨三大股指先后翻红 国防军工板块持续走升,第一财经
1500,2019-07-10,军工板块重组整合奏响强音，行业景气度上行，相关概念股或迎布局良机,第一财经
1501,2019-07-10,军工板块盘中直线拉升 中国卫通涨停,中国经济网
1502,2019-07-10,军工股盘中异动拉升，两股涨停,第一财经
1503,2019-07-09,新股中国卫通：连续涨停股价异动，无应披露而未披露事项,Wind
1504,2019-07-09,工业综合：中报披露渐近 情绪或有调整,德邦证券
1505,2019-07-09,新城控股3个“一字”跌停，这几家席位为何能大逃亡？券商快速通道玩法大揭秘！ 连续下跌,每日经济新闻
1506,2019-07-08,【赢家资讯】07月08日收盘简评,赢家之星
1507,2019-07-08,南京证券：每日市场热点分析,南京证券
1508,2019-07-07,科创板7月22日“鸣锣”：25家公司首批挂牌，逾300万投资者可参与交易,每日经济新闻
1509,2019-07-07,中国卫通(601698.SH)股价异动 不存在未披露重大信息,格隆汇
1510,2019-07-07,“一带一路”工业互联网怎么建？政策支持+市场驱动,经济观察网
1511,2019-07-05,涨停揭秘：市场延续缩量调整格局 芯片、ETC概念迎来强势表现,巨丰财经
1512,2019-07-05,中科软过会：今年IPO获批第51家 中泰证券过两单,中国经济网
1513,2019-07-05,南华期货过会：今年IPO获批第52家 中信证券过五单,中国经济网
1514,2019-07-05,次新股早盘持续走强 卓胜微等涨停,中国经济网
1515,2019-07-04,现在需要一个宇宙小龙头,中财网
1516,2019-07-04,涨停揭秘：两市缩量回落调整 军工、地产逆势走强,巨丰财经
1517,2019-07-04,跟盘丨三大股指午后跌幅收窄 军工股持续强势,第一财经
1518,2019-07-04,【异动股】军工板块集体冲高中国卫通(601698-CN)涨停,财华社
1519,2019-07-04,A股午盘丨三大股指全线翻绿 中船系板块领涨两市,第一财经
1520,2019-07-04,南京证券：每日市场热点分析,南京证券
1521,2019-07-04,A股午盘丨两市高开低走 国防军工强势领涨,第一财经
1522,2019-07-04,快讯：军工板块早盘集体冲高 航发控制等多股涨停,新浪
1523,2019-07-04,龙虎榜解读：机构现身这4股，机构929万元抢筹联得装备,中金在线
1524,2019-07-04,科创板打新难不难？数据告诉你并不比其他板块难中签,第一财经
1525,2019-07-03,涨停揭秘：两市震荡回落 垃圾分类、国防军工受关注！,巨丰财经
1526,2019-07-02,工业综合：情绪渐起 荐3股,德邦证券
1527,2019-07-02,南京证券：每日市场热点分析,南京证券
1528,2019-07-02,南北船合并消息获确认 国产航母开盘大涨,中国经济网
1529,2019-06-29,格隆汇港股聚焦(6.28)︱	上海电气：美丽境界基金引入新合伙人彤程新材 中国银行选举刘连舸为董事长,格隆汇
1530,2019-06-28,中国A股2019年半年度IPO中介机构排名,新浪
1531,2019-06-28,中国卫通（601698.SH）今日在上交所上市,上交所
1532,2019-06-28,亚太卫星(01045.HK)：中国卫通已于A股上市,格隆汇
1533,2019-06-28,小熊电器过会：今年IPO获批第50家 东莞证券过两单,中国经济网
1534,2019-06-28,新股发行与上市一览（6月28日）,Wind
1535,2019-06-27,中国卫通6月28日上市交易 合计弃购92.98万股,中金在线
1536,2019-06-26,A股头条之上市公司公告精选（6.27）,金融界
1537,2019-06-26,中国卫通28日在上交所上市,中证网
1538,2019-06-23,中国卫通A股IPO新股发行结果 认购金额超10亿,中金在线
1539,2019-06-23,『早安，新时代！』晨会早读2019/6/25:今日关注苏宁易购,新时代证券研究
1540,2019-06-20,【每日新股及可转债】2019-06-20,大通证券投教基地
1541,2019-06-19,兑奖了！中国卫通中签号出炉,Wind
1542,2019-06-19,中国卫通中签号出炉，共36万个,e公司
1543,2019-06-19,中国卫通网上发行最终中签率为0.16699317%,中金在线
1544,2019-06-18,中国卫通IPO网上中签率0.16699317%,挖贝网
1545,2019-06-18,中国卫通：中签率0.167%,Wind
1546,2019-06-18,收评：两市震荡成交额创4个月新低 创业板指涨近1%黄金股抢眼,金融界
1547,2019-06-18,不容错过！就在今日，不到3元新股申购！上一只2元股狂拉18个涨停，科创板打新也快了,中国基金报
1548,2019-06-18,【早间资讯】2019-06-18,大通证券投教基地
1549,2019-06-18,【每日新股及可转债】2019-06-18,大通证券投教基地
1550,2019-06-18,【今日新股】中国卫通（780698）,联讯金融
1551,2019-06-18,起步阶段对沪伦通跨境资金实行总额度管理,渤海证券
1552,2019-06-18,【新股】：中国卫通今日发行,国信证券融资融券部
1553,2019-06-18,A股早报2019年6月18日星期二,Wind
1554,2019-06-18,【新股提示】中国卫通今日申购，顶格申购需市值120万元,Wind
1555,2019-06-18,早知道：天猫618家电销售火爆；中国卫通今日申购,e公司
1556,2019-06-18,"【中证盘前】四川宜宾发生6.0级地震！沪伦通启动，华泰证券GDR在伦交所挂牌；昆药集团提示双氢青蒿素片治疗红斑狼疮存研发失败风险
自然灾害",中证报
1557,2019-06-18,中国卫通今日申购指南 顶格申购需配市值120万,证券之星
1558,2019-06-18,新股提示：中国卫通今日申购,e公司
1559,2019-06-18,新股申购：中国卫通,每日商报
1560,2019-06-18,东北证券【新股】中国卫通和环境转债申购，卓胜微上市,东北证券金融世界
1561,2019-06-18,“白菜价”新股本周开启申购模式 “物美价廉”后市表现抢眼,投资快报
1562,2019-06-17,【中投早知道】2019-06-18,赢家之星
1563,2019-06-17,侃财丨格兰仕呛声阿里，带“格”的公司易“出格”,证券时报网
1564,2019-06-17,【新股信息】6月18日 中国卫通(601698)申购,银河股票资讯
1565,2019-06-17,明日新股：中国卫通,股涨通
1566,2019-06-17,中国卫通6月18日申购宝典,金融界
1567,2019-06-17,今天这只新股单签获利有望超2万！明天还有一只 有望10个涨停板,中证报
1568,2019-06-17,本周3只新股申购 5家公司首发事项定于6月20日上会,金融界
1569,2019-06-16,下周影响市场重要资讯前瞻,新浪
1570,2019-06-16,下周关注丨富时罗素纳A股即将生效，这些投资机会最靠谱,第一财经
1571,2019-06-15,【重磅财经前瞻】A股解禁规模大降 美联储6月议息会议召开在即,中新经纬
1572,2019-06-15,中国卫通(601698) 申购代码780698 申购日期6.18,红周刊
1573,2019-06-14,国林环保过会：今年IPO获批第44家 华福证券过首单,中国经济网
1574,2019-06-11,IPO每日动态 | 万达体育纳斯达克递表，港股贵州银行递表（附2019 IPO名单）,IPO早知道
1575,2019-06-10,中国航天科技旗下中国卫通将于6月12日IPO新股初步询价,中金在线
1576,2019-06-10,东莞证券：宏和科技(603256)与中国卫通(601698)新股网下申购询价建议报告,东莞证券
1577,2019-06-07,唐源电气过会：今年IPO获批第40家 国金证券过首单,中国经济网
1578,2019-06-07,中信出版过会：今年IPO获批第39家 中信建投过三单,中国经济网
1579,2019-06-07,本周IPO汇总：353家IPO申请待审 中国卫通等拿下IPO批文 下周5家上会,资本邦
1580,2019-06-06,证监会核发2家企业IPO批文 今年已核发56家企业,证券日报
1581,2019-06-06,证监会核发2家IPO批文：王文洋旗下宏和电子、中国卫通,澎湃新闻
1582,2019-06-06,证监会核发宏和电子、中国卫通2家企业IPO批文,挖贝网
1583,2019-06-06,证监会今日核发2家IPO批文，未披露筹资金额,Wind
1584,2019-06-06,4大5G商用牌照发放 中国5G元年投资人更要审慎投资,GPLP犀牛财经
1585,2019-06-04,IPO新动向：5月过会率100%,北京商报
1586,2019-05-31,连续12次新股发审会过会率100%，隐现IPO改革思路,澎湃新闻
1587,2019-05-29,【通信】华为事件影响渐大，关注产业链相关品种——通信行业周报——中性（联系人：徐勇）,渤海证券研究
1588,2019-05-28,“数说”IPO蜜月期新变化,金融投资报
1589,2019-05-27,申万宏源：移远通信周四上会 正中珠江23家在审拟IPO公司中止审查,申万宏源
1590,2019-05-27,"通信行业周观点:短期扰动不改5G长期趋势,逢低布局相关标的",联讯证券
1591,2019-05-26,2股东3年分红32亿，“插座一哥”IPO能否顺利闯关,全景网
1592,2019-05-25,2股东3年分红32亿，还有10亿官司惹上身！“插座一哥”IPO能否顺利闯关？（附最新IPO排队名单）,和讯
1593,2019-05-24,中国卫通IPO获批，拟募12.8亿加码卫星项目,格隆汇
1594,2019-05-24,大胜达股份过会：今年IPO获批第36家 东兴证券过三单,中国经济网
1595,2019-05-24,中国卫通过会：今年IPO获批第35家 中信建投过两单,中国经济网
1596,2019-05-23,发审100%通过率仍在延续，今天又有3家顺利过会,企业成长智库
1597,2019-05-23,宏和电子、中国卫通等3家公司首发过会,第一财经
1598,2019-05-23,3公司IPO申请获通过 今年以来过会率87%,证券日报
1599,2019-05-23,证监会：宏和电子等3家公司IPO过会,中证网
1600,2019-05-23,证监会：中国卫通、宏和科技、大胜达首发申请今日均获通过,Wind
1601,2019-05-23,中国卫通等3家企业首发今日过会,Wind
1602,2019-05-23,5月23日：宏和电子等3家公司均过会 第十八届发审委IPO通过率94%,挖贝网
1603,2019-05-23,中国卫通首发申请获通过 拟IPO募资12.8亿元用于卫星项目等,挖贝网
1604,2019-05-21,拥有16颗卫星的中国卫通，周四IPO上会,IPO日报
1605,2019-05-20,【申万宏源新三板】影谱科技新增IPO辅导，锐新昌连续两周披露反馈意见——新三板IPO周报（2019/5/13-5/19）,申万宏源S新三板
1606,2019-05-20,本周3只新股申购 中国卫通等3家公司23日首发上会,金融界
1607,2019-05-18,IPO审核节奏明显放缓 过会率已升至87% （附最新IPO排队名单）,和讯
1608,2019-05-17,证监会：将于23日审核宏和电子、中国卫通、大胜达IPO申请,中证网
1609,2019-05-17,5月23日：宏和电子、中国卫通、大胜达3家公司IPO上会,挖贝网
1610,2019-05-17,证监会：中国卫通、大胜达、宏和科技5月23日首发上会,Wind
1611,2019-05-17,证监会：中国卫通等3家公司23日首发上会,e公司
1612,2019-05-10,中国电信为联通开放充值图什么 推进移动支付？,新浪
1613,2019-03-19,中星6C卫星成功定点 未来将成为中国4K超高清业务主力星,证券时报网
1614,2019-03-15,五大指标全息投影 231家拟IPO公司中究竟有多少英雄好汉？,投资时报
1615,2019-02-20,仅一周就有13家企业中止审查 IPO审核怎么了,挖贝网
1616,2019-02-18,中企华被立案调查:多家IPO项目或受累 波及中银国际证券 其他违规处罚,中国经济网
1617,2019-01-29,中企华被立案调查：巨人网络305亿重组等30多家公司被“连坐” 中国卫通、中银国际等IPO项目或受累 其他违规处罚,资本邦
1618,2018-12-18,中国卫通与联通在线就Ka宽带卫星互联网接入业务签署战略合作协议,C114通信网
1619,2018-09-29,无线电管理局组织研究讨论3000-5000MHz频段5G基站与无线电台（站）干扰问题,工信部
1620,2018-09-28,未来城市新生态大会暨首届宽带中国市长峰会在京举行,C114通信网
1621,2018-08-30,风水轮流转：运营商40载爱恨纠葛,通信信息报
1622,2018-08-23,中国卫通回归资本市场：递交IPO申请，计划募资12.8亿元,C114通信网
1623,2018-08-14,中国卫通拟A股上市：2017年收入26亿 航天科技持股超99%,中国网
1624,2018-08-13,央企“退房令”8年后 航天科技旗下房企拟撤出参股公司,每日经济新闻
1625,2018-08-01,中国卫通冲刺A股 或为航天科技集团第13家上市公司,资本邦
1626,2018-08-01,中国卫通拟登陆上交所 近三年利润持续小幅下滑 盈利能力下降,e公司
1627,2018-08-01,中国卫通预披露更新 拟发行不超过4亿股,e公司
1628,2018-08-01,中国卫通拟A股上市 2017年营收达26.21亿元,资本邦
1629,2018-08-01,中国卫通拟A股上市：2017年收入26亿 航天科技持股超99%,中国网
1630,2018-06-28,2018中国国际信息通信展览会已开放注册,搜狐
1631,2018-06-19,兴证军工石康团队每日资讯20180620:北斗星基导航“中国精度”运营三周年用户超5万。,国防军工参考
1632,2018-06-08,中国与挪威主管部门举行卫星网络协调会谈,中国电子报
1633,2018-05-13,我国首艘国产航母离港开始海试 五大概念股解析,e公司
1634,2018-05-04,天地互联助推青岛航空全机队部署空地互联,财经网
1635,2018-05-04,国内首家！青岛航空全机队计划部署空地互联，飞天联合携蓝色光标提供完整方案,飞象网
1636,2018-04-03,中国卫通积极推进整体上市 获颁基础电信运营资质,e公司
1637,2018-03-26,【东吴军工双周报】2018年战略看好军工板块，持续推荐板块龙头标的【东吴军工陈显帆】,透视先进制造
1638,2018-03-26,服务“大国重器” 股市更具魅力,经济日报
1639,2018-03-20,"原来有六大运营商, 为什么最后只有移动、联通、电信活下来？",腾讯网
1640,2018-03-20,中国卫通获得卫星通信业务经营许可,国资委
1641,2018-03-20,注意 一信号暗示调整或未结束,证券之星
1642,2018-03-20,2018.3.20股市最新消息：5G开始规模实验网建设,南方财富网
1643,2018-03-20,上交所新规支持创新企业 CDR最快年内登陆A股,投资快报
1644,2018-03-19,今日大盘| 两市成交仍处低位，存量博弈行情,股涨通
1645,2018-03-19,资本市场聚焦服务实体经济 “国之重器”“大国工程”获支持,新华网
1646,2018-03-15,[强于大市评级]通信行业周报：政府工作报告再提推动5G产业发展 继续关注5G产业链龙头,中财网
1647,2018-03-14,信息科技：继续关注5G产业链龙头 荐3股,和讯
1648,2018-03-14,告别阳春白雪：中国卫通开启卫星互联网的春天,C114通信网
1649,2018-03-12,【安信通信每周观点】5G被列入“中国制造2025”，2018美国光通讯展会进入倒计时,通信投研汪
1650,2018-03-12,信息科技：提速降费刺激流量爆发 荐5股,东北证券
1651,2018-03-12,[推荐评级]通信行业周报：运营商提速降费利好行业 中国卫通获牌照助力卫星通信起航,中财网
1652,2018-03-12,通信行业周报：江西电信开通12800多个NB-IOT基站,中财网
1653,2018-03-12,媒体：承载更多“大国重器”的 中国股市将更具魅力,证券日报
1654,2018-03-11,【中信建投 通信】两会报告指示年内移动网络流量资费再降30%，中国联通正式启动esim一号双终端业务,建投通信研究
1655,2018-03-11,[推荐评级]通信设备行业点评报告：中国卫通IPO+获牌照 卫星通信产业起航,中财网
1656,2018-03-11,[优于大势评级]通信行业周报：提速降费刺激流量爆发 通信设备有望获益,中财网
1657,2018-03-09,【川财研究*每日晨报】20180309：多重因素导致美国收益率上升,川财研究
1658,2018-03-09,中国卫通重获基础电信业务牌照 时隔10年再次回归,北京晨报
1659,2018-03-08,【安信通信日报】中国卫通获基础电信经营许可，2018光通讯展会进入倒计时,通信投研汪
1660,2018-03-07,工信部：中国卫通获颁发卫星通信业务经营许可,e公司
1661,2018-03-01,中国卫通开通首个Ka宽带船载卫星站,国资委
1662,2018-02-25,2018年第8周军工观点：继续逐步增加军工白马的配置,--
1663,2018-02-24,你一定不知道！原本国内有六大运营商，为什么如今只剩三个？,腾讯网
1664,2018-02-12,方正军工周观点：春潮巨震估值回，军工白马择机配,--
1665,2018-02-12,方正证券丨一周聚焦0212-0216,方正证券研究
1666,2018-02-09,万亿美元太空市场 在哪里？,21世纪经济报道
1667,2018-02-06,我国首颗高通量通信卫星投入使用,睿智俱乐部
1668,2018-02-06,【军工丨段小虎】分级基金或承压下折，择机增配价值白马,方正证券研究
1669,2018-02-05,等了十年 坐飞机能上网的技术什么来头,中关村在线
1670,2018-01-29,方正证券丨一周聚焦0129-0202,方正证券研究
1671,2018-01-28,工业综合：底部加大配置基本面向好的军工白马 荐5股,方正证券
1672,2018-01-26,坐飞机也能享受百兆宽带了，这个技术是怎么实现的？,和讯
1673,2018-01-23,我国首颗高通量通信卫星实践十三号投入使用,中国经济网
1674,2018-01-19,五大指标全息投影 425家拟上市公司企业现形,投资时报
1675,2018-01-19,4家航企解禁空中玩手机 数据通信与语音通话仍不可用,新京报
1676,2018-01-19,4家国内航企解禁 空中玩手机成现实,新京报
1677,2018-01-16,"今日大盘| 沪指强势上攻阳包阴, 创业板维持弱势",股涨通
1678,2018-01-16,工信部向中国电信等单位颁发无线电频率使用许可证,中国网
1679,2018-01-04,中国卫通拟募资12亿用于卫星项目 存1起千万美元诉讼未决,中国网
