,2021-12-28,健帆生物：目前公司的主导产品为一次性使用血液灌流器，产品处于细分领域领先地位,每日经济新闻
0,2021-12-28,健帆生物：截至目前，公司产品未被纳入全国性集采,每日经济新闻
1,2021-12-28,健帆生物：公司短期内暂无申请美国FDA认证的计划,每日经济新闻
2,2021-12-28,健帆生物：目前公司尚未在美国销售公司产品,Wind
3,2021-12-27,健帆生物(300529.SZ)：“健帆转债”自12月29日可转股 转股价为90.57元/股,智通财经
4,2021-12-27,健帆生物：“健帆转债”自12月29日起开始转股,每日经济新闻
5,2021-12-24,健帆生物(300529.SZ)确定回购股份用途为全部用于转换可转债,智通财经
6,2021-12-17,健帆生物：红土创新、广发证券等35家机构于12月10日调研我司,证券之星
7,2021-12-16,健帆生物接受26家机构调研！短期主力资金净流出,每日经济新闻
8,2021-12-15,健帆生物：对公司的血液灌流器产品，我们预判在短期内不会被纳入全国性集中带量采购范围,每日经济新闻
9,2021-12-15,健帆生物：公司血液透析器产品注册证在申报中，预计明年取得,每日经济新闻
10,2021-12-14,"健帆生物现1笔大宗交易 共成交2,017.56万元",新浪
11,2021-12-14,健帆生物今日大宗交易成交46万股，成交价43.86元折价17.53%,Wind
12,2021-12-09,健帆生物大宗交易成交30.40万股 成交额1297.47万元,证券时报网
13,2021-12-09,"健帆生物现1笔大宗交易 共成交1,297.47万元",新浪
14,2021-12-09,医美、器械集体造好，医疗器械ETF放量大涨2.74％,Wind
15,2021-12-03,健帆生物现1笔大宗交易 共成交399.84万元,新浪
16,2021-12-03,健帆生物今日大宗交易成交9.60万股，成交价41.65元折价17.61%,Wind
17,2021-11-30,可转债指数创6年多新高！估值已高，还有投资机会？,Wind
18,2021-11-26,健帆生物：目前公司产品已累计销往80个国家，被纳入德国、越南、伊朗、土耳其、泰国、拉脱维亚、波黑7个国家的医保,Wind
19,2021-11-23,机构参与大宗交易热情高，主流赛道熙熙攘攘,Wind
20,2021-11-16,高瓴看中的血管“清洁工”，刚扭亏就急着上市,格隆汇
21,2021-11-16,健帆生物：灌流治疗渗透率持续提升，不断贡献业绩增量,览富财经
22,2021-11-15,医药行业周报：2021医保谈判落幕 本周医药板块上涨0.82% 建议关注政策受益的原料药板块,新浪
23,2021-11-12,医药板块2021Q3分析暨11月月报：高基数下增速放缓 板块基本面仍旧强劲 把握配置窗口期,新浪
24,2021-11-12,A股异动 | 健帆生物涨7% 公司HA树脂血液灌流器被列入《血液净化标准操作规程（2021版）》,格隆汇
25,2021-11-12,A股异动 | 健帆生物涨7% 控股股东拟6个月内增持1亿元-2亿元,格隆汇
26,2021-11-12,A股早报2021年11月12日星期五,Wind
27,2021-11-11,健帆生物(300529.SZ)实控人董凡拟增持1亿元-2亿元公司股份,智通财经
28,2021-11-11,【晚间公告抢先看】四维图新与沃尔沃汽车签署车联网采购框架协议、风语筑在元宇宙赛道布局处于探索尝试阶段,金融界
29,2021-11-11,晚间重要公告2021年11月11日星期四,Wind
30,2021-11-11,健帆生物最新公告：控股股东拟6个月内增持1亿元-2亿元,证券之星
31,2021-11-11,健帆生物：控股股东拟增持1亿元-2亿元公司股份,e公司
32,2021-11-11,健帆生物：控股股东董凡拟增持1亿元-2亿元,Wind
33,2021-11-11,健帆生物：股东计划增持公司股份,每日经济新闻
34,2021-11-11,晚间公告｜11月11日这些公告有看头,第一财经
35,2021-11-11,健帆生物：HA树脂血液灌流器被列入《血液净化标准操作规程（2021版）》,财联社
36,2021-11-10,2.8万股民抄底被埋！4倍医药白马暴跌52% 外资“跑”了,凤凰网
37,2021-11-10,健帆生物(300529)：专家共识明确临床价值 21Q3持续较高增长,新浪
38,2021-11-04,健帆生物：公司在珠海、湖北黄冈、天津等地均有产能布局,Wind
39,2021-11-03,健帆生物今日大宗交易成交5.79万股，成交价60.3元溢价20.12%,Wind
40,2021-11-03,健帆生物发生大宗交易 成交溢价率20.12%,证券时报网
41,2021-11-03,健帆生物现1笔大宗交易 共成交349.14万元,新浪
42,2021-10-30,医疗器械的黄金赛道——高值耗材的时代机遇,medworld器械世界
43,2021-10-27,【健帆生物】三季报收入端符合预期，肾病业务环比明显改善【安信医药马帅团队】,医药马帅团队
44,2021-10-27,中泰证券：给予健帆生物买入评级,证券之星
45,2021-10-27,中泰证券维持健帆生物买入评级：业绩符合预期，灌流龙头保持快速增长,每日经济新闻
46,2021-10-27,高瓴资本概念股多数低迷，健帆生物、甘李药业、君实生物大跌并创阶段新低,Wind
47,2021-10-27,机构向左散户向右，上市公司筹码分布有看点,Wind
48,2021-10-26,高瓴大幅减仓“眼茅”爱尔眼科，葛兰却在加仓，究竟谁是时间的朋友？,36氪
49,2021-10-26,持续加大市场推广 健帆生物前三季度净利润增长37.56%,上证报
50,2021-10-26,健帆生物最新公告：第三季度净利润2.43亿元 同比增长30.07%,证券之星
51,2021-10-26,健帆生物前三季净利增长37.56% 广发基金持股无变化,证券时报网
52,2021-10-26,健帆生物(300529.SZ)第三季度净利润2.43亿元 同比增长30.07%,格隆汇
53,2021-10-26,健帆生物：2021年前三季度净利润约8.63亿元，同比增加37.56%,每日经济新闻
54,2021-10-26,健帆生物(300529.SZ)前三季度归母净利润同比增37.56%至8.63亿元,智通财经
55,2021-10-26,健帆生物公布三季报 前三季净利增加37.56%,新浪
56,2021-10-26,图解健帆生物三季报：第三季度单季净利润同比增30.07%,证券之星
57,2021-10-26,健帆生物：前三季度净利润同比增长37.56%,Wind
58,2021-10-26,刘格菘、黄兴亮、邹曦、陈一峰等知名基金经理三季报持仓大曝光！,Wind
59,2021-10-20,健帆生物：公司现金理财产品已全部赎回,每日经济新闻
60,2021-10-20,健帆生物：公司委托理财产品列报至“交易性金融资产”科目,每日经济新闻
61,2021-10-20,健帆生物：限售股主要是高管锁定股及股权激励限售股,每日经济新闻
62,2021-10-20,健帆生物：上半年营业成本增加主要系本期产品销量增加所致,Wind
63,2021-10-20,健帆生物：公司不存在控股股东资金占用、非经营性资金占用及其他关联资金往来的情况,每日经济新闻
64,2021-10-20,健帆生物：公司2021年上半年的营业成本为1.75亿元，相比去年同期增加0.5亿元，主要系本期产品销量增加所致,每日经济新闻
65,2021-10-18,医药生物行业周报：季度业绩波动该如何应对,新浪
66,2021-10-14,健帆生物：公司将严格按照规定进行信息披露,Wind
67,2021-10-14,健帆生物：血液灌流器并不是一个单一的产品,Wind
68,2021-10-14,健帆生物：我们们预判短期内公司产品不会被纳入全国性集中带量采购范围,每日经济新闻
69,2021-10-14,健帆生物：目前，取得血液灌流器产品注册证的企业仅7家,每日经济新闻
70,2021-10-14,健帆生物：目前限电政策对公司的影响很小,Wind
71,2021-10-14,健帆生物：公司血液灌流器产品主要采用经销商买断式的销售模式,Wind
72,2021-10-14,“大白马”健帆生物药代违规风波：主营产品被大医院停采，曾放弃地方集采招标 其他违规处罚,华夏时报
73,2021-10-13,健帆生物(300529.SZ)回购完毕 回购比例达1.1%,智通财经
74,2021-10-13,健帆生物：回购方案完成 累计耗资5亿元回购1.1%股份,财联社
75,2021-10-13,健帆生物(300529.SZ)回购方案完成 累计耗资5亿元回购1.10%股份,格隆汇
76,2021-10-13,健帆生物：公司完成回购，总计回购约833万股,每日经济新闻
77,2021-10-13,医药生物行业双周报：行业估值处于历史平均以下 择优布局优质标的,新浪
78,2021-10-12,健帆生物(300529.SZ)截至9月底已耗资约2.9亿元回购525.236万股,格隆汇
79,2021-10-12,健帆生物(300529.SZ)累计回购525.24万股 耗资2.9亿元,智通财经
80,2021-10-12,健帆生物：累计回购约525万股，占比0.65%,每日经济新闻
81,2021-10-12,董事、副总经理......医药上市公司高管辞职潮仍在继续！,制药网
82,2021-10-11,健帆生物(300529.SZ)：HA树脂血液灌流器被列入《血液灌流在维持性血液透析患者中的临床应用上海专家共识》,格隆汇
83,2021-10-11,健帆生物最新公告：公司HA树脂血液灌流器被列入专家共识,证券之星
84,2021-10-11,健帆生物：公司HA树脂血液灌流器被列入专家共识,财联社
85,2021-10-11,医药行业周报：本周医药板块上涨0.27 建议关注双限政策及新冠药物板块,新浪
86,2021-10-09,2.4亿鼻炎患者，撑起这家隐形冠军,投资界
87,2021-10-08,医药行业周报：国庆期间海外抗疫板块出现波动 建议理性看待新冠口服药影响,新浪
88,2021-10-07,【浙商医药┃孙建】周报：国内细胞治疗行业是好赛道么？,杏林建研
89,2021-10-01,营收净利双升股价却跌超40% 健帆生物被“集采”和减持缠住手脚？ 盈利能力下降,投资者网
90,2021-09-30,健帆生物：关于公司董事会秘书辞职的公告 董监高成员变化,新浪
91,2021-09-30,健帆生物(300529.SZ)：董事会秘书张明渊辞职 董监高成员变化,智通财经
92,2021-09-30,健帆生物：张明渊辞去公司董事会秘书职务 董监高成员变化,每日经济新闻
93,2021-09-30,健帆生物：董秘张明渊辞职 董监高成员变化,Wind
94,2021-09-30,关注高端医疗技术国产替代加速、精选三季报有望超预期高增长个股,金融界
95,2021-09-27,北向资金今日净买入14.77亿元，白酒股连续第二日遭疯抢,Wind
96,2021-09-27,健帆生物、南微医学、通策医疗、国际医学涨超6%，医疗ETF（159828）涨超2%,资本邦
97,2021-09-27,集采降价预期见底企稳回升，建议超配生物医药板块,金融界
98,2021-09-26,医药生物行业研究周报：从医疗服务价格调整看康复行业机会(第79篇),新浪
99,2021-09-26,医药生物行业资金流入榜：6股净流入资金超亿元,证券之星
100,2021-09-22,健帆生物：首次回购约156万股,每日经济新闻
101,2021-09-22,健帆生物(300529.SZ)：9月22日首次回购155.75万股,格隆汇
102,2021-09-22,2大重仓股赚300亿！高瓴A股投资版图来了（名单）,Wind
103,2021-09-22,医药行业周报：本周医药板块涨幅居前 看好医药行业景气回归,新浪
104,2021-09-18,一周内，健帆生物、京新药业等多家医药公司获机构调研,制药网
105,2021-09-17,药代违规 健帆生物核心产品遭医院停采 其他违规处罚,中国经营网
106,2021-09-17,医药白酒大反攻，煤炭崩了！分析师激动：浪子回头,Wind
107,2021-09-17,健帆生物：广发基金、中信产业基金等19家机构于9月15日调研我司,证券之星
108,2021-09-17,健帆生物、沃森生物等集体涨超9%，医疗ETF(159828) 涨近6%,资本邦
109,2021-09-17,医疗白酒大爆发，4000亿巨头狂拉9%！煤炭跌7%,Wind
110,2021-09-17,健帆生物、欧普康视涨超10%，医疗ETF（159828）涨超4%,资本邦
111,2021-09-17,医疗保健板块连续拉升，迈瑞医疗涨近8%,Wind
112,2021-09-17,医疗板块全面上攻，医疗ETF近两月首次站上30日均线,Wind
113,2021-09-15,每日财报|健帆生物拟回购股份 九芝堂控股股东减持,搜狐
114,2021-09-14,晚间重要公告2021年9月14日星期二,Wind
115,2021-09-14,健帆生物：拟以2.5-5亿元回购股份,Wind
116,2021-09-11,芯片股大反弹，谢治宇、章晖等顶流基金经理出手！,Wind
117,2021-09-10,医疗器械行业2021年中报总结：大浪淘沙 始见真金,新浪
118,2021-09-10,医疗器械板块2021半年报总结：常规业务全面恢复 关注细分赛道创新投资机会,新浪
119,2021-09-09,健帆生物：预判短期内公司产品不会被纳入全国性集中带量采购范围,Wind
120,2021-09-07,前海超7倍大扩容！概念股名单新鲜出炉,Wind
121,2021-09-06,南微医学、美迪西、健帆生物等涨超5％ 医疗ETF(159828)盘中涨超3%,金融界
122,2021-09-06,高瓴资本概念股普遍强势，金域医学、泰格医药、凯莱英、健帆生物等大涨,Wind
123,2021-09-06,中央逾7000字聚焦106平方公里！这些股票要火？,Wind
124,2021-09-05,横琴粤澳深度合作区来了！这些上市公司有望受益,Wind
125,2021-09-05,天风证券维持健帆生物买入评级：“创新研发+产能建设”双管齐下，打开市场新格局,每日经济新闻
126,2021-09-03,健帆生物今日大宗交易成交12.43万股，成交价47.91元折价2.74%,Wind
127,2021-09-01,A股共发生117宗大宗交易成交69.8亿元（9月1日）,Wind
128,2021-09-01,转债行业专题系列报告一：与集采有关的转债标的梳理,新浪
129,2021-09-01,医药与健康护理行业月报：智飞生物新冠疫苗III期数据优异 对变异株仍然有效,新浪
130,2021-08-31,健帆生物大宗交易成交705.31万元，卖方为机构专用席位,证券时报网
131,2021-08-31,健帆生物今日大宗交易成交14.40万股，成交价48.98元溢价0.0%,Wind
132,2021-08-30,健帆生物(300529.SZ)：天津标准取得医疗器械注册证,智通财经
133,2021-08-27,A股“爆雷”日！中报下周收关，几家欢喜几家愁,Wind
134,2021-08-27,国君固收：与集采有关的转债标的梳理,Wind
135,2021-08-27,A股早报2021年8月27日星期五,Wind
136,2021-08-26,健帆生物(300529.SZ)拟斥2.5亿元至5亿元回购股份以实施股权激励等事项,智通财经
137,2021-08-26,健帆生物：拟2.5亿元-5亿元回购股份,财联社
138,2021-08-25,健帆生物：目前公司海外市场收入主要来自东南亚及欧洲国家,Wind
139,2021-08-20,健帆生物现1笔大宗交易 共成交208.97万元,新浪
140,2021-08-20,健帆生物今日大宗交易成交3.17万股，成交价65.92元溢价27.41%,Wind
141,2021-08-20,健帆生物：聘黄聪为证代,每日经济新闻
142,2021-08-19,健帆生物(300529.SZ)：“健帆转债”转股价格将调整为90.57元/股,智通财经
143,2021-08-18,健帆生物今日大宗交易成交56.41万股，成交价44.28元折价18.39%,Wind
144,2021-08-16,健帆生物接受13家机构调研！短期主力资金净流入，市场资金早已察觉,每日经济新闻
145,2021-08-16,机构已聚焦上市公司三季度经营情况！这些公司调研会信息量很大,Wind
146,2021-08-15,广东区域股市周报：新增三家上市公司 英维克涨55.19%涨幅第一,每日经济新闻
147,2021-08-15,巴菲特潜在心动A股名单：未来净利高增长股仅11只,Wind
148,2021-08-14,巴菲特潜在心动A股名单出炉！估值历史低位+高ROE+高股息白马，未来净利高增长股仅11只,证券时报网
149,2021-08-13,"健帆生物现1笔大宗交易 共成交1,000.49万元",新浪
150,2021-08-13,健帆生物今日大宗交易成交14.75万股，成交价67.83元溢价20.27%,Wind
151,2021-08-13,氢能发展步入快车道 | 晨会掘金,中信建投证券研究
152,2021-08-12,北向资金交投趋谨慎全天净卖出不足2亿，贵州茅台连续11日遭抛售,Wind
153,2021-08-12,健帆生物(300529)：业绩稳健增长 加大力度推广危重症产品,新浪
154,2021-08-12,43家公司获机构调研（附名单）,证券时报网
155,2021-08-11,广东证监局连发两份警示函 直指高乐股份、健帆生物高管亲属违规短线交易 金融监管处罚,和讯
156,2021-08-11,40家公司获机构调研（附名单）,证券之星
157,2021-08-10,调研记录|健帆生物（300529.SZ）：衡阳本次地方集采对公司影响很小 预判短期不会被纳入全国性集中带量采购范围,智通财经
158,2021-08-10,健帆生物聘任外籍高管 大力开拓海外市场,证券时报网
159,2021-08-10,子女买入公司股票后六个月内卖出 健帆生物董事会主席收警示函 金融监管处罚,新浪
160,2021-08-10,健帆生物：聘任Caroline Xiaokui Jin为副总经理,每日经济新闻
161,2021-08-10,健帆生物(300529.SZ)聘任Caroline Xiaokui Jin为副总经理,智通财经
162,2021-08-10,健帆生物监事会主席彭小红收警示函 子女违法减持 董监高成员异常事件,中国经济网
163,2021-08-09,基秘档案|广发行业严选三年投资价值分析,和讯
164,2021-08-09,医药行业周报：进入中报期 关注业绩超预期个股,新浪
165,2021-08-09,高瓴资本概念股整体活跃，甘李药业、良品铺子、健帆生物、公牛集团大涨,Wind
166,2021-08-09,70股获券商买入评级，保利地产目标涨幅达100%,Wind
167,2021-08-09,1个月股价翻倍，3天超150家机构调研！这只股大爆发,Wind
168,2021-08-09,健帆生物业绩增四成主营产品市占率达85% 打造血液净化全产业链迈向高质量发展,长江商报
169,2021-08-09,储能风口带动股价起飞，英维克获机构密集调研,Wind
170,2021-08-07,健帆生物：公司放弃了湖南衡阳2021年5月的地方集采投标。公司在2020年度血液灌流器的销量已超360万支，衡阳市本次集采的灌流器数量仅为8000支/年，且需要在2家中标企业之间分配，因此衡阳本次地方集采对公司影响很小,每日经济新闻
171,2021-08-07,偏爱这些股！社保、QFII、险资等最新持仓大曝光,Wind
172,2021-08-06,健帆生物：公司产品未被纳入全国性集采，我们们预判短期内公司产品不会被纳入全国性集中带量采购范围,每日经济新闻
173,2021-08-06,健帆生物：预判短期内公司产品血液灌流器不会被纳入全国性集采范围,e公司
174,2021-08-06,净利润增长40.73%，股价却下跌近50%，健帆生物不香了？,新浪
175,2021-08-06,健帆生物现1笔大宗交易 共成交992.92万元,新浪
176,2021-08-06,健帆生物今日大宗交易成交14.66万股，成交价67.73元溢价25.61%,Wind
177,2021-08-06,39股获券商买入评级，春秋电子目标涨幅达76.49%,Wind
178,2021-08-05,病毒防治概念股午后继续走弱，博雅生物、健帆生物等领跌,Wind
179,2021-08-05,健帆生物半年度业绩亮眼却遭机构连续减持 减持股份,中国经济网
180,2021-08-04,兴业证券：维持健帆生物(300529.SZ)“审慎增持”评级 产品线不断丰富 H1业绩实现良性增长,智通财经
181,2021-08-04,国泰君安：维持健帆生物(300529.SZ)“增持”评级 目标价104.28元,智通财经
182,2021-08-04,71股获券商买入评级 天铁股份目标涨幅达77.96%,Wind
183,2021-08-04,健帆生物(300529)：肾病整体稳健 肝病强势发力,新浪
184,2021-08-04,健帆生物(300529)2021年中报点评：灌流产品多线并举 H1业绩实现良性增长,新浪
185,2021-08-04,电鳗快报|健帆生物业绩增四成 产品单一未改变 “集采”带来新风险,电鳗快报
186,2021-08-03,主营业务拉升 健帆生物上半年净利增逾四成,上证报
187,2021-08-03,健帆生物(300529)：肝病、危重症、海外市场增长提速,新浪
188,2021-08-03,西南证券维持健帆生物买入评级，近期获5份券商研报关注，目标均价涨幅23.56%,每日经济新闻
189,2021-08-03,健帆生物(300529)：业绩符合预期 肝病业务拓展顺利,西南证券
190,2021-08-03,健帆生物：单一产品贡献9成收入和毛利，集采危机两个月股价下跌超40% 经营问题,搜狐
191,2021-08-03,高瓴大手笔减持，刘格菘坚守！独霸市场医械细分龙头，逻辑坏了？ 减持股份,瞪羚社
192,2021-08-03,禁买线预警，看“聪明钱”如何爆买A股？,Wind
193,2021-08-03,健帆生物狂泻40%，遭高瓴连续减持，5倍牛股为何不受待见了？ 连续下跌,格隆汇
194,2021-08-03,中泰证券维持健帆生物买入评级：肾病肝病灌流持续高增长，脓毒症产品或成中长期驱动力,每日经济新闻
195,2021-08-03,健帆生物(300529)2021半年报点评：血液灌流器业务稳定增长 净利率持续提升,国金证券股份有限公司
196,2021-08-03,【健帆生物】中报利润端基本符合预期，肾病实现稳定增长【安信医药马帅团队】,医药马帅团队
197,2021-08-03,高瓴连续4个季度减持 股价阴跌不止 健帆生物为何遭抛弃？ 减持股份,发现网
198,2021-08-03,健帆生物盘中快速下跌,新浪
199,2021-08-03,【国金晨讯】分化与融合并进下的通信行业投资机遇；上调信义光能盈利预测,国金证券研究所
200,2021-08-02,健帆生物公布半年报 上半年净利增加40.74%,新浪
201,2021-08-02,健帆生物(300529.SZ)半年度归母净利同比增40.74%至6.2亿元,智通财经
202,2021-08-02,健帆生物(300529.SZ)半年度净利润升40.74%至6.2亿元,格隆汇
203,2021-08-02,健帆生物：2021年半年度净利润约6.2亿元，同比增加40.74%,每日经济新闻
204,2021-08-02,健帆生物：上半年净利润同比增长40.74%,Wind
205,2021-07-31,医药行业周报：散点疫情偶发 寻找“脱敏”品种,西南证券
206,2021-07-28,健帆生物今日大宗交易成交6.86万股，成交价54.81元折价19.87%,Wind
207,2021-07-27,健帆生物现1笔大宗交易 共成交616.07万元,新浪
208,2021-07-26,健帆生物(300529.SZ)获得“细胞因子吸附柱”医疗器械注册证,智通财经
209,2021-07-26,高瓴资本概念股纷纷下滑，甘李药业逼近跌停并再创阶段新低,Wind
210,2021-07-23,健帆生物今日大宗交易成交9.90万股，成交价62.77元折价17.41%,Wind
211,2021-07-23,18家千亿顶流基金公司调仓释放重要信息,Wind
212,2021-07-22,两市共发生172宗大宗交易健帆生物溢价率最高,第一财经
213,2021-07-22,"健帆生物现1笔大宗交易 共成交4,499.79万元",新浪
214,2021-07-22,健帆生物今日大宗交易成交46.79万股，成交价96.17元溢价22.57%,Wind
215,2021-07-21,医药行业2021年中报业绩前瞻：继续保持恢复性增长,新浪
216,2021-07-20,凑齐光伏、动力电池、模拟芯片三大龙头，延续一季度逻辑，刘格菘二季度调仓大曝光,经济观察网
217,2021-07-18,医药行业周报：中报预告落地 个股表现持续分化,西南证券
218,2021-07-18,下周操盘攻略：定价成长，寻找下一只创业板翻倍股,Wind
219,2021-07-17,医药与健康护理行业周报：中报预告相继披露 关注业绩高增长公司,新浪
220,2021-07-15,健帆生物(300529.SZ)：监事会主席彭小红收到广东证监局警示函 金融监管处罚,格隆汇
221,2021-07-15,健帆生物监事彭小红收到广东证监局警示函 金融监管处罚,Wind
222,2021-07-15,健帆生物(300529.SZ)监事彭小红收到广东证监局警示函 金融监管处罚,智通财经
223,2021-07-15,和讯SGI公司|4年稳涨19倍的大牛股，毛利率比肩茅台的健帆生物将遭遇两大威胁？,和讯
224,2021-07-14,医药生物行业周报：医药板块估值已具备吸引力 建议长期配置优质赛道,新浪
225,2021-07-12,高瓴资本概念股恩捷股份再创新高，泰格医药、广联达、凯莱英、健帆生物跟涨,Wind
226,2021-07-07,健帆生物(300529.SZ)：10亿元可转债将于7月12日起在深交所挂牌交易,格隆汇
227,2021-07-07,健帆生物：1000万张“健帆转债”于7月12日起挂牌交易,每日经济新闻
228,2021-07-06,健帆生物(300529.SZ)：YH01红外线治疗仪获批上市,格隆汇
229,2021-07-06,健帆生物(300529.SZ)取得一项医疗器械注册证,智通财经
230,2021-07-06,三生制药大起底：资也募了钱也赚了债也还了 但就是不爱分红,新浪
231,2021-07-05,健帆生物(300529.SZ)：拟使用不超6亿元闲置募集资金并增加不超5亿元闲置自有资金进行现金管理,格隆汇
232,2021-07-05,北大医学博士上半年业绩垫底 民生加银医药健康同类排名倒数,金融界
233,2021-07-05,医药行业每周医览药闻：关注结构性机会 把握高确定性,新浪
234,2021-07-02,国君固收：ToB向左，ToC向右,证券之星
235,2021-07-01,转债商业模式系列报告二：TOB向左 TOC向右,新浪
236,2021-07-01,医药与健康护理行业月报：国内疫苗接种量高速增长 关注新冠疫苗出海机会,新浪
237,2021-07-01,医药生物行业月报：关注中报预期的投资机会,新浪
238,2021-06-29,健帆生物(300529.SZ)：10亿元可转债将于7月12日起在深交所挂牌交易,格隆汇
239,2021-06-29,健帆生物(300529.SZ)董事兼副总经理曾凯减持13.4万股 减持计划完成,智通财经
240,2021-06-29,健帆生物：董事兼副总经理曾凯减持计划实施完毕,每日经济新闻
241,2021-06-29,健帆生物：高管曾凯累计减持0.02%股份 减持股份,Wind
242,2021-06-29,健帆生物：红外线治疗仪取得医疗器械注册证,财联社
243,2021-06-24,中证鹏元：延迟披露健帆生物及“健帆转债”2021年定期跟踪评级报告 推迟评级,Wind
244,2021-06-24,健帆生物(300529.SZ)可转债网上中签结果出炉：中签号共15.4211万个,格隆汇
245,2021-06-24,转债中签结果：健帆生物公布中签号,中财网
246,2021-06-24,健帆生物可转债中签号出炉 共15.42万个,e公司
247,2021-06-23,健帆生物(300529.SZ)：可转债网上中签率为0.0018136556%,格隆汇
248,2021-06-23,转债申购结果：健帆生物转债公布中签率,中财网
249,2021-06-23,健帆生物：“健帆转债”网上中签率为0.0018%,Wind
250,2021-06-23,简评：健帆生物转债投资价值分析,新浪
251,2021-06-22,健帆转债：血液灌流龙头，产销量持续提升【华创固收|周冠南团队】,华创债券论坛
252,2021-06-22,【中金固收·可转债】健帆生物转债投资价值分析,中金固定收益研究
253,2021-06-22,健帆生物：“健帆转债”于6月23日配售及网上申购,每日经济新闻
254,2021-06-22,[路演]健帆生物：公司已经获批组建多个科研平台,全景网
255,2021-06-22,[路演]健帆生物：客户主要为医药经销商 消费需求稳定,全景网
256,2021-06-22,[路演]健帆生物：募投项目具有较好的投资回报和市场前景,全景网
257,2021-06-22,[路演]健帆生物：目前公司产品处于行业主导地位,全景网
258,2021-06-22,[路演]健帆生物：血液灌流产品在多个领域市场空间广阔,全景网
259,2021-06-22,健帆转债投资价值分析：业绩高增长的血液净化核心品种,新浪
260,2021-06-22,[预告]健帆生物可转债发行网上路演22日下午在全景网举办,全景网
261,2021-06-22,医药行业2021年半年报业绩前瞻：CXO、生物制品、创新器械、医疗服务有望持续高增长,西南证券
262,2021-06-22,债券日报：血液灌流龙头 产销量持续提升,新浪
263,2021-06-21,【兴证固收.转债】业绩高增长的血液净化核心品种—健帆转债投资价值分析,新浪
264,2021-06-20,健帆生物：发行可转债10亿元,每日经济新闻
265,2021-06-20,健帆生物(300529.SZ)：“健帆转债”将于6月23日开启申购,智通财经
266,2021-06-16,医药行业基本面强劲，估值全面提升，关注五条投资主线,国泰君安
267,2021-06-15,医药行业2021年6月投资月报：6月仍然是较好的窗口期 两条思路配置医药,西南证券
268,2021-06-13,医药与健康护理行业周报：鼻喷雾式/吸入型新冠疫苗正在申请紧急使用,新浪
269,2021-06-10,健帆生物现3笔大宗交易均为折价成交,证券时报网
270,2021-06-10,"健帆生物现3笔大宗交易 共成交15,112.80万元",新浪
271,2021-06-10,健帆生物今日大宗交易成交209万股，成交价72.31元折价20.65%,Wind
272,2021-06-07,医药生物行业：高值耗材集采指导意见正式发布 看好细分行业特色龙头,新浪
273,2021-06-07,医药与健康护理行业周报：广东地区疫情反复 核酸检测需求大增,新浪
274,2021-06-04,"健帆生物现1笔大宗交易 共成交1,516.52万元",新浪
275,2021-06-04,健帆生物今日大宗交易成交16.50万股，成交价91.91元溢价1.78%,Wind
276,2021-06-01,A股共发生149宗大宗交易成交28.1亿元（6月1日）,Wind
277,2021-06-01,医药生物月报：“三胎”“七普”相继发布 医药空间广阔 继续把握赛道布局、大小兼备的思路,新浪
278,2021-06-01,健帆生物今日大宗交易成交69.43万股，成交价86.41元折价3.34%,Wind
279,2021-06-01,医药与健康护理行业月报：国内疫情防控新阶段 跟进检测需求和疫苗接种情况,新浪
280,2021-06-01,高瓴资本概念股纷纷上扬，健帆生物、公牛、泰格、广联达、凯莱英涨幅居前,Wind
281,2021-05-31,6月八大券商金股曝光 挑战4000点的进攻良机？,中金在线
282,2021-05-31,高瓴资本概念股局部活跃，恩捷股份、金域医学飙升,Wind
283,2021-05-30,板块拾金|一天一个样！新能源、半导体、金融...轮动市到底看谁？策略收好！,第一财经
284,2021-05-30,医药与健康护理行业周报：国内疫情防控新阶段 关注疫苗接种情况,新浪
285,2021-05-30,国君策略：何不同风起，挑战四千点,Wind
286,2021-05-28,聚焦中盘蓝筹：国君策略“挑战四千点”金股组合,新浪
287,2021-05-28,高瓴资本概念股整体低迷，健帆、金域、健康元、泰格、凯莱英等纷纷下滑,Wind
288,2021-05-25,健帆生物大涨,新浪
289,2021-05-25,高瓴资本概念股普遍走强，广联达、健帆生物、泰格医药、甘李药业等领涨,Wind
290,2021-05-24,健帆生物盘中快速下跌,新浪
291,2021-05-22,医药与健康护理行业周报：新股上市浪潮 关注板块价值机会,新浪
292,2021-05-22,53只个股本周创历史新高，医药和锂电行业牛股频出,Wind
293,2021-05-20,目前，国外多个国家的新冠疫情依然在肆虐，这对于健帆生物来说是一个大力拓展海外市场的机会。,财华社
294,2021-05-20,【趣点】19倍大牛股再创新高！健帆生物究竟有何魔力？,财华社
295,2021-05-20,晚间重要公告2021年5月20日星期四,Wind
296,2021-05-20,5月20日晚间沪深上市公司重大事项公告最新快递,中金在线
297,2021-05-20,晚间公告｜5月20日这些公告有看头,第一财经
298,2021-05-20,【公告抢先看】晚间重要公告：爱建集团拟与吉祥航空等关联方投资吉道航 合计出资不超300亿元,金融界
299,2021-05-20,健帆生物：监事亲属短线交易 取得收益近两倍,e公司
300,2021-05-20,健帆生物(300529.SZ)监事彭小红亲属违规买卖公司股票构成短线交易 其他违规处罚,智通财经
301,2021-05-20,健帆生物(300529.SZ)：监事会主席彭小红的子女彭程程短线交易,格隆汇
302,2021-05-20,健帆生物：公司监事亲属短线交易，买入7125股并卖出,Wind
303,2021-05-20,我国器械消费仍有提升空间，机构建议关注这两类企业,第一财经
304,2021-05-20,高瓴资本概念股整体活跃，凯莱英、国瓷材料、健帆生物、广联达纷纷上扬,Wind
305,2021-05-17,健帆生物：副总经理拟减持不超过13.40万股公司股份 拟减持股份,中证网
306,2021-05-17,健帆生物(300529.SZ)：董事兼副总经理曾凯拟减持不超13.4万股,格隆汇
307,2021-05-17,健帆生物：公司董事兼副总经理曾凯拟减持公司股份,每日经济新闻
308,2021-05-17,健帆生物：副总经理曾凯计划减持不超0.0167%股份 拟减持股份,Wind
309,2021-05-13,高瓴资本概念股涨跌参半，健康元、健帆生物、海正药业等逆市走强,Wind
310,2021-05-12,健帆生物(300529.SZ)拟回购注销1.026万股限制性股票,智通财经
311,2021-05-11,高瓴资本概念股纷纷反弹，凯莱英领涨,Wind
312,2021-05-11,18股即将实施分红 健帆生物派现最大方,证券时报网
313,2021-05-10,高瓴资本概念股局部活跃，凯莱英、泰格、健帆、金域、健康元逆市飘红,Wind
314,2021-05-07,医疗器械板块2020&2021Q1总结：抗疫需求持续释放 医疗新基建带动新增长,新浪
315,2021-05-06,医药行业2020年年报及2021年一季报总结：Q1业绩复苏回暖 看好CXO、疫苗、创新器械和服务等高景气板块,西南证券
316,2021-04-30,健帆生物(300529.SZ)2020年度权益分派10派6.6元 股权登记日为5月11日,格隆汇
317,2021-04-30,场外资金坐不住了：医疗器械板块不是业绩超预期 就是股价创新高,理财不二牛
318,2021-04-30,健帆生物(300529.SZ)5月12日分红 拟10股派6.6元,智通财经
319,2021-04-30,A股早报2021年4月30日星期五,Wind
320,2021-04-29,A股共发生113宗大宗交易成交36.87亿元（4月29日）,Wind
321,2021-04-29,"健帆生物现6笔大宗交易 共成交40,499.88万元",新浪
322,2021-04-29,健帆生物今日大宗交易成交426.18万股，成交价95.03元折价2.0%,Wind
323,2021-04-28,血透赛道掀投资扩产高潮 宝莱特拟定增6.5亿元加码血液净化基地及营销网络建设,证券日报网
324,2021-04-26,可转债日报：转债短线回调，维格转债、小康转债逆市大涨,Wind
325,2021-04-26,一季度多位明星基金经理加仓医药股,Wind
326,2021-04-25,35倍牛股迎201亿元解禁！下周这些股票解禁压力大,Wind
327,2021-04-25,【光大金工|基金报告】上市公司一季报渐次披露，从前十股东窥基金经理动向——基金市场周报（20210412-20210416）,EBQuant
328,2021-04-25,最新！顶流基金重仓股大洗牌，40张图表全披露,Wind
329,2021-04-25,下周热门疫苗股超200亿元市值将解禁（附股）,Wind
330,2021-04-24,张坤、谢治宇、刘格菘！顶流基金经理加仓这类股票,Wind
331,2021-04-23,下周两市725亿市值限售股解禁，环比增加18.41% 解禁,Wind
332,2021-04-22,刘格菘麾下基金一季度调仓路径：减仓“光伏茅”加码化工龙头股,证券之星
333,2021-04-21,健帆生物(300529.SZ)2017年股票期权激励计划首次授予股票期权第三个行权期采用自主行权,智通财经
334,2021-04-21,9成盈利、54家业绩翻番：基金增持，医药股掀涨停潮,Wind
335,2021-04-21,看好医药股明星基金一季度增持,金融投资报
336,2021-04-20,一季度多只医药股获明星基金增持,金融投资报
337,2021-04-20,机构调研大幅升温，三大板块看多逻辑不变,Wind
338,2021-04-20,高瓴资本概念股普遍强势，甘李、泰格、金域、国瓷材料、健帆生物大涨,Wind
339,2021-04-20,药企晒一季度成绩单，有4家营收增长超50%！,制药网
340,2021-04-16,健帆生物(300529.SZ)：48.64万份“健帆JLC2”采用自主行权模式,智通财经
341,2021-04-16,健帆生物(300529.SZ)：134.16万份“健帆JLC3”采用自主行权模式,智通财经
342,2021-04-16,健帆生物(300529.SZ)：278.76万份“健帆JLC4”采用自主行权模式,智通财经
343,2021-04-16,高瓴资本概念股多数逆市下滑，恩捷、国瓷、泰格、健帆、广联达等跌幅居前,Wind
344,2021-04-15,失效的“ 周期股避险共识”：明星基金经理三寻新方向,21世纪经济报道
345,2021-04-15,健帆生物（300529）一季报点评：业绩符合我们预期，看好公司中长期发展【东吴医药朱国广团队】,国广有话说
346,2021-04-15,中国银河--健帆生物：业绩高速增长，血灌产品快速放量【公司研究】,金融界股吧
347,2021-04-14,杀茅上演连续剧！慌了？看看张坤、刘格菘、赵诣等大佬调仓新动作,格隆汇
348,2021-04-14,顶流各有所好！明星基金经理持仓“新宠”能不能供投资者“抄作业”？,中证报
349,2021-04-14,高瓴资本概念股整体强势，健康元、恩捷、健帆、广联达、泰格纷纷上扬,Wind
350,2021-04-14,最新数据显示：明星基金经理正买入这些个股,Wind
351,2021-04-14,东吴证券--健帆生物：业绩符合我们预期，看好公司中长期发展【公司研究】,金融界股吧
352,2021-04-14,西南证券--健帆生物：一季报业绩超预期，核心产品持续放量【公司研究】,金融界股吧
353,2021-04-14,顶流基金经理持仓动态来了,中金在线
354,2021-04-14,明星基金经理“新宠”名单曝光，释放两大投资信号,Wind
355,2021-04-14,顶流基金持仓曝光，“抄作业”没那么简单,Wind
356,2021-04-14,顶流基金持仓曝光“抄作业”没那么简单,中证报
357,2021-04-13,安信证券--健帆生物：一季报业绩显着超预期，血液净化龙头加速成长【公司研究】,金融界股吧
358,2021-04-13,东吴证券:健帆生物（300529.SZ）2021QI业绩符合预期，维持“买入”评级,智通财经
359,2021-04-13,高瓴资本概念股普遍强势，金域、健帆、甘李、凯莱英、广联达纷纷走升,Wind
360,2021-04-13,顶流基金经理最新持股名单：谢治宇建仓芯片股 刘格菘减持光伏 减持股份,中国基金报
361,2021-04-13,谢治宇建仓芯片股刘格菘大举减持光伏！顶流基金经理最新持股名单来了 减持股份,中国基金报
362,2021-04-13,谢治宇、刘格菘……多位基金经理一季度持股名单来了,Wind
363,2021-04-13,国金证券：健帆生物(300529.SZ)血液净化产品具较强的需求刚性，维持“买入”评级,智通财经
364,2021-04-13,刘格菘“独宠”这家公司，董承非偏爱这只“脱帽摘星股”……最新一季报，又有重磅持股信息！,金融界
365,2021-04-12,一季报又有重磅持股信息，刘格菘“独宠”这家公司,Wind
366,2021-04-12,安信证券：健帆生物(300529.SZ)血液灌流权威学术体系搭建再下一城，维持“买入-A”评级,智通财经
367,2021-04-12,健帆生物(300529.SZ)一季度归母净利同比增长53.62%至2.83亿元,智通财经
368,2021-04-12,健帆生物(300529.SZ)一季度净利润升53.62%至2.83亿元,格隆汇
369,2021-04-12,健帆生物：一季度净利润同比增长53.62%,Wind
370,2021-04-12,高瓴资本概念股普遍下滑，公牛集团、泰格医药、健帆生物、凯莱英领跌,Wind
371,2021-04-12,2020年财报亮眼，股权激励下业绩或再提速，血液灌流器龙头健帆生物势不可挡,新浪
372,2021-04-12,近一周22家公司获机构扎堆调研！,云掌财经
373,2021-04-12,医药与健康护理行业周报：年报一季报相继披露 看好业绩确定性高的医药白马,新浪
374,2021-04-12,安信证券--健帆生物：肾病产品卫生经济学研究数据发布，血液灌流权威学术体系搭建再下一城【公司研究】,金融界股吧
375,2021-04-08,高瓴资本概念股整体强势，凯莱英、健帆生物、国瓷材料领涨,Wind
376,2021-04-08,健帆生物(300529)：快速成长的血液灌流龙头,新浪
377,2021-04-08,医药生物行业：医疗体系运行常态化 看好一季度业绩表现,广发证券
378,2021-04-07,健帆生物(300529)：全年业绩高增长 海外+保险业务打开天花板,新浪
379,2021-04-07,医药生物行业周观点：财报季业绩亮眼 板块企稳反弹,新浪
380,2021-04-06,上市4年股价涨了8倍，健帆生物的高成长性已体现在销售模式中！,云掌财经
381,2021-04-06,医药行业2021年4月投资月报：把握一季报最佳反弹窗口期 加配低估值且高增长标的,西南证券
382,2021-04-06,医药行业周报：当前是反弹最佳窗口期 加配低估值高增长标的,西南证券
383,2021-04-06,"健帆生物现1笔大宗交易 共成交6,913.00万元",新浪
384,2021-04-06,西南证券--健帆生物：业绩增速创历史新高，未来增长可期【公司研究】,金融界股吧
385,2021-04-06,医药行业周报：核心资产景气回归 关注第二批耗材集采进程,新浪
386,2021-04-06,健帆生物(300529)：年报业绩略超预期，扣非业绩加速增长,中信建投证券研究
387,2021-04-05,医药行业一周观察：调整后重归均衡 关注内生成长明确的一二线公司,新浪
388,2021-04-05,医药行业2021年4月投资策略：业绩驱动渐入佳境,新浪
389,2021-04-04,健帆生物(300529)：业绩持续高速增长 市场空间不断开拓,新浪
390,2021-04-04,每日报告回放,新浪
391,2021-04-02,健帆生物全年存货增三成 政府补助增至4757万 续聘有污点致同所,GPLP犀牛财经
392,2021-04-02,【健帆生物 | 持续坚定推荐】疫情考验灌流刚需属性，全球血液净化新星升起【安信医药马帅团队】,医药马帅团队
393,2021-04-02,安信证券--健帆生物:疫情考验灌流刚需属性，全球血液净化新星升起【公司研究】,金融界股吧
394,2021-04-02,【国金晨讯】上调长电科技、扬农化工、盐津铺子盈利预测；2Q21大类资产配置；后疫情时期，债市4月“魔咒”会否回归？,国金证券研究所
395,2021-04-02,国金证券--健帆生物：疫情难掩销售强劲，海外市场潜力可期【公司研究】,金融界股吧
396,2021-04-02,电鳗快报|健帆生物年报好看业绩背后：研发投入少产品单一 高增长难以为继,电鳗快报
397,2021-04-02,医药与健康护理行业月报：年报相继披露 关注高增长公司及A+H股医药投资机会,新浪
398,2021-04-02,健帆生物净利9年增10倍 五年五推股权激励计划惠及千名核心员工,长江商报
399,2021-04-02,晨报0402 | 明源云（0909）、药明康德（603259）、健帆生物（300529）,国泰君安证券研究
400,2021-04-01,健帆生物(300529)：肾病业务快速增长 肝科业务2020年下半年增长提速,广发证券
401,2021-04-01,健帆生物(300529)：业绩符合预期 高增长有望延续,新浪
402,2021-04-01,高瓴资本概念股普遍活跃，健帆、金域医学、广联达、健康元、恩捷涨幅居前,Wind
403,2021-04-01,医疗板块快速拉升，健帆生物涨超5%，英科医疗涨4%,资本邦
404,2021-03-31,晚间重要公告2021年3月31日星期三,Wind
405,2021-03-31,健帆生物2020年度净利同比增53% 拟10派6.6元,上证报
406,2021-03-31,健帆生物(300529.SZ)拟续聘致同会计师事务所为2021年度审计机构,智通财经
407,2021-03-31,健帆生物(300529.SZ)2020年度归母净利同比升53.33%至8.75亿元 拟10派6.6元,智通财经
408,2021-03-31,健帆生物(300529.SZ)2020年度净利润升53.33%至8.75亿元拟10派6.6元,格隆汇
409,2021-03-31,健帆生物：2020年度净利润约8.75亿元，同比增加53.33%,每日经济新闻
410,2021-03-31,健帆生物：2020年净利润同比增长53.33%,Wind
411,2021-03-30,高瓴资本概念股普遍强势，公牛、良品铺子、健帆、凯莱英、泰格涨幅居前,Wind
412,2021-03-30,医药健康行业周报(第十二周),新浪
413,2021-03-26,健帆生物现1笔大宗交易 共成交276.33万元,新浪
414,2021-03-26,健帆生物董凡:十年前红杉资本投资我们时公司估值8亿 现在是600亿,新浪
415,2021-03-25,大盘区间震荡 健帆生物融资盘流入,财富动力网
416,2021-03-23,医药与健康护理行业周报：估值风险有效控制 关注业绩高增长公司,新浪
417,2021-03-17,三家国内IVD械企净利润超20亿,器械之家
418,2021-03-17,高瓴资本概念股普遍走升，凯莱英、健帆生物、国瓷材料、恩捷股份涨幅居前,Wind
419,2021-03-16,Wind医药：每日行业动态（2021-03-16）,Wind
420,2021-03-15,健帆生物(300529.SZ)：一次性使用血液透析管路取得医疗器械注册证,格隆汇
421,2021-03-15,一批基金最新持仓曝光！减仓前期热门股，重仓这些股票,Wind
422,2021-03-10,西南证券--医药行业2021年3月投资月报：核心资产大跌之后性价比凸显，建议关注PEG投资机会【行业研究】,金融界股吧
423,2021-03-10,高瓴资本概念股普遍反弹，广联达、凯莱英、恩捷股份、健帆生物大涨,Wind
424,2021-03-09,高瓴资本概念股普遍下滑，健康元、凯莱英、健帆生物、良品铺子、广联达领跌,Wind
425,2021-03-08,三家国内IVD械企净利润超20亿,器械之家
426,2021-03-08,健帆生物跌7.9% 上月初安信证券国泰君安唱多,中国经济网
427,2021-03-08,高瓴资本概念股普遍调整，健帆生物、凯莱英、广联达、国瓷材料、泰格医药领跌,Wind
428,2021-03-07,医药与健康护理行业周报：业绩确定性高 继续看好医药龙头公司,新浪
429,2021-03-05,健帆生物(300529.SZ)拟共设珠海健福以满足肾病患者的多样化治疗需求,智通财经
430,2021-03-05,高瓴资本概念股多数反弹，健帆生物、泰格、恩捷、甘李药业、凯莱英飘红,Wind
431,2021-03-04,21深度丨高瓴资本减持良品铺子： “高端零食第一股”转型之路何去何从？ 减持股份,21世纪经济报道
432,2021-03-03,健帆生物发生大宗交易成交折价率23.68%,证券时报网
433,2021-03-03,A股共发生178宗大宗交易成交65.51亿元（3月3日）,Wind
434,2021-03-03,东吴证券给予健帆生物买入评级，股权激励方案发布，长期增长确定性强,每日经济新闻
435,2021-03-03,安信证券维持健帆生物买入评级：第五次股权激励计划发布，业绩指引再提速,每日经济新闻
436,2021-03-03,健帆生物现1笔大宗交易 共成交326.09万元,新浪
437,2021-03-03,健帆生物今日大宗交易成交5.33万股，成交价61.18元折价23.68%,Wind
438,2021-03-02,高瓴减持良品铺子：套现撤离还是增大调仓空间？ 减持股份,联商网
439,2021-03-02,力抢筹股价飘红 高瓴减持良品铺子释放流动性效应显现 减持股份,中金在线
440,2021-02-26,健帆生物(300529.SZ)：向激励对象授予限制性股票749.1万股,格隆汇
441,2021-02-24,高瓴资本概念股普遍调整，国瓷、海正、健帆、凯莱英、恩捷、广联达跌幅居前,Wind
442,2021-02-22,医药行业周报：趁医药回调良机 布局高景气板块,西南证券
443,2021-02-19,晨报0219 | 医药春季策略、新式茶饮行业专题、盘江股份（600395）,国泰君安证券研究
444,2021-02-18,加速与互联网医疗、商业保险的融合，药企打着什么算盘？,搜狐
445,2021-02-18,医药行业2021年春季投资策略：供需皆强劲 业绩开门红,新浪
446,2021-02-18,医药与健康护理行业周报：国内疫情向好 仍需紧密关注防控政策,新浪
447,2021-02-18,高瓴资本概念股多数调整，公牛集团、健帆生物、凯莱英、泰格医药、恩捷股份领跌,Wind
448,2021-02-09,跟踪评测 | 健帆生物,新浪
449,2021-02-09,医药生物行业周报：第四批国采结果出炉 年报季关注业绩超预期个股,新浪
450,2021-02-08,健帆生物现1笔大宗交易 共成交319.42万元,新浪
451,2021-02-08,健帆生物今日大宗交易成交4.41万股，成交价72.43元折价21.7%,Wind
452,2021-02-08,50家上市械企年度预报 | 前10净利超281亿，IVD全线飘红！,医疗器械协会
453,2021-02-08,中小盘增发并购双周报：万盛股份、前沿生物等发布高要求股权激励方案,新浪
454,2021-02-08,医药行业周报：第四批集采落地 持续看好创新及相关产业链CXO,西南证券
455,2021-02-07,医药生物行业2020业绩前瞻：2020板块分化明显 下半年医疗服务等有序复苏,新浪
456,2021-02-07,国信证券--金融工程日报：银行板块领涨，北向资金连续6日净流入【宏观研究】,金融界股吧
457,2021-02-05,股权激励公布，健帆生物大涨16%，深股通买入超2亿元,第一财经
458,2021-02-05,健帆生物放量大涨16%，外资买入,Wind
459,2021-02-05,高瓴资本概念股健帆生物盘中一度涨停，深股通买入2.44亿元并卖出1亿元,Wind
460,2021-02-05,高瓴资本概念股表现活跃，海正药业封板、健帆生物一度涨停,Wind
461,2021-02-05,安信证券--健帆生物:第五次股权激励计划发布，业绩指引再提速【公司研究】,金融界股吧
462,2021-02-05,健帆生物(300529)：第五次激励方案出台 彰显发展信心,新浪
463,2021-02-05,茅台直逼3万亿！各种“茅”飙新高，千亿白马跌停,中国基金报
464,2021-02-05,健帆生物(300529)事件点评：股权激励方案发布，长期增长确定性强！【东吴医药朱国广团队】,国广有话说
465,2021-02-05,东吴证券给予健帆生物买入评级，股权激励方案发布，长期增长确定性强,每日经济新闻
466,2021-02-05,解盘：权重继续拉指数，医药、大消费、茅指数略涨,Wind
467,2021-02-05,医疗器械设备板块走强，42只个股上涨，健帆生物上涨16.38%,每日经济新闻
468,2021-02-05,健帆生物盘中封住涨停，股价创历史新高,Wind
469,2021-02-05,股权激励草案发布健帆生物(300529.SZ)拉升逼近涨停创历史新高,格隆汇
470,2021-02-05,华泰证券给予健帆生物买入评级，第五次激励方案出台，彰显发展信心，目标价格为104.16元,每日经济新闻
471,2021-02-05,国金证券--健帆生物：股权激励草案发布，高增长具备可持续性【公司研究】,金融界股吧
472,2021-02-05,医疗器械板块走强 健帆生物领涨,e公司
473,2021-02-05,医疗器械设备板块走强，25只个股上涨，健帆生物上涨11.51%,每日经济新闻
474,2021-02-05,【行情】医疗器械板块开盘走强，健帆生物涨逾11%，万邦德、三鑫医疗、阳普医疗、乐心医疗等纷纷走高,金十数据
475,2021-02-04,健帆生物(300529.SZ)拟推750万股限制性股票激励计划,格隆汇
476,2021-02-04,健帆生物：2021年限制性股票激励计划,每日经济新闻
477,2021-02-02,高瓴资本概念股普遍强势，良品铺子、公牛集团、泰格医药、金域医学等纷纷走升,Wind
478,2021-02-02,医药行业周报：短期流动性收紧 如何看医药后市机会？,西南证券
479,2021-02-01,2021年医药行业如何投资？高瓴A股医药公司持仓曝光,健识局
480,2021-01-28,2020年四季度基金医药持仓点评：四季度公募基金医药重仓持股小幅下降 头部聚集趋势延续,新浪
481,2021-01-27,高瓴资本概念股走势分化，国瓷材料、健帆生物、泰格医药均下滑,Wind
482,2021-01-26,医药行业Q42020持仓分析：医药仓位有所回落 核心资产持续加强,西南证券
483,2021-01-25,十大“顶流”基金公司重仓股大曝光：易方达、汇添富、广发,中国基金报
484,2021-01-22,谢治宇、董承非等十大明星经理重仓股大曝光,中国基金报
485,2021-01-22,高瓴资本概念股普遍走强，金域医学连续两日涨停,Wind
486,2021-01-21,陈光明旗下基金调仓曝光！赵诣、傅鹏博加仓新能源,中证报
487,2021-01-21,刘格菘、萧楠、刘彦春等投资大佬最新持仓曝光,上证报
488,2021-01-20,高瓴资本概念股涨势强劲，泰格医药、凯莱英、金域医学、恩捷股份等集体上扬,Wind
489,2021-01-19,医药生物行业周报：业绩预告密集披露 短期调整不改龙头本色,新浪
490,2021-01-18,【GICS行业巡礼】61家“医疗保健设备”行业沪深港上市公司初筛选,宏赫臻财
491,2021-01-15,健帆生物(300529.SZ)副总经理唐先敏减持499.04万股 减持已完成 减持股份,智通财经
492,2021-01-13,医药生物行业事件点评：什么是卫生经济学中的“增量成本效果比”？,华安证券
493,2021-01-12,高瓴资本概念股整体活跃，广联达、甘李药业、健帆生物、健康元、公牛集团普涨,Wind
494,2021-01-12,血液灌流相关研究成果发布 或助力健帆生物产品推广,证券时报网
495,2021-01-12,医药健康行业周报(第一周),新浪
496,2021-01-11,健帆生物(300529.SZ)：HA树脂血液灌流的卫生经济学研究成果,格隆汇
497,2021-01-08,健帆生物2020年预计盈利超7.99亿 加速渗透国内市场产品覆盖5400家医院,长江商报
498,2021-01-08,42股获券商买入评级 中国长城目标涨幅达57.14%,Wind
499,2021-01-07,健帆生物(300529)：灌流产品认可度提升 业绩增长持续超预期,新浪
500,2021-01-07,健帆生物(300529)：业绩表现亮眼 2020Q4归母净利润在高基数下保持快速增长,广发证券
501,2021-01-07,【周末特辑】国金研究十大热门研报,国金证券研究所
502,2021-01-07,健帆生物(300529)：2020业绩预告超预期 高增长具备可持续性,国金证券股份有限公司
503,2021-01-07,健帆生物(300529)：年报预告业绩超预期 预计肾科维持高增长 肝科持续回暖,新浪
504,2021-01-07,【国金晨讯】上调健帆生物、长春高新、万华化学盈利预测,国金证券研究所
505,2021-01-07,股海导航 1月7日沪深股市公告提示,新浪
506,2021-01-07,上市公司正负面新闻2021年1月7日星期四,Wind
507,2021-01-06,公告精选：万华化学第四季度净利同比大幅预增；天齐锂业股东拟减持不超4%股份,e公司
508,2021-01-06,晚间重要公告2021年1月6日星期三,Wind
509,2021-01-06,1月6日晚间上市公司十大重磅公告,巨丰财经
510,2021-01-06,【公告抢先看】晚间重要公告：温氏股份2020年销售肉猪收入398.30亿元、长安汽车2020全年销量200.37万辆,金融界
511,2021-01-06,晚间公告｜1月6日这些公告有看头,第一财经
512,2021-01-06,健帆生物2020年度净利润预增40%-60%,上证报
513,2021-01-06,1月6日上市公司晚间公告速递,新浪
514,2021-01-06,健帆生物业绩预告：2020年度净利润同比增长40%-60%,格隆汇
515,2021-01-04,健帆生物(300529.SZ)拟不超9亿元闲置自有资金进行现金管理,智通财经
516,2021-01-04,"健帆生物现1笔大宗交易 共成交1,000.35万元",新浪
517,2021-01-04,健帆生物今日大宗交易成交14.75万股，成交价67.82元折价6.39%,Wind
518,2021-01-04,市值跌落600亿元 健帆生物核心产品被质疑股价暴跌 连续下跌,GPLP犀牛财经
519,2021-01-04,高瓴资本概念股普遍活跃，恩捷股份、泰格医药、健康元、广联达、健帆生物齐涨,Wind
520,2020-12-30,【健帆生物 | 年报预告点评】业绩超预期，预计肾科维持高增长，肝科持续回暖【安信医药马帅团队】,医药马帅团队
521,2020-12-30,600亿市值健帆生物股价连震荡2日 毛利率追贵州茅台,中国经济网
522,2020-12-30,600亿医疗股暴跌，是谎言还是恶意中伤,证券之星
523,2020-12-30,【健帆生物 | 年报预告继续强推】业绩超预期，预计肾科维持高增长，肝科持续回暖【安信医药马帅团队】,医药马帅团队
524,2020-12-29,被质疑存误导性行为 健帆生物的600亿市值是不是谎言,北京商报
525,2020-12-29,600亿市值医药股爆出惊天“大瓜”？紧急公告怒怼,上证报
526,2020-12-29,健帆生物爆出惊天大瓜？盘前紧急公告怼自媒体恶意攻击,中国证券网
527,2020-12-29,600亿市值谎言？医药龙头突发大跌 毛利直逼茅台 公司紧急澄清：用心险恶、手法卑劣！最惨医药股再跌停,金融界
528,2020-12-29,遭媒体质疑 健帆生物(300529.SZ)一度大跌近10%,格隆汇
529,2020-12-29,健帆生物：媒体报道相关内容与事实不符，保留追究当事人法律责任权利,资本邦
530,2020-12-29,健帆生物澄清媒体报道，早盘仍跌近10%,Wind
531,2020-12-29,健帆生物(300529.SZ)澄清：不存在媒体报道中所提及的误导性陈述行为,格隆汇
532,2020-12-29,健帆生物澄清：不存在市值风云文章中所提及的误导性陈述行为,格隆汇
533,2020-12-29,健帆生物：媒体报道与事实不符，企图误导投资者,Wind
534,2020-12-28,健帆生物(300529.SZ)：发行可转债申请获证监会同意注册批复,格隆汇
535,2020-12-25,健帆生物现1笔大宗交易 共成交506.51万元,新浪
536,2020-12-23,众惠相互创新CKD带病投保产品 打造“健康管理+相互保险”融合发展模式,中国网
537,2020-12-22,【医药生物*朱国广】医药浪潮之巅后的新选择，估值OR信仰？,东吴研究所
538,2020-12-18,"健帆生物现1笔大宗交易 共成交1,496.40万元",新浪
539,2020-12-14,高瓴资本概念股普遍活跃，恩捷股份、公牛集团、良品铺子、健帆生物等大涨,Wind
540,2020-12-14,医药行业周报：把握中国优势 就是把握明年行情,新浪
541,2020-12-11,"健帆生物现1笔大宗交易 共成交2,499.93万元",新浪
542,2020-12-10,A股共发生194宗大宗交易成交77.13亿元（12月10日）,Wind
543,2020-12-10,高瓴资本概念股再度活跃，泰格医药、国瓷材料、甘李药业等普涨,Wind
544,2020-12-09,"健帆生物现1笔大宗交易 共成交2,588.41万元",新浪
545,2020-12-09,晨报1209 | 医药&白酒2021年度策略、次新股专题、圣农发展（002299）,国泰君安证券研究
546,2020-12-08,医药行业2021年度投资策略：需求无止境 供给共繁荣,新浪
547,2020-12-08,国君医药 | 2021年度策略：需求无止境，供给共繁荣,国泰君安证券研究
548,2020-12-07,医药行业周报：医药反弹OR反抽？,西南证券
549,2020-12-04,"健帆生物现4笔大宗交易 共成交11,765.24万元",新浪
550,2020-12-04,健帆生物：预判短期内公司产品不会被纳入集采范围,Wind
551,2020-11-30,可转债周报：极关注新券机会,华安证券
552,2020-11-30,医药健康行业周报(第四十八周),新浪
553,2020-11-27,健帆生物连获三届“金牛最具投资价值奖”，董事长董凡再获“金牛企业领袖奖”,凤凰网
554,2020-11-26,"健帆生物现1笔大宗交易 共成交6,816.59万元",新浪
555,2020-11-25,四过四！普联软件、凯淳股份、山水比德创业板IPO与健帆生物可转债申请通过审核,资本邦
556,2020-11-25,带量集采、医保目录谈判开启，大降价逃不掉，医药股还好吗？,第一财经
557,2020-11-24,健帆生物(300529.SZ)发行可转债申请获深交所创业板上市委审核通过,格隆汇
558,2020-11-24,医药生物行业周观点：高涨幅及高估值持续收窄 重回基本面布局,新浪
559,2020-11-23,医药行业2021年度投资策略：以创新应对一切挑战,新浪
560,2020-11-19,健帆生物(300529.SZ)：子公司取得新医疗器械注册证 涉及血液透析浓缩液,格隆汇
561,2020-11-19,健帆生物(300529.SZ)子公司天津标准产品“血液透析浓缩液”获医疗器械注册证,智通财经
562,2020-11-18,11月24日，普联软件、凯淳股份、山水比德创业板IPO上会，健帆生物可转债发行申请,资本邦
563,2020-11-18,健帆生物成立新材料科技公司，注册资本1亿元,企查查
564,2020-11-17,创业板上市委：普联软件等三公司首发11月24日上会,Wind
565,2020-11-13,医药行业周报：冠脉支架拟中选结果发布 辉瑞／BIONTECH发布疫苗积极结果,渤海证券
566,2020-11-13,智通港美股会议日历|11月13日,智通财经
567,2020-11-12,11月12日 12股盘前利好公告速递,中财网
568,2020-11-11,2020年年末主要宽基指数样本股调整预测：电子和医药行业个股升档较多,新浪
569,2020-11-11,健帆生物：拟投资成立全资子公司珠海健树 从事生物材料项目建设与生产,发布易
570,2020-11-11,健帆生物(300529.SZ)拟设立子公司实施3.1亿元生物材料项目,智通财经
571,2020-11-11,健帆生物：拟3.1亿元投建生物材料项目,e公司
572,2020-11-11,健帆生物(300529.SZ)拟设立珠海健树以建设生物材料项目,格隆汇
573,2020-11-09,西南证券：双循环背景下 创新升级+进口替代引领医药大时代,新浪
574,2020-11-07,医药行业事件点评：冠脉支架拟中选结果发布 降价幅度较大,渤海证券
575,2020-11-06,A股收盘综述：上证指数本周涨2.7%，长江一级家电制造、汽车行业均劲升超10%,Wind
576,2020-11-06,冠脉支架集采结果出炉，中标价大幅下降，相关公司股价承压,证券时报网
577,2020-11-06,【行情】医疗器械概念股午后继续走低，心脉医疗跌17%，南微医学、健帆生物跌近10%，赛诺医疗、凯利泰等跌逾9%,金十数据
578,2020-11-06,高瓴资本概念股整体疲软，凯利泰、健帆生物、国瓷材料均下挫逾9%,Wind
579,2020-11-06,A股午盘综述：上证指数跌0.71%再失3300，汽车、白酒股获利盘喷涌而出,Wind
580,2020-11-06,医药行业2021年投资策略：“双循环”背景下 “创新升级＋进口替代”引领医药大时代,西南证券
581,2020-11-05,医药生物行业上市公司2020年三季报小结：疫情影响逐渐消退 关注高成长大龙头+细分冠军,新浪
582,2020-11-05,迈瑞医疗、健帆生物、戴维医疗纷纷下滑，医疗保健设备板块跌超1%,Wind
583,2020-11-04,医药生物行业-医疗器械、服务板块2020年三季报总结：中国制造优势体现 推荐出口型器械及连锁服务龙头,新浪
584,2020-11-03,机构不甘守成，大宗交易露端倪,Wind
585,2020-11-02,疫情影响逐渐消退，关注高成长龙头+细分冠军--医药生物上市公司2020年三季报小结,兴证医药健康
586,2020-11-02,【浙商医药|三季报】医疗器械、服务：中国制造优势体现，推荐龙头,杏林建研
587,2020-10-29,健帆生物现1笔大宗交易 共成交237.88万元,新浪
588,2020-10-29,健帆生物今日大宗交易成交2.75万股，成交价86.5元溢价6.36%,Wind
589,2020-10-29,解码7788份公募基金三季报：“吃药喝酒”仍为主流，明星基金经理持仓分化,Wind
590,2020-10-28,A股共发生139宗大宗交易成交38.57亿元（10月28日）,Wind
591,2020-10-28,"健帆生物现1笔大宗交易 共成交6,213.00万元",新浪
592,2020-10-23,"健帆生物现1笔大宗交易 共成交6,882.83万元",新浪
593,2020-10-22,【财报智读】健帆生物：2020年前三季度总收入13.15亿元,面包财经
594,2020-10-22,健帆生物(300529)2020年三季报点评：环比进一步加速 刚需持续高增长,新浪
595,2020-10-22,79股获券商买入评级，招商积余目标涨幅达72.83%,Wind
596,2020-10-22,公募基金三季度调仓初露端倪，生物医药板块仍被高配,Wind
597,2020-10-21,健帆生物：唐先敏合计减持0.21%公司股份 减持股份,Wind
598,2020-10-21,健帆生物(300529.SZ)副总经理唐先敏减持167.62万股 减持时间已过半 减持股份,智通财经
599,2020-10-21,健帆生物(300529)：健帆生物三季报业绩超预期 Q3提速显著 持续引领全球血液灌流渗透率提升,新浪
600,2020-10-21,健帆生物(300529)：Q3利润增长加速 全年业绩可期,西南证券
601,2020-10-21,【财报智读】健帆生物：2020年前三季度营业总收入13.15亿元，归母净利润6.27亿元,面包财经
602,2020-10-21,【面包财报】健帆生物：2020年前三季度营业总收入13.15亿元，归母净利润6.27亿元,面包财经
603,2020-10-21,健帆生物(300529)：三季度业绩加速增长 每周1次灌流治疗写入血液净化操作规程,新浪
604,2020-10-21,健帆生物(300529)：收入增速环比继续加速 肾病及肝病业务有望持续快速增长,广发证券
605,2020-10-21,健帆生物(300529)：Q3持续高增长 海外市场潜力可期,新浪
606,2020-10-21,健帆生物三季报点评：Q3持续高增长，海外市场潜力可期【东吴医药朱国广团队】,国广有话说
607,2020-10-21,健帆生物公布三季报 前三季净利增加50.13%,新浪
608,2020-10-20,健帆生物：前三季度净利润同比增长50%,Wind
609,2020-10-20,健帆生物：前三季度净利润同比增长50%,e公司
610,2020-10-20,健帆生物(300529.SZ)第三季度净利润升66.54%至1.87亿元,格隆汇
611,2020-10-20,【东吴晨报1022】【策略】【行业】汽车【个股】三花智控、健帆生物、锦浪科技,东吴研究所
612,2020-10-19,医药生物行业：冠脉支架全国集采方案出台 高值耗材集采时代正式来临,新浪
613,2020-10-16,"健帆生物现1笔大宗交易 共成交1,485.84万元",新浪
614,2020-10-14,医药行业2020年四季度投资策略：业绩验证化解估值压力,新浪
615,2020-10-14,"医药生物行业2020三季度业绩前瞻：板块分化明显 医疗服务等板块有
序复苏",新浪
616,2020-10-14,【健帆生物（300529.SZ）】开源节流多因素共振，20Q3利润环比大幅提速——2020年三季报预告点评（林小伟/宋硕）,光大研究S
617,2020-10-12,健帆生物：前三季度预计净利润同比增长40.0%~60.0%,Wind
618,2020-10-12,健帆生物(300529.SZ)：前三季度净利预增40%-60%,格隆汇
619,2020-10-12,"健帆生物现1笔大宗交易 共成交1,238.98万元",新浪
620,2020-10-09,医药行业：耗材带量采购背景下 医疗器械“路在何方”？,西南证券
621,2020-09-29,健帆生物(300529.SZ)：使用1.2亿元闲置自有资金购买理财产品,格隆汇
622,2020-09-21,15股获券商买入评级 凯文教育目标涨幅达56.74%,Wind
623,2020-09-18,健帆生物(300529)：健帆生物从学术及临床视角看全球血液净化龙头投资价值,新浪
624,2020-09-17,医药行业周报：医药品种“调结构” 关注 “快速复苏板块”+“医保降价免疫”,新浪
625,2020-09-17,医药行业投资策略：寻找“隐形”冠军,新浪
626,2020-09-15,"健帆生物荣获""2020医药生物产业-价值投资10强 """,金融界
627,2020-09-14,健帆生物(300529.SZ)：发行可转债申请收到深交所审核问询函 问询,格隆汇
628,2020-09-11,医药2020H1中报总结：Q2业绩环比开始改善 行业步入疫后时代,新浪
629,2020-09-10,双循环格局对医药行业发展的影响：双循环格局下的医药发展新机遇,新浪
630,2020-09-04,【浙商医药|中报】器械与服务：关注效率及渗透率提升加速,杏林建研
631,2020-09-04,【浙商医药|中报总结】Q2改善，选赛道更重要,杏林建研
632,2020-09-04,医药行业2020年9月投资月报：建议关注IVD化学发光赛道 业绩高增长可期,新浪
633,2020-09-03,医药生物投资周报：医保基金改革加强共济性和监管 龙头药店有望承接统筹基金,新浪
634,2020-09-01,166家公司获机构调研（附名单）,证券时报网
635,2020-08-31,健帆生物(300529)2020年中报点评：上半年业绩高增长 疫情期间公司产品临床认可度提升,西南证券
636,2020-08-29,10位明星基金经理“心水股”首次披露,中国基金报
637,2020-08-28,中国可转债周报：有关转债的技术分析,新浪
638,2020-08-27,【天风医药】健帆生物：上半年业绩维持高增长，疫情助力境外市场扩张,思医辨药
639,2020-08-26,健帆生物(300529)：肾病业务维持高增长 重症业务表现亮眼,创业板
640,2020-08-26,健帆生物中报点评：业绩持续高增长，疫情推动海外销售！【东吴医药朱国广团队】,国广有话说
641,2020-08-26,健帆生物(300529)2020年中报点评：业绩符合预期 疫情助力品牌影响力提升,创业板
642,2020-08-26,健帆生物(300529)：业绩快速增长持续 符合市场预期,新浪
643,2020-08-26,健帆生物(300529)：肾病肝病新冠三线放量 销售费用比例下行,国金证券股份有限公司
644,2020-08-26,"【国金晨讯】建发国际:优秀国资房企,有望冲击千亿规模；从“黑悟空到原神”,手游美术工艺看中国；上调中国巨石盈利预测",国金证券研究所
645,2020-08-25,健帆生物：上半年净利4.41亿元同比增44%,格隆汇
646,2020-08-25,健帆生物(300529.SZ)：上半年净利升44.11%至4.41亿元,格隆汇
647,2020-08-25,健帆生物：上半年净利润同比增长44.11%,Wind
648,2020-08-24,健帆生物(300529.SZ)：发行可转债申请获深交所受理,格隆汇
649,2020-08-20,【浙商医药|周报】从中报看医药：业绩回暖，器械+CXO增速领跑行业,杏林建研
650,2020-08-20,健帆生物入榜“2020中国品牌500强”,凤凰网
651,2020-08-19,医药行业周报：如何看待近期医药的回调？,新浪
652,2020-08-10,医药行业周报：建议关注药店 关注业绩高增长、政策变化和估值性价比,新浪
653,2020-08-09,“翻倍基”你追我赶，重仓板块还有上涨后劲吗？,上证报
654,2020-08-06,估值合理盈利改善，机构布局血制品行业,Wind
655,2020-08-03,健帆生物（300529）8月3日盘后公告，公司血液净化设备近日收到国家药品监督管理颁发的《医疗器械注册证》。,中证网
656,2020-08-03,健帆生物：血液净化设备获得医疗器械注册证,中证网
657,2020-08-03,"健帆生物现1笔大宗交易 共成交1,996.48万元",新浪
658,2020-08-03,健帆生物今日大宗交易成交27.20万股，成交价73.4元溢价1.41%,Wind
659,2020-08-03,健帆生物(300529.SZ)：FutureF20血液净化设备取得医疗器械注册证,格隆汇
660,2020-07-29,"健帆生物现1笔大宗交易 共成交2,299.10万元",新浪
661,2020-07-29,"基金公司持仓估值竟相差6倍，越""贵""涨幅越大！",券商中国
662,2020-07-27,健帆生物现2笔大宗交易总成交金额6129.27万元,证券时报网
663,2020-07-26,医药制造业行业：集采领域扩面是既定方向 产业升级不变,新浪
664,2020-07-24,"健帆生物现1笔大宗交易 共成交2,097.33万元",新浪
665,2020-07-22,健帆生物：股东张广海、李峰、方丽华、李得志、张明渊共减持约377万股,每日经济新闻
666,2020-07-22,健帆生物(300529.SZ)：五名董监高减持完毕合计减持0.47%股份 减持股份,格隆汇
667,2020-07-22,健帆生物：部分监事、高管合计减持0.47%股份，完成减持计划 减持股份,Wind
668,2020-07-21,健帆生物发生2笔大宗交易合计成交1.02亿元,证券时报网
669,2020-07-21,"健帆生物现2笔大宗交易 共成交10,188.43万元",新浪
670,2020-07-17,A股“红包雨”——下周60家公司派现，3家送转,Wind
671,2020-07-11,健帆生物(300529)：灌流王者 气指九霄,新浪
672,2020-07-10,一周通读：光大证券重点报告精选,光大证券
673,2020-07-08,谁是下一个“富矿”？699份半年报预告透视行业“冷暖”,Wind
674,2020-07-08,健帆生物2020上半年预盈3.97亿元-4.59亿元,资本邦
675,2020-07-08,上市公司正负面新闻2020年7月8日星期三,Wind
676,2020-07-07,晚间重要公告2020年7月7日星期二,Wind
677,2020-07-07,健帆生物：预计上半年净利润同比增长30%至50%,Wind
678,2020-07-07,健帆生物(300529.SZ)：上半年净利预增30%-50%,格隆汇
679,2020-07-07,健帆生物(300529)：业绩延续高增长，全面业绩有保障【2020年中报业绩预告点评|西南医药杜向阳团队】,向阳论医谈药
680,2020-06-24,负面！健帆生物：董事兼副总经理唐先敏等人计划减持不超过877万股 拟减持股份,每日经济新闻
681,2020-06-24,健帆生物(300529.SZ)：部分董监高拟合计减持不超1.1%的股份 拟减持股份,格隆汇
682,2020-06-24,健帆生物：6名董监高拟合计减持不超1.1% 减持股份,Wind
683,2020-06-24,医药生物行业2020年中期策略：拥抱疫情后周期投资机会 重点关注医药新基建和医药大消费,新浪
684,2020-06-24,医药行业2020年中期投资策略：坚持高景气赛道+龙头战略,新浪
685,2020-06-23,健帆生物精彩亮相第57届欧洲肾脏病年会,凤凰网
686,2020-06-23,【医药2020H1业绩前瞻】刚需属性逐步显现，Q2业绩加速趋势明显,兴证医药健康
687,2020-06-17,医疗器械行业深度报告：追本溯源 蓝海淘金,新浪
688,2020-06-17,6月逾200亿减持，4千亿巨量解禁下月将至,Wind
689,2020-06-15,健帆生物今日大宗交易成交4.95万股，成交价67.0元溢价6.1%,Wind
690,2020-06-08,医药生物行业2020年6月投资月报：医药的牛市 是从什么时候开始的？,新浪
691,2020-06-07,大宗交易成交笔数环比增加 这只大牛股一笔大宗交易比二级市场一天成交还多,每日经济新闻
692,2020-06-05,每日医药简讯：国家医保局将拟医药价格建信用评价制度、全球疫苗峰会筹资超74亿美元、健帆生物控股股东减持,新康界
693,2020-06-05,健帆生物：控股股东、实控人董凡减持公司股份1919.45万股 减持股份,中国网
694,2020-06-05,健帆生物：6月初3天减持1.45% 实控人减持计划实施完毕 拟减持股份,上证报
695,2020-06-05,健帆生物(300529.SZ)：控股股东减持完毕 累计减持3.26%股份 减持股份,格隆汇
696,2020-06-05,健帆生物：控股股东、实际控制人减持计划实施完毕 减持股份,Wind
697,2020-06-05,午间公告2020年6月5日星期五,Wind
698,2020-06-05,A股早报2020年6月5日星期五,Wind
699,2020-06-05,5月重要股东增减持：医药生物减持频现 智飞生物、健帆生物居前 减持股份,面包财经
700,2020-06-04,健帆生物6月4日大宗交易成交4.44亿元,证券时报网
701,2020-06-04,A股共发生108宗大宗交易成交25.56亿元（6月4日）,Wind
702,2020-06-04,"健帆生物现1笔大宗交易 共成交44,437.50万元",新浪
703,2020-06-01,健帆生物现1笔大宗交易 共成交321.20万元,新浪
704,2020-05-25,大宗交易显现机构惜售优质筹码,Wind
705,2020-05-24,【中信建投医药|行业周报】两会聚焦行业热点： 信息化、疫苗及器械,菊颖医药观察
706,2020-05-22,健帆生物重要股东频套现 行业天花板尚待突破 减持股份,面包财经
707,2020-05-21,健帆生物：一次性使用动静脉穿刺针产品取得医疗器械注册证,Wind
708,2020-05-21,健帆生物(300529.SZ)：一次性使用动静脉穿刺针获医疗器械注册证,格隆汇
709,2020-05-21,医药生物行业点评：加大公共卫生体系建设 带来庞大市场增量,新浪
710,2020-05-20,风口要变？150亿资金撤离，科技类ETF遭抛弃！这一主题被公募拿起,券商中国
711,2020-05-19,【华西医药崔文亮团队】《医药生物行业点评报告：两会医药议题解读：疫苗、创新药、IVD和医疗设备等领域继续成为关注焦点》,崔文亮研究团队
712,2020-05-19,【中信建投医药 |行业周报】5月报前瞻正在逐步兑现，继续看好“疫情后修复”与“新基建”,菊颖医药观察
713,2020-05-18,转债策略周报：自下而上应对欲晴还阴,新浪
714,2020-05-15,本周5家上市公司发布可转债预案，融资总规模达183.50亿元,Wind
715,2020-05-14,金融工程：沪深300及中证500成分股调整名单预测,新浪
716,2020-05-13,健帆生物(300529.SZ)年报推10转9派9元股权登记日5月19日,格隆汇
717,2020-05-12,晚间重要公告2020年5月12日星期二,Wind
718,2020-05-12,健帆生物拟发行可转债募资10亿，扩建血液净化产品产能等,资本邦
719,2020-05-12,健帆生物(300529.SZ)拟公开发行不超10亿元可转债用于血液净化产品产能扩建项目等,格隆汇
720,2020-05-12,健帆生物：拟公开发行可转债募资不超10亿元,Wind
721,2020-05-11,A股早报2020年5月11日星期一,Wind
722,2020-05-08,健帆生物(300529.SZ)：实控人董凡已累计减持1.19%的股份 减持股份,格隆汇
723,2020-05-08,健帆生物：控股股东、实控人累计减持达1.19% 减持股份,Wind
724,2020-05-06,【兴证医药】行业比较优势突出，细分领域分化明显 —医药生物上市公司2019年报及2020年一季报小结,兴证医药健康
725,2020-04-30,下周218亿市值限售股解禁，环比减少47.93% 解禁,Wind
726,2020-04-29,健帆生物：占总股本0.3429%限售股将于5月7日上市流通 解禁,Wind
727,2020-04-26,57股本周逆市创新高，集中三大行业,证券时报
728,2020-04-25,明星基金经理一季度调仓图谱：刘格菘风格“分化”,Wind
729,2020-04-22,美股暴跌，1100家石油公司或破产！,证券时报网
730,2020-04-22,社保压箱底股名单来了 最长连续重仓25个季度,证券时报
731,2020-04-22,基金经理调仓:刘格菘增配医疗服务 萧楠抄底食品饮料,21世纪经济报道
732,2020-04-22,拆解明星基金经理一季报调仓路径： 刘格菘增配医疗服务 萧楠抄底食品饮料,21世纪经济报道
733,2020-04-22,拆解明星基金经理Q1调仓路径：刘格菘增配医疗服务,21世纪经济报道
734,2020-04-21,调仓路径揭秘！明星基金经理操作大分化，你加仓我抛售,上证报
735,2020-04-21,33家公司获机构调研（附名单）,证券时报
736,2020-04-20,健帆生物现1笔大宗交易 共成交253.35万元,新浪
737,2020-04-16,2020年报风云丨李兰娟院士力挺新冠肺炎危重症人工肝技术应用，最大受益者健帆生物业绩与股价齐飞,21世纪经济报道
738,2020-04-16,亏损近1300%！疫情之下，22家药企受重创，30家首亏！ 亏损,微信
739,2020-04-16,4月16日早间上市公司重磅公告一览 多股机会凸显,巨丰财经
740,2020-04-16,30家公司获机构调研（附名单）,证券时报网
741,2020-04-16,药企一季度业绩喜忧参半，30家公司预告首亏,Wind
742,2020-04-15,健帆生物一季度盈利同比涨四成多至1.84亿元,资本邦
743,2020-04-15,健帆生物：一季度净利同比增长42%,e公司
744,2020-04-15,健帆生物(300529.SZ)一季度净利润升42.32%至1.84亿元,格隆汇
745,2020-04-15,29家公司获机构调研（附名单）,证券时报网
746,2020-04-14,26只股股价创历史新高,证券时报网
747,2020-04-14,海外机构调研股名单迈瑞医疗最受关注,证券时报网
748,2020-04-14,健帆生物接受380家机构密集调研：做深血透全产业链,中国财富网
749,2020-04-14,健帆生物：本次疫情期间，公司人工肝技术及HA380产品知名度得到极大提升,Wind
750,2020-04-09,【健帆生物|预告点评】20年Q1业绩大幅超预期，行业认可度与渗透率不断提升【安信医药马帅团队】,医药马帅团队
751,2020-04-09,A股异动 | 健帆生物涨逾6% 料一季度净利同比增30%至50%,格隆汇
752,2020-04-08,健帆生物一季度净利预增三至五成,上证报
753,2020-04-08,健帆生物(300529.SZ)：一季度净利预增30%-50%,格隆汇
754,2020-04-08,健帆生物：预计一季度盈利1.68亿-1.94亿元，同比增长30%-50%,Wind
755,2020-04-08,【东北医药崔洁铭】健帆生物（300529）年报点评：业绩稳定高增长，肝肾病产品空间巨大,东北证券研究所
756,2020-04-07,健帆生物回复关注函：拟转增扩张股本具备合理性 关注函,Wind
757,2020-04-06,9只股价创新高股获北上资金加仓,证券时报网
758,2020-04-03,健帆生物高送转收关注函 深交所:是否与业绩增幅匹配 关注函,中国经济网
759,2020-04-02,分红转增比例与业绩增幅相配？健帆生物遭监管 其他违规处罚,资本邦
760,2020-04-02,鹰眼预警:健帆生物产品结构较单一 存货周转能力下滑 经营问题,新浪
761,2020-04-02,【面包财报】健帆生物：2019年归母净利润5.71亿元，同比增长42%,面包财经
762,2020-04-02,健帆生物因拟转增扩张股本收深交所关注函 关注函,中国网
763,2020-04-02,健帆生物收关注函：说明通过本次转增扩张股本的主要考虑及其合理性、必要性 关注函,金融界
764,2020-04-02,健帆生物收关注函，说明本次分红预案是否与公司业绩增长幅度相匹配 关注函,Wind
765,2020-04-02,健帆生物（300529）：业绩符合预期，肾病领域空间广阔【2019年年报点评|西南医药朱国广/杜向阳团队】,国广有话说
766,2020-04-02,健帆生物2019营收增长40.86% 拟分红3.76亿元,资本邦
767,2020-04-02,健帆生物(300529): 年报业绩维持高增长，看好20年增长潜力,中信建投证券研究
768,2020-04-01,[年报]健帆生物2019年净利润同比增长42% 拟10转9派9元,全景网
769,2020-04-01,健帆生物：2019年净利同比增42% 拟10转9派9元,e公司
770,2020-04-01,健帆生物(300529.SZ)拟斥1亿元设立全资子公司珠海健航,格隆汇
771,2020-04-01,健帆生物：2019年净利同比42%，拟10转9派9元,Wind
772,2020-04-01,【广证恒生医药】健帆生物（300529.SZ）-年度点评-灌流器持续渗透放量，2019年扣非业绩实现48%超高速增长,广证恒生
773,2020-03-30,健帆生物：筹划公开发行可转债事项,Wind
774,2020-03-30,健帆生物：筹划公开发行可转换公司债券,Wind
775,2020-03-26,鱼跃医疗和健帆生物回应：订单的确在增长 但仍偏谨慎︱公司问答,第一财经
776,2020-03-19,健帆生物：控股股东、实际控制人董凡合计减持0.81%公司股份 减持股份,Wind
777,2020-03-18,健帆生物(300529.SZ)：董凡减持期过半累计减持339万股 减持股份,格隆汇
778,2020-03-13,健帆生物：董事会和监事会延期换届,Wind
779,2020-03-09,健帆生物血液灌流器覆盖4000多家医院 董凡遇业绩估值双升财富一年增百亿,长江商报
780,2020-03-06,健帆生物（300529）：灌流龙头，聚焦血液净化全产业链,中信证券研究
781,2020-03-05,健帆生物：拟投资建设血液净化项目 完善公司华南、华中、华北产业战略布局,发布易
782,2020-03-05,健帆生物：拟在珠海投资约15亿元建医疗器械产业(血液净化)项目,e公司
783,2020-03-05,【健帆生物】【安信医药马帅团队】年报详尽点评：19年业绩符合预期，血液净化业务不断拓展,医药马帅团队
784,2020-03-04,上市公司重要股东增减持动态（2月15日-28日）：178家减持 减持股份,面包财经
785,2020-03-03,健帆生物(300529.SZ)：控股股东、实控人董凡解除质押660万股,格隆汇
786,2020-02-28,健帆生物(300529.SZ)控股股东董凡解除质押1160万股,格隆汇
787,2020-02-24,健帆生物(300529.SZ)：控股股东、实控人董凡累计减持593.07万股,格隆汇
788,2020-02-24,健帆生物：控股股东、实控人累计减持比例达1.42% 减持股份,Wind
789,2020-02-23,等闲不识医药面，核心资产总是牛！【西南证券医药|0223周报】,国广有话说
790,2020-02-20,健帆生物(300529.SZ)：曾凯累计减持9.3万股减持计划已实施完毕 拟减持股份,格隆汇
791,2020-02-20,健帆生物：董事曾凯减持计划实施完毕，卖出0.022%公司股份 减持股份,Wind
792,2020-02-14,众惠相互推出医护人员特定传染病专属赠险，呵护最美“逆行者”,证券之星
793,2020-02-14,年后股价创历史新高，这些医药公司涨幅超过10％,制药网
794,2020-02-11,15只股股价创历史新高,证券时报网
795,2020-02-11,珠海首个共有产权房三面被工厂环绕气味刺鼻 此前曾因渗水等问题遭维权,中国网
796,2020-02-05,健帆生物：2019年净利润同比增41.90%（业绩快报）,Wind
797,2020-02-05,健帆生物业绩快报：2019年净利5.7亿元 同比增42%,e公司
798,2020-01-20,健帆生物(300529.SZ)：董事、副总经理曾凯拟减持不超9.3万股 拟减持股份,格隆汇
799,2020-01-20,健帆生物：董事、副总经理曾凯拟减持不超过总股本0.02%,Wind
800,2020-01-16,56股获券商买入评级 徐工机械目标涨幅达41.94%,Wind
801,2020-01-15,【天风医药】健帆生物：业绩预告回归高增长态势，激励考核提升业绩信心,思医辨药
802,2020-01-15,健帆生物：预计2019年净利润5.23亿元至6.03亿元,中国网
803,2020-01-15,健帆生物（300529）：业绩符合预期，Q4恢复快速增长！【动态点评|西南证券医药朱国广团队】,国广有话说
804,2020-01-14,健帆生物预计2019年盈利5.23亿元-6.03亿元 同比增长30%-50%,资本邦
805,2020-01-14,健帆生物：预计2019年净利润同比增长30.0%-50%,Wind
806,2020-01-14,健帆生物(300529.SZ)：2019年净利预增30%-50%,格隆汇
807,2020-01-12,欧普康视、乐普医疗、健帆生物、开润股份、我武生物荣获第17届财经风云榜创业板“2019年度竞争力企业”,和讯
808,2020-01-11,行业报告|研究了79家上市医用耗材企业，我们得出了这几条2020发展洞见,汇聚南药
809,2020-01-08,健帆生物(300529.SZ)：控股股东董凡解除质押1000万股,格隆汇
810,2020-01-02,健帆生物(300529.SZ)控股股东董凡解除质押1080万股,格隆汇
811,2019-12-31,【国金研究】交银施罗德基金经理沈楠：自下而上高弹性，分散持仓稳积胜,国金证券研究所
812,2019-12-24,健帆生物：目前经营情况良好，有信心实现年初制定的经营目标,Wind
813,2019-12-16,健帆生物：血液灌流器新品获注册证,e公司
814,2019-12-16,健帆生物(300529.SZ)：一次性使用血液灌流器取得医疗器械注册证,格隆汇
815,2019-12-10,医疗器械板块逆市拉涨，机构：国产替代的拐点已来临,第一财经
816,2019-12-06,【方正医药】中长期持续看好的最优投资方向,方正证券研究
817,2019-12-03,"白马股罕见连续两跌停,暴涨20倍大牛股罕见翻车,它们还有机会吗 连续下跌",证券时报
818,2019-12-03,机构抱团股翻车 8股创历史新高后回调超20%,证券时报
819,2019-11-28,机构无惧减持再战漫步者 华天科技暴涨游资博弈 减持股份,财富动力网
820,2019-11-27,重要股东本月套现295亿元 减持股份,大众证券报
821,2019-11-27,11月27日A股龙虎榜揭秘，机构抢筹7股,Wind
822,2019-11-27,11月27日龙虎榜：13股出现机构身影，漫步者净买入1.09亿元,第一财经
823,2019-11-27,健帆生物：实际控制人拟减持不超1675万股，公司股价逼近跌停 拟减持股份,格隆汇
824,2019-11-27,健帆生物实际控制人董凡拟减持公司不超过总股本4%的股份 拟减持股份,环球老虎财经
825,2019-11-27,健帆生物龙虎榜数据（11月27日）,Wind
826,2019-11-27,减持“惨案”再现！医药白马盘中跌停，机构预计后期减持或成常态 拟减持股份,证券时报网
827,2019-11-27,种业概念走强,中财网
828,2019-11-27,快讯：健帆生物跌停 报于72.0元,金融界
829,2019-11-27,健帆生物开盘跌停，实际控制人董凡拟减持不超过4%股份,Wind
830,2019-11-26,上市公司晚间利空汇总：健帆生物实控人董凡拟减持不超过4％,金融界
831,2019-11-26,健帆生物：控股股东拟减持不超4%股份 拟减持股份,e公司
832,2019-11-26,健帆生物(300529.SZ)实控人董凡拟减持不超4%股份 拟减持股份,格隆汇
833,2019-11-21,【健帆生物】大幅拉升2.75% 股价创近2个月新高,金融界
834,2019-11-13,健帆生物（300529）：再次推出股权激励，深度绑定公司与员工利益【动态点评|西南证券医药朱国广团队】,国广有话说
835,2019-11-13,毛利率碾压茅台，股价频创新高，原来有ROE撑腰！21只白马股业绩或持续高增长,证券时报
836,2019-11-11,25股获券商买入评级 方大特钢目标涨幅达47.84%,Wind
837,2019-11-05,健帆生物(300529.SZ)涨4% 发布新一期股权激励计划,格隆汇
838,2019-11-05,自曝高业绩预期刺激股价涨停，健帆生物股权激励计划透露业绩兑现压力,第一财经
839,2019-11-05,新风口来了？阿尔茨海默症概念股强势涨停，这些个股仍有机会,证券时报
840,2019-11-04,11月4日A股龙虎榜揭秘，机构最青睐7股,Wind
841,2019-11-04,健帆生物拟授予509名激励对象近440万份股票期权,新京报
842,2019-11-04,【异动股】医疗行业板块拉升，健帆生物(300529-CN)涨停,财华社
843,2019-11-03,健帆生物(300529.SZ)拟授出439.55万份股票期权 行权价为70.08元/股,格隆汇
844,2019-10-30,健帆生物：健帆生物整体经营稳健全年增长可期 买入评级,安信证券
845,2019-10-30,健帆生物前三季度营收同比增近四成,上证报
846,2019-10-29,健帆生物(300529.SZ)第三季度净利润升16.89%至1.12亿元,格隆汇
847,2019-10-29,健帆生物：前三季度净利润同比增36.62%,Wind
848,2019-10-29,健帆生物：业绩略低于预期 强烈推荐评级,方正证券
849,2019-10-28,医药公司三季报陆续披露，推荐关注细分赛道龙头,制药网
850,2019-10-27,【中信建投医药|行业周报】基金三季度持仓：重点领域龙头获得青睐,菊颖医药观察
851,2019-10-25,【方正医药】当前时点我们推什么？,方正证券研究
852,2019-10-24,【民生医药】医药生物2019年三季报总结：基本面进入值得期待的新周期,杏林建研
853,2019-10-17,健帆生物：掌握产品核心技术，独步血灌百亿市场,证券时报网
854,2019-10-15,健帆生物(300529.SZ)回购注销20.61万股限制性股票,格隆汇
855,2019-10-14,健帆生物：预计前三季度净利润同比增长25%~45%,Wind
856,2019-10-14,健帆生物(300529.SZ)预计第三季净利同比变动-20.15%至43.61%,格隆汇
857,2019-10-13,药企的三条路，板块的三季报--医药行业周报（2019.10.07-2019.10.13）,兴证医药健康
858,2019-10-12,三季报披露开闸 三行业迎估值切换行情,金融投资报
859,2019-09-25,健帆生物(300529.SZ)：唐先敏减持计划已实施完毕 累计减持260.00万股 拟减持股份,格隆汇
860,2019-09-25,健帆生物：董事唐先敏减持计划已实施完毕 减持股份,Wind
861,2019-09-10,"医药行业半年报业绩综述:内部仍在分化,龙头业绩亮眼",渤海证券
862,2019-09-06,[快讯]健帆生物:关于部分董事及监事减持计划实施完毕 拟减持股份,中财网
863,2019-09-06,健帆生物：部分董事及监事累计减持0.29%股份，完成减持计划 减持股份,Wind
864,2019-09-06,健帆生物(300529.SZ)：李得志及方丽华减持计划实施完毕 合计减持142.84万股 拟减持股份,格隆汇
865,2019-09-03,健帆生物(300529.SZ)：3名董事合计减持128.33万股 减持计划已实施完毕 拟减持股份,格隆汇
866,2019-09-03,健帆生物：部分董事减持计划实施完毕，共卖出128.33万股 减持股份,Wind
867,2019-08-30,"健帆生物:肾科产品放量拉动内生强劲增长,扣非业绩增长超预期",安信证券
868,2019-08-29,"健帆生物:业绩高速增长,肾病产品销量超预期",东北证券
869,2019-08-27,健帆生物(300529.SZ)发布半年报 净利润升45.63%至3.06亿元,格隆汇
870,2019-08-27,健帆生物：上半年净利润同比增45.63%,Wind
871,2019-08-27,健帆生物：节余募集资金永久性补充流动资金,Wind
872,2019-08-27,【广证恒生医药】-健帆生物（300529）-点评报告-灌流器在肾病和肝病领域加速渗透，2019年H1扣非后业绩54%高增长,广证恒生
873,2019-08-20,【民生医药|中报总结】医药板块2019中报总结：增长的韧劲足，逐步加仓二线龙头,微信
874,2019-08-09,健帆生物：部分董事及监事拟合计减持不超1.27%股份 拟减持股份,e公司
875,2019-08-09,健帆生物(300529.SZ)：6名董监拟减持合计不超531.4万股 拟减持股份,格隆汇
876,2019-08-09,[快讯]健帆生物:关于部分董事及监事减持股份的预披露 减持股份,中财网
877,2019-08-09,健帆生物：多名董事及高管拟合计减持不超1.27%股份 减持股份,Wind
878,2019-07-30,[快讯]健帆生物30626万限售股8月2日解禁 解禁,中财网
879,2019-07-30,健帆生物(300529.SZ)：约3.06亿股限售股8月2日解禁 解禁,格隆汇
880,2019-07-30,健帆生物：3.06亿股限售股解禁，占公司总股本比例73.12% 解禁,Wind
881,2019-07-28,超千亿解禁洪峰下周袭来，紫光股份面临巨额解禁 解禁,Wind
882,2019-07-28,健帆生物股东董凡减持290万股 套现约1.81亿元 减持股份,挖贝网
883,2019-07-26,下周1546亿市值限售股解禁，环比增加1659% 解禁,Wind
884,2019-07-26,8月解禁市值不足3000亿元 解禁,大众证券报
885,2019-07-26,健帆生物(300529.SZ)：董凡累计减持290.07万股 减持计划已实施完毕 拟减持股份,格隆汇
886,2019-07-26,健帆生物：股东董凡减持公司0.6927%股份，减持计划完成 减持股份,Wind
887,2019-07-26,众惠相互初始运营资金再变 特定领域龙头进驻 打通“特需圈”,21世纪经济报道
888,2019-07-25,健帆生物今日大宗交易成交50万股，成交价60.0元折价1.8%,Wind
889,2019-07-25,七翻身如何抓重点？26股机构表示还有60%的空间,Wind
890,2019-07-24,"医药生物行业2019年中报业绩前瞻:医药板块持续分化,寻找景气与避险的交集",申万宏源
891,2019-07-11,健帆生物：看好公司作为国内血液净化领先企业的成长空间,证券时报网
892,2019-07-10,【天风医药】健帆生物：中报业绩预计延续高增长态势,思医辨药
893,2019-07-09,健帆生物(300529.SZ)上半年净利润预增35%-55%,格隆汇
894,2019-07-09,健帆生物：预计上半年净利增长35%-55%,Wind
895,2019-07-07,南微医学（688029）：内镜诊疗领域领军者，三大技术平台奠定高成长【西南医药朱国广陈铁林团队】,国广有话说
896,2019-07-06,健帆生物联合众惠发布全国首款CKD患者可带病投保的相互保险产品,证券日报
897,2019-07-02,健帆生物股东珠海红杉减持162万股 套现约9945万元,挖贝网
898,2019-07-01,健帆生物：股东珠海红杉累计减持162万股，完成减持计划 减持股份,Wind
899,2019-06-28,A股共发生44宗大宗交易成交5.93亿元（6月28日）,Wind
900,2019-06-28,健帆生物：董事减持计划实施完毕，累计减持0.008%公司股份 减持股份,Wind
901,2019-06-28,健帆生物(300529.SZ)：李峰减持3.15万股 减持计划实施完毕,格隆汇
902,2019-06-16,工业富联跌停 最近两个月要警惕的解禁股,和讯
903,2019-05-29,【国金研究】医疗器械行业深度：2018年报及2019一季报盘点,国金证券研究所
904,2019-05-28,国金证券医疗器械行业2018年报及2019一季报盘点,国金证券
905,2019-05-22,健帆生物：减持计划实施完毕，董事曾凯减持1.49万股 减持股份,Wind
906,2019-05-15,健帆生物(300529.SZ)：减持计划期间届满 珠海红杉已累计减持621.55万股,格隆汇
907,2019-05-15,健帆生物(300529.SZ)：珠海红杉拟减持不超0.388%的股份,格隆汇
908,2019-05-15,健帆生物：原5%以上股东减持计划已届满 减持股份,Wind
909,2019-05-15,健帆生物：珠海红杉资本股权投资中心拟减持不超过0.388%公司股份 减持股份,Wind
910,2019-05-13,总营收超550亿！10大医械公司全解析,新浪
911,2019-05-06,健帆生物(300529.SZ)拟10派6元 股权登记日为5月10日,格隆汇
912,2019-04-29,【中信建投医药|行业周报】业绩持续分化，甄选优质赛道和优质个股,菊颖医药观察
913,2019-04-28,健帆生物：股权激励彰显高增长信心 买入评级,和讯
914,2019-04-28,国泰君安：公募基金在增持哪些板块？,国泰君安证券研究
915,2019-04-24,健帆生物：董事会秘书减持计划实施完毕，合计减持1.63万股 减持股份,Wind
916,2019-04-23,健帆生物：董事拟减持合计不超过4.64万股 减持股份,Wind
917,2019-04-22,【天风医药】一周医讯：医药后市更值得期待，持续关注“三条主线”,思医辨药
918,2019-04-19,下周1866亿市值限售股解禁，环比增加42.3% 解禁,Wind
919,2019-04-19,[快讯]健帆生物27万限售股4月23日解禁,中财网
920,2019-04-17,"健帆生物2019年一季报点评:业绩超市场预期,高增长持续",正点财经
921,2019-04-17,【医药丨周小刚】健帆生物(300529)：扣非利润增速超50%，业绩大超预期,方正证券研究
922,2019-04-17,【医药-马帅】健帆生物：Q1业绩超市场预期，静待RCT试验结果发布,安信证券研究
923,2019-04-16,健帆生物(300529)：肾病领域快速发展 目前正处于黄金周期起点,天风证券
924,2019-04-16,【天风医药】健帆生物：一季度维持高增长，业绩实现开门红,思医辨药
925,2019-04-16,"健帆生物:业绩持续高增长,未来成长空间广阔",西南证券
926,2019-04-15,健帆生物(300529.SZ)一季度净利升44.02%至1.3亿元,格隆汇
927,2019-04-15,健帆生物：一季度净利润同比增44.02%,Wind
928,2019-04-09,健帆生物：业绩考核指标不断提高 强烈推荐评级,和讯
929,2019-04-08,【天风医药】一周医讯：看好医药板块行情，重点关注生物类细分领域及医药大消费投资机会,思医辨药
930,2019-04-01,"健帆生物:2018Q1经营略超市场预期,灌流器增长动能强劲",中证网
931,2019-03-28,西南证券：上调健帆生物评级至买入,Wind
932,2019-03-28,上调评级至买入策略选股（3月28日）,Wind
933,2019-03-27,风云年报快评 | 健帆生物、长城汽车2018年财报精要,凤凰网
934,2019-03-27,[路演]健帆生物董事长：用业绩迎接大非解禁,全景网
935,2019-03-27,[路演]健帆生物：公司目前产能能有效支撑销售增长,全景网
936,2019-03-27,"健帆生物:毛利率持续提升,预计一季报维持高增长",正点财经
937,2019-03-27,"西南证券：将健帆生物评级调高为""买入""",Wind
938,2019-03-27,健帆生物：业绩稳定高增长，肝肾病市场空间巨大,证券时报网
939,2019-03-27,"【国金晨讯】新能源汽车补贴退坡点评：车企分化,中游强势,地方补电,燃料电池未降温；化工中间体产业链重构,长期利好龙头",国金证券研究所
940,2019-03-27,健帆生物去年净利4.02亿元 同比增长41% 董事长董凡年薪为154万元,挖贝网
941,2019-03-27,【医药-马帅】健帆生物：Q1经营略超市场预期，灌流器增长动能强劲,安信证券研究
942,2019-03-27,"健帆生物:销售快速增长,研发加大投入",国金证券
943,2019-03-26,健帆生物：中长期成长空间可期 维持“买入”评级,证券时报网
944,2019-03-26,健帆生物：业绩延续高增长态势 强烈推荐评级,方正证券
945,2019-03-26,健帆生物(300529.SZ)：核心产品正处于发展黄金期 肝病领域有望迎头赶上,思医辨药
946,2019-03-25,健帆生物(300529.SZ)2018年净利润升41.34% 一季度净利润预增30%-50%,格隆汇
947,2019-03-25,健帆生物：2018年净利同比增长41% 拟10派6元,e公司
948,2019-03-25,健帆生物：2018年净利润同比增41%，拟10派6元,Wind
949,2019-03-22,健帆生物：实控人拟减持不超0.7%股份 减持股份,Wind
950,2019-03-22,健帆生物：实控人拟减持不超0.7%股份 减持股份,e公司
951,2019-03-01,【平安医药】行业专题报告：大湾区规划出台，生物医药领域迎来投资风口,A叶寅A医药行业研究
952,2019-02-25,"医药行业周报:首批增值税调整罕见病药品正式落地,关注产业链机会",正点财经
953,2019-02-21,健帆生物今日大宗交易成交43万股，成交价45.47元折价3.01%,Wind资讯
954,2019-02-19,"医药行业周报:国务院新年第一会任务部署,癌症、罕见病产业链将受益",正点财经
955,2019-02-19,"医药行业周报2019第7期:修复或将持续,提前布局业绩高增长标的",长城证券
956,2019-02-18,健帆生物：主营业务产品加速增长 买入评级,和讯
957,2019-02-18,健帆生物：董事集体减持 靓丽业绩能否支撑高估值？ 减持股份,新浪
958,2019-02-15,券商评级:沪指收盘跌逾1% 九股迎掘金良机,证券之星
959,2019-02-15,健帆生物：业绩符合预期，血液灌流延续高增长,西南证券
960,2019-02-15,券商首次关注4股并给予买入评级（2月15日）,Wind
961,2019-02-14,明日最具投资机会六大牛股一览（2019年2月14日）,中财网
962,2019-02-14,健帆生物：业绩增长强劲 核心业务表现亮,国金证券
963,2019-02-14,"健帆生物:整体业绩超预期,主营业务增长强劲",安信证券
964,2019-02-13,健帆生物业绩快报：2018年净利4亿元 同比增四成,e公司
965,2019-02-13,健帆生物：2018年净利润同比增41.02%（快报）,Wind
966,2019-01-29,[快讯]健帆生物16万限售股2月1日解禁,中财网
967,2019-01-29,权益仓位普降，地产行业占比显著提升——2018年公募基金四季报分析,鲁明量化全视角
968,2019-01-23,红杉资本入股德邦股份4年半赚35% 买中曼石油已破发 连续下跌,新浪
969,2019-01-22,2018基金4季报控盘股TOP20:恒华科技、健帆生物超33%,新浪
970,2019-01-15,健帆生物：核心产品销售加快增长 强烈推荐评级,和讯
971,2019-01-15,"医药行业周报2019第3期:8天3起跨国大并购,品种为王创新为纲",长城证券
972,2019-01-10,7成公司预喜！业绩增长+上修双驱动，谨防变脸地雷,Wind
973,2019-01-10,健帆生物：业绩预增30%-50%符合预期 核心产品销售加快增长,方正证券
974,2019-01-10,健帆生物2018年净利4.27亿 比上年同期增长50%,挖贝网
975,2019-01-09,健帆生物：2018年净利润预增30%-50%,e公司
976,2019-01-07,医药生物行业2019年1月报:带量采购背景下的投资思路与配置方向,东莞证券
977,2019-01-04,"健帆生物:发布第三个股权激励方案,业绩考核指标不断提高",方正证券
978,2019-01-04,日本医疗器械行业深度研究之一:整体篇,国金证券
979,2018-12-18,"医药行业2019年投资策略:格局重构元年,聚焦景气赛道",联讯证券
980,2018-12-14,乐视金融保险经纪牌照被卖，健帆生物接手,财界网
981,2018-12-13,“乐视系”保险经纪公司完成交割 接盘者为健帆生物旗下公司,每日经济新闻
982,2018-12-12,乐视金融板块拆解:首卖保险经纪牌照 健帆生物接盘出,新浪
983,2018-12-11,"健帆生物:预计核心产品销量增长超50%,业绩大超市场预期",方正证券
984,2018-12-11,永泰能源债券违约追踪：平安资管等保险机构踩雷 投资失误,财经网
985,2018-12-07,健帆生物龙虎榜数据（12月7日）,Wind
986,2018-12-07,医药股今日继续大跌，机构加速抛售,Wind
987,2018-12-07,“柚子”受伤、黑天鹅频现，这份基金持股明细请收好,Wind
988,2018-12-07,机构跑路新姿势，10月以来净卖出逾60亿元，价值投资被弃？,Wind
989,2018-12-06,大股东减持有三大特征 秦安股份三股东欲大幅减持 减持股份,重庆商报
990,2018-11-30,2018年最赚钱的械企！除了迈瑞 还有这两家,医药网
991,2018-11-28,医药生物行业周观点:零售药店分类分级管理指导意见稿出台,万联证券
992,2018-11-26,健帆生物：营销发力精耕细作 高增长有望延续,证券时报网
993,2018-11-20,"医药生物行业:集采文件正式发布,县级医院迎来升级",国联证券
994,2018-11-16,天风证券：健帆生物买入评级,天风证券
995,2018-11-16,上调评级至买入策略选股（11月16日）,Wind
996,2018-11-16,【医药】健帆生物：血液灌流独树一帜，稳健成长扬帆远航,天风研究
997,2018-11-14,国金证券医疗器械和生物技术企业三季报总结,国金证券
998,2018-11-08,健帆生物：珠海红杉拟减持不超1.88%股份,e公司
999,2018-11-06,健帆生物：延续高速增长态势 净利润率提升明显,西南证券
1000,2018-10-31,医疗保健：医药创新是行业发展永恒的主题 荐6股,华金证券
1001,2018-10-26,【东北医药崔洁铭】健帆生物（300529）三季报点评：业绩持续超预期，多中心临床研究助力产品放量,东北证券研究所
1002,2018-10-26,【东北晨会1026】金工专题：“少即是多”朴素美林时钟//厦门房地产市场调研报告//梦百合、卫星石化、健帆生物,东北证券研究所
1003,2018-10-25,机构评级精选：5G时代受益显著 中新赛克评级获机构上调,巨丰财经
1004,2018-10-25,国金晨讯精选：推荐健帆生物/Q4限售股解禁/申通快递/天润乳业,国金证券研究所
1005,2018-10-25,【健帆生物（300529）】三季度业绩略超预期，实现加速增长,中信建投证券研究
1006,2018-10-25,【医药丨周小刚】健帆生物(300529)：预计核心产品销量增长超 50%，业绩大超市 场预期,方正证券研究
1007,2018-10-24,【广证恒生医药】健帆生物（300529）-业绩点评-灌流器肾病和肝病领域齐发力，2018年前三季度业绩50%超预期高增长,广证恒生
1008,2018-10-23,健帆生物：前三季度净利润同比增50.35%,Wind
1009,2018-10-18,“独角兽”迈瑞医疗止步2涨停，估值已合理？,Wind
1010,2018-10-16,健帆生物：三季度业绩略超预期 实现大幅增长,红周刊
1011,2018-10-15,[看好评级]医药生物行业2018年三季报业绩前瞻：医药需求刚性 预计增长保持稳健,中财网
1012,2018-10-15,【申万宏源医药闫天一团队】20181012周观点：医药需求刚性，预计增长保持稳健——医药生物行业2018年三季报业绩前瞻,申万投资健康
1013,2018-10-15,[同步大市-B评级]医药行业周报：17种抗癌药新晋医保 鼓励创新仍是大方向,中财网
1014,2018-10-12,【健帆生物(300529)】三季度业绩略超预期，临床试验结果效果显现,中信建投证券研究
1015,2018-10-11,健帆生物：三季报预计继续高增长，内生发展强劲,财通证券
1016,2018-10-11,健帆生物：Q3业绩快速增长 多中心RCT研究助力产品推广,中证网
1017,2018-10-11,健帆生物：前三季度实现快速增长 买入评级,广发证券
1018,2018-10-11,健帆生物2018年前三季度预盈利2.8亿 理财、补贴占净利润15%,挖贝网
1019,2018-10-10,健帆生物：前三季度净利润同比预增40%—60%,e公司
1020,2018-10-10,健帆生物：前三季度净利预增40%-60%,Wind
1021,2018-10-10,健帆生物：内生发展强劲 买入评级,财通证券
1022,2018-09-28,健帆生物：部分董事高管拟减持不超过54.4万股 减持股份,金融界
1023,2018-09-26,陷毛利率、关联交易质疑 爱朋医疗称对IPO乐观以待,21世纪经济报道
1024,2018-09-24,医疗保健：减税支持企业研发投入 荐5股,财通证券
1025,2018-09-18,"医药行业:带量采购将是必然趋势,龙头效应依然明显",正点财经
1026,2018-09-16,机构调研瞄准蓝筹价值标的 6只个股被机构联袂推荐,证券日报
1027,2018-09-14,健帆生物：肾病领域确定性强，肝病领域成长可期,财通证券
1028,2018-09-09,医疗保健：业绩整体改善 荐5股,东北证券
1029,2018-09-09,医疗保健：自下而上选择穿越熊市 荐5股,财通证券
1030,2018-09-07,年内478家公司斥资236亿元回购，逾七成公司三季报业绩预喜,证券日报
1031,2018-09-04,健帆生物今日大宗交易成交51.09万股，成交价42.18元折价3.5%,Wind资讯
1032,2018-08-21,[同步大市-B评级]医药行业周报：上海第三批带量采购落地 进一步促行业升级,中财网
1033,2018-08-17,无量下挫，强势股补跌，市场或加速见底？,Wind
1034,2018-08-14,[同步大市-B评级]医药行业周报：境外临床急需药品上市加速 看好未来创新药发展,中财网
1035,2018-08-14,9家公司业绩大增 机构密集调研,证券时报
1036,2018-08-13,健帆生物：有计划进入血液透析领域，暂不考虑对同行业并购,Wind
1037,2018-08-13,[买入评级]健帆生物(300529)中报点评：业绩稳健高速增长 费用端略影响利润,中财网
1038,2018-08-10,巨丰午评：地产医药轮番反弹,巨丰财经
1039,2018-08-09,基金二季度增持14只医药股 开立医疗遭清仓式减持,金融投资报
1040,2018-08-07,健帆生物：公司产品销售收入呈现快速增长趋势,Wind
1041,2018-08-07,【东北医药崔洁铭】健帆生物（300529）中报点评：业绩稳健高速增长，费用端略影响利润,东北证券研究所
1042,2018-08-06,【财通医药】健帆生物(300529)：中报持续高增长，销售发力，临床研究大突破,财通证券研究
1043,2018-08-06,【医药丨周小刚】健帆生物(300529)：中报业绩靓丽，产品收入增长明显加快,方正证券研究
1044,2018-08-03,健帆生物中报点评：中报业绩靓丽，产品收入增长明显加快,方正证券
1045,2018-08-02,健帆生物半年度净利2.1亿元 同比增长41%,中证网
1046,2018-08-02,健帆生物：上半年净利润同比增40.90%,Wind
1047,2018-08-02,健帆生物：上半年净利同比增四成,e公司
1048,2018-08-02,【医药】健帆生物：业绩持续高速增长，夯实基础拓展产业打造新未来,天风研究
1049,2018-07-22,健帆生物值得投资吗？,和讯
1050,2018-07-20,健帆生物今日大宗交易成交30万股，成交价47.0元折价3.49%,Wind资讯
1051,2018-07-11,财通证券：健帆生物多中心RCT试验公布，重磅利好促推广,Wind
1052,2018-07-11,健帆生物：多中心RCT试验公布 重磅利好促推广,财通证券
1053,2018-07-10,明日最具投资机会六大牛股一览（2018年7月10日）,中财网
1054,2018-07-10,[看好评级]医药生物行业2018年中报业绩前瞻：医疗需求刚性 重点关注稳健成长和“流量入口”型公司,中财网
1055,2018-07-09,《我不是药神》引调研热 近50家机构“瞄准”这家企业,每经网
1056,2018-07-05,健帆生物发布HA130多中心RCT研究成果,中证网
1057,2018-07-03,[强烈推荐评级]健帆生物(300529)：中报业绩预增30%-50%略超市场预期 成长不断加快,中财网
1058,2018-06-04,[强烈推荐评级]健帆生物(300529)：预计Q2收入增长接近40% 产品放量继续加快,中财网
1059,2018-05-30,健帆生物：拥有相关的产品专利 掌握生物薄膜等技术,财富动力网
1060,2018-05-25,[推荐评级]医药生物行业深度研究：成长小白马 细分新龙头-医药次新股潜力标的全景图,中财网
1061,2018-05-09,[推荐评级]医药生物行业2018年一季报和2017年业绩回顾：板块增速回升 关注优质白马及高成长个股,中财网
1062,2018-05-03,[路演]健帆生物：立足血液净化领域 精耕国内血液净化市场,全景网
1063,2018-04-28,众惠相互变更初始资本结构 健帆生物分期乐为何接盘,国际金融报
1064,2018-04-27,健帆生物：珠海红杉减持1.49%股份 拟继续减持不超3.8%股份,e公司
1065,2018-04-26,合作伙伴变身出资人 健帆生物拟对众惠相互出资8000万,每日经济新闻
1066,2018-04-25,[推荐评级]医药行业周报：机构配置提升 性价比仍有优势,中财网
1067,2018-04-25,健帆生物受让众惠保险8%初始运营资金借款,证券时报网
1068,2018-04-24,健帆生物：血液净化领军地位进一步稳固 买入评级,广发证券
1069,2018-04-23,毛利率堪比茅台 这家公司被百家机构调研,每日经济新闻
1070,2018-04-23,健帆生物获上百家机构调研，透露携手众惠保险有利于肾病产品开发,Wind
1071,2018-04-21,64家公司经营性现金流有所改善 三指标锁定9只潜力股,证券日报
1072,2018-04-20,[买入评级]健帆生物(300529)季报点评：一季度经营加速 学术推广加强推动产品继续放量,中财网
1073,2018-04-19,胚胎移植险、肾病险逐步“落地”相互保险产品差异化趋势初现,每日经济新闻
1074,2018-04-18,健帆生物：与众惠保险社签署战略合作协议,Wind
1075,2018-04-17,[推荐评级]医药行业周报：理性解读政策 继续看好Q2行情,中财网
1076,2018-04-17,[看好评级]医药生物行业2018年一季报业绩前瞻：稳健增长 分化明显 重点关注优质成长与稳健价值,中财网
1077,2018-04-17,[强烈推荐评级]健帆生物(300529)季报点评：产品销售增长逐步加快 公司步入快速成长通道,中财网
1078,2018-04-17,大盘重挫后市怎么办 三优势下10只龙头股续涨概率高,中财网
1079,2018-04-17,80只创业板股股价创年内新高 10只龙头股续涨概率高,证券日报
1080,2018-04-16,健帆生物：一季度净利润同比增50.89%,Wind
1081,2018-04-13,[路演]健帆生物：产品已销往德国、意大利等18个国家,全景网
1082,2018-04-10,明日机构推荐潜力金股一览（4月10日）,中证报
1083,2018-04-10,涨停板解密：医药、计算机两大行业连续受追捧！（4月10日）,Wind
1084,2018-04-10,[推荐评级]医药生物行业跟踪报告：加大营销力度成效明显 产品销量持续高增长,中财网
1085,2018-04-10,健帆生物：预计一季度净利润同比增长40%-60%,Wind
1086,2018-04-09,健帆生物：预计一季度净利润同比增长40%-60%,Wind
1087,2018-04-09,医药生物行业周报：国务院发文促进仿制药发展 关注仿创优质标的,中财网
1088,2018-04-08,[推荐评级]医药行业重点公司2018年一季报业绩前瞻：聚焦一季报 关注创新+升级主线,中财网
1089,2018-04-08,[审慎增持评级]健帆生物(300529)年报点评：业绩增长步入快车道 适应症拓展空间广阔,中财网
1090,2018-04-08,[推荐评级]医药行业2018年4月份投资月报暨Q2季度策略：创新+升级 从初春到盛夏,中财网
1091,2018-04-04,医药生物行业周报：市场关注度提升 持续看好医药板块配置机会,中财网
1092,2018-04-03,"健帆生物:业绩符合预期,公司步入快速成长通道",方正证券
1093,2018-04-03,[增持评级]健帆生物(300529)年报点评：加大营销研发投入 助力业绩高速增长,中财网
1094,2018-04-02,健帆生物：2017年净利润同比增四成，拟10派3.5元,Wind
1095,2018-03-29,券商评级:沪指探底回升收盘上涨逾1% 9股掘金,证券之星
1096,2018-03-28,[买入评级]健帆生物(300529)：血灌龙头 健帆远航,中财网
1097,2018-03-27,[推荐评级]医药行业周报：三把“火”有望催化医药“大年”,中财网
1098,2018-03-27,【医药丨周小刚】健帆生物(300529)：人工肝市场潜力不亚于肾病， 未来快速放量可期,微信
1099,2018-03-19,医药生物行业周报：医药卫生部委调整 医疗保障局(医保)将主导行业未来趋势,中财网
1100,2018-03-16,10家药企进入“2017创业板企业发明授权专利排行榜”,制药网
1101,2018-03-05,医药生物行业周报：业绩披露期 建议关注业绩反转低估值优质标的,中财网
1102,2018-02-28,医药生物行业周报：业绩兑现期 围绕一致性评价及业绩超预期精选标的,中财网
1103,2018-02-28,[强烈推荐评级]健帆生物(300529)：血液灌流器渗透率持续提升 实现业绩41%高增长 超市场预期,中财网
1104,2018-02-28,早安！方正最新观点20180228,方正证券研究
1105,2018-02-28,【医药丨周小刚】健帆生物(300529)：降价不改增长预期，公司步入快速成长通道,方正证券研究
1106,2018-02-27,健帆生物：逐步步入销售持续增长的快车道 买入评级,广发证券
1107,2018-02-26,健帆生物2017年度净利同比增长40.72%,中证报
1108,2018-02-26,健帆生物：2017年净利润同比增40.72%（快报）,Wind
1109,2018-02-14,A股共发生12宗大宗交易成交3.49亿元（2月14日）,Wind
1110,2018-02-14,健帆生物今日大宗交易成交15万股，成交价24.9元折价10.56%,Wind资讯
1111,2018-02-09,[看好评级]医药生物行业2017年年报业绩前瞻：稳健增长 分化明显 重点关注优质成长与稳健价值,中财网
1112,2018-02-08,2月8日有106家公司获重要股东增减持 汉钟精机已被连续增持77次,Wind
1113,2018-01-28,健帆生物拟3000万元成立湖北全资子公司,中证报
1114,2018-01-25,券商评级:上证指数终结七连阳 9股引关注,证券之星
1115,2018-01-24,健帆生物董事长当选广东省政协委员,e公司
1116,2018-01-24,"医药生物行业周报:业绩为重,继续关注绩优龙头",华安证券
1117,2018-01-22,健帆生物：产品销售稳定增长 强烈推荐评级,方正证券
1118,2018-01-22,健帆生物年报：生物材料和医疗器械业务增长,Ofweek
1119,2018-01-21,周末上市公司晚间重要公告,顶尖财经网
1120,2018-01-21,健帆生物预计2017年业绩同比增长25%-45%,Wind
1121,2018-01-21,健帆生物：2017年年度业绩报告预告,深交所
1122,2018-01-21,健帆生物2017年业绩预增25%—45%,中证报
1123,2018-01-16,月内产业资本净增持70家公司，券商同时看好7只个股,Wind
1124,2018-01-15,医药生物行业周报：关注一致性评价及医药商业领域投资机会,中财网
1125,2018-01-14,医疗保健：关注一致性评价及医药商业领域投资机会 荐4股,川财证券
