,2021-12-31,中药板块唱响岁末收官“最强音” “天时地利人和”促行业加速发展,证券之星
0,2021-12-31,A股午盘综述：中药股再现批量涨停，光伏发动强劲攻势,Wind
1,2021-12-31,2022年景气度有望回升，医药零售行业2022年度投资策略,国泰君安证券研究
2,2021-12-30,大参林(603233.SH)：拟对部分募投项目结项及部分募投项目延期 项目问题,格隆汇
3,2021-12-28,大参林柯金龙解质0.61%股份,乐居财经
4,2021-12-28,大参林：柯金龙累计质押股数为3087万股,每日经济新闻
5,2021-12-28,大参林(603233.SH)：控股股东柯金龙解质484万股,格隆汇
6,2021-12-28,A股早报2021年12月28日星期二,Wind
7,2021-12-27,行业动态|Q4平均客单价上升 药店连锁有望迎来小阳春,财联社
8,2021-12-27,涨停板解密：资金追捧，医药股估值修复再现涨停潮！（12月27日）,Wind
9,2021-12-27,12月27日大参林涨停分析：医药商业，医药，健康中国概念热股,证券之星
10,2021-12-27,医药零售板块走势活跃 柳药股份、大参林涨停，老百姓等大涨,证券时报网
11,2021-12-27,A股午盘综述：资金持续涌入中药板块，碳中和、房地产、锂矿板块回暖,Wind
12,2021-12-27,大参林涨停，总市值316.22亿元,乐居财经
13,2021-12-27,药店股飙升，益丰药房、大参林涨停,Wind
14,2021-12-27,大参林首板，药店股飙升,Wind
15,2021-12-24,业务下沉区域市场 漱玉平民市盈率高于同业是否有业绩支撑？,投资者网
16,2021-12-23,大参林于浙江成立医药公司，注册资本1000万元,乐居财经
17,2021-12-23,大参林在海南成立全资子公司,证券导报
18,2021-12-21,药店不做了，改卖彩票了,ZAKER
19,2021-12-21,再次大手笔“买买买”，门店数量有望第一 老百姓如何应对收购后遗症？,搜狐
20,2021-12-21,大参林携手国寿财险，共创健康管理新蓝本,中国药店
21,2021-12-20,大参林：控股股东柯金龙所持610万股质押,发布易
22,2021-12-20,柯金龙质押大参林0.77%股份,乐居财经
23,2021-12-20,大参林(603233.SH)控股股东柯金龙质押610万股,智通财经
24,2021-12-20,CXO增长可持续性强，看好中药板块投资机会,金融界
25,2021-12-20,连锁药房集中度提高布局DTP业务 有待从“跑马圈地”走向多元发展,投资者网
26,2021-12-18,2022年，药店将现13大变局！,药店经理人
27,2021-12-18,全国首家药物治疗管理(MTM)咨询室落户大参林！,中国药店
28,2021-12-18,下周781亿市值限售股解禁，三家公司解禁超百亿 解禁,Wind
29,2021-12-17,大参林：柯康保累计质押股500万股,每日经济新闻
30,2021-12-17,大参林(603233.SH)：95.36万股限制性股票将于12月23日解禁上市 解禁,格隆汇
31,2021-12-17,大参林(603233.SH)95.36万股限售股于12月23日上市流通 解禁,智通财经
32,2021-12-17,大参林(603233.SH)控股股东柯康保解除质押420万股,智通财经
33,2021-12-17,大参林(603233.SH)：控股股东柯康保解质420万股,格隆汇
34,2021-12-16,大参林所持大参林泰华股份增至51%,乐居财经
35,2021-12-16,大参林成立市场营销公司，经营范围含数据处理服务,乐居财经
36,2021-12-13,大参林(603233.SH)：95.36万股限制性股票可解除限售,格隆汇
37,2021-12-13,大参林(603233.SH)2020年限制性股票激励计划首次授予第一期解除限售条件成就,智通财经
38,2021-12-11,透过头部企业，寻找“数字化转型”最优解,中国药店
39,2021-12-10,上市连锁扩张“年末冲刺”，新增门店超7000家,医药网
40,2021-12-09,一天内，知名连锁药店宣布对外投资两家药企！,微信
41,2021-12-09,白玉明不再担任大参林泰华医药董事长 董监高成员变化,乐居财经
42,2021-12-09,大参林参投医药科技公司，持股90%,乐居财经
43,2021-12-09,大参林参投医药连锁公司，持股46.62%,乐居财经
44,2021-12-07,零售药店Q3数据：客流量下降、客单价提升,医药云端工作室
45,2021-12-07,冲刺500亿，哪家药店率先冲线？,医药网
46,2021-12-07,布局DTP药房、生殖健康市场 区域医药流通龙头达嘉维康今日上市,中金在线
47,2021-12-06,大参林：将“大参转债”转股价格由69.09元/股下修至69.05元/股,Wind
48,2021-12-06,负增长的坪效,中国药店
49,2021-12-04,三年淘汰8万家？药店行业洗牌速度正在加快，单体药店将面临大考,动脉网
50,2021-12-03,"大参林现2笔大宗交易 共成交6,532.03万元",新浪
51,2021-12-03,大参林今日大宗交易成交209.36万股，成交价31.2元折价8.18%,Wind
52,2021-12-03,大参林所持济源大参林药店股份增至87.4%,乐居财经
53,2021-12-03,公司是否考虑下修转股价格？大参林：公司暂未考虑,每日经济新闻
54,2021-12-03,大参林：公司今年业绩主要受广东地区疫情影响及自建门店加速扩张，日常经营正常,每日经济新闻
55,2021-12-03,揭晓了！2021中国药店年度人物,中国药店
56,2021-12-03,12月3日沪深两市最新交易提示,金融界
57,2021-12-02,大参林(603233.SH)：控股股东的一致行动人已合计减持1228.58万股 减持股份,格隆汇
58,2021-12-02,大参林：控股股东的一致行动人合计减持比例超过1% 减持股份,Wind
59,2021-12-02,大参林(603233.SH)控股股东的一致行动人合计减持超过1%的股份 减持股份,智通财经
60,2021-12-02,上市连锁再出手，又有81家药店被收购！,制药网
61,2021-12-02,大参林12月1现7笔大宗交易,证券时报网
62,2021-12-01,大参林现7笔大宗交易 均为折价成交,证券时报网
63,2021-12-01,"大参林现7笔大宗交易 共成交11,261.36万元",新浪
64,2021-12-01,大参林今日大宗交易成交354.80万股，成交价31.74元折价9.24%,Wind
65,2021-12-01,当连锁药店开始卖彩票,Ofweek
66,2021-11-30,可转债指数创6年多新高！估值已高，还有投资机会？,Wind
67,2021-11-26,大参林(603233.SH)：拟向中国银行广州荔湾支行申请6亿元综合授信额度,格隆汇
68,2021-11-25,医药行业2021年三季报总结报告：恢复高成长 医药进入估值切换长周期,新浪
69,2021-11-24,"大参林现1笔大宗交易 共成交4,175.60万元",新浪
70,2021-11-24,医药生物行业双周报,新浪
71,2021-11-23,医药生物行业双周报：医保谈判落地 行业迎来配置机会,新浪
72,2021-11-22,大参林创始人：广东三兄弟，各个身家85亿元，卖药真那么赚钱吗？,深水财经社
73,2021-11-22,"大参林现5笔大宗交易 共成交14,644.50万元",新浪
74,2021-11-20,零售药店行业三季报业绩总结政策更新：明年业绩改善具备确定性 政策向好巩固行业两大逻辑,新浪
75,2021-11-19,IPO专题：新股精要-湖南省医药流通龙头企业达嘉维康,新浪
76,2021-11-18,当连锁药店开始卖彩票,斑马消费
77,2021-11-17,大参林医药集团股份有限公司监事会关于2020年限制性股票激励计划预留股票激励对象名单审核意见及公示情况的说明,证券日报
78,2021-11-16,大参林三季报营收稳增，门店超过7000家,凤凰网
79,2021-11-15,证券合规研究丨“药店”的A股并购潮幕后：当“现金奶牛”遭遇治理大考,21世纪经济报道
80,2021-11-15,大参林：股东陈智慧、谭锡盟、杨木桂及彭广智减持计划时间区间已届满，未减持公司股份,每日经济新闻
81,2021-11-15,大参林(603233.SH)：减持期届满 3名监事及1名财务总监未减持股份,格隆汇
82,2021-11-15,大参林(603233.SH)多位监事及高管减持期满 并未减持,智通财经
83,2021-11-15,大参林：控股股东及一致行动人主动减持合计持股比例减少5% 减持股份,Wind
84,2021-11-12,"大参林现1笔大宗交易 共成交1,434.12万元",新浪
85,2021-11-12,大参林今日大宗交易成交40.80万股，成交价35.15元折价6.29%,Wind
86,2021-11-12,医药板块2021Q3分析暨11月月报：高基数下增速放缓 板块基本面仍旧强劲 把握配置窗口期,新浪
87,2021-11-11,大参林(603233.SH)控股股东柯金龙质押504.2万股,智通财经
88,2021-11-11,大参林：柯金龙质押504.2万股,每日经济新闻
89,2021-11-11,大参林(603233.SH)：控股股东质押504.20万股,格隆汇
90,2021-11-11,大参林所持佳康君安股份增至51%,乐居财经
91,2021-11-10,大参林现2笔大宗交易 合计成交275.80万股,证券时报网
92,2021-11-10,"大参林现2笔大宗交易 共成交9,664.03万元",新浪
93,2021-11-10,大参林今日大宗交易成交275.80万股，成交价35.04元折价10.08%,Wind
94,2021-11-09,大参林大宗交易成交2296.25万元,证券时报网
95,2021-11-09,"大参林现1笔大宗交易 共成交2,296.25万元",新浪
96,2021-11-09,大参林今日大宗交易成交66.50万股，成交价34.53元折价11.3%,Wind
97,2021-11-08,大参林：内生增长乏力 收购整合遇大考,证券市场周刊
98,2021-11-07,大参林(603233)2021年三季报点评：短期业绩承压 看好长期发展 盈利能力下降,新浪
99,2021-11-05,三季报总结|药店连锁：疫情扰动下增速放缓 高毅资产押注明年利润率回暖 盈利能力下降,财联社
100,2021-11-05,医疗健康产业2022年投资策略：医疗投资进入百花齐放时代 国产自主化进入新高潮,新浪
101,2021-11-05,药品零售连锁化率或达70%，“大鱼吃小鱼”局面加速,新京报
102,2021-11-04,百亿私募持仓变化透视分析,量化藏经阁
103,2021-11-04,药店自有品牌，收效如何？,中国药店
104,2021-11-03,大参林所持万家燕大药房股份增至51%,乐居财经
105,2021-11-03,33亿！超2000家药店被出售,药店经理人
106,2021-11-03,公募基金持股市值创新高，社保显著加仓周期股（附表）,Wind
107,2021-11-03,央视聚焦！“双通道”管理落地见效，药店有这些变化,医药网
108,2021-11-03,240家生物医药企业公布Q3成绩单！创新药、原料药赛道增速垫底,E药经理人
109,2021-11-01,图解6大药店：门店扩张快，利润波动大,药店经理人
110,2021-11-01,大参林增持一丰立康医药32%股份,乐居财经
111,2021-11-01,私募大佬放大招！看邓晓峰、冯柳、裘国根等最新持仓,Wind
112,2021-11-01,天风Morning Call·晨会集萃·20211101-2,天风研究
113,2021-10-30,大参林姜涛：打造中药质量追溯体系 实现安全、有效、可追溯,中国经济网
114,2021-10-29,大参林(603233)：短期承压 门店拓展提速奠定未来增长,新浪
115,2021-10-29,大参林(603233)2021年三季报点评：收入结构波动拖累毛利率 门店扩张高歌猛进 盈利能力下降,光大证券
116,2021-10-29,839家药店，大参林收了,药店经理人
117,2021-10-29,大参林(603233)季报点评：门店持续快速扩张 股权激励促进长期发展,新浪
118,2021-10-29,深度｜药品零售连锁巨头：“上线下乡”差异化布局,中国医药报
119,2021-10-29,大参林(603233)：疫情影响当期业绩加速扩张布局未来,新浪
120,2021-10-29,私募大佬隐形重仓股曝光！冯柳挖到翻倍股，邓晓峰狂买紫金矿业,Wind
121,2021-10-28,中泰证券维持大参林买入评级：Q3收入端有所回暖，门店扩张继续提速,每日经济新闻
122,2021-10-28,收入端回暖，利润端持续承压,格隆汇
123,2021-10-28,太平洋维持大参林买入评级：Q3收入端维持较快增速，门店拓展加速,每日经济新闻
124,2021-10-28,太平洋：给予大参林买入评级，目标价位51.2元,证券之星
125,2021-10-28,A股异动 | 大参林(603233.SH)跌停 第三季度净利降36.59% 盈利能力下降,格隆汇
126,2021-10-27,大参林最新公告：第三季度净利1.73亿元 同比下降37% 盈利能力下降,证券之星
127,2021-10-27,大参林：第三季度净利1.73亿元 同比下降37% 盈利能力下降,财联社
128,2021-10-27,大参林(603233.SH)：第三季度净利降36.59%至1.73亿元 盈利能力下降,格隆汇
129,2021-10-27,最新数据出炉！2021零售药店行业发展走向如何？一文说清！,汇聚南药
130,2021-10-27,图解大参林三季报：第三季度单季净利润同比减36.59% 盈利能力下降,证券之星
131,2021-10-27,大参林：公司对子公司提供的担保总额为15.84亿元 大额借贷担保,每日经济新闻
132,2021-10-27,大参林：控股股东的一致行动人拟合计减持不超0.99%股份 拟减持股份,Wind
133,2021-10-27,大参林：副总经理柯金龙辞职 董监高成员变化,Wind
134,2021-10-27,大参林：前三季度净利润同比减少5.62% 盈利能力下降,Wind
135,2021-10-26,医药生物行业双周报：行业估值合理 择优布局优质标的,新浪
136,2021-10-18,养天和毛利率落后于同行平均水平 “湖南老字号”品牌含金量存疑,金融界
137,2021-10-18,大参林：公司主要从事中西成药、参茸滋补药材及中药饮片、保健品、医疗器械及其他商品的连锁零售业务,每日经济新闻
138,2021-10-18,大参林：截止到2021年6月，公司超过5000家门店覆盖O2O业务,每日经济新闻
139,2021-10-18,大参林：截止到6月，公司超过5000家门店覆盖O2O业务,Wind
140,2021-10-18,医药生物行业周报：季度业绩波动该如何应对,新浪
141,2021-10-18,医药生物行业周报：国家将深入推广福建省三明市医改经验,新浪
142,2021-10-18,医药生物行业跨市场周报：三季报业绩期来临 关注业绩与估值匹配的核心赛道,光大证券
143,2021-10-18,大参林成立便利店公司，注册资本500万元,乐居财经
144,2021-10-17,大参林(603233.SH)：“大参转债”将于10月22日付息,智通财经
145,2021-10-16,医药行业周报：流通+中药反弹 重视“低估值+放量”逻辑,新浪
146,2021-10-15,益丰再收12家药店 一细节透露湖北或有大动作,医药网
147,2021-10-12,大参林于珠海成立医药公司，经营范围含食品销售,乐居财经
148,2021-10-12,资金流向分析,新浪
149,2021-10-10,揭秘“滞胀牛”；从离岸债看地产债务压力丨一周重点研究报告,开源证券研究所
150,2021-10-09,零售药店行业深度报告：龙头引领行业创新 新一轮扩张浪潮已至,新浪
151,2021-10-08,大参林：“大参转债”截至第三季度累计转股1064股,每日经济新闻
152,2021-10-05,上市药店的喜与忧,药店经理人
153,2021-09-30,医药生物行业点评报告：《“十四五”全民医疗保障规划》发布 进一步推进医疗保障高质量发展,新浪
154,2021-09-30,注册制新股纵览：可孚医疗：国内领先的综合性家用医疗器械企业,新浪
155,2021-09-30,大参林医药集团股份有限公司 2021年第三季度报告,证券日报
156,2021-09-29,超级药店要来了，年销500亿！,药店经理人
157,2021-09-28,重磅?西普发布 |“2020-2021年药品零售行业发展指数、药品零售企业综合竞争力指数TOP100企业”发布，国大、老百姓、益丰位列三甲,财经网
158,2021-09-27,医药生物行业周报：政策鼓励医疗器械国产替代 国产器械前景广阔,新浪
159,2021-09-27,医药生物行业周报：从景气度、竞争力、外需逻辑看诺禾致源投资价值,新浪
160,2021-09-26,连锁药店行业投资框架：中美日比较下的深度思考,新浪
161,2021-09-26,医药生物行业研究周报：从医疗服务价格调整看康复行业机会(第79篇),新浪
162,2021-09-23,大参林：所持天利医药股份增加到51%,乐居财经
163,2021-09-22,医药生物行业周报：把握景气度持续向上板块和个股估值修复机会,新浪
164,2021-09-16,医药生物行业研究周报：当前阶段医药行情的主要矛盾及化解,新浪
165,2021-09-15,医药生物行业简评报告：康泰13价肺炎疫苗获批 长期看好疫苗龙头,新浪
166,2021-09-14,医药生物行业双周报：医药行业长坡厚雪 仍为投资主线,新浪
167,2021-09-13,医药生物行业中报透视CXO：板块增长强劲 边际变化持续向好,新浪
168,2021-09-10,大参林：拟向招商银行广州分行申请总额不超7亿元并购贷款授信,财联社
169,2021-09-10,大参林(603233.SH)拟向银行申请不超7亿元并购贷款授信额度,智通财经
170,2021-09-10,大参林新增对外投资，投资比例51%,乐居财经
171,2021-09-09,大参林(603233)：疫情影响短期业绩 全国扩张持续推进,新浪
172,2021-09-07,大参林：公司对子公司提供的担保总额为10.37亿元人民币 大额借贷担保,每日经济新闻
173,2021-09-06,【东北医药刘宇腾】大参林（603233）中报点评：门店扩张呈加速态势，外省市场进入深耕期,东北证券研究所
174,2021-09-03,上市药店PK：大参林最挣钱、益丰增速最快,药店经理人
175,2021-09-02,财信证券维持大参林推荐评级：新冠疫情影响+费用增加，拖累2021Q2业绩表现，目标价67.60-76.05元 盈利能力下降,每日经济新闻
176,2021-09-01,医药与健康护理行业月报：智飞生物新冠疫苗III期数据优异 对变异株仍然有效,新浪
177,2021-08-31,东吴证券维持大参林买入评级，2021半年报点评：二季度业绩受疫情影响，门店规模稳步扩张,每日经济新闻
178,2021-08-31,大参林2021年中报点评：二季度业绩受疫情影响，门店规模稳步扩张！【东吴医药朱国广团队】,国广有话说
179,2021-08-31,天风证券维持大参林买入评级，半年报点评：门店扩展加速，慢病管理服务促进长期发展,每日经济新闻
180,2021-08-30,大参林(603233)2021H1业绩点评：药品高速增长 期待公司省外扩张,国金证券股份有限公司
181,2021-08-30,大参林(603233)：华南地区Q2短期承压 下半年业绩改善具备确定性,新浪
182,2021-08-30,409家药店，大参林收了,药店经理人
183,2021-08-30,大参林(603233)：华南疫情影响二季度业绩 直营、加盟持续扩张,光大证券
184,2021-08-30,大参林：上半年营收80.54亿元，同比增长16.05%|中报快讯,乐居财经
185,2021-08-30,大参林2021年上半年实现净利润6.56亿元，同比小幅增长8.38%,经济观察网
186,2021-08-30,快讯 | 大参林2021半年报：上半年营业收入约80.55亿元，同比增加16.05%,财经网
187,2021-08-29,大参林(603233.SH)半年度净利润6.46亿元 同比增长8.56%,格隆汇
188,2021-08-29,大参林：2021年半年度净利润约6.46亿元，同比增加8.56%,每日经济新闻
189,2021-08-29,大参林(603233.SH)上半年归母净利润同比增8.56%至6.46亿元,智通财经
190,2021-08-29,大参林：上半年净利润同比增长8.56%,Wind
191,2021-08-23,大参林：股东减持公司股份计划完成 拟减持股份,每日经济新闻
192,2021-08-23,大参林：控股股东及一致行动人累计减持2%股份，减持计划届满,Wind
193,2021-08-23,零售药店：核心逻辑仍在，重视拐点机会,医药新观
194,2021-08-18,老百姓上半年线上业务同比增长两倍 传统医药零售能否避免被互联网“革命”？,每日经济新闻
195,2021-08-17,大参林、海王星辰所售三批次珍珠粉抽检不合格 产品问题,奥一网
196,2021-08-17,2021年中国医药流通行业药品批发市场企业竞争格局分析 四巨头领先优势明显,前瞻研究院
197,2021-08-17,首席周观点：宁德时代积极扩产 新能源汽车产业链高景气无虞,新浪
198,2021-08-16,大参林：监事及高管人员尚未减持，减持计划时间已过半,每日经济新闻
199,2021-08-16,大参林(603233.SH)多位监事及高管尚未减持 减持时间过半,智通财经
200,2021-08-16,医药生物行业周报：医疗服务三问三答 何时会出现板块性机会？,新浪
201,2021-08-16,医药生物行业：关注CXO新秀 重点推荐皓元医药、诺泰生物等,新浪
202,2021-08-13,阿里、美团、京东、拼多多抢食卖药生意,中国经济周刊
203,2021-08-12,2021年中国医药零售行业市场规模与竞争格局分析 药店连锁化发展大势已成【组图】,前瞻研究院
204,2021-08-12,大参林控股股东补充质押250万公司股份 近三年信披考评非B即C 股票质押异常,硅谷动力
205,2021-08-12,财信证券医药生物行业2021年8月月度报告：坚守高景气，关注高性价比个股,财信证券研究
206,2021-08-11,大参林：柯金龙先生累计质押约2457万股，占公司总股本的3.11%,每日经济新闻
207,2021-08-11,大参林(603233.SH)控股股东柯金龙质押250万股,智通财经
208,2021-08-11,山东上市公司观察 | 成功上市能否给“漱玉平民”发展打一针强心剂？,财经网
209,2021-08-10,【开源医药·深度】零售药店：估值与业绩增速均处于低位，重视拐点机会,微信
210,2021-08-09,药品零售企业TOP100公布，零售市场增幅领跑，国大药房稳居榜首（附名单）,医药云端工作室
211,2021-08-05,快讯 | 大参林医药控股股东股份质押,财经网
212,2021-08-04,大参林(603233.SH)：控股股东质押86万股,格隆汇
213,2021-07-31,医药行业周报：散点疫情偶发 寻找“脱敏”品种,西南证券
214,2021-07-30,"大参林现2笔大宗交易 共成交14,405.80万元",新浪
215,2021-07-30,大参林今日大宗交易成交380万股，成交价37.91元折价10.76%,Wind
216,2021-07-29,大参林：柯金龙及其一致行动人减持约1200万股 减持股份,每日经济新闻
217,2021-07-29,大参林(603233.SH)控股股东之一柯金龙及其一致行动人合计减持比例达1.52% 减持股份,智通财经
218,2021-07-29,大参林：控股股东及一致行动人减持超过1% 减持股份,Wind
219,2021-07-29,医药行业点评：医药板块下跌明显 回调不改基本面,新浪
220,2021-07-29,大参林携手企企通，共同推动医药行业供应链数字化转型,砍柴网
221,2021-07-29,A股早报2021年7月29日星期四,Wind
222,2021-07-29,大参林7月28日现3笔大宗交易,证券时报网
223,2021-07-28,A股共发生132宗大宗交易成交28.92亿元（7月28日）,Wind
224,2021-07-28,"大参林现3笔大宗交易 共成交18,548.40万元",新浪
225,2021-07-28,大参林今日大宗交易成交520万股，成交价35.67元折价13.13%,Wind
226,2021-07-27,门店持续扩张助力“二次腾飞”，老百姓一年19起并购抢占医药红利,时代财经
227,2021-07-23,老百姓：公司店均产出高是因为区位优势明显,Wind
228,2021-07-22,刚刚！全国百强药店名单公布,药店经理人
229,2021-07-22,阿里、美团、京东等抢食卖药生意，实体药店做电商却屡屡亏损 亏损,中国经济周刊
230,2021-07-22,【国君金工】明星基金在主动买入哪些行业和个股?,微信
231,2021-07-21,"大参林现1笔大宗交易 共成交2,281.40万元",新浪
232,2021-07-21,大参林今日大宗交易成交55万股，成交价41.48元折价7.29%,Wind
233,2021-07-21,医药行业2021年中报业绩前瞻：继续保持恢复性增长,新浪
234,2021-07-20,零售上市药企高管薪资排行榜来了！（附名单）,医药观察家网
235,2021-07-20,零售药店行业，20人年薪超百万！,制药网
236,2021-07-20,零售药店高管工资公布，年薪超百万者有20人！,制药网
237,2021-07-20,【益丰药房|深度报告】精细化管理之标杆，再次腾飞剑指药房全国连锁巨头【安信医药】,医药马帅团队
238,2021-07-19,药店高管工资公布，最高超249万,药店经理人
239,2021-07-18,知名连锁药店，加盟费至少30万,药店经理人
240,2021-07-18,医药行业周报：中报预告落地 个股表现持续分化,西南证券
241,2021-07-17,医药与健康护理行业周报：中报预告相继披露 关注业绩高增长公司,新浪
242,2021-07-13,川渝继续买店，昔日药房老大一心堂还“偏居”西南，而竞对借资本早就全国开战了,经济观察报
243,2021-07-12,扎堆上市 疯狂并购 连锁药店不缺资金缺管理,贝壳财经
244,2021-07-12,大参林今日大宗交易成交5.61万股，成交价42.21元折价9.21%,Wind
245,2021-07-12,大参林现1笔大宗交易 共成交236.80万元,新浪
246,2021-07-12,医药生物行业：十四五开启血制品新成长周期 重点推荐天坛生物、博雅生物等,新浪
247,2021-07-09,首批基金二季报披露，看好经济延续稳定恢复态势,Wind
248,2021-07-08,中银基金管理有限公司旗下12只基金披露最新一期季报,资本邦
249,2021-07-08,中银基金旗下部分产品二季报出炉，个别债基标的受监管处罚，刘潇大幅加仓云南白药、丽珠集团、大参林,每日经济新闻
250,2021-07-07,中银基金旗下部分产品二季报出炉，个别债基标的受监管处罚，刘潇大幅加仓云南白药、丽珠集团、大参林,每日经济新闻
251,2021-07-06,大参林大宗交易成交61.60万股成交额2697.46万元,证券时报网
252,2021-07-06,"大参林现1笔大宗交易 共成交2,697.46万元",新浪
253,2021-07-05,医药生物行业周报：全方位盘点上半年医药行业、细分领域、个股风云变幻,新浪
254,2021-07-05,医药行业每周医览药闻：关注结构性机会 把握高确定性,新浪
255,2021-07-04,CXO股价调整后是否再次上车机会？持续重点推荐药明康德、凯莱英等,国广有话说
256,2021-07-02,"大参林现2笔大宗交易 共成交11,661.08万元",新浪
257,2021-07-02,上市连锁药店收购动作频频 零售药店龙头集中趋势加快,新京报
258,2021-07-02,大参林今日大宗交易成交251.10万股，成交价46.44元折价8.37%,Wind
259,2021-07-01,医药与健康护理行业月报：国内疫苗接种量高速增长 关注新冠疫苗出海机会,新浪
260,2021-07-01,大参林：“大参转债”截至第二季度累计转股889股,每日经济新闻
261,2021-07-01,大参林董事持股不足6个月卖出又买入 被出具警示函 金融监管处罚,新浪
262,2021-06-30,半年报前瞻|药店连锁：同期基数高+竞争加剧上半年增速放缓下半年有望好转？,财联社
263,2021-06-29,老百姓大药房17.4亿元定增获批 头部连锁集中趋势加快,中国经济网
264,2021-06-27,助力广州抗疫 大参林捐赠防疫物资460余万元,证券日报网
265,2021-06-25,因违规买卖公司股票 大参林董事李杰收证监局警示函 金融监管处罚,和讯
266,2021-06-25,大参林：董事收到广东证监局警示函 金融监管处罚,Wind
267,2021-06-24,"大参林现1笔大宗交易 共成交7,160.40万元",新浪
268,2021-06-23,"大参林现1笔大宗交易 共成交7,179.12万元",新浪
269,2021-06-23,大参林今日大宗交易成交156万股，成交价46.02元折价9.76%,Wind
270,2021-06-22,医药行业2021年半年报业绩前瞻：CXO、生物制品、创新器械、医疗服务有望持续高增长,西南证券
271,2021-06-21,医药生物行业周报：医疗服务会是下半年医药最强音么？强调重视康复医疗赛道,新浪
272,2021-06-19,广州疫情30天：广州本地股整体走弱，首发IPO在“家”敲钟,第一财经
273,2021-06-18,医药生物行业2021年下半年投资策略：短期有扰动 长期发展趋势向好,新浪
274,2021-06-18,最新！一心堂6000万收购46家药店，要发力河南市场？,3156医药网
275,2021-06-17,大参林：公司暂不存在ST风险,Wind
276,2021-06-17,国金证券：大参林（603233.SH）加大布局互联网医疗，期待业绩拐点，维持“买入”评级,智通财经
277,2021-06-17,大参林捐赠防疫物资460余万元 全力保障药品和防疫用品供应,上证报
278,2021-06-17,国金证券维持大参林买入评级：加大布局互联网医疗，期待业绩拐点,每日经济新闻
279,2021-06-17,大参林：保障门店防疫物资供应 服务封闭管理区域居民购药需求,中证网
280,2021-06-17,大参林上市4年净利翻倍 拟转让子公司分摊互联网经营风险 资产异常,新浪
281,2021-06-16,医药行业基本面强劲，估值全面提升，关注五条投资主线,国泰君安
282,2021-06-15,大参林(603233.SH)：拟与关联方共同增资天宸健康 孵化探索互联网医疗相关业务,格隆汇
283,2021-06-15,大参林：拟转让全资子公司广东康益百、大参林医疗健康100%股权 资产异常,每日经济新闻
284,2021-06-15,医药行业2021年6月投资月报：6月仍然是较好的窗口期 两条思路配置医药,西南证券
285,2021-06-13,连锁药房掐尖收购，四成小药店会倒闭？ 减资破产,财经杂志
286,2021-06-13,医药与健康护理行业周报：鼻喷雾式/吸入型新冠疫苗正在申请紧急使用,新浪
287,2021-06-11,巨型连锁药店要来了！门店超20000家,药店经理人
288,2021-06-11,揭秘送转股 132只除权以来股价上涨,证券时报网
289,2021-06-09,广东上市公司火线驰援，科技抗疫大放异彩,Wind
290,2021-06-08,大参林(603233.SH)控股股东、一致行动人柯金龙解质1467.96万股,智通财经
291,2021-06-08,大参林：柯金龙解除质押1468万股,每日经济新闻
292,2021-06-07,一心堂6000万收购46家药店 要发力河南市场？,医药网
293,2021-06-07,医药生物行业周报：如何从大品种价值理解前沿生物？,新浪
294,2021-06-07,医药与健康护理行业周报：广东地区疫情反复 核酸检测需求大增,新浪
295,2021-06-07,加速扩张！这家上市连锁一个月内收购两家药店,制药网
296,2021-06-07,医药生物行业：新冠疫苗标的调整到位 重点推荐智飞生物、复星医药等,新浪
297,2021-06-04,抢权行情来临！下周11家公司高送转、43家高派现,Wind
298,2021-06-02,大参林(603233.SH)：2020年度拟10转2派8元 6月9日股权登记,格隆汇
299,2021-06-02,大参林(603233.SH)于6月10日每股派发现金红利0.8元转增0.2股,智通财经
300,2021-06-02,大参林：将“大参转债”转股价格由83.71元/股下修至69.09元/股,Wind
301,2021-06-02,健康码为何变黄？咋恢复？官方回应！隔离小区齐喊“广州加油！”,Wind
302,2021-06-01,医药与健康护理行业月报：国内疫情防控新阶段 跟进检测需求和疫苗接种情况,新浪
303,2021-06-01,医药行业连锁药店子行业跟踪报告之五：结构化调整持续 长期看好院外零售快速多元发展,新浪
304,2021-05-31,医疗健康产业2021年下半年投资策略：百花齐放 关注疫情后时代的医药强势复苏,新浪
305,2021-05-31,大参林：向银行申请综合授信额度并接受关联方提供担保 大额借贷担保,发布易
306,2021-05-31,大参林：公司控股股东股份质押,发布易
307,2021-05-31,大参林：控股股东及一致行动人之一柯金龙质押1026万股,每日经济新闻
308,2021-05-31,大参林：实际控制人为公司提供3.6亿元担保 大额借贷担保,每日经济新闻
309,2021-05-31,大参林(603233.SH)：控股股东柯金龙质押1026万股,格隆汇
310,2021-05-31,大参林：为子公司申请银行综合授信提供担保 大额借贷担保,金融界
311,2021-05-31,医药周报：骨修复材料市场增速近20% 人工材料为骨移植的新选择,新浪
312,2021-05-31,中信证券：医药投资进入了百花齐放的新时期,第一财经
313,2021-05-30,重磅！全国百强药店，公布了（附名单）,药店经理人
314,2021-05-30,医药与健康护理行业周报：国内疫情防控新阶段 关注疫苗接种情况,新浪
315,2021-05-30,药店并购潮涨！3年内新增7个“上市公司”！,新浪
316,2021-05-28,店均收益下滑负债高企 老百姓拟定增17亿能否解燃眉之急？ 偿债能力下降,投资者网
317,2021-05-26,大参林：“大参转债”6月2日起停止转股,Wind
318,2021-05-26,2021年中国DTP药房市场发展现状及主要企业布局分析政策助力DTP药房市场发展,证券之星
319,2021-05-24,大参林(603233.SH)：减持期过半 柯金龙及邹朝珠未减持股份,格隆汇
320,2021-05-24,大参林(603233.SH)控股股东及一致行动人尚未减持 减持时间过半,智通财经
321,2021-05-24,大参林：邹朝珠、柯金龙尚未减持公司股份,每日经济新闻
322,2021-05-24,激进扩张的大参林一度跌破70元，景顺长城余广或被“套” 运营能力下降,第一财经
323,2021-05-24,医药行业每周医览药闻：全年业绩确定性强 长期看好院外零售快速多元化发展,新浪
324,2021-05-22,医药与健康护理行业周报：新股上市浪潮 关注板块价值机会,新浪
325,2021-05-21,大参林(603233)：业绩实现稳定增长 新增门店呈加快趋势,新浪
326,2021-05-21,KKR接盘基石、弘毅：全亿健康易主背后，千亿药店零售市场谁主沉浮？ 控制人变化,21世纪经济报道
327,2021-05-21,5月21日晚间重要行业研究汇总(附股),中金在线
328,2021-05-21,医药生物行业2020年及2021年一季度业绩综述：2020年营收增速有所下降 2021Q1业绩大幅回升,新浪
329,2021-05-20,九州通宣布，加盟药店要到5000家,药店经理人
330,2021-05-20,药店行业深度报告：寻找龙头药店的成长确定性,新浪
331,2021-05-20,大参林(603233.SH)：控股股东柯康保质押345万股,格隆汇
332,2021-05-19,医药生物行业研究周报：建议以中期维度看医药行情,新浪
333,2021-05-19,老百姓Q1业绩雷之外：盈利能力垫底同行 高商誉高负债资金链紧绷 偿债能力下降,新浪
334,2021-05-19,【业绩】合揽超500亿营收！大参林、老百姓5大上市连锁战略曝光,米内网
335,2021-05-18,零售药店行业深度报告：解惑新时期零售药店 连锁龙头确定性强,新浪
336,2021-05-17,连锁药店行业最大交易诞生：基石资本出售全亿健康，PE巨头KKR接盘,Wind
337,2021-05-17,医医药行业周报：医药板块表现突出 建议关注优质细分赛道,新浪
338,2021-05-17,医药周报：业绩空窗期 建议重点关注高壁垒好赛道估值合理个股,新浪
339,2021-05-14,商誉同行最高的益丰大药房，未来爆发点在哪？,网易
340,2021-05-13,政策利好叠加，医药连锁公司仍有长期投资价值,艾美达行业研究
341,2021-05-13,上市连锁一季报对比，势头最猛的竟是······,3156医药网
342,2021-05-12,年中欲登顶，老百姓“反常”疯狂拓店，处方外流还未起势，万家药房如何支撑？,经济观察报
343,2021-05-12,医药行业重大事项点评：医保谈判药品“双通道”管理 院外渠道价值进一步凸显,新浪
344,2021-05-12,深度分析！2021年中国连锁药店行业龙头企业对比 大参林经营出色,前瞻研究院
345,2021-05-12,医药生物行业点评：完善国谈药品“双通道”管理 发挥定点零售药店优势,新浪
346,2021-05-11,大参林：控股股东柯康保解除质押685万股,每日经济新闻
347,2021-05-11,大参林(603233.SH)：控股股东、一致行动人之一柯康保解押685万股,格隆汇
348,2021-05-11,2021年医药行业5月策略报告：短期波动不改长期趋势 仍重点推荐疫苗等,新浪
349,2021-05-11,【招商医药】连锁药店行业深度报告之二-基于4家药房上市公司的全方位指标横向对比,招商医讯
350,2021-05-11,艾力斯(688578)：核心产品伏美替尼正式商业化,新浪
351,2021-05-10,医药流通行业研究：药店短期业绩承压 期待下半年行业转折,国金证券股份有限公司
352,2021-05-09,这些知名药企，布局DTP药房,赛柏蓝
353,2021-05-08,上市连锁药店一季报pk，谁赢了？,制药网
354,2021-05-08,一季度，五大上市连锁药店业绩表现亮眼！,制药网
355,2021-05-07,东吴证券--医药行业2020年报&2021年一季报总结报告：医药增长仍强劲，CXO、器械、药店等数据靓丽【行业研究】,金融界股吧
356,2021-05-07,东莞证券--大参林2021年一季报点评：业绩符合预期，门店扩张趋势延续【公司研究】,金融界股吧
357,2021-05-06,医药行业2020年年报及2021年一季报总结：Q1业绩复苏回暖 看好CXO、疫苗、创新器械和服务等高景气板块,西南证券
358,2021-05-06,涉近1400家药店！2020，他们发起数十起并购,医药网
359,2021-05-05,大预测：2021，开启“药店专业化元年”！,汇聚南药
360,2021-05-04,一文区分6大药店：国大营收第一、大参林最挣钱、老百姓加盟火热,药店经理人
361,2021-05-03,129家药店，被上市连锁收了,药店经理人
362,2021-05-03,2021年，连锁药店巨头将纷纷加速门店扩张,制药网
363,2021-05-01,西部证券维持大参林买入评级：华南药店龙头持续扩张，1Q21 符合预期,每日经济新闻
364,2021-04-30,大参林(603233)：短期收入部分承压 全年业绩有望恢复高增速,国金证券股份有限公司
365,2021-04-29,东北证券维持大参林买入评级：一季度增速稳定，全年业绩值得期待,每日经济新闻
366,2021-04-29,西南证券维持大参林买入评级：业绩增长良好，开店步伐提速,每日经济新闻
367,2021-04-29,大参林(603233)：业绩增长良好 开店步伐提速,西南证券
368,2021-04-29,大参林(603233)：业绩符合预期 加大扩张力度 全年高速增长可期,新浪
369,2021-04-29,【华西医药崔文亮团队】?《大参林点评报告：三驾马车齐发力，门店质量稳提升》,崔文亮研究团队
370,2021-04-29,遭基金大幅减持近2300万股，云南白药的业绩超预期了？,Wind
371,2021-04-29,大参林(603233)：业绩基本符合预期 门店继续快速扩张,新浪
372,2021-04-29,国金证券：大参林（603233.SH）短期收入部分承压，维持“买入”评级,智通财经
373,2021-04-28,大参林：2021年第一季度净利润约3.41亿元，同比增加21.51%,每日经济新闻
374,2021-04-28,大参林(603233.SH)一季度归母净利同比增21.51%至3.41亿元,智通财经
375,2021-04-28,大参林：一季度净利润同比增长21.51%,Wind
376,2021-04-28,连续3天20%涨停，这个板块疯涨，张磊、张坤重仓押宝,Wind
377,2021-04-27,医药生物板块涨0.46% 未名医药和双鹭药业涨停,证券日报网
378,2021-04-24,上市药企2020年报解码：谁大把花钱做销售推广？谁重金搞研发？,经济观察网
379,2021-04-24,上市药企2020年报解码，医疗器械公司净利增幅大,Wind
380,2021-04-21,东吴证券--大参林年报点评：经营业绩略超我们预期，门店坪效继续提升【公司研究】,金融界股吧
381,2021-04-21,大参林门店6020家三年翻番 省外扩张提速非华南区收入大增,长江商报
382,2021-04-20,国金证券：大参林(603233.SH)外拓内升实力突显，维持“买入”评级,智通财经
383,2021-04-19,大参林(603233.SH)2020年净利升51.17%至10.62亿元拟10转2派8元,格隆汇
384,2021-04-19,大参林(603233.SH)：4名监事及高管拟合计减持不超8.58万股 拟减持股份,格隆汇
385,2021-04-19,大参林(603233.SH)数名监事及高管拟减持合计不超8.58万股 拟减持股份,智通财经
386,2021-04-19,大参林(603233.SH)年度归母净利同比增51.17% 每10股转增2股派8元,智通财经
387,2021-04-19,大参林：2020年净利同比增长51%拟10转2派8元,格隆汇
388,2021-04-19,大参林：2020年净利润同比增长51.17%,Wind
389,2021-04-12,2021年中国连锁药店行业龙头企业对比：老百姓VS大参林,前瞻研究院
390,2021-04-12,医药与健康护理行业周报：年报一季报相继披露 看好业绩确定性高的医药白马,新浪
391,2021-04-12,医药生物行业：医药企业国际化的一些思考,新浪
392,2021-04-09,连锁药房优质赛道，盈利能力突飞猛进的益丰药房，还能“两年三倍”？,云掌财经
393,2021-04-08,大参林、益丰药房、老百姓、一心堂谁是国内连锁药房领头羊？,搜狐
394,2021-04-08,【机会挖掘】两部委支持海南开展互联网处方药销售 龙头连锁有望集中受益,证券时报网
395,2021-04-07,首创证券--医药商业行业简评报告：慢病长处方重磅新规发布，利好零售药店行业【行业研究】,金融界股吧
396,2021-04-06,医药生物行业跨市场周报：持续把握财报季医药行情 长处方新政利好药店,光大证券
397,2021-04-06,医药生物行业：为什么说智飞生物二季度有望迎来亮眼表现？,新浪
398,2021-04-06,医药行业2021年4月投资月报：把握一季报最佳反弹窗口期 加配低估值且高增长标的,西南证券
399,2021-04-06,医药行业周报：当前是反弹最佳窗口期 加配低估值高增长标的,西南证券
400,2021-04-06,医药行业每周医览药闻：从2020年财报看国内创新药行业发展,新浪
401,2021-04-06,2021年医药行业4月策略报告：Q1业绩高成长是股价核心催化剂,新浪
402,2021-04-02,大参林医药集团股份有限公司九十五分店 其他违规处罚,信用广州
403,2021-04-02,医药行业周报：一季报行情开启 建议关注高增长的医药板块,新浪
404,2021-04-02,上交所对大参林董事李杰给予监管关注 金融监管处罚,Wind
405,2021-04-02,医药与健康护理行业月报：年报相继披露 关注高增长公司及A+H股医药投资机会,新浪
406,2021-03-31,区域连锁“觉醒”，要用加盟模式对抗外来“势力”？,医药网
407,2021-03-27,老百姓：扩张焦虑症？,财经网
408,2021-03-24,盈利能力堪忧，扩张最激进的老百姓药房还能走得稳吗？ 运营能力下降,中金在线
409,2021-03-23,医药行业周报：医药板块“渐入佳境” 估值和基本面均逐步具备吸引力,新浪
410,2021-03-23,医药与健康护理行业周报：估值风险有效控制 关注业绩高增长公司,新浪
411,2021-03-22,医药行业周报：建议关注血制品、疫苗、类消费生物药和药店 山东药玻以及迈瑞医疗,新浪
412,2021-03-22,连锁药店将迎政策红利，各大企业正加快编织“加盟”大网,制药网
413,2021-03-21,医药生物行业周报：基因细胞治疗CDMO黄金赛道有望孕育下一个药明生物,新浪
414,2021-03-20,药店加盟，火了,药店经理人
415,2021-03-19,大参林：股东柯金龙提前解除质押890万股股份,每日经济新闻
416,2021-03-19,大参林(603233.SH)：控股股东、一致行动人之一柯金龙提前解押890万股,格隆汇
417,2021-03-19,医药生物行业：业绩弹性逐步释放 关注一季报高增长品种,新浪
418,2021-03-19,大连锁动作不断，药店集中度或将加速提升！,医药网
419,2021-03-18,恒瑞医药、爱尔眼科、长春高新等医药白马跌至年线，是机会吗？,云掌财经
420,2021-03-17,兼并重组大势下，医药连锁行业迎巨变，健之佳胃口仅是“西南”？,药智网
421,2021-03-17,西南证券--医药行业2021年一季度业绩前瞻：CXO、器械、药店等有望延续高增长【行业研究】,金融界股吧
422,2021-03-16,医药生物行业周报：CXO、医疗服务、生物制品等板块预计Q1高增长,新浪
423,2021-03-15,医药周报：一线龙头实现北上资金净流入 珍惜核心资产回调机会,新浪
424,2021-03-15,老百姓：资产暗藏隐忧,证券市场周刊
425,2021-03-11,达嘉维康IPO背后：药房零售毛利率落后，历史转股或存疑问|IPO研究院,搜狐
426,2021-03-10,西南证券--医药行业2021年3月投资月报：核心资产大跌之后性价比凸显，建议关注PEG投资机会【行业研究】,金融界股吧
427,2021-03-10,2021年医药行业3月策略报告：三个策略应对医药板块的波动,新浪
428,2021-03-09,首创证券--医药商业行业深度报告：政策利好叠加疫情催化，零售药店迎来发展契机【行业研究】,金融界股吧
429,2021-03-09,医药行业周报：逐步布局一季报高增长核心资产,新浪
430,2021-03-08,医药周报：坚守具备估值安全垫、业绩增长确定性高的一二线龙头,新浪
431,2021-03-07,医药板块估值有多贵？哪些估值贵？【东吴医药朱国广团队|0307周报】,国广有话说
432,2021-03-07,医药与健康护理行业周报：业绩确定性高 继续看好医药龙头公司,新浪
433,2021-03-07,实体药店，输了？,中国药店
434,2021-03-06,【观察】定增募资忙布局，老百姓大药房加入群雄逐鹿战！,财华社
435,2021-03-06,全国人大代表、大参林董事长柯云峰：提升专业服务和科技应用能力,上证报
436,2021-03-05,全国人大代表、大参林董事长柯云峰：建议修订《反不正当竞争法》约束平台经济滥用低价补贴行为,证券时报网
437,2021-03-05,"大参林现2笔大宗交易 共成交3,839.53万元",新浪
438,2021-03-05,大参林今日大宗交易成交15万股，成交价82.5元溢价0.0%,Wind
439,2021-03-05,上市连锁药店龙头激战，老百姓募资17亿输送弹药,时代财经
440,2021-03-04,3年内还要新建1680家连锁药店！商誉高企的老百姓大药房抛出17亿定增方案,国际金融报
441,2021-03-04,老百姓拟募资17.4亿新建连锁药店 线下医药零售企业圈地忙,经济观察网
442,2021-03-04,"大参林现1笔大宗交易 共成交2,512.48万元",新浪
443,2021-03-04,大参林今日大宗交易成交32.80万股，成交价76.6元折价7.91%,Wind
444,2021-03-04,数图携手大参林构建连锁药店智能化品类陈列管理体系,联商网
445,2021-03-03,大参林：刘景荣、柯康保减持计划完成，减持股份约887万股,每日经济新闻
446,2021-03-03,大参林：股东柯康保及其一致行动人郧西智威合计减持约689万股股份 减持股份,每日经济新闻
447,2021-03-03,东北证券给予大参林买入评级，全国扩张正酣畅，外流处方迎增长,每日经济新闻
448,2021-03-03,"大参林现1笔大宗交易 共成交2,499.42万元",新浪
449,2021-03-03,大参林：柯康保等高管累计减持1.35%股份 减持股份,Wind
450,2021-03-03,大参林(603233.SH)：控股股东及一致行动人已合计减持688.62万股 减持股份,格隆汇
451,2021-03-03,大参林(603233.SH)：两名股东减持期届满合计减持886.51万股 减持股份,格隆汇
452,2021-03-03,大参林：股东累计减持1.05%股份 减持股份,Wind
453,2021-03-03,大参林今日大宗交易成交32.46万股，成交价77.0元折价9.51%,Wind
454,2021-03-02,"大参林现1笔大宗交易 共成交8,400.00万元",新浪
455,2021-03-02,大参林今日大宗交易成交105万股，成交价80.0元折价5.84%,Wind
456,2021-03-02,财信证券--医药生物行业：高估值领域回调，关注业绩与估值匹配度较高领域【行业研究】,金融界股吧
457,2021-03-02,大参林等22股融资余额增幅超10%,证券时报网
458,2021-02-28,大参林：短期股价承压，长期投资价值受疑,新浪
459,2021-02-26,"大参林现1笔大宗交易 共成交4,006.50万元",新浪
460,2021-02-26,大参林今日大宗交易成交50万股，成交价80.13元折价6.89%,Wind
461,2021-02-25,大参林现2笔大宗交易总成交金额7521.00万元,证券时报网
462,2021-02-25,"大参林现2笔大宗交易 共成交7,521.00万元",新浪
463,2021-02-25,大参林今日大宗交易成交30万股，成交价87.1元溢价0.0%,Wind
464,2021-02-25,达嘉维康IPO潜流暗涌：药房零售毛利率堪忧 实控人女儿曾供职保荐券商,新浪
465,2021-02-24,大参林(603233.SH)：柯康保减持量过半累计减持350.03万股 减持股份,格隆汇
466,2021-02-24,大参林：股东柯康保累计减持350万股 减持股份,Wind
467,2021-02-22,预见2021：《中国连锁药店产业全景图谱》(附发展现状、市场格局、并购事件等),前瞻研究院
468,2021-02-22,医药行业周报：趁医药回调良机 布局高景气板块,西南证券
469,2021-02-19,晨报0219 | 医药春季策略、新式茶饮行业专题、盘江股份（600395）,国泰君安证券研究
470,2021-02-18,医药行业2021年春季投资策略：供需皆强劲 业绩开门红,新浪
471,2021-02-18,医药与健康护理行业周报：国内疫情向好 仍需紧密关注防控政策,新浪
472,2021-02-17,大参林：控股股东、一致行动人柯云峰解除质押890万股,每日经济新闻
473,2021-02-11,医药行业重大事项点评：国办鼓励中医药特色发展 龙头企业强者恒强,新浪
474,2021-02-10,大参林(603233.SH)：控股股东柯云峰提前解押890万股,格隆汇
475,2021-02-10,节前股市迎来大红包，但这些“消费茅”仍趴地板上,证券时报网
476,2021-02-09,大参林现任董事李杰证券账户出现违规交易 构成短线交易等违规行为 金融监管处罚,中国网
477,2021-02-09,大参林：公司董事因误操作导致违规买卖公司股票7200股 其他违规处罚,Wind
478,2021-02-08,堪比恒瑞的药店龙头！ROE、业绩增速第一，5000多家门店,云掌财经
479,2021-02-08,大参林：为子公司申请银行7500万元综合授信提供担保 大额借贷担保,每日经济新闻
480,2021-02-08,医药周报：板块回暖 新冠疫苗信息更新带动疫苗板块表现强势,新浪
481,2021-02-08,医药生物行业：第二款国产新冠疫苗获批上市 看好疫苗大时代背景下的新冠增量,新浪
482,2021-02-08,医药行业周报：第四批集采落地 持续看好创新及相关产业链CXO,西南证券
483,2021-02-07,医药生物行业周报：新冠变异后是否需要常态化免疫加强？智飞新高后继续强烈看好,新浪
484,2021-02-07,大参林医药集团股份有限公司第一百一十分店 其他违规处罚,信用广州
485,2021-02-04,东北证券给予大参林买入评级：全国扩张正酣畅，外流处方迎增长，目标价124.2元,每日经济新闻
486,2021-02-04,大参林(603233)：全国扩张正酣畅 外流处方迎增长,新浪
487,2021-02-02,医药行业周报：短期流动性收紧 如何看医药后市机会？,西南证券
488,2021-02-02,医药周报：专注优质赛道 精选成长路径明确、估值合理的板块及标的,新浪
489,2021-02-01,兼并重组大势下，医药连锁行业迎巨变，健之佳胃口仅是“西南”？,药智网
490,2021-01-29,医药行业重大事项点评：国务院发布药品带量采购意见 应采尽采 范围更广,新浪
491,2021-01-29,昆药集团：全资子公司昆中药与8大医药连锁签署战略合作协议,Wind
492,2021-01-29,大参林(603233)公司简评报告：业绩稳定增长 龙头地位巩固,新浪
493,2021-01-29,中泰证券--医药生物行业周报：CRO/CDMO行情将如何延续？长坡厚雪，未来可期【行业研究】,金融界股吧
494,2021-01-28,首创证券--大参林：业绩稳定增长，龙头地位巩固【公司研究】,金融界股吧
495,2021-01-28,大参林(603233)：业绩持续高增长 21年加大扩张力度长期增长可期,新浪
496,2021-01-28,大参林(603233)2020年度业绩预增公告点评：业绩预喜 看好来年运行态势,新浪
497,2021-01-28,东方财富证券--大参林动态点评：业绩符合预期，药店龙头持续高增长【公司研究】,金融界股吧
498,2021-01-28,信用负面跟踪20210127,新浪
499,2021-01-27,大参林(603233.SH)：控股股东及一致行动人减持“大参转债”140.5万张,格隆汇
500,2021-01-27,大参林：控股股东及一致行动人减持10%公司可转债 可转债减持,Wind
501,2021-01-27,大参林(603233)：归母净利润预增50%-60% 内升外拓显现实力,新浪
502,2021-01-27,大参林2020年净利润预增50%以上 控股股东拟合计减持1300万股 拟减持股份,科技新闻网
503,2021-01-27,"中泰证券--大参林：业绩预告符合预期,华南龙头加速走向全国【公司研究】",金融界股吧
504,2021-01-27,安信证券--大参林：疫情正面影响+扩张持续推进，2020年业绩增长50%-60%【公司研究】,金融界股吧
505,2021-01-27,快讯 | 优化内部管理全力扩大市场布局 大参林2020年净利预增50%-60%,财经网
506,2021-01-26,大参林2020年净利预增50%-60% 控股股东方面拟合计减持不超2.86%股份 拟减持股份,上证报
507,2021-01-26,大参林：2020年预计净利润同比增长50.0%~60.0%,Wind
508,2021-01-26,大参林(603233.SH)控股股东及一致行动人拟减持不超1884.25万股 拟减持股份,智通财经
509,2021-01-26,大参林(603233.SH)：2名控股股东一致行动人拟减持合计不超2.86%股份 拟减持股份,格隆汇
510,2021-01-26,大参林：股东计划减持不超2.86%股份 拟减持股份,Wind
511,2021-01-26,大参林(603233.SH)：2020年度净利预增50%-60%,格隆汇
512,2021-01-26,【华西医药崔文亮团队】《大参林点评报告：归母净利润预增50%-60%，内升外拓显现实力》,崔文亮研究团队
513,2021-01-26,医药周报：疫情防控需求带来业绩弹性 精选优质检测标的,新浪
514,2021-01-25,医药生物行业周报：2020Q4公募基金重仓医药持仓几何？继续强调Q1医药躁动期,新浪
515,2021-01-24,一心堂：疫情反复是利是弊？,新浪
516,2021-01-22,2020年千家药店被并购！2021年重启并购潮？,新浪
517,2021-01-21,医药生物行业周报：国家医保局发布“两定办法”,新浪
518,2021-01-20,医药股表现强势，“两定”新规将施行，利好龙头连锁药店,第一财经
519,2021-01-19,医药行业周报：关注两大政策变化 推荐“创新”+“药店”,新浪
520,2021-01-19,医药行业周报：龙头短期回调 长期趋势不改,新浪
521,2021-01-19,医药周报：精选质地优良、估值相对合理、增长确定性强的药店、血制品、检测板块以及类消费生物药,新浪
522,2021-01-18,医药生物：中国创新药是否到了国际化的拐点？,新浪
523,2021-01-18,医药商业上市企业2020市值前十榜，2家位于“500亿俱乐部”,制药网
524,2021-01-18,医药行业周报：珍惜短期“抱团股”调整 持续推荐“创新+自主消费”,西南证券
525,2021-01-17,医药行业每周医览药闻：如何看待医药零售板块的政策机遇,新浪
526,2021-01-14,医药生物行业：Q4医药板块延续恢复态势 结构性机会突出,新浪
527,2021-01-14,医药电商概念走强，4家上市连锁药店涨停,制药网
528,2021-01-13,医药商业行业重大事项点评：政策利好频出 《零售药店医疗保障定点管理暂行办法》将实施,新浪
529,2021-01-13,医药行业-零售药店医保定点管理政策点评：连锁药店龙头有望受益,新浪
530,2021-01-13,广东通报2批次不合格保健食品 其一为大参林售口嚼片 产品问题,中国经济网
531,2021-01-13,定点药房新规出台，药房概念持续活跃，益丰药房两连板,证券时报网
532,2021-01-13,医药生物行业简评报告：政策引导持续向好 零售药店未来可期,新浪
533,2021-01-13,益丰药房连续两日涨停，药品零售股炒作持续,Wind
534,2021-01-13,医药行业政策点评：零售药店医疗保障定点管理办法通过 利好连锁药店龙头,西南证券
535,2021-01-13,医药生物行业：零售药店医保管理办法出台 推进统筹药店利好行业集中,新浪
536,2021-01-12,《零售药店医疗保障定点管理暂行办法》点评：加强监管简化审批 方案有望加速行业集中度上升,光大证券
537,2021-01-12,医药零售股爆发，益丰药房、大参林、一心堂、老百姓大涨,Wind
538,2021-01-11,零售药店板块纷纷涨停，要加速了，你上车了吗？,格隆汇
539,2021-01-11,医药行业周报：从历史复盘看“高景气度龙头”抱团趋势,新浪
540,2021-01-11,京东、益丰新动作！零售渠道多元化背后的流量争夺战,医药网
541,2021-01-11,医药生物/行业周报：关注业绩超预期的机会,新浪
542,2021-01-11,41股获券商买入评级 爱施德目标涨幅达162.86%,Wind
543,2021-01-09,券商首次关注2股并给予买入评级（1月9日）,Wind
544,2021-01-06,兴证医药行业2021年1月投资月报：创新药差异化、国际化时代开启,新浪
545,2021-01-06,大参林入股天利医药，后者注册资本增加23.46%,企查查
546,2021-01-05,医药周报：拥抱创新 坚守价值 进一步聚焦结构性机会,新浪
547,2021-01-05,医药零售蓬勃发展下，连锁药店业绩均创新高,制药网
548,2021-01-05,2020年上市公司业绩不凡 医药零售仍有三大待解问题！,医药经济报
549,2020-12-29,大参林(603233.SH)：控股股东及一致行动人减持140.5万张“大参转债” 减持股份,格隆汇
550,2020-12-29,大参林：控股股东的一致行动人累计减持“大参转债”140.5万张 减持股份,Wind
551,2020-12-29,医药行业周报：海外疫情引关注 “国谈”下创新药企业面临新考验,新浪
552,2020-12-29,医药周报：板块温和向上 精选质地优良、增长确定性强的血制品、药店、检测和类消费生物药,新浪
553,2020-12-28,医药生物行业跨市场周报：融合与共生 重视药店板块回调后的配置价值,光大证券
554,2020-12-25,老百姓并购再下一城，高速扩张是否操之过急？,新浪
555,2020-12-24,医药行业2021年投资策略：五个新特点，三条投资主线,新浪
556,2020-12-22,医药生物行业跨市场周报：2020年医保谈判结束 BIOTECH和创新药路在何方？,光大证券
557,2020-12-22,医药生物行业周报：“三重行业红利 五重公司催化”助推智飞生物 强调Q1医药躁动机会,新浪
558,2020-12-20,医药零售迎十年黄金期，国大药房、大参林、老百姓5大营收进击5000亿！,E药经理人
559,2020-12-18,大参林(603233.SH)：柯康保质押350万股,格隆汇
560,2020-12-18,55股获杠杆资金大手笔加仓,证券之星
561,2020-12-16,医药电商来了，连锁药店还是好生意吗？,36氪
562,2020-12-16,广东抽检2429批次药品仅1批次不合格 大参林药店登榜 产品问题,中国经济网
563,2020-12-15,漱玉平民IPO过会拟登陆创业板 连锁药房上市潮来临,e公司
564,2020-12-15,大参林(603233.SH)向136名激励对象授予228.05万股限制性股票,格隆汇
565,2020-12-15,年终盘点之药店篇：曲线上市与自主上市 医药零售行业格局生变,北京商报
566,2020-12-14,医药生物行业周报：2021医药“春季躁动”有望提前到来 关注医药消费投资机会,新浪
567,2020-12-10,三部门深入推进互联网医疗 相关概念股有望受益,第一财经
568,2020-12-10,药店行业“变革”加速，布局医疗服务领域成热点,制药网
569,2020-12-10,2021年度策略行业策略：医药黄金时代行情不会缺席 2021只是更加极致聚焦,新浪
570,2020-12-09,晨报1209 | 医药&白酒2021年度策略、次新股专题、圣农发展（002299）,国泰君安证券研究
571,2020-12-08,京东健康卖药收入堪比120家公立医院，刘强东想再造一个京东,财经杂志
572,2020-12-08,医药行业2021年度投资策略：需求无止境 供给共繁荣,新浪
573,2020-12-08,医药生物行业2020年12月投资月报：医药反弹持续性如何？,新浪
574,2020-12-08,国君医药 | 2021年度策略：需求无止境，供给共繁荣,国泰君安证券研究
575,2020-12-07,医药生物行业跨市场周报：政策压制效应渐弱 重点把握核心资产价值,光大证券
576,2020-12-07,大参林(603233.SH)：2020年员工持股计划累计买入547.7万股,格隆汇
577,2020-12-07,接续减持股份、可转债 大参林股东纷纷“出手”背后谁来接盘？ 可转债减持,投资时报
578,2020-12-07,医药生物行业周报：狂犬单抗未来会是大品种吗？再次强调12月是医药底部布局期,新浪
579,2020-12-07,医药行业周报：医药反弹OR反抽？,西南证券
580,2020-12-06,2021年医药生物行业策略报告：聚焦黄金赛道 寻找疫后高光,新浪
581,2020-12-05,本周80家A股公司购买77.07亿元理财产品 大参林买入最多,每日经济新闻
582,2020-12-04,大参林大宗交易成交1.12亿元,证券时报网
583,2020-12-04,广东药品GSP跟踪检查 整改涉大参林叮当快药高济医疗,中国经济网
584,2020-12-04,"大参林现1笔大宗交易 共成交11,154.72万元",新浪
585,2020-12-04,大参林今日大宗交易成交136.70万股，成交价81.6元折价5.66%,Wind
586,2020-12-04,大参林(603233.SH)：4名股东减持完毕累计减持1684.8万股 减持股份,格隆汇
587,2020-12-04,大参林：郧西联耘等四名股东合计减持2.56%公司股份,Wind
588,2020-12-04,【招银研究|行业跟踪】生物医药行业之医药零售篇——天时回暖酿春光，药店渠道有望率先复苏,招商银行研究
589,2020-12-04,贝壳投研：5000家药店，500亿市值，大参林核心优势在哪？,新浪
590,2020-12-03,大参林：刘景荣减持时间过半，合计减持0.27%股份 减持股份,Wind
591,2020-12-03,大参林(603233.SH)：2名董事及高管减持期过半 累计合计减持278.07万股 减持股份,格隆汇
592,2020-12-02,大参林：控股股东及其一致行动人权益变动超过1%,Wind
593,2020-12-02,大参林(603233.SH)：控股股东及其一致行动人累计减持1.3779%股份 减持股份,格隆汇
594,2020-12-02,大消费行业2021年年度策略：消费复苏 渠道变革,新浪
595,2020-12-01,大参林(603233.SH)控股股东及其一致行动人减持140.5万张“大参转债” 减持股份,智通财经
596,2020-12-01,【招商医药】大参林点评：借商保产品东风，迎接客流红利,招商医讯
597,2020-12-01,贝壳投研：坐拥6000家门店，老百姓大药房持续扩张的动力在哪,新浪
598,2020-12-01,大参林：控股股东及其一致行动人减持10%公司可转债 可转债减持,Wind
599,2020-12-01,大参林(603233.SH)控股股东及其一致行动人减持10%“大参转债” 减持股份,格隆汇
600,2020-12-01,回顾2018年药品集采，创新走向更高质量发展--医药行业周报（2020.11.23-2020.11.27）,兴证医药健康
601,2020-11-30,"大参林现1笔大宗交易 共成交4,920.00万元",新浪
602,2020-11-30,医药行业每周医览药闻：全国高耗集采 加速进口替代 推进产业创新,新浪
603,2020-11-30,医药生物行业报告：把握业绩好 确定性较强的子行业,新浪
604,2020-11-30,医药生物行业跨市场周报：关注进口白蛋白供应情况 再次强调血制品板块性机会,光大证券
605,2020-11-29,【招商医药】零售药店行业深度报告之一：两大逻辑持续，借鉴日本看好龙头发展空间,招商医讯
606,2020-11-27,"大参林现1笔大宗交易 共成交13,628.60万元",新浪
607,2020-11-27,A股早报2020年11月27日星期五,Wind
608,2020-11-26,大参林11月26日大宗交易成交1.52亿元,证券时报网
609,2020-11-26,A股共发生78宗大宗交易成交18.41亿元（11月26日）,Wind
610,2020-11-26,健之佳IPO过会！第二波医药连锁上市潮来临？,新康界
611,2020-11-26,人均创利刚过万毛利率垫底，漱玉平民药房如何面对行业竞争？,第一财经
612,2020-11-26,"大参林现1笔大宗交易 共成交15,188.50万元",新浪
613,2020-11-26,大参林(603233.SH)：2020年员工持股计划累计买入185万股,格隆汇
614,2020-11-25,1500万，一大型连锁药店加速扩张门店！,医药观察家网
615,2020-11-25,为拓展市场，一大型连锁药店加速扩张门店,制药网
616,2020-11-25,31股获券商买入评级，泛亚微透目标涨幅达82.86%,Wind
617,2020-11-25,市场结构性特征显著 关注三类低估值消费股,金融投资报
618,2020-11-25,【招商医药】大参林深度报告：深耕粤桂豫布局全国，居地利之便受益处方外流,招商医讯
619,2020-11-24,大参林(603233)：股权激励草案发布 彰显持续发展信心,新浪
620,2020-11-24,健之佳养天和等掀上市潮，连锁药房或现“七雄争霸”新格局,时代在线
621,2020-11-24,【天风研究 · 固收】转债日报（11月24日）,固收彬法
622,2020-11-23,大参林(603233.SH)：拟对总额不超8亿元闲置可转债募集资金进行现金管理,格隆汇
623,2020-11-23,大参林(603233.SH)：拟向银行申请合计4.5亿元的授信额度,格隆汇
624,2020-11-23,大参林(603233.SH)：控股股东柯康保、柯金龙减持140.5万张“大参转债” 减持股份,格隆汇
625,2020-11-23,大参林(603233.SH)：2020年激励计划拟授予278.65万股限制性股票,格隆汇
626,2020-11-23,大参林：控股股东累计减持“大参转债”140.5万张 减持股份,Wind
627,2020-11-23,贵州茅台、大参林等股今日获机构买入型评级,证券时报网
628,2020-11-23,49股今日获机构买入评级10股上涨空间超20%,证券时报网
629,2020-11-23,医药周报：预计2020年海外采浆量同比下降10％ 继续推荐天坛生物,新浪
630,2020-11-23,【医药】政策扰动有望落地，布局景气赛道的估值切换行情,天风研究
631,2020-11-22,零售药店行业深度报告：从行业属性和政策导向出发 九大维度探讨零售药店行业未来发展的方向,新浪
632,2020-11-22,医药生物行业周报：调整提供布局良机 拥抱长期成长和确定性,新浪
633,2020-11-20,布局2021年！这个板块有望爆发,证券之星
634,2020-11-19,可转债日报：转债市场整体表现偏弱，迎来密集赎回期,Wind
635,2020-11-19,又一连锁药店上市，“药店五福”集齐了！,医药云端工作室
636,2020-11-18,晚间重要公告2020年11月18日星期三,Wind
637,2020-11-18,大参林(603233.SH)控股股东及其一致行动人累计减持“大参转债”140.5万张 减持股份,智通财经
638,2020-11-18,大参林(603233.SH)控股股东及其一致行动人减持10%“大参转债” 减持股份,格隆汇
639,2020-11-18,大参林：控股股东及一致行动人减持10%可转换公司债券 减持股份,Wind
640,2020-11-17,新一轮上市潮将加速药店业整合,北京商报
641,2020-11-17,助力扩张，大参林发行14.05亿可转债,凤凰网
642,2020-11-16,医药生物行业跨市场周报：估值切换政策密集 制造和消费属性企业价值有望凸显,光大证券
643,2020-11-16,2020年中国零售药店行业市场竞争格局分析 未来大参林市占率有望进一步提升,前瞻研究院
644,2020-11-16,医药电商行业有望迎来井喷式发展，相关概念股有哪些？,制药网
645,2020-11-16,中一签大赚10万？本周打新千万别错过这一家,中国基金报
646,2020-11-15,医药行业每周医览药闻：中国科技创新的卖水者 科学服务行业方兴未艾,新浪
647,2020-11-13,大参林：控股股东其一致行动人累计减持“大参转债”140.496万张 减持股份,Wind
648,2020-11-13,大参林：刘景荣减持0.27%股份，减持数量过半 减持股份,Wind
649,2020-11-13,大参林(603233.SH)：董秘刘景荣已减持177.9948万股 减持股份,格隆汇
650,2020-11-13,大参林(603233.SH)：郧西联耘等股东已合计减持916.93万股 减持股份,格隆汇
651,2020-11-13,大参林(603233.SH)：控股股东及一致行动人已减持“大参转债”140.496万张 减持股份,格隆汇
652,2020-11-13,"大参林现1笔大宗交易 共成交2,662.50万元",新浪
653,2020-11-13,医药零售行业重大事项点评：网售药品新规出台 处方药线上线下协同模式将更加确定,新浪
654,2020-11-13,医疗健康产业2021年投资策略：医疗投资迎来长跑期 关注医保控费下的新机遇,新浪
655,2020-11-13,做大做强：大参林加盟业务“强势扩张”,凤凰网
656,2020-11-12,大参林现7笔大宗交易均为折价成交,证券时报网
657,2020-11-12,"大参林现7笔大宗交易 共成交7,350.80万元",新浪
658,2020-11-12,策略专题：MSCI中国A股调整报告,新浪
659,2020-11-12,医药生物行业11月月报暨三季报总结：三季报医药整体表现良好 当前时点重点关注Q3业绩超预期的疫苗、CXO、医疗服务、零售药店等板块,新浪
660,2020-11-11,"大参林现14笔大宗交易 共成交6,524.68万元",新浪
661,2020-11-11,特殊食品经营环节抽查：万宁、沃尔玛、大参林、爱婴岛被通报 其他违规处罚,奥一网
662,2020-11-10,机构推荐的好物清单来了 这只股8年涨近36倍,新浪
663,2020-11-10,大参林(603233.SH)：14.05亿元可转债将于11月13日在上交所挂牌交易,格隆汇
664,2020-11-10,医药调整后有望迎战略良机，11月金股有哪些？,制药网
665,2020-11-10,大参林：目标两年门店翻番，激进扩张目的何在？,新浪
666,2020-11-09,西南证券：双循环背景下 创新升级+进口替代引领医药大时代,新浪
667,2020-11-08,冠脉支架集采落地，医疗耗材利空压制释放【东吴医药朱国广团队|1106周报】,国广有话说
668,2020-11-07,医药行业：细分板块高增长 持仓变化不改医药高景气,新浪
669,2020-11-07,大参林(603233)2020年三季报点评：业绩增速继续领跑 华中扩张加速,新浪
670,2020-11-06,【华创证券】大参林（603233）2020年三季报点评：省外拓展稳步推进，单三季度业绩超预期,华创医药组公众平台
671,2020-11-06,【公司点评】大参林 (603233)丨三季报点评：业绩持续高增长，并购发力河南市场,中国银河证券研究
672,2020-11-06,三季报亮眼：业绩增长超三成，大参林后劲十足,凤凰网
673,2020-11-06,医药2021年度策略：不畏浮云遮望眼,新浪
674,2020-11-06,医药行业2021年投资策略：“双循环”背景下 “创新升级＋进口替代”引领医药大时代,西南证券
675,2020-11-05,医药生物行业上市公司2020年三季报小结：疫情影响逐渐消退 关注高成长大龙头+细分冠军,新浪
676,2020-11-05,大参林(603233)：业绩保持高增长 华中区域成为重点突破口,光大证券
677,2020-11-05,互联网医疗站上风口！多种催化剂助攻，应用场景将放量增长，概念股来了！,证券时报
678,2020-11-05,各大指数样本股即将调整，有一个套利机会请查收,上证报
679,2020-11-04,深度丨医药新零售“中场战事”：政策驱动上市药店企业高速扩张,21世纪经济报道
680,2020-11-04,医药恢复高增长，未来跟随政策变化选股——兴证医药2020年11月投资月报,兴证医药健康
681,2020-11-03,2020年千家药店被并购！2021年重启并购潮？,新康界
682,2020-11-03,大参林(603233)：业绩超预期 利润增速逐季提升,新浪
683,2020-11-02,广东省茂名市市场监督管理局通报茂名市大参林连锁店有限公司化州同庆分店监督检查情况,质量新闻网
684,2020-11-02,迈瑞、恒瑞、泰格、石药、华兰生物……上市药企投资价值大PK，你最PICK谁？,E药经理人
685,2020-11-02,大参林(603233)2020年三季报点评：业绩维持高增长 员工持股计划彰显发展动力,新浪
686,2020-11-02,大参林加速扩张门店增至5541家 前三季度盈利8.67亿远超同行,长江商报
687,2020-11-02,关联交易埋雷 业务偏安一隅：漱玉平民并购扩张再战IPO,投资者网
688,2020-11-02,疫情影响逐渐消退，关注高成长龙头+细分冠军--医药生物上市公司2020年三季报小结,兴证医药健康
689,2020-11-01,医药行业每周医览药闻：医药零售板块2020年三季报业绩总结：抓住景气度提升明确的优质赛道,新浪
690,2020-11-01,大参林(603233)：业绩持续超预期 后续发展动力足,新浪
691,2020-10-31,四大连锁药店，2020年前三季度业绩均大涨！,制药网
692,2020-10-30,大参林前三季度营收、净利双升 同比分别增长30.49%和55.90%,中国网
693,2020-10-30,大参林(603233.SH)前三季度净利润升55.9%至8.67亿元,格隆汇
694,2020-10-30,大参林：前三季度净利润同比增长55.9%,Wind
695,2020-10-30,【太平洋固收】加速扩张的区域连锁药店龙头，建议重点关注——大参转债投资价值分析,太平洋固收
696,2020-10-27,广东GSP跟踪检查药企 整改涉叮当快药大参林华润医药,中国经济网
697,2020-10-26,医药生物行业周报：医药板块短期调整 寻找长期优质标的,新浪
698,2020-10-26,GSP大检查，大参林、天士力等81家药企被责令限期整改！ 食药监处罚,医药观察家网
699,2020-10-26,大参林汕尾药店一药师挂证被注销 下半年广东通报3起,中国经济网
700,2020-10-26,多家巨型连锁药店要来了,药店经理人
701,2020-10-23,从招股书中 我找到了京东健康崛起的秘密,亿邦动力
702,2020-10-23,医药零售集体上市背后，52万家药店正艰难自救 | 36氪新风向,36氪
703,2020-10-21,大参林医药集团股份有限公司关于公司控股股东股份质押的公告,亿邦动力
704,2020-10-21,大参林(603233.SH)：控股股东及一致行动人合计质押2465万股,格隆汇
705,2020-10-21,大参林：综合实力、直营力双百强企业,凤凰网
706,2020-10-19,大参林(603233.SH)拟发行14.05亿元可转债初始转股价83.85元/股,格隆汇
707,2020-10-19,医药生物行业周报：冠脉支架国采方案落地 头部企业有望相对受益,新浪
708,2020-10-19,【兴证固收·转债】华南药品零售连锁领先企业 ——大参转债转债投资价值分析,兴证固收研究
709,2020-10-19,医药生物行业报告：持续看好流感及肺炎相关疫苗销售 关注医药三季报业绩主线,新浪
710,2020-10-19,医药生物行业跨市场周报：冠脉支架全国集采政策落地 未来或催生两大高耗投资方向,光大证券
711,2020-10-14,医药行业2020年四季度投资策略：业绩验证化解估值压力,新浪
712,2020-10-14,"医药生物行业2020三季度业绩前瞻：板块分化明显 医疗服务等板块有
序复苏",新浪
713,2020-10-11,淡马锡特设多元策略资管集团，管理超3700亿资产,券商中国
714,2020-10-09,大参林(603233.SH)：经营范围新增“跨境电商电子商务服务”,格隆汇
715,2020-10-09,大参林(603233.SH)拟推2020年员工持股计划 总额上限4.5亿元,格隆汇
716,2020-10-09,医药生物行业：10月医药板块会扭转颓势吗？,新浪
717,2020-10-08,十张图带你看2020年上半年中国民营连锁药店龙头业绩 营收高速增长,前瞻研究院
718,2020-10-08,大参林(603233)深度报告：受益行业集中度提升 稳步外延扩张至全国,国金证券股份有限公司
719,2020-09-30,【天风医药】大参林：业绩略超预期，延续高速增长,思医辨药
720,2020-09-30,大参林(603233.SH)：控股股东及其一致行动人持股比例降至71.2815%,格隆汇
721,2020-09-30,大参林牵手创新药企 完善DTP药房布局 然而这些因素还掣肘行业发展,科创板日报
722,2020-09-29,大参林(603233.SH)：控股股东及其一致行动人已减持1.1116%的股份 减持股份,格隆汇
723,2020-09-29,大参林：股股东及一致行动人累计通过大宗交易减持1.11%股份 减持股份,Wind
724,2020-09-28,A股共发生105宗大宗交易成交27.3亿元（9月28日）,Wind
725,2020-09-28,"大参林现5笔大宗交易 共成交3,996.50万元",新浪
726,2020-09-28,大参林今日大宗交易成交52.16万股，成交价76.62元折价7.0%,Wind
727,2020-09-27,医药行业周报：持续布局高景气板块 开始关注三季报预期,西南证券
728,2020-09-27,医药生物行业研究：2020年CSCO大会群星闪耀 24张图表详细梳理亮点荟萃,新浪
729,2020-09-27,四大药房龙头对比：未来增长逻辑如何分析？,并购优塾
730,2020-09-25,"大参林现18笔大宗交易 共成交26,593.10万元",新浪
731,2020-09-24,"大参林现13笔大宗交易 共成交10,889.33万元",新浪
732,2020-09-23,"大参林现4笔大宗交易 共成交2,592.88万元",新浪
733,2020-09-22,医药行业周报：关注板块回调态势下的疫苗及生物制品,新浪
734,2020-09-21,23名执业药师“挂证”被罚，涉及大参林等多家知名连锁药店,医药观察家网
735,2020-09-21,广东500个药品开始带量采购 大批药店降价,医药网
736,2020-09-21,四大民营上市连锁半年报：“加盟”战渐入高潮 另一场战争开始,新浪
737,2020-09-21,医药生物行业周报：CSCO、ESMO大会召开 关注创新药产业链,新浪
738,2020-09-20,500个药品要集采降价,药店经理人
739,2020-09-18,十张图读懂零售药店竞争格局：谁是零售药店一哥？国大药房将成为前浪？,前瞻研究院
740,2020-09-17,消费行业日报：饿了么与36家药企开启健康节 3公里内免费配送,新浪
741,2020-09-17,健之佳IPO过会！第二波医药连锁上市潮来临？,新康界
742,2020-09-17,医药行业周报：医药品种“调结构” 关注 “快速复苏板块”+“医保降价免疫”,新浪
743,2020-09-17,医药行业投资策略：寻找“隐形”冠军,新浪
744,2020-09-14,医药生物行业跨市场周报：三个机遇和一个可控风险 把握医药反弹的主线,光大证券
745,2020-09-11,医药2020H1中报总结：Q2业绩环比开始改善 行业步入疫后时代,新浪
746,2020-09-11,大参林柯云峰荣膺“中国上市公司十大创业领袖人物”,凤凰网
747,2020-09-10,招商银行：后疫情时代医药零售加速分化 新一轮并购与上市潮隐现,新浪
748,2020-09-10,北上资金8月概况及9月展望,新浪
749,2020-09-09,【医药】2020中报总结兼9月月报：医药二季度表现亮眼，业绩环比改善明显,天风研究
750,2020-09-08,【招银研究|行业跟踪】生物医药行业之医药零售篇——后疫情时代经营加速分化，新一轮并购与上市潮隐现,招商银行研究
751,2020-09-08,四大连锁药房门店扩至2.28万家 拥抱新零售互联网收入成新动能,长江商报
752,2020-09-08,36股获券商买入评级，奥来德目标涨幅达44.58%,Wind
753,2020-09-07,解锁民营连锁药店“四大天王”，一心堂老百姓大参林益丰药房，谁是那颗最亮的“星”？,和讯
754,2020-09-07,同仁堂半年度管理费超净利润：中报利润下挫27% 营收增速连降 盈利能力下降,投资时报
755,2020-09-07,开源证券：零售药店后浪奔涌之时 创新和专业仍是核心,新浪
756,2020-09-07,中报利润下挫27%！营收增速连降 同仁堂半年度管理费超净利润 盈利能力下降,投资时报
757,2020-09-07,民生证券医药行业周报：关注高景气医疗器械以及低估值板块机会,新浪
758,2020-09-06,零售药店深度：后浪奔涌之时，创新和专业仍是核心【开源医药·零售药店行业深度】,医药佐料
759,2020-09-06,医药生物行业：去伪存真,新浪
760,2020-09-06,医药生物行业周报：国产创新药频繁授权海外 继续重点推荐创新药产业链,新浪
761,2020-09-06,医药行业每周医览药闻：2020年医药中报业绩总结：后疫情时代 关注需求复苏下蕴含的全球市场机会,新浪
762,2020-09-04,医药行业2020年9月投资月报：建议关注IVD化学发光赛道 业绩高增长可期,新浪
763,2020-09-04,A股中报季900只超预期个股名单,锦缎
764,2020-09-03,医药行业2020H1财报分析：寻找具有相对性价比的公司,新浪
765,2020-09-03,医药生物投资周报：医保基金改革加强共济性和监管 龙头药店有望承接统筹基金,新浪
766,2020-09-03,2020年9月投资策略：A股风格趋柔和 增配机械设备、建筑材料,新浪
767,2020-09-02,大参林公开发行可转债申请获核准批复,上证报
768,2020-09-02,大参林(603233.SH)公开发行可转债申请获中国证监会核准,格隆汇
769,2020-09-02,大参林(603233)2020年中报点评：收入增长管理效益提升 公司业绩逆势上扬,新浪
770,2020-08-31,营收超250亿 毛利率承压 四大上市药店另辟“吸金路”,北京商报
771,2020-08-31,国家医保局“态度强硬”！五大上市药店出手，布局“后医保时代”！,汇聚南药
772,2020-08-31,医药行业周报：关注创业板注册制带动的医药投资机会,新浪
773,2020-08-28,大参林(603233)中报点评：门店快速扩张 控费增厚利润,新浪
774,2020-08-28,京东到家已合作超70家百强药店 前十强全覆盖,联商网
775,2020-08-28,数百家药店卖给大参林,药店经理人
776,2020-08-28,大参林(603233)：经营业绩高速增长 运营管理持续优化,新浪
777,2020-08-28,大参林(603233)：半年度业绩超预期 门店数增至5212家,新浪
778,2020-08-28,大参林(603233.SH)：拟向银行申请9亿元综合授信额度,格隆汇
779,2020-08-28,大参林(603233)：中报业绩超预期 看好全年高增长,新浪
780,2020-08-28,大参林(603233)2020年中报点评：门店扩张持续推进 上半年业绩超预期,新浪
781,2020-08-28,大参林(603233)2020年中报点评：业绩显著加速超预期 深度受益广东省处方外流加速红利期,新浪
782,2020-08-28,上市公司正负面新闻2020年8月28日星期五,Wind
783,2020-08-28,大参林(603233.SH)：4位股东拟合计减持不超1684.8万股 减持股份,格隆汇
784,2020-08-27,大参林：上半年净利同比增56% 股东拟减持不超2.57%股份 拟减持股份,e公司
785,2020-08-27,大参林(603233.SH)半年度净利润升56.21%至5.95亿元,格隆汇
786,2020-08-27,大参林：多名股东计划合计减持不超2.56%股份 减持股份,Wind
787,2020-08-27,大参林：上半年净利润同比增长56.21%,Wind
788,2020-08-27,连锁药店百强榜发布！国大、大参林、老百姓、一心堂上榜（附明细）,医药云端工作室
789,2020-08-26,医药生物行业周报：全国集采拟中选结果公布 产业结构持续优化升级,新浪
790,2020-08-24,连锁药店屡创新高，背后有怎样的逻辑？,格隆汇
791,2020-08-22,医药零售巨头抢滩市场 一心堂上半年营收净利实现双增长,证券日报
792,2020-08-20,融资客青睐7股，浙大网新买入占比高达36.34%,Wind
793,2020-08-19,医药行业周报：如何看待近期医药的回调？,新浪
794,2020-08-17,医药行业周报：关注中报业绩高增长、前期低估值滞涨标的,新浪
795,2020-08-17,大参林(603233.SH)：公开发行可转债的申请获审核通过,格隆汇
796,2020-08-17,2019年度中国连锁药店百强榜，前三名有谁？,制药网
797,2020-08-16,医药行业每周医览药闻：如何看待逐步常态化的耗材集采,新浪
798,2020-08-15,牛市里最聪明的北向资金在干啥？为何持续加仓这家公司,中国财富帮
799,2020-08-14,最新！2019中国医药批发、零售百强榜单发布,赛柏蓝
800,2020-08-13,证监会：大参林等3家公司可转债事项将于8月17日上会,中证网
801,2020-08-13,证监会：大参林可转债事项8月17日上会,e公司
802,2020-08-13,【投行参要】每日审核要点及市场动态 | 2020.08.13,兴业证券订阅号
803,2020-08-13,广东通报14款老病残用品不合格 大参林售助行架登黑榜 产品问题,中国经济网
804,2020-08-12,大参林(603233.SH)：两名董事、高管拟合计减持不超900万股 减持股份,格隆汇
805,2020-08-12,大参林：股东计划减持不超1.37%股份 拟减持股份,Wind
806,2020-08-10,医药生物行业周报：中报窗口期继续看好业绩高增长板块 持续推荐有实力能兑现的疫苗公司,新浪
807,2020-08-10,医药行业周报：建议关注药店 关注业绩高增长、政策变化和估值性价比,新浪
808,2020-08-09,医药行业周报：医药“双循环” 看好创新药械进口替代+消费升级,西南证券
809,2020-08-07,药店行业并购整合加速，连锁率持续上涨,制药网
810,2020-08-07,健之佳二度冲刺IPO 公司第三大股东引得监管一再“关注”,投资者网
811,2020-08-05,2020年中国连锁药店行业市场竞争格局分析 桐君阁药店数量首次突破万家,前瞻研究院
812,2020-08-05,兴证医药2020年8月投资月报：再论大创新时代的创新疫苗,新浪
813,2020-08-04,医药生物行业报告：疫情后周期拥抱医药新基建和大消费 重点关注疫苗赛道,新浪
814,2020-08-03,大参林关于公司控股股东股份质押的公告,亿邦动力
815,2020-08-03,大参林：控股股东及一致行动人之一柯金龙质押345万股,每日经济新闻
816,2020-08-03,大参林(603233.SH)控股股东柯金龙质押345万股,格隆汇
817,2020-08-03,7月金股组合盈利17.26% 8月荐股名单出炉,新浪
818,2020-08-03,量化周报：预测下周整体将延续上涨格局,新浪
819,2020-08-02,门店数量不及一心堂四分之一 云南药店“老二”健之佳再冲IPO,新浪
820,2020-08-02,医药行业每周医览药闻：疫苗依然是解决新冠疫情的最根本方法,新浪
821,2020-07-31,健之佳经营区域高度集中，亏损门店占比超3成 亏损,时代在线
822,2020-07-30,再度冲刺A股，健之佳这次能成功么？,经济观察网
823,2020-07-30,医药行业重点事项点评：第三批带量采购规则变化较少 市场预期逐步稳定,新浪
824,2020-07-30,健之佳再冲IPO：募资9亿急开千家新店，药店一出云南就亏损 亏损,中财网
825,2020-07-29,上市药店布局互联网医院，线上增量市场竞争加剧,Wind
826,2020-07-27,大参林(603233.SH)：约5.24亿股限售股7月31日解禁 解禁,格隆汇
827,2020-07-27,大参林：5.24亿股限售股7月31日上市流通 解禁,Wind
828,2020-07-26,医药制造业行业：集采领域扩面是既定方向 产业升级不变,新浪
829,2020-07-26,周末要闻2020年7月26日星期日,Wind
830,2020-07-26,下周操盘攻略：周一A股将迎“上市潮”，结构性机会可期,Wind
831,2020-07-24,下周1252亿市值限售股解禁，环比减少42.18%,Wind
832,2020-07-24,医药生物行业：20Q2主动公募医药持仓维持大幅超配状态 重仓集中度有所下降,新浪
833,2020-07-23,7月减持逾550亿，解禁洪峰刚过压力犹存,Wind
834,2020-07-22,汕尾大参林店一药师挂证遭注销 为大参林全资子公司,中国经济网
835,2020-07-22,医药零售行业重大事项点评：互联网+医保加快推进 线上线下新生态加速变革,新浪
836,2020-07-22,国大药房拟收购成大方圆100%股权全国性医药零售巨头浮出水面,新浪
837,2020-07-21,监管高压之下仍存“挂证”行为 市值470亿的大参林全资子公司违规被查 其他违规处罚,和讯
838,2020-07-16,13部门发文鼓励互联网医疗 老牌连锁巨头争霸格局变天,新浪
839,2020-07-13,大参林(603233.SH)拟变更及延期部分募投项目 项目问题,格隆汇
840,2020-07-13,大参林(603233.SH)拟使用不超3.5亿元部分闲置募集资金暂补流动资金,格隆汇
841,2020-07-10,广西梧州市场监督管理局发布梧州市大参林潘塘药店行政处罚决定书,质量新闻网
842,2020-07-09,上半年股基冠军经理皮劲松：医药行业长期发展空间大,中国经济网
843,2020-07-06,医药生物行业2020年7月投资月报：风格会切换么？耗材集采怎么看？,新浪
844,2020-07-04,生物医药行业2020年中期策略：守正出奇 行稳致远,新浪
845,2020-07-03,可转债2020半年度总结及展望：基本面有望逐季修复 下半场择券仍是关键,新浪
846,2020-07-02,四大连锁药店新动作，执业药师迎更大机遇,赛柏蓝
847,2020-07-02,医药中期策略：迎接后疫情时代 医药优先看好“5+X”,新浪
848,2020-07-01,【异动股】医疗行业板块下挫，大参林(603233-CN)跌6.53%,财华社
849,2020-06-30,拓展医养医疗服务 连锁药店焦虑了吗,北京商报
850,2020-06-29,解禁洪峰第二波！科创板与医药成主力(附名单),证券时报网
851,2020-06-28,医药生物行业周报：拥抱药物创新和器械创新大时代,新浪
852,2020-06-27,引入腾讯只是开始！面对医药零售万亿产业，老百姓董事长细说独特打法,Wind
853,2020-06-25,腾讯系出手老百姓大药房定增，“药店智慧零售”趋势加速,Wind
854,2020-06-24,6亿元入股“老百姓” 腾讯布局连锁药店再落子,时代在线
855,2020-06-24,医药生物行业2020年中期策略：拥抱疫情后周期投资机会 重点关注医药新基建和医药大消费,新浪
856,2020-06-24,“新手”腾讯6亿战投老百姓 大连锁迎来新的搅局者？,E药经理人
857,2020-06-24,医药行业2020年中期投资策略：坚持高景气赛道+龙头战略,新浪
858,2020-06-23,6亿元！腾讯入股老百姓，资本洗牌，5000亿零售市场变天,健识局
859,2020-06-23,加价不超过15%可能全国推行 药店能否承受限价之“痛”？,新浪
860,2020-06-23,【医药2020H1业绩前瞻】刚需属性逐步显现，Q2业绩加速趋势明显,兴证医药健康
861,2020-06-22,大参林升级会员服务 深度参与6.18大促,凤凰网
862,2020-06-22,2020年中国连锁药店行业市场竞争格局分析 桐君阁门店破万家,前瞻研究院
863,2020-06-21,【民生医药|周报】医药牛市思考，选赛道vs选标的,杏林建研
864,2020-06-21,A股4600亿解禁洪峰7月来袭，11股超百亿 解禁,证券时报
865,2020-06-19,大参林(603233.SH)：拟申请共5.55亿元授信额度,格隆汇
866,2020-06-17,6月逾200亿减持，4千亿巨量解禁下月将至,Wind
867,2020-06-17,A股解禁迎来高峰，百元科技股股价或承压,Wind
868,2020-06-11,高分红来了！茅台派现两百亿，25家送转股权登记,Wind
869,2020-06-10,大参林(603233.SH)年报推10转2派6元 股权登记日6月16日,格隆汇
870,2020-06-10,危中见机，后疫情时代的中长期投资机会：医疗健康下半年投资策略,Wind
871,2020-06-08,医药生物行业2020年6月投资月报：医药的牛市 是从什么时候开始的？,新浪
872,2020-06-08,医药生物行业周报：全球疫情持续 API和CDMO二季度超预期机会明显,新浪
873,2020-06-08,大参林(603233.SH)公开发行可转债申请获中国证监会受理,格隆汇
874,2020-06-04,一季度，四大连锁药店营收均超30亿！,微信
875,2020-06-04,一季度四大连锁药店业绩亮眼！大参林净利增长53%,医药经济报
876,2020-06-03,益丰转债中签率及中签号是多少?,--
877,2020-06-03,小心，清仓减持又来了！注意，1天4家公司被举牌（附名单）,Wind
878,2020-06-02,5月450亿减持创年度新高，科技医疗抛售居前,Wind
879,2020-06-02,处方外流加速！这些大连锁布局了,药店经理人
880,2020-05-29,益丰药房转债投资价值分析,新浪
881,2020-05-29,【兴业证券晨会聚焦0529】固收-国内领先的药品零售连锁企业——益丰转债投资价值分析；金融-2020年4月保险数据点评,兴证研究
882,2020-05-28,益丰转债投资价值分析：国内领先的药品零售连锁企业,新浪
883,2020-05-28,大参林创新高背后：融资客和北向资金齐加仓,证券时报网
884,2020-05-27,【兴证固收.转债】国内领先的药品零售连锁企业——益丰转债投资价值分析,兴证固收研究
885,2020-05-26,时代热评 | 大参林高增长背后：商誉暴增84%，扩张滞后核心市占率仅17%,时代在线
886,2020-05-26,医药行业每周医览药闻：火眼实验室与中国的高科技输出,新浪
887,2020-05-25,四大上市连锁药房营收破百亿：集体按下“跑马圈地”暂停键 放缓并购节奏,中国网
888,2020-05-24,【民生医药|周报】关注“补短板”，持续推荐API、CXO 和医疗器械板块,杏林建研
889,2020-05-23,大参林董事长柯云峰：未来3-5年争取布局全国大部分省份,e公司
890,2020-05-23,大参林董事长柯云峰：已经成功迈进智能化零售药房的2.0版本,e公司
891,2020-05-23,大参林董事长柯云峰：疫情期间保障疫情物资供应，稳定药品价格,Wind
892,2020-05-23,大参林董事长柯云峰：疫情期间保障疫情物资供应 稳定药品价格,e公司
893,2020-05-22,医药生物行业：药店维持高成长 带量采购带来影响小,新浪
894,2020-05-21,全国人大代表、大参林董事长柯云峰建议把零售药店纳入公共卫生体系和整体国民健康规划,中证网
895,2020-05-21,年度减持1400亿科技股承压，将再迎解禁高峰,Wind
896,2020-05-19,医药生物行业专题研究：从财报看未来 多点开花 把握医药行业发展韧性,新浪
897,2020-05-14,头部连锁药店正式跨入“百亿”时代 但真正的较量才刚开始！,新浪
898,2020-05-13,连锁药企样本解读 一心堂老百姓营收或净利增速下降 盈利能力下降,每日经济新闻
899,2020-05-13,道达投资手记：A股市场10年大变 股价结构两极分化,每日经济新闻
900,2020-05-13,并购潮退后 四大上市连锁药企布局专业药房,每日经济新闻
901,2020-05-13,真正的牛股，只有靠“捏”——道达投资手记,每日经济新闻
902,2020-05-12,大参林：最能赚钱的药店，近九成收入来自华南,每日经济新闻
903,2020-05-12,并购潮退，专业药房起——2019年，四家医药连锁上市公司的变与不变,每日经济新闻
904,2020-05-09,国大药房拟收购成大方圆100%股权，全国性医药零售巨头浮出水面？,新浪医药
905,2020-05-06,注意！万亿融资盘大调仓：增配电子 压舱医药 “故意踏空”茅台（附表）,红周刊
906,2020-05-06,【兴证医药】行业比较优势突出，细分领域分化明显 —医药生物上市公司2019年报及2020年一季报小结,兴证医药健康
907,2020-05-06,短期调整VS行业比较优势——兴证医药2020年5月投资月报,兴证医药健康
908,2020-05-05,药店疯狂扩张 四大连锁品牌2019营收均破百亿,时代周报
909,2020-05-04,【华创证券】大参林（603233）2019年报及2020年一季报点评：门店扩张稳提速，一季度业绩超预期,华创医药组公众平台
910,2020-05-04,收入齐破百亿 药店“四雄”扩张竞速,时代在线
911,2020-05-02,501家药店，被出售,赛柏蓝
912,2020-05-02,大参林（603233）：业绩超预期，未来门店扩张有望加速【2019年报及2020一季报点评|西南医药朱国广/杜向阳团队】,国广有话说
913,2020-05-01,【太平洋医药】大参林19年报&20Q1点评：20Q1利润增速超预期，整体平效持续提升,医药佐料
914,2020-04-30,【民生医药|点评】大参林：积极承接处方外流，加快并购步伐,杏林建研
915,2020-04-30,大参林门店增至4885家，“新零售”红利渐入佳境,证券之星
916,2020-04-30,【医药-马帅】大参林：开启全国加速扩张模式，全国性连锁药房龙头呼之欲出,安信证券研究
917,2020-04-29,大参林：2019年净利润同比增长32.17%,Wind
918,2020-04-29,大参林：一季度净利润同比增长52.28%,Wind
919,2020-04-29,连锁药店巨头并购太“凶猛”，778家药店已被买下,制药网
920,2020-04-29,【光大医药|年报&Q1点评】大参林：2020Q1业绩超预期，看好扩张势头延续,医心医意要健康
921,2020-04-28,【广证恒生】大参林（603233）-年报&季报点评-2019年稳步扩张高增长，一季度52%增长超市场预期,广证恒生
922,2020-04-28,A股异动 | 大参林涨6.65% 股价刷新其上市以来新高,格隆汇
923,2020-04-28,大参林：一季度业绩大超预期，现金充裕有望加速扩张【国盛医药张金洋团队】,国医盛视
924,2020-04-28,大参林(603233.SH)：一季度净利升52.28%至2.8亿元,格隆汇
925,2020-04-28,大参林(603233.SH)：2019年净利升32.17%至7.03亿元 拟10转2派6元,格隆汇
926,2020-04-28,大参林：一季度净利润同比增长53.27%,Wind
927,2020-04-28,【天风证券】大参林：一季度业绩超预期，“内生+外延”推动公司长期发展,思医辨药
928,2020-04-26,再次进入筛选医药核心资产窗口期！【西南证券医药|0424周报】,国广有话说
929,2020-04-21,大参林会员体验服务升级 高效精准全场景,凤凰网
930,2020-04-16,两会连线｜医药行业代表建言医药产业发展转型,中证报
931,2020-04-12,刑拘10天 罚款500元！殴打药店人案最新进展来了,药店经理人
932,2020-04-11,券商首次关注5股并给予买入评级（4月11日）,Wind
933,2020-04-08,“4＋7”带量采购持续推进，大型连锁药店有望跑赢市场,制药网
934,2020-03-30,广西公布53批次不合规药品：一心堂中药抽检不合规 两面针、大参林旗下药店抽检样品也中招 产品问题,和讯
935,2020-03-27,5G技术助跑，上市公司抢滩智慧医疗,Wind
936,2020-03-25,多花2亿也没管好，经营效率大幅落后，老百姓陷激进扩张劫 运营能力下降,中金在线
937,2020-03-25,医药连锁“四雄争霸”，一心堂靠什么扭转局势？,药智网
938,2020-03-23,A股早报2020年3月23日星期一,Wind
939,2020-03-20,【光大医药|行业深度】互联网医疗终迎3.0时代，多层次三医联动有望开启——互联网医疗行业深度报告,医心医意要健康
940,2020-03-20,本周9家上市公司发布可转债预案，融资总规模达98.95亿元,Wind
941,2020-03-20,【投行参要】每日审核要点及市场动态 | 2020.03.20,兴业证券订阅号
942,2020-03-20,涨停复盘 | 两市题材表现活跃 大消费概念股走强,第一财经
943,2020-03-19,晚间重要公告2020年3月19日星期四,Wind
944,2020-03-19,大参林(603233.SH)拟发行不超14.05亿元可转债用于医药零售门店建设项目等,格隆汇
945,2020-03-05,“口罩自由”3月底能否实现？中签率已快速提升，部分地区超10%！,21世纪经济报道
946,2020-03-02,这一药品市场，阿里、京东都来抢了,赛柏蓝
947,2020-02-25,现代中药冲港股：2款补药挑大梁 大客户贡献严重下滑,斑马消费
948,2020-02-14,中证鹏元公告称，终止对大参林及“参林转债”的跟踪评级,Wind
949,2020-02-09,疫情阴云下的大消费：行业冲击有限，价值不变抓买点（附股）,和讯
950,2020-02-06,防疫产品恶意涨价？广东市场监管局：绝不手软！,南方网
951,2020-02-05,【广州增设口罩售卖药店】从2月3日开始增设大参林、海王星辰以及金康药房三家连锁药店为口罩定点出售门店，商家线上线下齐发力改良购买秩序。（南方都市报）,金十数据
952,2020-02-01,安信研究：2月十大金股,Wind
953,2020-01-12,大参林跟进价格战 医药零售竞争加剧,北京商报网
954,2019-12-24,“4+7”带量采购政策后时代 上市连锁药店新选择在何方？,投资者网
955,2019-12-24,大参林挤入江苏市场 连锁药店竞争白热化,北京商报
956,2019-12-22,业绩真空期，中长期战略布局医药龙头好时机！【西南证券医药|1222周报】,国广有话说
957,2019-12-13,逆市扩张！大参林出招了,新浪
958,2019-12-11,大参林加速扩张背后：子公司深圳大参林频因质量问题挨罚 三年领四张“罚单” 产品问题,中国网
959,2019-12-09,中证鹏元：关注大参林董事会人员变更数超过董事会总人数三分之一 董监高成员变化,Wind
960,2019-12-02,【大参林】事件点评：慢病供应政策利好广东药店，公司最为受益,医心医意要健康
961,2019-12-02,这个行业罕见获加仓，北上资金疯狂买买买后，A股次月竟这么走,证券时报
962,2019-11-29,【华创证券】2020年医药零售投资逻辑：追求长期增长下的医药零售投资机会,华创医药组公众平台
963,2019-11-29,数列天下｜四小龙线下齐发力，头部企业竞争优势持续加大：商业药房竞争格局分析,中信证券研究
964,2019-11-22,【太平洋医药杜佐远团队】经典报告集：我们只想为您甄选牛股,医药佐料
965,2019-11-21,盘前有料丨拉卡拉称不能实际控制或支配考拉征信、亏损超预期拼多多大跌超20%…重要消息还有这些 连续下跌,证券时报网
966,2019-11-20,大参林(603233.SH)不提前赎回“参林转债”,格隆汇
967,2019-11-20,大参林：公司拟向银行申请5亿元授信额度,Wind
968,2019-11-20,大参林：为两子公司提供担保6000万元 大额借贷担保,Wind
969,2019-11-20,大参林：董事会监事会完成换届选举，聘任高级管理人员 董监高成员变化,Wind
970,2019-11-20,11月20日沪深两市最新交易提示,上证报
971,2019-11-19,联商头条：SKP进贵阳 全时准备东山再起,联商网
972,2019-11-19,大参林1.27亿进军江苏 扩张持续商誉激增,时代周报
973,2019-11-18,大参林通过收购挤入江苏市场 连锁药店竞争白热化,北京商报
974,2019-11-17,【西部医药吴文华】医药行业周报（2019.11.11-2019.11.17）：医改逐步推进，立足改革创新,微信
975,2019-11-14,大参林走出舒适区：华南市场增速放缓，北上并购虎口夺食,和讯
976,2019-11-12,大参林关于收购南通市江海大药房连锁有限公司51%股权的补充公告,亿邦动力
977,2019-11-11,【西部医药吴文华】2019年医药行业三季报综述：医药整体稳健增长，子行业分化较为明显,微信
978,2019-11-11,123家药店，要被大参林收入囊中,医药手机报
979,2019-11-11,药品院外市场观察：诺华、拜耳等老牌MNC密集牵手互联网,E药经理人
980,2019-11-10,大批药店关门了,新浪
981,2019-11-08,123家药店被收了,新浪
982,2019-11-08,药店连锁收购风云再起 大参林华东扩张对谁威胁最大,华夏时报
983,2019-11-08,40股获券商买入评级 长安汽车目标涨幅达48.28%,Wind
984,2019-11-07,大参林：收购南通优质龙头药店 全国布局加速,太平洋证券
985,2019-11-07,最新公告揭露重大利好 六只股今日或冲涨停,证券之星
986,2019-11-07,大参林：合理估值收购优质标的，Q4有望加速扩张,证券时报网
987,2019-11-06,【西部医药吴文华】大参林深度报告：省内精耕省外加速，盈利进入良性循环,微信
988,2019-11-06,大参林：拟1.27亿元收购南通江海大药房51%股权,Wind
989,2019-11-06,大参林(603233.SH)拟1.27亿元收购南通江海大药房51%的股权,格隆汇
990,2019-11-01,基因宝：用商业闭环升级消费级基因检测的价格混战？,动脉网
991,2019-10-31,北上资金7月以来1200亿加仓A股，金融、消费、科技全面扫货,Wind
992,2019-10-31,买卖药店又开始了,新浪
993,2019-10-31,【民生医药|季报点评】大参林：业绩符合预期，并购有望加速,杏林建研
994,2019-10-31,【大参林】19Q3业绩点评：业绩略超预期，新建并购加快,医心医意要健康
995,2019-10-30,大参林(603233.SH)前三季度净利润升34.34%至5.56亿元,格隆汇
996,2019-10-30,大参林：前三季度净利润同比增34.34%,Wind
997,2019-10-24,【民生医药】医药生物2019年三季报总结：基本面进入值得期待的新周期,杏林建研
998,2019-10-21,医疗保健：关注业绩较好个股 荐10股,财信证券
999,2019-10-12,卖药不如卖店？巨头身影闪烁 医药零售大变局酝酿,华夏时报
1000,2019-10-12,三季报披露开闸 三行业迎估值切换行情,金融投资报
1001,2019-10-11,再获融资 消费级基因检测市场争夺火热,北京商报
1002,2019-10-09,“新手”腾讯6亿战投老百姓，益丰、大参林、高济等大连锁迎来新的搅局者？,E药经理人
1003,2019-09-25,医疗保健：关注政策免疫领域 荐9股,财信证券
1004,2019-09-24,"医药生物行业跨市场周报:创新主题再次成为热点,坚守“创新+升级”主线",光大证券
1005,2019-09-16,医疗保健：长期受益处方外流 荐4股,财信证券
1006,2019-09-16,"医药生物行业跨市场周报:关注医保改革新动向,继续看好创新升级",光大证券
1007,2019-09-14,1亿拿下2个单抗，医药股一哥股价创新高！正大天晴、石药.....23个品种大降价,米内网
1008,2019-09-12,多次举牌渐成常态！长袖善舞，这边风景独好,Wind
1009,2019-09-11,券商首次关注4股并给予买入评级（9月11日）,Wind
1010,2019-09-10,【医药-大 参 林(603233)】江琦、祝嘉琦：公司深度研究-华南药店龙头，跨省扩张加速，拐点显现-20190909,中泰证券研究所
1011,2019-09-08,大批专业药房来了 四大上市药店纷纷布局,新浪
1012,2019-09-07,两个月涨幅翻倍 基金重仓股的独门秘籍,巨丰财经
1013,2019-09-05,2019零售数字化运用大会圆满落幕 ，雅量科技用数字化重塑零售生态模式,砍柴网
1014,2019-09-04,大参林(603233.SH)：柯康保提前解除质押612.3万股,格隆汇
1015,2019-09-04,大参林:业绩持续快速增长门店扩张稳健,上海证券
1016,2019-09-01,光大医药 | 中报总结：集采后的第一份答卷，影响如何，未来在哪？,医心医意要健康
1017,2019-08-30,健之佳关联采购数据存“异象” 产品品控或“缺位”,中金在线
1018,2019-08-30,医药生物行业跨市场周报:从“中国新”走向“全球新”,光大证券
1019,2019-08-29,四大民营药房中报毛利率承压，处方药销售增收不增利 盈利能力下降,第一财经
1020,2019-08-29,半年营收52亿！大参林公布2019年度半年报,新浪
1021,2019-08-28,【广证恒生医药】-大参林（603233）-点评报告-“自建+并购”持续扩张，2019年H1利润同比增长32%，环比提速明显,广证恒生
1022,2019-08-28,【国信医药|半年报点评】大参林：业绩超预期，现金流状况良好,GuosenHealthcare
1023,2019-08-28,428家公司透露最新股东户数 306家筹码趋向集中,投资快报
1024,2019-08-28,【大参林】19年中报：Q2业绩继续提速超预期，强化内生提速和处方外流逻辑,医心医意要健康
1025,2019-08-28,"大参林:持续深耕华南地区,业绩超预期",平安证券
1026,2019-08-27,大参林：上半年净利3.81亿元 同比增32%,证券时报网
1027,2019-08-27,大参林：拟向银行申请2.9亿元综合授信额度,Wind
1028,2019-08-27,大参林(603233.SH)半年度净利润升32.21%至3.81亿元 拥有门店4153家,格隆汇
1029,2019-08-27,【国元医药】业绩超预期，异地扩张加速经营效率提升——大参林19H1点评,元气医药
1030,2019-08-22,大参林：董事会、监事会延期换届选举,Wind
1031,2019-08-21,数列天下｜商业药房竞争格局分析：头部公司区域布局优势明显，新零售业态快速推进,中信证券研究
1032,2019-08-20,【民生医药|中报总结】医药板块2019中报总结：增长的韧劲足，逐步加仓二线龙头,微信
1033,2019-08-19,云南药店老二健之佳，这回铁了心要上市,格隆汇
1034,2019-08-19,2019年中国连锁药店行业市场分析：资本圈地潮陡然降温，医保控费将成为发展趋势,前瞻研究院
1035,2019-08-18,药房大并购为何停了？老百姓董事长：现在不敢有半点闪失,第一财经
1036,2019-08-16,“卖药不如卖药店赚钱”已经翻篇，连锁药店并购陷入僵局,钛媒体
1037,2019-08-15,广东通报药品经营企业中执业药师“挂证”行为检查情况,质量新闻网
1038,2019-08-14,大参林向银行申请综合授信额度6亿元,挖贝网
1039,2019-08-13,大参林：向银行申请6亿元综合授信额度并接受关联方提供担保,Wind
1040,2019-08-13,大参林：为子公司提供担保2.2亿元,Wind
1041,2019-08-13,"医药生物行业跨市场周报:关注中报业绩与政策边际改善,紧握优质公司",光大证券
1042,2019-08-05,A股早报2019年8月5日星期一,Wind
1043,2019-08-02,8月2日A股龙虎榜揭秘，机构抛售7股,Wind
1044,2019-08-02,紧盯主力 | 北向资金净流出创2个半月新高；游资狂抢稀土永磁！,每日经济新闻
1045,2019-08-02,大参林龙虎榜数据（8月2日）,Wind
1046,2019-08-02,涨停板解密：稀土永磁概念股逆市受追捧！（8月2日）,Wind
1047,2019-08-01,54名执业药师挂证被查,蒲公英
1048,2019-07-31,大参林4名股东合计出售“参林转债”100万张,挖贝网
1049,2019-07-31,[快讯]大参林:关于控股股东及其一致行动人减持公司可转换公司债券 减持股份,中财网
1050,2019-07-31,大参林(603233.SH)：柯云峰、柯康保、柯金龙及王春婵已出售100万张“参林转债”,格隆汇
1051,2019-07-31,大参林：控股股东及其一致行动人减持10%参林转债 减持股份,Wind
1052,2019-07-29,"医药生物行业跨市场周报:医药科创板“首秀”靓丽,选择优质公司是关键",光大证券
1053,2019-07-24,"医药生物行业2019年中报业绩前瞻:医药板块持续分化,寻找景气与避险的交集",申万宏源
1054,2019-07-23,"医药生物行业跨市场周报:仿制药价格体系加速重塑,药企迈向体系竞争时代",光大证券
1055,2019-07-11,广州市药品零售企业GSP认证公示公告 C-GD-19-GZ 第80号,广州市场监管局
1056,2019-07-09,"医药生物行业跨市场周报:关注中报行情,重申港股龙头配置价值",光大证券
1057,2019-07-03,广州市药品零售企业GSP认证公示公告 C-GD-19-GZ 第74号,广州市场监管局
1058,2019-07-02,大参林(603233.SH)控股股东解除质押612.3万股,格隆汇
1059,2019-06-26,42股今日获机构买入评级（附股）,证券时报
1060,2019-06-20,广州市药品零售企业GSP认证公示公告 C-GD-19-GZ 第70号,广州市场监管局
1061,2019-06-18,[快讯]大参林:中信建投证券股份有限公司大参林医药集团股份有限公司使用募集资金置换预先投入募投项目的自筹资金的核查意见,中财网
1062,2019-06-18,大参林：向银行申请7亿元综合授信额度并接受关联方提供担保 大额借贷担保,Wind
1063,2019-06-18,大参林：为5家子公司申请总计2亿元的连带保证担保 大额借贷担保,Wind
1064,2019-06-17,"医药生物行业跨市场周报:“大医保”时代下再平衡,拥抱确定性",光大证券
1065,2019-06-13,"医药行业《开展促进诊所发展试点意见》点评:优化行业准入,提升服务质量,诊所发展进入实质性推进阶段",长城证券
1066,2019-06-11,医药生物行业跨市场周报:寻找政策免疫及新机制下的确定性机会,光大证券
1067,2019-06-05,广州市药品零售企业GSP认证公示公告 C-GD-19-GZ 第68号,广州市场监管局
1068,2019-06-03,实控人甩卖一心转债:一心堂扩张后遗症 运营效率垫底,新浪
1069,2019-06-03,【研报精读】大参林（603233.SH）,联讯金融
1070,2019-05-30,药店加盟“暗战”进行时,医药网
1071,2019-05-27,大参林上市后两年买了428家药店,新浪
1072,2019-05-23,大参林(603233.SH)拟每10股派6元及转增3股 股权登记日为5月29日,格隆汇
1073,2019-05-23,大参林(603233.SH)“参林转债”转股价格将于5月30日下调为36.50元/股,格隆汇
1074,2019-05-23,大幅跑赢正股，下探行情中可转债成避险佳品！,Wind
1075,2019-05-22,大参林(603233.SH)控股股东及一致行动人减持100万张“参林转债” 减持股份,格隆汇
1076,2019-05-22,大参林：控股股东及其一致行动人减持10%公司可转债 减持股份,Wind
1077,2019-05-20,内需稳健、成长确定，弱市更显药店本色｜【光大医药·周报】,医心医意要健康
1078,2019-05-14,【药店·深度系列二】从财报透析产业变化，强化集中度提升和处方外流两大逻辑,医心医意要健康
1079,2019-05-14,扩张重心由“并购”转为“新建” 益丰药房苦练基本功“等风来”,证券日报
1080,2019-05-14,消费行业:家家悦,信达证券
1081,2019-05-10,【西南医药】大参林（603233）：Q1业绩增长超预期，盈利能力逐步提升,国广有话说
1082,2019-05-08,4大连锁药房期末考：益丰药房扩张最凶、大参林最会赚钱,斑马消费
1083,2019-05-08,"医药生物行业跨市场周报:药店成长持续性和估值优势兼具,布局正当时",光大证券
1084,2019-05-05,四大药店PK！益丰最能买 一心堂店最多,新浪
1085,2019-05-05,"大参林2018年报及2019Q季报点评:Q1业绩增长超预期,盈利能力逐步提升",西南证券
1086,2019-05-05,"大参林:业绩增长超预期,华东和华中坪效提升明显,整合见成效",安信证券
1087,2019-05-01,大参林一季度净利1.8亿元同比增长25% 现金流量净额为2.5亿元,挖贝网
1088,2019-04-30,【大参林】Q1点评：业绩超预期，并购后继发力，经营持续转暖,医心医意要健康
1089,2019-04-29,大参林(603233.SH)一季度净利润升25.2%至1.84亿元,格隆汇
1090,2019-04-29,大参林：一季度净利润同比增25.20%,Wind
1091,2019-04-25,89亿！这家连锁2018年收入公开了,医药网
1092,2019-04-25,"大参林动态报告暨18年年报点评:次新转盈,并购提速,19年或迎业绩向上拐点",光大证券
1093,2019-04-24,上调评级至买入策略选股（4月24日）,Wind
1094,2019-04-24,大参林：业绩保持快速增长，规模优势进一步提升,证券时报网
1095,2019-04-24,"大参林:继续夯实华南区域优势,销售费用增加影响利润增速",安信证券
1096,2019-04-24,"大参林2018年报点评:高毛利高平效,异地扩张保障未来增长",国元证券
1097,2019-04-23,大参林去年净利5.32亿同比增长12% 董事长柯云峰薪酬250万,挖贝网
1098,2019-04-22,大参林(603233.SH)2018年度净利润升11.93%至5.32亿元 拟10转3派6,格隆汇
1099,2019-04-22,大参林2018年度关联交易执行情况及2019年度日常关联交易预计的公告,亿邦动力
1100,2019-04-22,大参林：为子公司申请银行授信额度提供不超过1亿元担保 大额借贷担保,Wind
1101,2019-04-22,大参林：2018年净利润同比增11.93%,Wind
1102,2019-04-19,大参林可转换公司债券上市公告书,亿邦动力
1103,2019-04-19,连锁药店行业事件点:如何看315曝光药店执业药师“挂证”事件,正点财经
1104,2019-04-11,【益丰药房】年报及Q1点评：快速扩店储备成长动能，2019年有望保持高增长,医心医意要健康
1105,2019-04-11,10亿“子弹”上膛！这家华南医药零售龙头要打响全国市场,金融界
1106,2019-04-08,参林转债中签号码出炉 参林转债中签收益是多少？,银行信息港
1107,2019-04-04,一心堂计划“扩军”1200家 上市连锁并购扩张又加速了,新浪
1108,2019-04-04,兑奖了！大参林可转债中签号出炉,Wind
1109,2019-04-04,参林转债754233正股基本面分析,银行信息港
1110,2019-04-03,大参林3名股东合计质押1883万股 公司去年净利同比增长12%,挖贝网
1111,2019-04-02,[快讯]大参林发布质押公告 涉及股份471万股,中财网
1112,2019-04-02,大参林：控股股东及其一致行动人合计质押4.71%股份,Wind
1113,2019-04-02,大参林关于公司控股股东股份质押的公告,亿邦动力
1114,2019-04-02,大参林(603233.SH)控股股东质押1883万股用于认购公司可转债,格隆汇
1115,2019-04-01,医药转债再添新丁 ——参林转债申购价值分析,岳读债市
1116,2019-04-01,大参林董事长柯云峰：将重点布局医药O2O 目前增量较快,e公司
1117,2019-04-01,大参林董事长柯云峰：进军其他省份是肯定的 进入一个省份就做精一个,e公司
1118,2019-04-01,大参林董事长柯云峰：带量采购政策将放大零售药店终端资源的价值,e公司
1119,2019-04-01,【e公司微访谈】大参林：深耕华南布局全国 积极拥抱互联网+,e公司
1120,2019-03-31,大参林：公开发行可转换公司债券发行公告,上交所
1121,2019-03-28,大参林关于收购保定市盛世华兴医药连锁有限公司46%股权的补充公告,亿邦动力
1122,2019-03-28,扩张不止步 大参林拟收购保定盛世华兴46%股权,新浪
1123,2019-03-27,大参林拟收购保定盛世华兴46%股权 交易标的包含39家连锁药店,中国网
1124,2019-03-27,大参林(603233.SH)拟收购保定盛世华兴医药连锁46%的股权,格隆汇
1125,2019-03-22,广东省药监局：6批次耳腔式红外体温计样品不符合标准要求 产品问题,质量新闻网
1126,2019-03-12,"医药周报2019第10期:首家医药公司正式申请拟科创板上市,制度创新带动产业创新升级",长城证券
1127,2019-03-06,大参林门店翻倍增长 2019加速扩张,财经网
1128,2019-03-06,"大参林:业绩符合预期,门店有序扩张",长城证券
1129,2019-03-05,3年开店近2000家 大参林内生性增长强劲,全景网
1130,2019-03-05,2018年大参林年报分析：营收同比增长20.59%（附图表）,中商情报网
1131,2019-03-05,【大参林】快报点评：自建扩张快拖累短期利润，未来有望加快增长,医心医意要健康
1132,2019-03-04,大参林2018年利润5.33亿增长12% 关店72间药房,挖贝网
1133,2019-03-04,大参林新增药店967间 2018年营收与净利润双增,新京报
1134,2019-03-04,大参林：2018年净利5.33亿元 同比增12%,e公司
1135,2019-03-04,新增967间药店 大参林营收增20.59%,中金在线
1136,2019-03-04,大参林发布2018年业绩快报：营业过89亿 净盈利同比增加13.42%,财经网
1137,2019-03-04,大参林(603233.SH)2018年度净利润升12.25%至5.33亿元,格隆汇
1138,2019-03-04,大参林：2018年净利润同比增12.24%（快报）,Wind
1139,2019-03-04,大参林：2018年净盈利同比增加13.42%,金融界
1140,2019-03-01,【平安医药】行业专题报告：大湾区规划出台，生物医药领域迎来投资风口,A叶寅A医药行业研究
1141,2019-02-28,大参林总经理柯康保辞职 年薪为249.6万元 董监高成员变化,挖贝网
1142,2019-02-19,"医药生物行业基于2000余份新春调查问卷结果的分析研究:知否知否,医药消费应是愈浓愈厚",正点财经
1143,2019-01-31,子公司净利率畸高 融资上瘾的一心堂经营效率垫底,新浪
1144,2019-01-29,"大参林:业绩增长受费用影响,预计19年恢复正常增长",证券之星
1145,2019-01-28,"东吴医药行业周观点:把握2019q1医药股估值修复行情,继续推荐流感主题",东吴证券
1146,2019-01-25,一心堂经营效率垫底,红周刊
1147,2018-12-29,零售连锁药店行业专题报告:行业快速整合背后的资本力量,正点财经
1148,2018-12-21,漱玉股份IPO：药店巨头围猎，山东土著募资下沉社区展开防御,斑马消费
1149,2018-12-21,"医药行业周报:有奖举报医保欺诈行为,长期利好药店连锁龙头",渤海证券
1150,2018-12-20,【国信医药丨药店行业快评】外延成本下降，超跌构成机遇,GuosenHealthcare
1151,2018-12-20,医药生物行业事件点评:严厉打击欺诈骗保行为预计对药房业绩影响有限,东莞证券
1152,2018-12-18,"医药行业周报2018第45期:限制辅助用药,助力药品结构升级",长城证券
1153,2018-12-12,"医药行业周报2018第44期:4+7带量采购结果公示,药品结构升级的新起点",长城证券
1154,2018-12-11,晚间要闻2018年12月11日星期二,Wind
1155,2018-12-11,"大参林公司财报点评:门店快速扩张持续,开店费用略有影响",方正证券
1156,2018-12-10,晚间要闻2018年12月10日星期一,Wind
1157,2018-12-10,第十七届发审委2018年第184次会议审核结果公告,证监会
1158,2018-12-10,证监会：司尔特大参林亚泰国际精测电子发行可转债均获得通过,Wind
1159,2018-12-06,第十七届发审委2018年第184次工作会议公告,证监会
1160,2018-12-06,证监会：司尔特、大参林、亚泰国际、精测电子发行可转债事项12月10日上会,Wind
1161,2018-11-28,"全国零售药店分类分级管理指导意见(征求意见稿)点评:分级分类即将全国推行,利好连锁药店龙头发展",长城证券
1162,2018-11-28,"医药生物行业周报:药店分类分级管理征求意见稿发布,持续看好连锁药店",华安证券
1163,2018-11-26,"医药生物行业周报:药店分级意见稿出台,坚守细分景气龙头",光大证券
1164,2018-11-20,"医药周报2018第41期:国家试点集采方案正式公布,利好优质龙头企业",长城证券
1165,2018-11-08,"医药行业周报2018第39期:三季报稳健,结构性分化利好龙头创新型企业",长城证券
1166,2018-11-06,大参林：门店扩张提速 费用影响利润,银河证券
1167,2018-11-02,4大连锁PK 益丰门店新增1183家,医药网
1168,2018-11-02,"大参林2018年三季报点评:收入增速提升,门店扩张有序推进",长城证券
1169,2018-11-02,"大参林2018年三季报点评:自建门店保持高增长,处方业务投入提升费用率",光大证券
1170,2018-10-29,大参林：前三季度净利润同比增12.90%,Wind
1171,2018-10-15,[看好评级]医药生物行业2018年三季报业绩前瞻：医药需求刚性 预计增长保持稳健,中财网
1172,2018-10-15,[推荐评级]医药行业周报：17种抗癌药纳入国家医保 研发驱动型企业长期受益,中财网
1173,2018-10-15,【申万宏源医药闫天一团队】20181012周观点：医药需求刚性，预计增长保持稳健——医药生物行业2018年三季报业绩前瞻,申万投资健康
1174,2018-10-12,[快讯]大参林:首次公开发行募投项目结项并将节余募集资金永久补充流动资金,中财网
1175,2018-10-11,带量采购“震荡”有限 一心堂深度布局区域性发展,21经济网
1176,2018-10-09,北上资金3季度买卖A股名单来了：白马股被弃，这一概念大获青睐！,每日经济新闻
1177,2018-09-29,"医药周报2018第34期:关注结构性机会,看好创新药和生物类似药的发展",长城证券
1178,2018-09-28,"医药生物行业周报:抵扣新规落地,研发利好加码",光大证券
1179,2018-09-27,医药行业向来是一片创新研发“沃土” 医药板块未来可期,证券日报
1180,2018-09-21,四家上市连锁药房半年报PK 整合加速领头羊规模优势凸显,证券日报
1181,2018-09-19,上市药店一心堂、大参林、老百姓纷纷进军广西市场,医药网
1182,2018-09-18,"大参林:门店新建加速,费用略有拖累",方正证券
1183,2018-09-12,医药行业周报2018第32期:分化行情下兼顾业绩和估值,长城证券
1184,2018-09-06,"大参林:业绩平稳增长,门店扩张持续推进",中证网
1185,2018-09-05,"医药生物行业周报:处方药如期回落,非药延续高景气",光大证券
1186,2018-09-04,处方药压力渐显，非药景气依旧｜【光大医药·2018H1总结】,医心医意要健康
1187,2018-08-31,紧盯聪明钱，看“外来的和尚”如何念经？,Wind
1188,2018-08-30,【大参林】中报点评：自建扩张速度不减，静待后期收获,医心医意要健康
1189,2018-08-30,279股获券商买入评级 建发股份目标涨幅达115.15%,Wind
1190,2018-08-29,大参林：中报净利增16% 积极扩张省外市场,招商证券
1191,2018-08-29,【大参林2018半年报点评，图文超详细】【方正医药周小刚团队】门店新建加速，费用略有拖累,小刚看医药
1192,2018-08-28,A股四大医药零售企业中报全线飘红 店面扩张不是“买买买”就是“开开开”,e公司
1193,2018-08-28,大参林：上半年净利润同比增15.92%,Wind
1194,2018-08-28,[买入评级]大参林(603233)简评：收购江西会好康 兼顾华东市场布局,中财网
1195,2018-08-27,[增持评级]医药生物行业周报：再次强调可适度乐观 择机布局优质公司,中财网
1196,2018-08-27,【大参林】公告点评：省外扩张节奏加快，优质并购助力稳健扩张,医心医意要健康
1197,2018-08-23,三大药店巨头掀起并购潮 控股类收购为主,医药网
1198,2018-08-23,四大上市连锁药店疯狂“圈地” 一季度并购数已近700家,中国网
1199,2018-08-20,[增持评级]国泰君安医药行业专题报告：超级医保的新时代,中财网
1200,2018-08-20,医药生物行业周报：医保基金收入首次负增长?,中财网
1201,2018-08-14,两因素叠加零售行业景气度提升 六股受关注,证券日报
1202,2018-07-30,[增持评级]医药生物周报：建议关注中报表现 短期防御配置低估值流通,中财网
1203,2018-07-27,下周380亿市值限售股解禁，环比减少13%,Wind
1204,2018-07-26,科技融入药店 大批药店都会被影响,医药网
1205,2018-07-25,[买入评级]医药生物行业简评：处方外流加速 连锁药店板块确定性强,中财网
1206,2018-07-24,大参林：关于首次公开发行部分限售股上市流通的公告,金融界
1207,2018-07-24,连锁药店行业事件点评：北京公布医保定点零售药店实时结算外配处方政策 处方外流加速落地,中财网
1208,2018-07-23,[中性评级]深度*行业*医药行业周报：MAH生产流通环节权责细化 全面推行在即,中财网
1209,2018-07-23,[增持评级]医药生物行业周报：建议关注低估值、预期改善的医药流通板块,中财网
1210,2018-07-19,[推荐评级]零售连锁药店行业定期报告：如何看益丰收购新兴药房?兼论河北零售药店市场,中财网
1211,2018-07-18,[推荐评级]医药行业周报：医药反弹有望持续 重点关注业绩增长明确标的,中财网
1212,2018-07-17,[增持评级]医药生物行业周报：反弹紧握“创新+升级”主线 继续强调品牌OTC回暖机会,中财网
1213,2018-07-16,一心堂成零售连锁药业领头羊 董事长看好大健康风口,证券日报
1214,2018-07-13,[强于大市评级]医药行业2018中报前瞻：行业景气度底部回升 结构性行情有望延续,中财网
1215,2018-07-13,[增持评级]《医疗机构处方审核规范》点评：明确药师责任及处方通用名 处方外流更进一步,中财网
1216,2018-07-11,[看好评级]医药行业周报：把握业绩主线 精选优质个股,中财网
1217,2018-07-10,[看好评级]医药生物行业2018年中报业绩前瞻：医疗需求刚性 重点关注稳健成长和“流量入口”型公司,中财网
1218,2018-07-10,[推荐评级]医药生物行业2018年中报业绩前瞻：重点覆盖公司中报业绩前瞻：关注2季度增速加快个股,中财网
1219,2018-07-09,政策直通车：外国投资者参与A股交易范围将进一步放开,巨丰财经
1220,2018-07-03,[推荐评级]医药行业周报：关注中报业绩 选择估值合理标的,中财网
1221,2018-07-02,[增持评级]医药生物行业周报：进入中报预告期 关注Q2业绩确定性,中财网
1222,2018-06-29,[推荐评级]医药生物行业2018年中期投资策略：给确定性溢价 增长为王,中财网
1223,2018-06-29,[推荐评级]医药行业周报：回调不改长期逻辑 把握业绩确定性,中财网
1224,2018-06-28,连锁药店行业事件点评：阿里健康入股漱玉平民 凸显药店终端价值,中财网
1225,2018-06-27,[推荐评级]医药行业周报：什么是股市波动中的避风港-安全性+确定性板块,中财网
1226,2018-06-26,益丰收购新兴终于尘埃落定,医药网
1227,2018-06-25,[增持评级]大参林(603233)首次覆盖报告：华南地区医药零售龙头 省外扩张持续推进,中财网
1228,2018-06-25,"医药生物行业周报:回调后医药优势显现,确定性龙头是首选",光大证券
1229,2018-06-24,市场下跌也挡不住港资的步伐 这只个股本周被大幅加仓,每日经济新闻
1230,2018-06-21,【中期策略重点公司】大参林：分级分类先行受益，门店扩张持续加速,微信
1231,2018-06-21,【医药】大参林：华南地区医药零售龙头，省外扩张持续推进,天风研究
1232,2018-06-20,医药周报:推荐医保目录和一致性评价政策下估值合理、业绩和成长确定表的,长城证券
1233,2018-06-19,京东到家618销售额达到去年5.1倍 大促覆盖10多万家门店,证券日报
1234,2018-06-19,"医药生物行业周报:弱市下建议紧握确定性龙头,以时间换空间",光大证券
1235,2018-06-18,市场低迷 这四只股票却遭到港资凶猛增持,每日经济新闻
1236,2018-06-17,开板后拒绝调整，股价继续向上，这些次新股为什么这么牛？,证券时报
1237,2018-06-12,[推荐评级]医药行业周报：谈龙头的持续上涨与二线品种的机会,中财网
1238,2018-06-12,"医药生物行业周报:板块进入震荡期,关注二季度业绩持续性",光大证券
1239,2018-06-11,中小药店洗牌加剧 电商崛起进一步挤压利润,每日经济新闻
1240,2018-06-07,大参林年报推10派6元 股权登记6月15日,金融界
1241,2018-06-06,[增持评级]2018年医药行业中期投资策略：需求升级 创新崛起,中财网
1242,2018-06-06,"生物医药行业日本药店研究二:跨区域扩张,连锁药店成长的必经之路",平安证券
1243,2018-06-04,看好中国｜健康中国——快速下跌有利于甄选优质公司,巨丰财经
1244,2018-06-04,[增持评级]医药生物行业周报：医保局尘埃落定 行业结构有望继续优化,中财网
1245,2018-06-01,[推荐评级]医药生物行业深度研究报告：量化分析：什么是药店的精细化管理,中财网
1246,2018-05-31,"大参林:扩张步伐大幅提升,两广龙头进入业绩加速期",方正证券
1247,2018-05-31,[增持评级]医药板块未来投资趋势探讨(医药与健康护理行业)：浪潮之巅,中财网
1248,2018-05-29,PE搅局 药店并购江湖生变,时代周报
1249,2018-05-29,医药行业周报2018第20期:一致性评价、创新政策驱动医药长期向上,长城证券
1250,2018-05-28,[推荐评级]医药行业周报：医药还能加配什么?-“三大三中三小”,中财网
1251,2018-05-28,[增持评级]医药生物行业周报：“互联网+医疗健康”发展意见正式落地 关注工业端数据回落,中财网
1252,2018-05-23,"医药周报2018第19期:产业升级趋势确定,看好医药长期投资价值",长城证券
1253,2018-05-15,看好中国｜健康中国——特朗普医改对国内影响有限,巨丰财经
1254,2018-05-15,[推荐评级]医药行业周报：仿制加码创新 投资主线明确,中财网
1255,2018-05-14,[增持评级]医药生物行业周报：产业利好政策不断兑现 关注品牌OTC企业回暖,中财网
1256,2018-05-13,机构抱团神话延续，这批次新股集体新高,Wind
1257,2018-05-10,[增持评级]医药生物行业周报：优选基层和服务能力出色的医药批发商 继续紧握高景气龙头,中财网
1258,2018-05-09,连锁药店行业政策点评：增值税小规模纳税人标准上调 利好连锁药店,中财网
1259,2018-05-09,[推荐评级]医药行业周报：继续看好 建议加配二线细分龙头,中财网
1260,2018-05-09,5月9日早间行业热点聚焦,中证网
1261,2018-05-08,[买入评级]大参林(603233)年报及季报点评：业绩稳健增长 门店布局加速,中财网
1262,2018-05-08,[推荐评级]医药生物行业2017年年报和2018年1季报点评：行业增速提升 把握产业升级,中财网
1263,2018-05-07,[推荐评级]医药行业周报：基本面和政策面驱动医药板块持续向好,中财网
1264,2018-05-07,[增持评级]医药生物行业周报：行业分化、集中度提升明显 紧握高景气龙头,中财网
1265,2018-05-04,"大参林2017年报暨2018年一季报点评:业绩符合预期,经营趋势稳步向上",正点财经
1266,2018-05-04,今日资金抢入六只强势股一览（2018年5月4日）,中财网
1267,2018-05-04,券商首次关注13股并给予买入评级(5月4日),Wind
1268,2018-05-04,"大参林17年年报和18年一季报点评:分级分类先行受益,门店扩张持续加速",光大证券
1269,2018-05-03,大参林：两广龙头进入业绩加速期 强烈推荐评级,方正证券
1270,2018-04-28,13部门发文鼓励互联网医疗，老牌连锁巨头争霸格局变天,新浪医药
1271,2018-04-27,大参林：一季报净利1.47亿元 同比增长25%,金融界
1272,2018-04-27,大参林：年报净利4.75亿元 拟10派6元,金融界
1273,2018-04-26,大参林：2017年净利润同比增10.41%,Wind
1274,2018-04-26,数据王：21只个股逆势创出历史新高 医药股占据一半,巨丰财经
1275,2018-04-26,大参林：一季度净利润同比增25.39%,Wind
1276,2018-04-25,[推荐评级]医药行业周报：机构配置提升 性价比仍有优势,中财网
1277,2018-04-24,[增持评级]医药生物行业周报：紧握高景气主线 注重估值匹配性,中财网
1278,2018-04-17,[推荐评级]医药行业周报：理性解读政策 继续看好Q2行情,中财网
1279,2018-04-16,[增持评级]医药行业周报：药店集中度提升和处方外流有望加速,中财网
1280,2018-04-16,[推荐评级]医药行业周报：进口药新政落地 利好医药产业升级,中财网
1281,2018-04-13,[推荐评级]广东零售药店政策点评：政策监管趋严 利好连锁药店龙头,中财网
1282,2018-04-13,[买入评级]医药生物行业简评：分类分级管理即将上线 广东连锁药店开启新篇章,中财网
1283,2018-04-13,[买入评级]医药生物行业简报：广东省药店管理重大改革 有助药店龙头加速整合,中财网
1284,2018-04-10,[推荐评级]零售连锁药店行业定期报告：分级管理和电子处方试点加速处方外流,中财网
1285,2018-04-09,[买入评级]深度*行业*医药行业周报：国务院出台政策支持优质仿制药 将加快进口替代,中财网
1286,2018-04-09,[增持评级]连锁药店行业深度系列报告一：三基石成长 慢牛股摇篮,中财网
1287,2018-04-08,[推荐评级]医药行业重点公司2018年一季报业绩前瞻：聚焦一季报 关注创新+升级主线,中财网
1288,2018-04-08,筹码趋于集中 3股股东户数降逾一成,证券之星
1289,2018-04-08,[推荐评级]医药行业2018年4月份投资月报暨Q2季度策略：创新+升级 从初春到盛夏,中财网
1290,2018-04-04,[推荐评级]医药生物行业2018年二季度策略报告：把握政策利好 聚焦创新和龙头,中财网
1291,2018-04-04,[买入评级]医药生物行业简报：电子处方销售试点对药店意味着什么?,中财网
1292,2018-04-03,[强于大市评级]深度*行业*医药行业周报：溢价率处于13百分位 加配创新药械/服务/连锁药店,中财网
1293,2018-04-03,零售药店分级管理本月广东率先实施 五股人气旺,证券时报
1294,2018-04-02,2018年药店整合走向或出现“剧情反转”,医药网
1295,2018-04-02,[推荐评级]医药商业行业快评：看好零售药店长期投资价值 短期波动或提供布局时机,中财网
1296,2018-04-02,[推荐评级]医药行业周报：行业数据表现亮眼 高景气度有望延续,中财网
1297,2018-04-01,医疗保健：高景气度有望延续 荐6股,长城证券
1298,2018-03-27,[推荐评级]医药行业周报：三把“火”有望催化医药“大年”,中财网
1299,2018-03-27,[审慎增持评级]大参林(603233)跟踪报告：精细化管理突出 业绩有望加速,中财网
1300,2018-03-22,长城证券：上调大参林评级至强烈推荐,Wind
1301,2018-03-22,[强烈推荐评级]大参林(603233)公司深度报告：广东连锁药店龙头 积极布局全国市场,中财网
1302,2018-03-21,巨丰早评：创业板突破前高后将加速上涨,巨丰财经
1303,2018-03-20,[买入评级]医药生物行业投资策略：提示多因素驱动下连锁药店的投资机会,中财网
1304,2018-03-20,巨丰收评：创业板突破在望,巨丰财经
1305,2018-03-20,医药电商午后拉升 大参林大涨,证券之星
1306,2018-03-19,[推荐评级]医药生物行业周报：医药行业迎来全新发展机遇,中财网
1307,2018-03-17,MSCI进场倒计时 外资已经提前入手,巨丰财经
1308,2018-03-15,国大药房、一心堂、老百姓……谁将是未来药店市场龙头？,E药经理人
1309,2018-03-15,[推荐评级]医药生物行业快评：职能部门完成顶层框架设计 看好部分细分行业发展机会,中财网
1310,2018-03-14,[买入评级]医药商业Ⅱ行业深度分析报告：多因素驱动下的连锁药店投资机会分析,中财网
1311,2018-03-14,[推荐评级]医药零售行业短评：重庆试点凭电子处方销售处方药 零售流通企业受益处方外流,中财网
1312,2018-03-13,医疗保健：多因素驱动下的连锁药店投资机会分析 荐5股,广发证券
1313,2018-03-13,【医药*全铭团队】坚定看好医药行业的向上拐点机会，建议增配医药,东吴研究所
1314,2018-03-07,[强烈推荐评级]零售药房专题报告：鉴美国经验研判国内零售药房行业整合趋势,中财网
1315,2018-03-06,医药保健行业:2017年业绩快报分析,长江证券
1316,2018-02-28,[增持评级]国泰君安医药行业3月策略暨年报业绩前瞻专题：聚焦高景气细分领域,中财网
1317,2018-02-12,"生物医药行业周报:估值中枢下移,部分公司投资价值已现",平安证券
1318,2018-02-06,[推荐评级]医药生物行业周报：寻找不确定中的确定性机会,中财网
1319,2018-02-04,【华创医药周报201806】寻找不确定中的确定性机会,华创医药组公众平台
1320,2018-02-04,医疗保健：论创新药估值方法 荐5股,长江证券
1321,2018-01-31,2018年药店整合走向或出现“剧情反转”,医药网
1322,2018-01-30,全国“围猎”连锁药店，数亿元和几千家药店背后有哪些资本，后续会如何发展？,和讯
1323,2018-01-29,生物医药行业周报:关注药品流通板块反弹机会,平安证券
1324,2018-01-25,鼎晖为什么在“精神病院第一股”申报前全部退出？,环球老虎财经
1325,2018-01-24,民营药店“四大家族”告诉你：连锁为什么要做电商,医药网
1326,2018-01-21,【华创医药周报201804】关注质优成长潜力股,华创医药组公众平台
1327,2018-01-15,2018年药企IPO开局不利？37家正在排队中……,医药地方台
1328,2018-01-15,大参林(603233)调研简报：加快门店布局业绩稳定增长,中财网
1329,2018-01-08,百人会观察|零售连锁市场变天！华泰资本、摩根资本、高瓴资本、医药工业资本等都在抢，为什么？,E药经理人
1330,2018-01-08,医药行业周报：总局总结一致性评价工作进展将协调落实医保支付等优惠政策,中财网
1331,2018-01-08,大参林：坚持互利共赢 综合竞争优势显著,中金在线
1332,2018-01-08,医药行业周报:医药消费升级投资机遇,中国网
1333,2018-01-08,医药生物行业:新年布局零售与服务的发展空间,中国网
1334,2018-01-08,"健之佳IPO:药店数量""掉队"" 曾因卖不合格产品被食药监点名 产品问题",中国网
1335,2018-01-06,上市不足半年再募资10亿元 大参林遇“成长烦恼”,中国经营报
1336,2018-01-02,医药行业2018年投资策略：正本清源柳暗花明,中财网
1337,2018-01-02,2017全年企业上市总费用195亿募集资金总额为2105亿,金融界
