,2021-12-29,投顾人才战！券商投顾扩容至6.8万，中信近5200名投顾实力布局，广发占比最高，一家中型券商增速亮了,财联社
0,2021-12-28,方正证券：股东中国信达已完成受让公司股份的过户登记手续,中证网
1,2021-12-28,岁末“变道” 知名分析师燕翔加盟方正证券,证券时报
2,2021-12-27,方正证券挖人补员？高管剧变后，研究所能否重构？,上证报
3,2021-12-27,方正证券(601901.SH)：政泉控股解质7.099亿股,格隆汇
4,2021-12-27,方正证券(601901.SH)股东政泉控股解除质押7.1亿股,智通财经
5,2021-12-27,高贵鑫任方正证券资管分公司总经理 彭小建不再代履职,中国经济网
6,2021-12-27,国信证券原策略首席分析师燕翔转战方正证券！任首席策略分析师、副所长,新浪
7,2021-12-27,国信证券原策略首席燕翔转投方正证券,智通财经
8,2021-12-27,券业又现首席变动：国信证券原策略首席分析师燕翔转战方正证券,中证网
9,2021-12-27,券业又现首席变动：国信证券原策略首席分析师燕翔转战方正证券,Wind
10,2021-12-26,券商人手大比拼！两家头部券商扩张，年内增员均超2000,Wind
11,2021-12-24,三湘印象日内振幅近20%，重庆游资获利了结,Wind
12,2021-12-23,方正证券：向子公司拨付5亿元增资款,中证网
13,2021-12-23,方正证券(601901.SH)：完成向方正和生投资拨付5亿元增资款项,格隆汇
14,2021-12-21,方正证券：公司一直致力于发展金融科技,Wind
15,2021-12-21,照完毕业照！6只妖股集体跌停，还有1只妖股上演地天板,搜狐
16,2021-12-21,关于同意方正证券股份有限公司为银华中证细分化工产业主题交易型开放式指数证券投资基金提供主做市服务的公告,上交所
17,2021-12-20,关于同意方正证券股份有限公司为南方上证科创板50成份交易型开放式指数证券投资基金提供主做市服务的公告,上交所
18,2021-12-19,除了备战北交所，券业今年还有这些关键词,Wind
19,2021-12-19,买卖6.8亿整体亏损！又有券商员工炒股被罚！,Wind
20,2021-12-17,券业2021年度罚单①丨28张罚单揭示经纪业务“花样违规” 23家券商被罚申万宏源“独中三元” 金融监管处罚,21世纪经济报道
21,2021-12-17,关于同意方正证券股份有限公司为建信中关村产业园封闭式基础设施证券投资基金提供主做市服务的公告,上交所
22,2021-12-17,中农立华：上海北信瑞丰资产管理公司、方正证券股份有限公司等7家机构于12月9日调研我司,证券之星
23,2021-12-17,安信证券首席策略分析师陈果离职，下一站是这家头部券商？,Wind
24,2021-12-16,又见券商换帅！今年来证券公司董事长、总经理变动已近30人 董监高成员变化,Wind
25,2021-12-16,天跃科技更换合作了八年的督导券商：2018年和2019年年报上演更正再更正戏码,挖贝网
26,2021-12-16,压力大全靠怼来发泄？光伏、半导体等行业频现卖方分析师互怼,Wind
27,2021-12-13,全面注册制来袭！内外资跑步进场，大盘看到4200点？来看机构最新解读,券商中国
28,2021-12-11,人保资管基金经理频繁离职，多只债券型产品募集失败 基金经理离任,Wind
29,2021-12-10,方正证券：本次竞拍由大连市中院主导,每日经济新闻
30,2021-12-09,【方正电子&科技】三安光电：中国的Wolfspeed正在启航,新浪
31,2021-12-07,年末券商研究所“引援”大战再升级 ：前方正证券研究所所长杨仁文宣布加盟国海证券，任总裁助理兼研究所所长,每日经济新闻
32,2021-12-07,高管大变动，三季度业绩下滑！方正证券股价年内跌逾24% 董监高成员变化,投资时报
33,2021-12-06,方正证券拟出售价值25亿资产提高流动性 正式退出瑞信证券瑞信集团或接盘 资产异常,长江商报
34,2021-12-03,掉队证券业融资潮方正证券“另类补血”：发债长期停滞转而抛售3机构股权变现,华尔街见闻
35,2021-12-03,快讯｜方正证券：拟出售南粤银行、盛京银行等公司股权 账面价值约为25.21亿元,财经网
36,2021-12-03,方正证券：补选曹诗男、何亚刚为董事会专门委员会成员 聘任崔肖为执委会委员,中证网
37,2021-12-03,关于同意方正证券股份有限公司为浦银安盛中证沪港深游戏及文化传媒交易型开放式指数证券投资基金提供主做市服务的公告,上交所
38,2021-12-03,方正证券：拟出售南粤银行、盛京银行等公司股权，盘活资产,澎湃新闻
39,2021-12-02,公告精选丨国海证券被没收违法所得1798万元；方正证券拟出售25.21亿元参股公司股权,21世纪经济报道
40,2021-12-02,方正证券：拟出售参股的南粤银行、盛京银行、瑞信证券等公司股权 账面价值约25.21亿元,中证网
41,2021-12-02,【晚间公告抢先看】方正证券拟出售25.21亿元参股公司股权、中国能建子公司签署152.2亿元海上风电场等项目,金融界
42,2021-12-02,晚间重要公告2021年12月2日星期四,Wind
43,2021-12-02,方正证券：阶段内“八二”现象与“二八”现象将互为“跷跷板” 但交易型市场特征还会越演越烈,新浪
44,2021-12-02,方正证券拟出售25.21亿元参股公司股权 含瑞信证券49％股权、盛京银行3.41％股权,金融界
45,2021-12-02,方正证券：拟择机出售瑞信证券49%股权等参股公司股权,Wind
46,2021-12-02,方正证券：拟出售25.21亿元参股公司股权,财联社
47,2021-12-02,关于同意方正证券股份有限公司为方正富邦中证科创创业50交易型开放式指数证券投资基金提供主做市服务的公告,上交所
48,2021-12-02,这家券商迎新研究所所长，计划覆盖逾30个研究小组,Wind
49,2021-12-02,这家券商迎新研究所所长！计划覆盖逾30个研究小组，总裁：打造一流研究所,券商中国
50,2021-12-01,又一中型券商打出“研究牌”！方正研究原所长杨仁文履新国海总助兼联席所长，卖方研究新势力加速涌入,财联社
51,2021-12-01,键凯科技：首创证券、方正证券等15家机构于11月2日调研我司,证券之星
52,2021-12-01,力合科技：申万菱信基金管理有限公司、方正证券股份有限公司等2家机构于11月26日调研我司,证券之星
53,2021-11-30,方正证券：结构行情会愈演愈烈 个股股价走势将大幅波动,新浪
54,2021-11-26,非银金融行业周报：本周周报地产预期改善提振非银情绪 北交所开市关注券商热度,新浪
55,2021-11-25,汤姆猫前董事长王健大败局，31岁掌舵上市公司，而今股票被打折卖,搜狐
56,2021-11-24,李道滢离任方正证券金立方 基金年内业绩亏损 基金经理离任,中国经济网
57,2021-11-24,账面总值约25亿元！方正证券拟出售参股公司股权，涉及两银行一券商,资本邦
58,2021-11-22,独董制度遭遇“存亡时刻”，打破“潜规则”真的无解吗？,Wind
59,2021-11-20,"高管两年换新率达67%，中山证券资管和固收要打造""小一创""？",Wind
60,2021-11-20,Gartner：2022年全球IT预算预增3.6%，“业务组合能力”将成CIO必备项,东方网
61,2021-11-19,福立旺：东吴证券、方正证券等10家机构于11月17日调研我司,证券之星
62,2021-11-17,“固收+”基金新发规模超去年全年 百亿爆款产品再现,和讯
63,2021-11-16,方正证券：降息预期可期 利好正在积蓄,新浪
64,2021-11-15,券商行业周报(2021年第四十二期)：北交所明确“行业黑名单” 持续关注财富管理提振作用,新浪
65,2021-11-13,券商厉兵秣马备战北交所：全产业链条布局成重点,Wind
66,2021-11-13,方正证券4位董监高辞职，来自中国平安授意？来看最新回应！,Wind
67,2021-11-13,股东重整进入执行阶段！方正证券4位董监高辞职，来自中国平安授意？来看最新回应！ 董监高成员变化,券商中国
68,2021-11-12,方正证券：高利等四位董监高辞职 董监高成员变化,中证网
69,2021-11-12,方正证券：关于董事及高级管理人员辞职的公告 董监高成员变化,新浪
70,2021-11-12,方正证券：关于监事会主席辞职的公告 董监高成员变化,新浪
71,2021-11-12,方正证券(601901.SH)总裁高利辞职,智通财经
72,2021-11-12,方正证券：公司董事、执行委员会副主任、总裁高利、董事廖航以及副总裁施光耀辞职 董监高成员变化,每日经济新闻
73,2021-11-12,方正证券(601901.SH)：总裁高利、副总裁施光耀因退休辞职,格隆汇
74,2021-11-12,方正证券：多名高管辞职 董监高成员变化,Wind
75,2021-11-12,方正证券：监事会主席因雍苹辞职 董监高成员变化,Wind
76,2021-11-12,方正证券昨日融资余额比上日增0.03%至13.66亿元,资本邦
77,2021-11-12,券商双11真拼了！40场直播，理财产品申购费率打1折,Wind
78,2021-11-11,方正证券怎么了？两个月换三位高管，收三张罚单,华夏时报
79,2021-11-11,方正证券上一日融券余量1120万股，融券余额在两融标的中排260名,资本邦
80,2021-11-09,微盛参加腾讯数字大会，再次获奖并进行主题演讲,金融界
81,2021-11-09,ETF生态圈|4只MSCI中国A50互联互通ETF做市商一览（附名单）,金融界
82,2021-11-09,方正证券:融资余额13.67亿元，融券余额为8604万元,资本邦
83,2021-11-08,关于对方正证券股份有限公司北京证券资产管理分公司采取出具警示函监管措施的决定 金融监管处罚,北京证监局
84,2021-11-08,上市首日攻下百亿成交，4只A50 ETF首秀成交比涨跌更抢眼！近20家做市券商名单公布，两大属性撞出火花,财联社
85,2021-11-08,方正证券：系统无忧结构扰动 本周大盘先抑后扬,金融界
86,2021-11-05,关于同意方正证券股份有限公司为国泰中证影视主题交易型开放式指数证券投资基金提供主做市服务的公告,上交所
87,2021-11-05,维信诺：方正证券、天风资管等6家机构于10月30日调研我司,证券之星
88,2021-11-04,翰宇药业：方正证券、方正证券等2家机构于10月29日调研我司,证券之星
89,2021-11-03,方正证券：市场并无系统性风险 更多的需关注结构性机会,新浪
90,2021-11-02,方正证券：慢牛基础并未改 跨年攻势仍存在,新浪
91,2021-11-02,开户引流考核指标不规范，有券商上海分支机构遭罚，开户引流绩效考核与激励早有监管要求 金融监管处罚,财联社
92,2021-11-02,方正证券第三季净利降25% 业绩发布后股价依旧萎靡 盈利能力下降,中国经济网
93,2021-11-02,券商金股来了！重点布局消费、新能源赛道，一批个股已率先上涨,Wind
94,2021-11-01,图解方正证券三季报：第三季度单季净利润同比减25.34% 盈利能力下降,证券之星
95,2021-10-31,方正证券：轻指数、重个股 回避“三高”股及传统奢侈品消费高价股,新浪
96,2021-10-31,犀牛财经早讯：证监会公布北交所基础制度 方正证券前三季度净利19.28亿,GPLP犀牛财经
97,2021-10-30,方正证券前三季度净利润同比增长30%,中证网
98,2021-10-30,券商代销江湖热战，异军突起各打什么牌？中信中金强在私募销售，广发东方兴业具资产端优势,财联社
99,2021-10-30,赚翻了！40家券商盈利排名来了,Wind
100,2021-10-29,方正证券(601901.SH)前三季度计提各项信用减值损失共计2.23亿元,智通财经
101,2021-10-29,方正证券(601901.SH)：第三季度净利降25.34%至6.28亿元 盈利能力下降,格隆汇
102,2021-10-29,方正证券：前三季度净利润同比增长30.08%,Wind
103,2021-10-29,方正证券公布三季报 前三季净利增加30.08%,新浪
104,2021-10-29,方正证券：前三季度实现归母净利润19.28亿元 同比增长30.08%,中证网
105,2021-10-29,方正证券：2021年第三季度净利润约6.28亿元，同比下降25.34% 盈利能力下降,每日经济新闻
106,2021-10-29,谱尼测试：方正证券、长江证券等85家机构于10月26日调研我司,证券之星
107,2021-10-29,天马轴承集团股份有限公司 2021年第三季度报告,证券日报
108,2021-10-27,对香港子公司管控方面存重大缺陷，方正证券和主要负责人均被处罚，公司这么解释 关联方问题,每日经济新闻
109,2021-10-27,缺人！券商秋招大门敞开，重点需要这几方面人才,Wind
110,2021-10-27,金徽酒：海通证券、方正证券等48家机构于10月25日调研我司,证券之星
111,2021-10-26,未依法履行对子公司的管理责任、有效监督等 方正证券遭罚 关联方问题,北京商报
112,2021-10-26,非银金融周报：人身险渠道产品再迎新规 券商三季报整体预增,新浪
113,2021-10-26,上市券商前三季度业绩前瞻：券商股价与业绩均现分化 争抢财富管理赛道 盈利能力下降,证券日报
114,2021-10-25,发生了什么？又有千亿券商3季度净利润下滑 盈利能力下降,Wind
115,2021-10-25,咋回事？这家券商业绩“爆冷”，股价一度逼近跌停！最新回应,中国基金报
116,2021-10-23,券商三季度业绩分化加剧，华林证券净利大降8成，受累投资浮亏 盈利能力下降,AI财经社
117,2021-10-23,周报丨多位银保监大员发声保险；互联网寿险细则出台,和讯
118,2021-10-23,一个月股价暴涨173% 新元科技收关注函 此前公司曾两次接待特定对象调研 关注函,大众证券报
119,2021-10-23,方正证券新控股股东落定，投研部门员工出走受关注,Wind
120,2021-10-23,三家券商前三季度业绩预喜,Wind
121,2021-10-22,爆冷！首份上市券商三季报出炉，净利润大降27%，两大业务收入缩水 盈利能力下降,中证报
122,2021-10-22,财鑫闻｜方正集团重整完毕 平安人寿和珠海国资代表分别持股66.5%和28.5%,大众网
123,2021-10-22,重组新进展！新方正集团成立，掌门人来自中国平安，方正证券迎新控股股东,21世纪经济报道
124,2021-10-22,新方正集团完成设立 方正证券控股权即将转移,中国经营报
125,2021-10-22,新方正集团成立 张心朔：重整是经济转型中常见现象,第一财经
126,2021-10-22,方正证券前三季度居湖南证券投诉量首位,中国经济网
127,2021-10-22,重组进展不断，新方正集团正式设立，方正证券迎新控股股东,新京报
128,2021-10-22,新方正集团成立！平安持股67%，方正证券迎新控股股东 三季度净利大增,券商中国
129,2021-10-22,新方正集团成立！平安持股67%，方正证券迎新控股股东，三季度净利大增三成,证券时报
130,2021-10-21,新方正集团设立 成方正证券控股股东,北京商报
131,2021-10-21,方正证券：市场蓝筹与题材间的跷跷板效应明显 结构性行情还在不断深化,新浪
132,2021-10-21,晚间重要公告2021年10月21日星期四,Wind
133,2021-10-21,方正证券最新公告：方正集团等五家公司已完成新方正集团的设立,中金在线
134,2021-10-21,方正证券：方正集团等五家公司已完成新方正集团设立,Wind
135,2021-10-21,平安集团欲出售医保科技业务？官方回应“消息不实” 资产异常,21世纪经济报道
136,2021-10-20,两融业务成券商业绩增长点 板块后续行情可期,大众证券报
137,2021-10-20,2家券商发布前三季度业绩快报,证券时报网
138,2021-10-20,方正证券股份有限公司 2021年前三季度业绩快报,证券日报
139,2021-10-19,方正证券：前三季度净利润19.3亿元,上证报
140,2021-10-19,方正证券前三季度归母净利润19.29亿元 同比增30.08%,北京商报网
141,2021-10-19,方正证券：目前公司经营正常，各项业务按照既定计划有序开展,每日经济新闻
142,2021-10-19,方正证券：2021年前三季度净利润约19.28亿元，同比增加30.08%,每日经济新闻
143,2021-10-19,方正证券披露业绩预告，第三季度净利6.27亿元环比增52%,阿尔法工场
144,2021-10-19,方正证券业绩快报：前三季度净利同比增长30.08%,中金在线
145,2021-10-19,方正证券：1-9月归母净利润为19.28亿元，同比增长30.08%,36氪
146,2021-10-19,方正证券(601901.SH)披露业绩快报 前三季度归母净利同比增30%至19.28亿元,智通财经
147,2021-10-19,方正证券：前三季度净利润同比增长30.08%（业绩快报）,Wind
148,2021-10-19,方正证券(601901.SH)业绩快报：前三季度归母净利增30.08%至19.28亿元,格隆汇
149,2021-10-19,方正证券业绩快报：前三季度净利润同比增长30.08%,Wind
150,2021-10-18,北交所投资者开户摸底：券商挖掘老客户潜能 投资者精选层打新热情高涨,证券日报网
151,2021-10-18,为成为证券公司5%以上股东，94%的收入靠虚增，审计机构北京兴华竟然没发现！ 欺诈造假,每日经济新闻
152,2021-10-18,刚刚，高盛宣布大消息！,Wind
153,2021-10-17,“卖方研究”竞争白热化，金融开放下外资券商寻求破局,Wind
154,2021-10-15,博瑞医药：方正证券、诺德基金等17家机构于9月1日调研我司,证券之星
155,2021-10-15,百亿私募“内讧”，自曝违规！29家券商被拖下水,Wind
156,2021-10-13,越秀金控：财信证券、方正证券等18家机构于10月12日调研我司,证券之星
157,2021-10-13,海天味业产品涨价3%-7%，或带动行业跟风,Wind
158,2021-10-12,渝股动态 | 欢瑞世纪大股东与质押券商达成和解，远达环保3000万元投零碳中和,上游新闻
159,2021-10-12,欢瑞世纪：股东欢瑞联合与方正证券达成和解，债务履行延期三年,财经网
160,2021-10-12,10月12日上市公司晚间公告速递,新浪
161,2021-10-12,欢瑞世纪：股东诉讼达成和解,e公司
162,2021-10-12,破发股恒誉环保净利连降 IPO募5亿方正证券赚0.45亿 盈利能力下降,中国经济网
163,2021-10-12,券业从业人员数量重回34万+，中信、中金财富大举招人,Wind
164,2021-10-09,9月金股组合亏损2.73% 10月荐股名单出炉 亏损,新浪
165,2021-10-08,北向资金今日净卖出25.72亿元，贵州茅台遭大幅净卖出超11亿元,Wind
166,2021-10-08,北交所精选层首批打新！就在今日，最新攻略来了,Wind
167,2021-10-08,"券商9月金股组合""战绩""：方正证券11.09%夺冠 天风最差",新浪
168,2021-10-05,10月券商金股组合出炉，这些个股获集中推荐,Wind
169,2021-10-01,“成也周期，败也周期”：9月券商金股组合收益率遭遇“滑铁卢”，多个金股组合跌超10%！,每日经济新闻
170,2021-09-30,中国华融全面清仓所持71.99%华融证券股份，待售券商含金量大比拼,21世纪经济报道
171,2021-09-30,前三季度资本市场工作盘点：深化改革步履坚定、从严监管力度不减,Wind
172,2021-09-29,营业部总经理借用他人账户买卖股票 方正证券被监管采取行政监管措施 金融监管处罚,中证网
173,2021-09-28,安必平：方正证券、创金合信基金等2家机构于9月24日调研我司,证券之星
174,2021-09-28,员工炒股被查 方正证券被行政监管 金融监管处罚,中新经纬
175,2021-09-28,海航控股披露重整计划草案，光大银行连收32张罚单，南京、广州第二轮集中供地不复首轮热度丨预警内参（第四十二期） 金融监管处罚,21世纪经济报道
176,2021-09-27,“组团”跳槽，安信证券研究所5名首席离职,Wind
177,2021-09-27,券商分支机构合规无小事！监管罚单近期密集出现，从业人员违规炒股屡添新案，廉洁从业也出“幺蛾子” 金融监管处罚,财联社
178,2021-09-27,方正证券两基金增聘傅岳鹏 一只新成立另一只年内亏6%,中国经济网
179,2021-09-27,又见券商员工炒股被查！方正证券一营业部总经理借用他人账户炒股，被湖南证监局约谈 其他违规处罚,和讯
180,2021-09-27,调味品龙头要涨价？股价已有表现，最新回应来了,Wind
181,2021-09-27,关于对方正证券股份有限公司采取责令增加内部合规检查的次数并提交合规检查报告措施的决定,湖南证监局
182,2021-09-26,达安基因：方正证券、创金合信基金等3家机构于9月23日调研我司,证券之星
183,2021-09-24,方正证券：中国平安拟间接控制公司,全景网
184,2021-09-24,金盾股份(300411.SZ)：周建灿抵偿给方正证券的2880万股完成过户,格隆汇
185,2021-09-24,证券行业2021年中报综述：财富管理转型加速 龙头券商保持稳健,新浪
186,2021-09-22,方正证券退出沈阳机床集团2.18%股权,乐居财经
187,2021-09-22,近50家券商开门迎客，北交所潜在投资者近800万？,Wind
188,2021-09-22,北交所预约开户假日不打烊，多家券商闪电上线,Wind
189,2021-09-19,北交所开户预约火爆！头部券商预约成功人数已过万,Wind
190,2021-09-19,"券商火速响应北交所""开户""，头部上万名客户已搞定",Wind
191,2021-09-17,方正证券退出融和东能80%股权,乐居财经
192,2021-09-17,发生了什么？这家公司被股东“薅走”20亿，股价却连续涨停,Wind
193,2021-09-17,新元科技：方正证券于9月16日调研我司,证券之星
194,2021-09-17,新北洋：方正证券、国融证券等8家机构于9月15日调研我司,证券之星
195,2021-09-17,三全食品：太平洋资管、方正证券等13家机构于9月16日调研我司,证券之星
196,2021-09-15,中航机电：广发证券、方正证券自营等14家机构于9月13日调研我司,证券之星
197,2021-09-14,爱玛科技：方正证券、东方证券等9家机构于9月10日调研我司,证券之星
198,2021-09-14,中石油一度涨近9%！超20亿资金出逃25倍芯片牛股,Wind
199,2021-09-14,2021年9月第2周策略周报：全球疫情第三轮浪潮间接延长本轮周期行情持续至2021Q4,新浪
200,2021-09-13,北向资金净卖出额创近一个月新高，白酒、有色股遭抛售,Wind
201,2021-09-09,斯莱克：方正证券、ALLIANCE BERNSTEIN等21家机构于9月7日调研我司,证券之星
202,2021-09-09,中国证监会行政许可申请终止审查通知书(方正证券股份有限公司) 资质撤销,证监会
203,2021-09-09,证监会：因主动要求撤回申报材料，终止对方正证券行政许可申请审查,Wind
204,2021-09-09,金宏气体：方正证券、北京方圆金鼎投资等28家机构于9月8日调研我司,证券之星
205,2021-09-09,北向资金今日净买入超26亿元，连续11日扫货宁德时代累计加仓超70亿,Wind
206,2021-09-08,北向资金结束连续12日净买入，中国平安、歌尔股份净卖出均超6亿元,Wind
207,2021-09-08,方正证券股东洗牌，中国信达受让7.10亿股股权进阶第三大股东,资本邦
208,2021-09-08,解盘：资源股强势，网络游戏、纯碱、盐湖提锂、火电领涨,Wind
209,2021-09-08,【行情】券商股异动拉升，天风证券涨超7%，东方财富、方正证券、华泰证券、招商证券等跟涨,金十数据
210,2021-09-08,【中证盘前】王府井换股吸并首商股份16日起均停牌；中国信达成方正证券主要股东；攀钢钒钛拟46亿元收购西昌钒制品,中证报
211,2021-09-08,刚刚，1.6万亿巨头成方正证券三股东，手握2张券商牌照！二股东90亿股权等着卖,券商中国
212,2021-09-07,中国信达成方正证券主要股东获核准，10.9亿股三拍会否加速落地？“问题股东”状况或将迎刃而解,财联社
213,2021-09-07,方正证券：获准变更主要股东,每日经济新闻
214,2021-09-07,方正证券主要股东变更获批，中国信达跻身其前五大股东之列 控制人变化,新京报
215,2021-09-07,晚间公告｜9月7日这些公告有看头,第一财经
216,2021-09-07,北向资金追平年内最长净买入纪录累计加仓超550亿，美的集团净买入超11亿元,Wind
217,2021-09-07,方正证券上半年营收增两成 员工薪酬福利总额增8.6%,中国经济网
218,2021-09-07,一次进5位首席！又有券商发力卖方研究，今年分析师流动多而频,Wind
219,2021-09-06,北向资金连续11日净买入累计扫货近500亿，宁德时代大幅净买入超15亿元,Wind
220,2021-09-03,方正证券：拟于9月22日召开2021年第二次临时股东大会,发布易
221,2021-09-03,协鑫能科：长江证券、方正证券等23家机构于9月2日调研我司,证券之星
222,2021-09-02,力合微：银华基金、方正证券等5家机构于8月31日调研我司,证券之星
223,2021-09-02,关于核准方正证券股份有限公司变更主要股东的批复,证监会
224,2021-09-01,洁特生物：汇添富基金、方正证券等2家机构于8月24日调研我司,证券之星
225,2021-09-01,晶瑞电材：华安证券、方正证券等126家机构于8月27日调研我司,证券之星
226,2021-08-31,逾700家上市公司上半年炒493只A股：哪些亏损，哪些赚钱？,第一财经
227,2021-08-31,股东重整、股权拍卖扰动频出，方正证券上半年净利13亿超去年全年,21世纪经济报道
228,2021-08-31,控股股东重整展业难度加大，方正证券上半年净利翻倍，经纪业务“基本盘”仍是亮点,财联社
229,2021-08-31,方正富邦基金上半年实现净利润-579.5万元 方正证券有66.7％股权,金融界
230,2021-08-31,【行情】证券板块异动拉升，国投资本涨超6%，方正证券、中信证券、锦龙股份、中金公司等跟涨,金十数据
231,2021-08-31,方正证券半年赚13亿 股权重整仍在进行中,全景网
232,2021-08-30,方正证券：上半年净利润同比增长102.7%,Wind
233,2021-08-30,方正证券上半年净利润13.01亿元 超去年全年,凤凰网
234,2021-08-30,方正证券(601901.SH)半年度归母净利同比增长102.70%至13.01亿元,智通财经
235,2021-08-30,鸿利智汇：方正证券、拾贝投资等6家机构于8月28日调研我司,证券之星
236,2021-08-30,方正证券半年报：上半年净利润13亿元 同比增102.7%,财联社
237,2021-08-30,方正证券(601901.SH)半年度净利润13.01亿元 同比增长102.7%,格隆汇
238,2021-08-28,晶晨股份：富达投资、方正证券股份有限公司等129家机构于8月1日调研我司,证券之星
239,2021-08-27,券商首席抱团跳槽 方正证券遇多事之秋,第一财经
240,2021-08-26,方正证券研究所人事地震：六首席“组团”跳槽，多位有新财富光环,Wind
241,2021-08-26,罕见一幕！6位券商首席集体跳槽,Wind
242,2021-08-23,方正证券：产业资本入局，苏宁易购整合升级进入全新时代,搜狐
243,2021-08-23,方正证券给予苏宁易购推荐评级：走出底部，新苏宁易购启航,和讯
244,2021-08-22,方正证券：万亿量能常态化？盘双底将完成,金融界
245,2021-08-19,方正证券(601901.SH)于8月27日每股派发现金红利0.01元,智通财经
246,2021-08-13,激光雷达纪要,半导体风向标
247,2021-08-09,【方正电子&科技】AIoT芯片研究框架,新浪
248,2021-08-05,方正证券：新方正集团尚未设立,每日经济新闻
249,2021-08-03,方正证券(601901.SH)：政泉控股所持约10.9亿股的第二次司法拍卖已流拍 司法拍卖,格隆汇
250,2021-08-03,二次流拍！方正证券10.9亿股股票拍卖“无人问津”，上半年净利同比翻番,中证报
251,2021-08-02,方正证券10.9亿股份遭遇二次流拍 司法拍卖,北京商报
252,2021-08-02,陆家嘴财经早餐2021年8月2日星期一,Wind
253,2021-08-02,打折卖都没人要！方正证券10.9亿股再度流拍，股权变动何时才能落定？ 司法拍卖,券商中国
254,2021-08-01,"现实版纸上谈兵？证券分析师 "" 怒怼 "" 中芯国际技术大拿：你算老几？",ZAKER
255,2021-08-01,10.9亿股方正证券股票二拍流拍，价值89亿相较首拍已打九四折,Wind
256,2021-08-01,电报|10.9亿股方正证券股票二拍流拍 价值89亿相较首拍已打九四折 司法拍卖,财联社
257,2021-07-31,疯传！分析师“怒怼”中芯国际大咖：你算老几？还有人喊话张坤“要多反省”，发生了什么？,21世纪经济报道
258,2021-07-31,芯片研究员开始集体膨胀了！公开diss张坤要多反思反省 骂中芯国际技术大拿算老几,新浪
259,2021-07-31,让张坤“反省”、质问光刻胶专家“算老几”……消费股溃败之下，电子研究员们的“集体狂躁”,21世纪经济报道
260,2021-07-31,"周末刷屏！比行情还火爆，讨论半导体太激动？分析师""怒怼""中芯国际技术大拿：你算老几？",券商中国
261,2021-07-29,财华洞察|大哥还是大哥，中信证券的中期业绩有何启示？,财华社
262,2021-07-25,研究所竞争格局生变：中金晋升第一，东亚前海迅速组队,新浪
263,2021-07-24,方正证券二季度基金持仓分析：加仓成长，减仓价值,方正证券
264,2021-07-22,方正证券：新方正集团尚未设立,每日经济新闻
265,2021-07-22,方正证券：方正证券持有瑞信方正49%的股份,每日经济新闻
266,2021-07-21,4家券商发布上半年业绩快报,证券时报网
267,2021-07-21,方正证券上半年净利润13.01亿元 同比增长超100%,和讯
268,2021-07-20,持久动荡反迎业绩高增长，方正证券半年净利翻倍超去年全年，平安+方正>2仍被寄厚望,财联社
269,2021-07-20,方正证券：上半年净利润同比增长102.7%（业绩快报）,Wind
270,2021-07-20,亮眼！方正证券：预计2021年上半年净利润约13.01亿元，同比增加102.70%,每日经济新闻
271,2021-07-20,方正证券业绩快报：上半年净利润13.01亿元 同比增103%,e公司
272,2021-07-20,方正证券业绩快报：上半年净利同比增长102.7%,财联社
273,2021-07-20,方正证券(601901.SH)业绩快报：半年度净利润升102.7%至13亿元,格隆汇
274,2021-07-19,7月以来多家券商股东现变动！ 一边外资股东“抢”进场、一边拍卖却遭流拍 缘何冷热不均？ 司法拍卖,北京商报
275,2021-07-17,股价大涨推高起拍价，政泉控股所持方正证券1.09亿股首次拍卖无人问津 司法拍卖,21世纪经济报道
276,2021-07-16,方正证券(601901.SH)股东政泉控股所持股份将被第二次司法拍卖,智通财经
277,2021-07-16,方正证券：股东北京政泉控股所持13.24%公司股份将被第二次司法拍卖 司法拍卖,Wind
278,2021-07-15,解盘：金融拉指数，白酒、保险、光伏屋顶领涨,Wind
279,2021-07-15,【行情】证券板块短线拉升，方正证券涨超4%，光大证券、中金公司、华创阳安跟涨,金十数据
280,2021-07-13,盘点2021券商人均营销实力,新浪
281,2021-07-12,北向资金今日净买入16.42亿元，新能源股表现分化,Wind
282,2021-07-12,方正证券受困“内斗”五年净利降七成 易主中国平安或与平安证券合并,发现网
283,2021-07-12,【中信建投 非银】降准改善交易情绪，继续看好券商板块表现,中信建投非银金融研究
284,2021-07-10,平安“接盘”方正再迎新进展，方正证券易主后如何与平安证券共处？,华夏时报
285,2021-07-08,方正证券再现人事变动，时隔两年后“老将”韩振国重掌研究所！,环球老虎财经
286,2021-07-08,入主“新方正集团” 中国平安能得到什么？,财联社
287,2021-07-08,交易早点（7月8日）,广金期货
288,2021-07-08,中金首以财务顾问亮相，“重整”方正成中国平安史上最大并购案，首次披露权益报告透露四大关键点,财联社
289,2021-07-08,平安重组方正进入实操阶段：中金公司担任财务顾问 合法合规解决平安证券与方正证券同业竞争问题,21世纪经济报道
290,2021-07-08,四家上市公司齐发股权变更公告，“白衣骑士”来自同一家大金主,Wind
291,2021-07-08,平安证券与方正证券合并呼声颇高,南都报
292,2021-07-08,财经早资讯：降准等货币政策将适时运用，瑞丽市姐告国门社区调整为高风险地区,财经网
293,2021-07-08,四家上市公司齐发股权变更公告 “白衣骑士”竟来自同一家大金主,上证报
294,2021-07-08,南财早新闻丨国常会重提“降准”；互联网22起违法实施经营者集中案被处罚,21世纪经济报道
295,2021-07-08,【经纬早班车】神州租车8日退市，新能源汽车股普跌蔚来跌超8%,中新经纬
296,2021-07-08,摩登大道时尚集团股份有限公司 关于控股股东所持部分公司股份 司法拍卖股权完成过户的公告 司法拍卖,证券时报
297,2021-07-08,方正证券: 简式权益变动报告书,证券之星
298,2021-07-08,方正证券: 中国国际金融股份有限公司关于方正证券股份有限公司详式权益变动报告书之财务顾问核查意见,证券之星
299,2021-07-08,ST摩登: 股票交易异常波动暨股票交易风险提示公告,证券之星
300,2021-07-07,方正证券：中国平安将间接持有方正证券28.71%股权,腾讯网
301,2021-07-07,电报｜中金作为方正重组财务顾问亮相平安承诺合法合规解决平安证券与方正证券同业竞争,财联社
302,2021-07-07,方正证券：平安信托将通过合法合规的方式解决平安证券与公司同业竞争问题,Wind
303,2021-07-07,时隔两年方正证券研究所老所长韩振国重掌帅印：从事卖方研究16年 他如何看当下卖方研究人才流失,财联社
304,2021-07-07,时隔两年，方正证券研究所老所长韩振国重掌帅印，从事卖方研究16年，他如何看当下卖方研究人才流失,财联社
305,2021-07-07,时隔两年，方正证券研究所老所长韩振国重掌帅印，从事卖方研究16年，他如何看当下卖方研究人才流失,证券之星
306,2021-07-07,方正证券研究所所长变动：时隔两年多韩振国“回归”重掌大局,澎湃新闻
307,2021-07-07,新东家，新气象！韩振国重新执掌方正证券研究所,证券之星
308,2021-07-07,“强辅助”来了？ 中国平安拟入局方正证券 券业大猜想纷起,国际金融报
309,2021-07-07,方正集团重整计划迎来新进展，中国平安揽入方正证券等资产，股价能企稳反弹吗？,财华社
310,2021-07-07,方正证券研究所所长变动，卖方研究老将韩振国再次担任所长,Wind
311,2021-07-07,并购方正集团另一面： 中国平安(02318)迈入基础科研“深水区”,智通财经
312,2021-07-07,平安、方正合并进行时 新航母券商在崛起？,21世纪经济报道
313,2021-07-07,“强辅助”来了？ 中国平安拟入局方正证券 券业大猜想纷起,新浪
314,2021-07-06,方正集团重整计划获批 中国平安拿下方正证券、北大医药控制权 减资破产,新浪
315,2021-07-06,方正证券要“改姓”了？加入“平安系”板上钉钉，347家网点最值钱,时代财经
316,2021-07-06,重组计划获批！中国平安“入主”新方正集团,环球老虎财经
317,2021-07-06,中国平安“拿下”方正证券，与平安证券如何共处？,券商中国
318,2021-07-06,控股股东拟变更为新方正集团、中国平安拟间接控制 方正证券早盘高开4% 控制人变化,新浪
319,2021-07-06,【中证盘前】上海电气涉嫌信披违规遭立案调查；闻泰科技将间接持有英国晶圆生产商100%权益；中国平安拟间接控制方正证券,中证报
320,2021-07-05,券业震动：方正证券将易主 中国平安接盘后或与平安证券合并？ 控制人变化,新浪
321,2021-07-05,重整计划生效方正证券改换门庭在即， 中国平安或将间接控股 减资破产,21世纪经济报道
322,2021-07-05,控股股东及实控人拟变更：方正证券再向平安证券“深度靠拢”？股价却波澜不惊,财联社
323,2021-07-05,*ST天马(002122.SZ)：股东喀什星河累计被动减持1.72%股份 减持股份,格隆汇
324,2021-07-05,方正证券控股股东及实控人将发生变更 控制人变化,上证报
325,2021-07-05,方正证券控股股东拟变更为新方正集团 由中国平安间接控股 控制人变化,北京商报
326,2021-07-05,方正证券大股东变更，中国平安拟间接持股28.71% 控制人变化,搜狐
327,2021-07-05,方正证券(601901.SH)公司实控人拟由北京大学变更为无实控人 控制人变化,智通财经
328,2021-07-05,方正证券(601901.SH)：控股股东拟变更为新方正集团 控制人变化,格隆汇
329,2021-07-05,方正证券：中国平安拟间接控制公司,Wind
330,2021-07-05,新方正集团成立！平安人寿持股66.5%，方正证券迎新控股股东,资本邦
331,2021-06-30,瑞信方正更名变身瑞信证券，公司CEO曾表示一年内实现全资控股,Wind
332,2021-06-30,瑞信方正更名变身瑞信证券，公司CEO曾表示瑞信集团一年内实现全资控股,21世纪经济报道
333,2021-06-30,第三代半导体领涨电子板块 供需剪刀差仍在扩大,第一财经
334,2021-06-28,券商行业周报(2021年第二十三期)：约束债承低价竞争 看好财富管理转型,新浪
335,2021-06-24,海底捞4个月市值缩水近2600亿！张勇别了新加坡首富宝座,Wind
336,2021-06-24,【方正电子】电源管理芯片研究框架——行业深度报告,新浪
337,2021-06-23,中国证券监督管理委员会行政复议决定书（门赫）,证监会
338,2021-06-23,年内已跌23%！股价跌跌不休股民反复质问中国平安最新回应来了,证券之星
339,2021-06-22,方正证券10.9亿股权无人接盘，“青睐者”为何不出手？,第一财经
340,2021-06-22,“疯狂”的芯片：只问交期不问价格,Wind
341,2021-06-22,平安、信达均未出手！方正证券近百亿股权流拍 司法拍卖,环球老虎财经
342,2021-06-22,10.9亿股方正证券股份拍卖无人出价，价值百亿股票首拍流拍 司法拍卖,资本邦
343,2021-06-22,方正证券股权无人接盘 首次拍卖流拍 什么情况？ 司法拍卖,证券之星
344,2021-06-22,10.9亿股方正证券拍卖无人出价，近十万人围观 司法拍卖,财联社
345,2021-06-22,科技主线持续发酵，科创50指数创今年来新高,Wind
346,2021-06-21,价值百亿股票流拍！10.9亿股方正证券拍卖无人出价，近十万人围观，最终花落谁家？平安、信达引猜测 司法拍卖,财联社
347,2021-06-21,方正证券(601901.SH)：政泉控股被司法拍卖的约10.897亿股已流拍 司法拍卖,格隆汇
348,2021-06-21,说明诉讼纠纷进展情况等 迈威生物答科创板首轮问询,资本邦
349,2021-06-21,科技股行情能走多远？关键因素是要出“爆款”,Wind
350,2021-06-19,中证协发布去年证券公司社会责任履行情况统计,Wind
351,2021-06-19,券业38项指标排名出炉，投资能力分化显著,Wind
352,2021-06-19,5月全国房地产销售与投资依旧保持韧性 可关注两条主线,方正证券
353,2021-06-18,中信建投：不排除未来择机并购其他券商的可能,Wind
354,2021-06-17,券商APP 5月活跃度排行出炉：华泰、国泰君安和平安月活人数位居三强，日活人数TOP20中8家券商下降超10%！,每日经济新闻
355,2021-06-17,券商股午后异动，湘财股份大涨6%,Wind
356,2021-06-17,【行情】证券板块短线拉升，湘财股份涨超5%，南京证券、方正证券、东方财富、财达证券等跟涨,金十数据
357,2021-06-17,【行情】A股证券板块异动拉升，南京证券涨超4%，中泰证券、东方财富、华林证券、方正证券等跟涨,金十数据
358,2021-06-17,A股融资融券日报：两融余额减少69.57亿元（6月16日）,Wind
359,2021-06-11,A股融资融券日报：两融余额增加67.59亿元（6月10日）,Wind
360,2021-06-09,“碳中和”政策推进，关注三个领域的投资机会,方正证券
361,2021-06-08,A股融资融券日报：两融余额增加70.11亿元（6月7日）,Wind
362,2021-06-08,看好券商行业投资机会，关注两条主线,东北证券
363,2021-06-07,A股融资融券日报：两融余额减少27.87亿元（6月4日）,Wind
364,2021-06-06,MCU产业链 l 一张图,半导体风向标
365,2021-06-05,*ST北讯落寞退市兴业基金子公司两产品已浮亏90%1.85亿自有资金或打水漂 重仓股票异动,ZAKER
366,2021-06-05,*ST北讯落寞退市 多位定增参与者被深套 退市,21世纪经济报道
367,2021-06-04,昔日“明星股”今黯然退市！高价参与定增的股东浮亏90%,Wind
368,2021-06-04,军工行业高景气正在向中下游传导，建议重点关注三条主线,方正证券
369,2021-06-01,A股融资融券日报：两融余额增加114.99亿元（5月31日）,Wind
370,2021-05-31,非银金融行业周报：证监会公布券商“白名单” 助推行业高质量发展,渤海证券
371,2021-05-31,A股早报2021年5月31日星期一,Wind
372,2021-05-31,A股融资融券日报：两融余额增加33.03亿元（5月28日）,Wind
373,2021-05-30,板块拾金|一天一个样！新能源、半导体、金融...轮动市到底看谁？策略收好！,第一财经
374,2021-05-29,小米：五大看点,半导体风向标
375,2021-05-29,政策利好频发，券商股持续估值修复,Wind
376,2021-05-29,方正证券股权结构再生变,新浪
377,2021-05-28,寻找金融科技的赋能王者,新浪
378,2021-05-28,乾景园林：共同实际控制人杨静转让4.98%公司股份给李晓燕 减持股份,Wind
379,2021-05-28,方正证券：控股股东《重整计划（草案）》获表决通过,Wind
380,2021-05-28,A股资金流向（5月28日）：券商龙头持续获青睐,Wind
381,2021-05-28,午评：指数早盘走势分化 锂电池板块大涨,ZAKER
382,2021-05-28,券商板块再度走强 ，方正证券兴业证券涨停，关注两类股,证券时报网
383,2021-05-28,券商板块午前走强，兴业证券、方正证券涨停，券商ETF（512000）跑赢超8成成份股,资本邦
384,2021-05-28,券商股大幅拉升，方正证券、兴业证券涨停,金融界
385,2021-05-28,方正系板块强势 方正证券涨停,新浪
386,2021-05-28,满屏涨停！刚刚，这板块大爆发，万亿巨头飙8%,Wind
387,2021-05-28,A股午盘综述：上证指数微涨，锂电池概念大爆发,Wind
388,2021-05-28,方正证券（601901.SH）首板,Wind
389,2021-05-28,券商股再度拉升 兴业证券、方正证券涨停,e公司
390,2021-05-28,券商股午前再度拉高，兴业证券3日2板,Wind
391,2021-05-28,方正系板块大涨 方正证券涨幅居前,新浪
392,2021-05-28,方正证券大涨,新浪
393,2021-05-27,金盾股份：周纯、周建灿持股比例变更为11.45%，原二股东被动成为第一大股东 控制人变化,Wind
394,2021-05-27,方正证券旗下孔典熠离任所管基金，仍继续从事权益研究 基金经理离任,资本邦
395,2021-05-27,关于同意方正证券股份有限公司为华安恒生科技交易型开放式指数证券投资基金（QDII）提供主做市服务的公告,上交所
396,2021-05-26,方正证券孔典熠离任两基金 目前不再管理基金 基金经理离任,中国经济网
397,2021-05-26,方正证券：不法分子冒充公司及员工从事违法活动，已向警方报案 欺诈造假,证券时报网
398,2021-05-26,传播链再延长，广州一家三口感染！疫苗板块怎么走,Wind
399,2021-05-26,解盘：百亿资金流入，纸业、化工、IDC、次新略涨,Wind
400,2021-05-26,4个信号+投行唱多，本轮行情会走的更远,Wind
401,2021-05-26,方正证券：基金经理孔典熠不再管理旗下2只基金,和讯
402,2021-05-26,今日股市行情最新消息 今日股市新闻（5月26日）,至诚财经
403,2021-05-26,A股融资融券日报：两融余额增加26.93亿元（5月25日）,Wind
404,2021-05-26,北向资金净流入创纪录，A股再现万亿成交,Wind
405,2021-05-26,北向资金单日净买额创历史新高，上证指数放量突破箱体上沿,Wind
406,2021-05-25,合并传闻再起！761亿元市值的方正证券将易主，平安证券已派人员进驻核心部门？ 控制人变化,国际金融报
407,2021-05-25,放量暴涨后牛市逻辑已现？反弹窗口期多方会试图挑战前期高点,澎湃新闻
408,2021-05-25,方正证券：投资人观察员进场工作须得到管理人许可 不参与决策,e公司
409,2021-05-25,电报|平安证券派人进驻方正证券多个核心部门？方正证券:没有上述派驻,财联社
410,2021-05-24,A股收盘综述：上证指数止步三连跌，创业板指涨0.85%,Wind
411,2021-05-24,频现股权出售拍卖，民营银行迎加速洗牌期 资产异常,ZAKER
412,2021-05-24,国常会7天内两次“点名”大宗商品涨价，周期股行情结束？,Wind
413,2021-05-24,国内外流动性趋稳，部分行业估值进入合意区间,方正证券
414,2021-05-23,近11亿股方正证券股票将拍卖，起拍价88.76亿元 司法拍卖,搜狐
415,2021-05-22,方正证券10.9亿股拍卖，起拍价近90亿元，平安证券能否成为“白衣骑士”？ 司法拍卖,时代周报
416,2021-05-22,大股东重整、二股东涉案，方正证券能否引入体面的“第三大股东”？ 关联方问题,ZAKER
417,2021-05-21,*ST游久：第二、第三大股东所持股份被轮候冻结 股权冻结,Wind
418,2021-05-21,方正证券近11亿股遭拍卖，谁来接盘？ 司法拍卖,环球老虎财经
419,2021-05-21,与破产重整交织，11亿股方正证券股权进入司法拍卖，起拍价近89亿元，或与方正集团破产重整融为一盘棋 司法拍卖,财联社
420,2021-05-21,方正证券11亿股拍卖：88亿起拍，白衣骑士入驻观察,Wind
421,2021-05-21,周期股“焦灼期”来了？三大指数翻绿，谁能占C位？,Wind
422,2021-05-21,方正证券：政泉控股持有的13.24%公司股份将被司法拍卖 司法拍卖,中证网
423,2021-05-21,A股融资融券日报：两融余额增加9.63亿元（5月20日）,Wind
424,2021-05-20,股东所持股份遭拍卖 方正证券股权结构或受影响 司法拍卖,北京商报
425,2021-05-20,方正证券(601901.SH)股东政泉控股所持10.9亿股将被司法拍卖 司法拍卖,智通财经
426,2021-05-20,方正证券：股东所持股份将被司法拍卖 司法拍卖,Wind
427,2021-05-20,A股融资融券日报：两融余额增加46.4亿元（5月19日）,Wind
428,2021-05-19,10.9亿股方正证券股票拟进行网拍 起拍价88.76亿元,中证网
429,2021-05-19,价值百亿股票流拍！10.9亿股方正证券拍卖无人出价，近十万人围观，最终花落谁家？平安、信达引猜测 司法拍卖,财联社
430,2021-05-19,中国信达成方正证券主要股东获核准，10.9亿股三拍会否加速落地？“问题股东”状况或将迎刃而解,财联社
431,2021-05-19,10.9亿股方正证券股份拍卖无人出价，价值百亿股票首拍流拍 司法拍卖,资本邦
432,2021-05-19,芯片未来将在材料和封装上创新，关注五个投资方向,方正证券
433,2021-05-18,A股融资融券日报：两融余额增加66.37亿元（5月17日）,Wind
434,2021-05-17,哈投股份(600864.SH)拟以持有的民生银行及方正证券不超30%股份参与出借交易,智通财经
435,2021-05-17,【行情】证券板块午后下挫走弱，第一创业跌近4%，天风证券、方正证券、南京证券跟跌,金十数据
436,2021-05-17,券商股大幅分化,Wind
437,2021-05-17,A股融资融券日报：两融余额增加42.69亿元（5月14日）,Wind
438,2021-05-17,券商股突然爆发，释放见底信号？,Wind
439,2021-05-17,方正证券：“十四五”垃圾分类规划印发，收转装备、湿垃圾处置需求高,证券时报网
440,2021-05-16,【兴证金融 傅慧芳】非银周报（210510-210516）：专属商业养老保险开展试点，券商财富管理转型超预期,兴证金融
441,2021-05-15,“牛市旗手”突然大爆发！估值和业绩“背离”太久了，航母公司要火了？,中国基金报
442,2021-05-15,迎接升浪还是逢高减仓？机构分歧有点大,Wind
443,2021-05-14,“类滞胀”重现，或进入“紧信用”？二级市场承压，券商行业配置出炉,21世纪经济报道
444,2021-05-14,金盾股份(300411.SZ)：方正证券将持有公司7.08%的股份,格隆汇
445,2021-05-14,金盾股份：方正证券持有公司股份2880万股，占总股本7.08%,Wind
446,2021-05-14,AMD最新纪要,半导体风向标
447,2021-05-14,收评：沪指放量涨1.77%，创业板指大涨超3%，券商板块爆发,证券时报网
448,2021-05-14,方正证券大涨,新浪
449,2021-05-13,券商策略百家争鸣：盈利与估值谁导王者归来？,Wind
450,2021-05-12,一季度券商业绩出现分化，重点布局头部券商,东北证券
451,2021-05-12,中证报：通胀总体可控，货币政策以稳为主,Wind
452,2021-05-12,惊了！券商分公司老总竟兼职酒店经理挣外快，监管出手了！,中国基金报
453,2021-05-11,6.8%！4月PPI涨幅创新高，货币政策怎么走,Wind
454,2021-05-11,A股融资融券日报：两融余额增加58.16亿元（5月10日）,Wind
455,2021-05-11,大宗商品价格再现“上涨潮”，货币政策继续“稳字当头”,Wind
456,2021-05-10,金科文化(300459.SZ)：股东王健所持公司股份被司法冻结约1.1亿股 股权冻结,格隆汇
457,2021-05-10,北向资金连续3日净买入，白酒股重获资金加仓,Wind
458,2021-05-10,兴业证券罕见跌停！买券商股果然难赚钱，3天蒸发3000亿，国家队走人,时代财经
459,2021-05-10,解盘：百亿资金流入，顺周期、数字货币、医美、疫苗走强,Wind
460,2021-05-10,A股午盘综述：上证指数涨0.06%，再现“煤飞色舞”,Wind
461,2021-05-10,A股融资融券日报：两融余额减少25.99亿元（5月7日）,Wind
462,2021-05-10,非银金融行业双周报：估值低位 关注短期边际变化个股,新浪
463,2021-05-09,并购传闻拉涨股价，券商整合能否1+1>2,国际金融报
464,2021-05-09,券商业绩大分化！自营业务拉开业绩差距,Wind
465,2021-05-08,数钱数到手抽筋：券商“卖产品”卖出7万亿大市场！“财富管理转型”之路由此开启？,每经头条
466,2021-05-07,方正证券(601901.SH)对被执行人王健强制执行申请获杭州中院受理 违约失信,智通财经
467,2021-05-07,北向资金分化加剧，中国平安、贵州茅台再遭净卖出逾5亿元,Wind
468,2021-05-07,方正证券：杭州中院对被执行人王健采取执行措施，王健欠付公司2.585亿元及利息等,Wind
469,2021-05-07,A股收盘综述：上证指数录得三连阴，创业板指下挫逾3%,Wind
470,2021-05-07,目标价48.8港元，人瑞人才(06919.HK)近日获第一上海、方正证券等多家机构买入评级,格隆汇
471,2021-05-07,券商行业周报：一季报业绩显着提升 头部券商表现亮眼,新浪
472,2021-05-07,A股午盘综述：上证指数涨0.42%，“煤飞色舞”行情再现,Wind
473,2021-05-07,券商股持续羸弱，国盛金控一度跌停,Wind
474,2021-05-07,非银行金融行业快报：平安参与方正集团重组进展点评,新浪
475,2021-05-07,什么情况？1500亿券业龙头突然跌停，何事拖累？,Wind
476,2021-05-06,中国平安参与方正集团重整，券商是否合并成关注焦点,和讯
477,2021-05-06,方正证券：5月6日获主力资金净流入4.31亿元,每日经济新闻
478,2021-05-06,最全！40家上市券商2020年业绩大起底：中信、国君、海通等5家净利超百亿；兴业证券增速最惊艳！,每日经济新闻
479,2021-05-06,平安集团参与重整 方正证券早盘涨停成交额暴增,21世纪经济报道
480,2021-05-06,中国平安(601318.SH/02318.HK)参与方正集团重整，加快构建医疗健康生态圈，多家机构维持买入评级,格隆汇
481,2021-05-06,券商股怎么了？头部券商放量跌停，重组券商破板“埋人”，各自遇难题，机构认为正开启磨底走势,证券之星
482,2021-05-06,2000亿市值券商龙头早盘跌停，还是这个原因？,Wind
483,2021-05-06,2000亿市值券商龙头早盘跌停 还是这个原因？,上证报
484,2021-05-06,创指半日跌超3% 煤炭、钢铁板块逆市大涨,中新经纬
485,2021-05-06,三大指数集体低开，疫苗股全线大跌，方正证券涨停 连续下跌,每日经济新闻
486,2021-05-06,解盘：资金小幅流入，煤炭、纯碱、金属、火电领涨,Wind
487,2021-05-06,A股午盘综述：创业板指跌3.21%，疫苗概念深度回调,Wind
488,2021-05-06,方正集团重组落地节后开盘多数上涨天风证券料将助力平安打造“保险+医疗健康”长期优势,格隆汇
489,2021-05-06,中国平安参与方正集团重整 方正证券、北大医药、中国高科涨停,金融界
490,2021-05-06,方正集团重组落地方正系股票冲高后集体回落,格隆汇
491,2021-05-06,方正证券一字涨停 中国平安参与方正集团重整,新浪
492,2021-05-06,方正证券涨停，平安人寿参与方正集团重整,Wind
493,2021-05-06,方正集团重组落地 平安最多掏出500亿 涉及4只A股上市公司,巨丰财经
494,2021-05-06,方正集团重整方案揭晓 减资破产,广州日报
495,2021-05-05,优质医疗资源为构建医疗健康生态圈补齐基础设施—中国平安参与方正集团重整点评 | 中国平安（601318）重大事项点评【华创非银】,华创非银
496,2021-05-04,券商现在有没有可能来一波？,格隆汇
497,2021-05-04,平安参与方正重组 | 获取新方正集团绝对控股权，对价是否合理取决于后续整合【中泰金融·陆韵婷/戴志锋】,传统借贷vs新型金融
498,2021-05-03,牛市旗手的盛宴要来？券业两大利好预期仍在酝酿,Wind
499,2021-05-03,牛市旗手的盛宴要来？超级增持、重磅重组、盛大捧场接连上演，两大利好预期仍在酝酿,券商中国
500,2021-05-02,【中信建投金融】中国平安投资方正集团点评：搭建医疗生态圈，构建产品+服务核心壁垒,大金融研究
501,2021-05-02,中国平安(601318)：重整方正 医疗生态圈再升级,新浪
502,2021-05-01,这一决定性板块又亮了：4月券商金股平均涨幅创年内新高，7大组合年内累计收益超10%！,每日经济新闻
503,2021-05-01,陆家嘴财经早餐2021年5月1日星期六,Wind
504,2021-05-01,重磅官宣！平安出手“拯救”，最多砸508亿！最新回应了,中国基金报
505,2021-04-30,方正证券合并落定？斥资数百亿受让新方正集团股权，平安看中什么,新京报
506,2021-04-30,中国平安将入主新方正 733亿对价拿下超值资产,搜狐
507,2021-04-30,重磅！平安人寿参与方正集团重整，最高出资507.5亿,中新经纬
508,2021-04-30,晚间重要公告2021年4月30日星期五,Wind
509,2021-04-30,平安、方正合并传闻再起，中国平安或实控方正证券,Wind
510,2021-04-30,平安人寿最多508亿出手，中国平安将控制新方正集团！涉及这些A股公司，方正证券尾盘爆拉！最新回应来了,e公司
511,2021-04-30,重磅！最高支付507.5亿，平安人寿参与方正集团重整，涉4家上市公司！是否合并或出售寿险等金融牌照？平安集团回应 减资破产,每日经济新闻
512,2021-04-30,难怪方正证券尾盘异动：中国平安确定将主导收购 最高508亿现金拿下新方正集团70%股权,财联社
513,2021-04-30,券商年报|方正证券业绩增速跑输行业 自营投资收入近乎“腰斩” 盈利能力下降,新浪
514,2021-04-30,控股股东及实控人拟变更，方正证券再向平安证券“深度靠拢”？新股东正式入主，方正股价却波澜不惊,财联社
515,2021-04-30,联姻绯闻频出？这次是真的！中国平安拟500亿重整方正，券商格局又将改写,时代财经
516,2021-04-30,方正证券控股股东和实际控制人或发生变更 控制人变化,上证报
517,2021-04-30,方正证券：控股股东方正集团重整协议已生效 减资破产,Wind
518,2021-04-30,平安与各方签署方正集团重整投资协议，将获得新方正控股权,Wind
519,2021-04-30,方正集团重整计划草案如期提交，多种选择提升债权人清偿率,Wind
520,2021-04-30,2021-04-3016:14方正证券：2020年实现营业收入75.42亿元?同比增长14.36%,中证网
521,2021-04-30,快讯｜传中国平安将收购方正证券？方正证券：不知情,每日经济新闻
522,2021-04-30,方正证券股价尾盘短线拉涨，传中国平安考虑收购其部分股份,AI财经社
523,2021-04-30,消息称中国平安正考虑收购方正证券部分股权,中华网
524,2021-04-30,中国平安据悉考虑收购方正证券部分股权，与平安证券整合冲刺券商十强,Wind
525,2021-04-30,【行情】方正证券股价短线拉涨，跌幅收窄至6%,金十数据
526,2021-04-30,方正证券2020年营收75.42亿元 2021年一季度净利8.89亿元,证券日报网
527,2021-04-30,财富管理业务领跑，方正证券2021年一季度净利大增134.53%,和讯
528,2021-04-30,着力建设七大能力 方正证券一季度净利增长135%,上证报
529,2021-04-30,中信国君海通一季度净利居前三，投资能力成“硬核”,财联社
530,2021-04-30,方正证券2020年实现归母净利润10.96亿元，同比增长8.82%,资本邦
531,2021-04-30,【行情】券商板块多股走低，东吴证券、方正证券跌7%，国联证券、光大证券等跌2%,金十数据
532,2021-04-30,方正证券：2021年第一季度净利润约8.89亿元，同比增加134.53%,每日经济新闻
533,2021-04-30,方正证券(601901.SH)年度归母净利润同比增长8.82%至10.96亿元,智通财经
534,2021-04-29,方正证券：2020年净利润同比增长8.82%,Wind
535,2021-04-29,方正证券：一季度净利润同比增长134.53%,Wind
536,2021-04-29,方正证券(601901.SH)2020年度净利润升8.82%至10.96亿元 拟10派0.1元,格隆汇
537,2021-04-29,方正证券(601901.SH)一季度净利润升134.53%至8.89亿元,格隆汇
538,2021-04-29,牛市旗手彻底爆发！啥情况？3家券商首季营收超百亿,Wind
539,2021-04-29,张坤、刘彦春还爱吗？茅台罕见失速，1日跌600亿,Wind
540,2021-04-29,“国家队”大举减持券商股！“牛市旗手”不香了？,Wind
541,2021-04-29,券商“联姻”风声再起，证券业新一波并购浪汹涌来袭,Wind
542,2021-04-28,券商一季报大排行：中信国君海通净利居前三，有头部自营增超50倍，投资能力成一季度“核心竞争力”,证券之星
543,2021-04-28,券商“联姻”风声再起，证券业新一波并购浪汹涌来袭,第一财经
544,2021-04-28,北向资金连续4日增持A股，贵州茅台逆市遭抛售近10亿元,Wind
545,2021-04-28,港股异动︱映客(03700)涨超6% 方正证券首次覆盖给予“强烈推荐”评级并看高目标价至3.05港元,智通财经
546,2021-04-27,非银金融行业周报：券商推进财富管理转型 估值静待改善,新浪
547,2021-04-27,【中原非银】券商板块周报：2021.4.19-2021.4.25,中原证券研究所
548,2021-04-27,从平安方正到天风长江，券商“联姻”又是空穴来风？,时代周报
549,2021-04-26,北京城建2020年棚改结转放缓 部分外拓项目面临“算账”难题,中国经营报
550,2021-04-26,方正证券大涨6.16%，振幅7.12%,中新经纬
551,2021-04-25,中国证监会市场禁入决定书（陈韶隽、黄智俊） 其他违规处罚,证监会
552,2021-04-24,金盾股份：公司股东收到执行裁定书 诉讼纠纷,Wind
553,2021-04-23,又见传闻引爆市场！这两家券商要合并？股价瞬间涨停！最新回应来了,腾讯网
554,2021-04-22,券商合并传闻再起，这次风声“传”到了平安证券与方正证券,澎湃新闻
555,2021-04-22,又有券商“联姻”？方正证券一度涨停，平安证券回应合并传闻,环球老虎财经
556,2021-04-22,八一钢铁直线拉升封板！钢铁煤炭有色卷土重来,Wind
557,2021-04-22,与方正证券合并？平安证券：没有这方面信息,Wind
558,2021-04-22,与方正证券合并,金十数据
559,2021-04-22,券商再度异动拉升，一季度证券印花税接近2018年总和,Wind
560,2021-04-22,券商板块拉升 方正证券拉升触板,上证报
561,2021-04-22,券商股异动攀升，方正证券涨停,Wind
562,2021-04-22,【行情】证券板块短线拉升，方正证券涨超5%，国盛金控、国联证券、国金证券、中金公司跟涨,金十数据
563,2021-04-22,券商股逆势走强，板块个股全线飘红,Wind
564,2021-04-20,3家券商发布一季度业绩快报 方正证券净利润最高,同壁财经
565,2021-04-20,A股早报2021年4月20日星期二,Wind
566,2021-04-20,上市公司正负面新闻2021年4月20日星期二,Wind
567,2021-04-19,晚间重要公告2021年4月19日星期一,Wind
568,2021-04-19,方正证券(601901.SH)：一季度净利升134.53%至8.89亿元,格隆汇
569,2021-04-19,方正证券(601901.SH)披露业绩快报 第一季度归母净利润同比增长134.53%,智通财经
570,2021-04-19,方正证券(601901.SH)披露业绩快报 2020年度归母净利润同比增长8.82%,智通财经
571,2021-04-19,方正证券：2020年净利润同比增长8.82%（业绩快报）,Wind
572,2021-04-19,方正证券：一季度净利润同比增长134.53%（业绩快报）,Wind
573,2021-04-19,A股收盘综述：创业板指大涨超4%，创逾14个月最大单日升幅,Wind
574,2021-04-19,方正证券2020年归母净利润10.96亿元 同比增8.82%。,北京商报
575,2021-04-15,关于同意方正证券股份有限公司为华泰柏瑞中证1000交易型开放式指数证券投资基金提供主流动性服务的公告,上交所
576,2021-04-13,三年投入550亿，券商全力布局金融科技,财经网
577,2021-04-13,【行情】券商板块小幅异动，光大证券涨超3%，方正证券、中金公司等跟涨,金十数据
578,2021-04-13,21家A股上市银行“大阅兵”：4家实现不良“双降”,Wind
579,2021-04-12,十大券商：股指性价比高，市场仍在右侧！这一板块将成为市场新主角,Wind
580,2021-04-12,A股融资融券日报：两融余额减少32.23亿元（4月9日）,Wind
581,2021-04-09,A股融资融券日报：两融余额增加19.55亿元（4月8日）,Wind
582,2021-04-09,金融委会议特别提示关注大宗商品价格，影响有多大？,Wind
583,2021-04-09,超2.2万亿债券到期，债券供给潮来袭，4月流动性将何去何从？,Wind
584,2021-04-07,关于同意方正证券股份有限公司为易方达中证云计算与大数据主题交易型开放式指数证券投资基金提供主流动性服务的公告,上交所
585,2021-04-06,A股收盘综述：指数窄幅整理，氢能及燃料电池概念股爆发,Wind
586,2021-04-06,A股午盘综述：上证指数跌0.32%，创业板指跌超1%,Wind
587,2021-04-06,十大券商：市场反弹已在逐步开启！4月收阳为大概率事件,Wind
588,2021-03-30,又见涨停！这个策略近期“一抓一个准”,Wind
589,2021-03-29,碳中和推动水泥行业高质量发展 关注两条投资主线,方正证券
590,2021-03-24,券商进入高性价比，再融资、收购绯闻满天飞,Wind
591,2021-03-24,解盘：顺周期拖累指数，白酒、环保、证券、乳业略涨,Wind
592,2021-03-24,券商股群起上攻，国联证券三连板,Wind
593,2021-03-24,券商股持续活跃，国盛金控率先封板,Wind
594,2021-03-24,【行情】券商板块走强，国联证券涨逾5%，方正证券涨近4%,金十数据
595,2021-03-24,券商股盘初即表现强势，国联证券领涨5%,Wind
596,2021-03-23,非银金融行业周观点：券商股权新规落地 板块并购预期或升温,新浪
597,2021-03-23,A股融资融券日报：两融余额增加83.08亿元（3月22日）,Wind
598,2021-03-22,【明日主题前瞻】这一“碳中和”领域掀起抢装潮，安装费用较去年涨超1倍，相关企业订单已排至十月份,财联社
599,2021-03-22,非银金融行业：保险核心在利率 券商有望迎来反弹,新浪
600,2021-03-22,非银金融行业跟踪：年报季拉开大幕 关注个股业绩预期差,新浪
601,2021-03-22,方正证券：预计联想集团(0992.HK)2024财年市值约为475亿美元，维持“推荐”评级,格隆汇
602,2021-03-19,券商股午后异动，方正证券涨超4%,Wind
603,2021-03-19,每日理财观察：机构调仓换股路线图浮出水面,Wind
604,2021-03-17,方正证券执行委员会主任何亚刚：推动行业文化建设行稳致远——方正证券企业文化建设实践,中证协
605,2021-03-17,《中国证券》| 方正证券何亚刚：推动行业文化建设，行稳致远，砥砺前行,中证协发布
606,2021-03-15,上市险企前2月保费增6.26%，迎来修复时机,Wind
607,2021-03-15,十大券商：止跌反弹如期开启，进攻才是最好的防守,Wind
608,2021-03-11,执委会制度正在中国证券业落地生根！为何更多券商选择这一制度,财联社
609,2021-03-11,A股融资融券日报：两融余额减少53.4亿元（3月10日）,Wind
610,2021-03-08,倒春寒！IPO现场检查大显威力，创业板重灾区,Wind
611,2021-03-07,下周操盘攻略：解禁规模骤降九成，11只新股申购,Wind
612,2021-03-05,字节版Clubhouse能成吗？,钛媒体
613,2021-03-05,关于同意方正证券股份有限公司为银华中证沪港深500交易型开放式指数证券投资基金提供主流动性服务的公告,上交所
614,2021-03-05,关于同意方正证券股份有限公司为国泰中证动漫游戏交易型开放式指数证券投资基金提供主流动性服务的公告,上交所
615,2021-03-04,券商大幅计提凸显重资本业务风险,证券市场周刊
616,2021-03-02,中国证券监督管理委员会行政复议决定书（门赫） 金融监管处罚,湖南证监局
617,2021-03-02,中国证券监督管理委员会行政复议决定书（门赫） 金融监管处罚,宁波证监局
618,2021-03-02,中国证券监督管理委员会行政复议决定书（门赫） 金融监管处罚,新疆证监局
619,2021-03-02,中国证券监督管理委员会行政复议决定书（门赫） 金融监管处罚,湖北证监局
620,2021-03-02,中国证券监督管理委员会行政复议决定书（门赫） 金融监管处罚,广东证监局
621,2021-03-02,中国证券监督管理委员会行政复议决定书（门赫） 金融监管处罚,厦门证监局
622,2021-03-02,中国证券监督管理委员会行政复议决定书（门赫） 金融监管处罚,深圳证监局
623,2021-03-02,中国证券监督管理委员会行政复议决定书（门赫）,证监会
624,2021-03-02,3000亿海底捞净利跌90%，股价却涨120%,Wind
625,2021-03-01,方正证券：2月金股组合亏损0.78% 3月荐股名单出炉 亏损,新浪
626,2021-03-01,不可思议！A股成交火爆，竟有四成券商营业部亏损,Wind
627,2021-03-01,陆家嘴财经早餐2021年3月1日星期一,Wind
628,2021-03-01,券业“大年”北深超四成营业部亏损，转型迫在眉睫 亏损,Wind
629,2021-02-27,华金证券控股权易手，接手方珠海华发系方正集团重整投资者之一，是否意味着退出方正证券角逐？ 减资破产,财联社
630,2021-02-25,方正证券一营业部前员工操作他人股票账户未报备 被出具警示函 金融监管处罚,新浪
631,2021-02-25,A股融资融券日报：两融余额减少10.38亿元（2月24日）,Wind
632,2021-02-24,A股融资融券日报：两融余额减少8.57亿元（2月23日）,Wind
633,2021-02-23,方正证券:预计B站2025年活跃用户数规模近4亿 予目标价204.94美元,新浪
634,2021-02-22,券商急招周期板块分析师！能赶上这波行情吗？,上证报
635,2021-02-22,方正证券：独立董事辞职 董监高成员变化,Wind
636,2021-02-22,方正策略：资产价格何时见顶？兼论金融、经济、股市、商品周期,方正证券
637,2021-02-19,关于同意方正证券股份有限公司为华宝中证智能制造主题交易型开放式指数证券投资基金提供主流动性服务的公告,上交所
638,2021-02-18,“全球复苏”色调渐浓，机构期盼A股开门红,Wind
639,2021-02-08,一举解决同业竞争 国泰君安从上海证券增资获益11亿,财联社
640,2021-02-08,方正证券员工违规收警示函 公司去年12月信用减值损失超2亿元 金融监管处罚,和讯
641,2021-02-08,A股收盘综述：沪指缩量涨逾1%，进入假期模式,Wind
642,2021-02-07,茅台经销商被约谈：要求每瓶1499元敞开供应,Wind
643,2021-02-07,方正证券一员工违规收警示函 操作他人账户买卖股票 金融监管处罚,中国经济网
644,2021-02-04,姜超离职海通证券！卖方大佬们最终都去哪儿了？,上证报
645,2021-02-03,惊呆！千亿白马闪崩，还一度跌上热搜,云掌财经
646,2021-02-03,东北证券--非银金融行业周报：大盘回调到位，券商板块有望带领指数反弹【行业研究】,金融界股吧
647,2021-02-02,方正证券(601901.SH)完成增加经营范围工商变更登记 业务变化,格隆汇
648,2021-02-02,证券行业周报：年度系统工作会议召开 首月业绩预计向好,新浪
649,2021-02-02,方正证券大跌6.39%报8.65元 成交额27092万元 连续下跌,中新经纬
650,2021-02-02,【行情】券商股开盘走弱，湘财股份触及跌停，西部证券、方正证券跌超5%，哈投股份、中银证券等个股纷纷下挫,金十数据
651,2021-02-02,A股融资融券日报：两融余额减少18.24亿元（2月1日）,Wind
652,2021-02-02,券商行业周报(2021年第四期)：证监会部署改革重点 行业业绩大幅上升,新浪
653,2021-02-01,非银金融行业跟踪：板块估值已至低位 静待流动性改善,新浪
654,2021-02-01,方正证券：维持传音控股(688036.SH)“推荐”评级 业绩成长路线明晰,智通财经
655,2021-02-01,十大券商一周策略：最恐慌时点已过，等待节后新高！,券商中国
656,2021-01-31,叶叶财经：企业年报大戏即将开场，下周股市行情主要看两个方面！,云掌财经
657,2021-01-31,下周操盘攻略：春节前最后一周，调仓最后良机？,Wind
658,2021-01-30,24家上市券商计提减值218亿元，股票质押风险缓释,Wind
659,2021-01-30,方正集团重整：方正证券去哪？3家重整联合体各有最钟爱,财联社
660,2021-01-30,注册制新股躁动，C字头个股大涨；风华秋实赴港IPO，旗下艺人鹿晗自带巨大流量；集美新材终止IPO，方正证券撤销保荐｜IPO周报,创业邦
661,2021-01-30,方正证券股份有限公司 关于控股股东重整的进展公告 关联方问题,中证报
662,2021-01-29,北大方正战投悬念揭晓！中国平安及国资参与，已申报债权2347亿,新浪
663,2021-01-29,“光伏茅”1天半蒸发534亿，白酒板块强势领涨,中国基金报
664,2021-01-29,解盘：成交量低迷，航空、白酒、CRO、影视略涨,Wind
665,2021-01-29,券商板块拉升 方正证券涨逾7%,上证报
666,2021-01-29,【行情】A股券商板块异动，方正证券大涨8%，湘财股份、招商证券,金十数据
667,2021-01-29,券商股异动走强，方正证券大涨8%,Wind
668,2021-01-29,重组的最新消息或可为这些上市公司带来表现，稍稍提高其资产的吸引力。,财华社
669,2021-01-29,券业大年遭爆雷风险蚕食，全行业资产损失将超200亿元,21世纪经济报道
670,2021-01-29,方正证券金港湾六个月持有期债券型集合,中证报
671,2021-01-28,“中国校企巨无霸”迎来“白衣骑士”！平安、珠海华发和深圳特发组团重组，方正证券并入平安？,证券时报网
672,2021-01-28,A股融资融券日报：两融余额减少3.98亿元（1月27日）,Wind
673,2021-01-28,9家券商计提减值超115亿，股质业务仍是最大风险,券商中国
674,2021-01-28,比拼流动性，30只权益ETF新增做市商,Wind
675,2021-01-27,A股收盘综述：上证指数涨0.11%，创业板指探底回升,Wind
676,2021-01-27,A股午盘综述：创业板指涨0.26%，盘中一度跌近2%,Wind
677,2021-01-27,A股融资融券日报：两融余额减少91.71亿元（1月26日）,Wind
678,2021-01-27,沪指再次失守3600点，市场担心什么？,Wind
679,2021-01-26,MPS风险足额计提，光大证券2020年净利24亿增幅325%，连续计提出清风险，21家券商计提减值超百亿 资产异常,财联社
680,2021-01-26,A股缩量调整，再次失守3600点，市场担心什么？,Wind
681,2021-01-26,方正证券：联想集团(0992.HK)值得用全维度的视角再发现、再认知予其“推荐”评级,格隆汇
682,2021-01-26,券商“丰收年”业绩报喜 机构看好龙头券商配置机会,财富动力网
683,2021-01-25,20家券商计提减值超90亿！是计提“刚需”？还是隐藏利润？太平洋证券盘中断崖下跌莫非踩了雷？ 资产异常,财联社
684,2021-01-25,方正证券(601901.SH)获准增加业务范围,格隆汇
685,2021-01-25,方正证券：控股股东管理人延期提交重整计划草案 减资破产,Wind
686,2021-01-25,【研报掘金】券商密集公布业绩预告行业景气度得到验证 坚定看好板块跨年行情,证券时报网
687,2021-01-24,【兴证金融】券商仍处于低配水平，东方财富加仓明显——基金2020Q4券商持仓分析,兴证金融
688,2021-01-23,“券商一哥”中信证券“失速”，中信建投证券加速追赶,Wind
689,2021-01-22,方正证券(601901.SH)完成增加经营范围工商变更登记 业务变化,格隆汇
690,2021-01-22,A股收盘综述：沪指回撤险守3600点，创业板指大涨逾2%,Wind
691,2021-01-22,2020年上交所期权百强营业部巡展-方正证券上海延安西路营业部,上交所期权之家
692,2021-01-21,王思聪被强制执行源于为人担保，知情人士：并非投资失败欠债不还,Wind
693,2021-01-21,信用减值损失加速暴露方正证券去年计提金额超7亿元,经济观察报
694,2021-01-21,LPR连续9个月原地踏步，流动性将迎周期性拐点？,第一财经
695,2021-01-21,A股融资融券日报：两融余额增加72.63亿元（1月20日）,Wind
696,2021-01-21,每日财报｜中联重科盈利超60亿方正证券减持损失2.02亿,搜狐
697,2021-01-21,17家券商公布2020年业绩，经纪业务成中小券商业绩爆发点,Wind
698,2021-01-20,方正证券全面计提已超7亿 行业人士：收购的提前量？,财联社
699,2021-01-20,方正证券：计提信用减值损失2.03亿元 减少公司2020年度合并报表净利润1.71亿元 盈利能力下降,中证网
700,2021-01-20,方正证券：计提2亿元信用减值损失 将减少年度净利1.71亿元 盈利能力下降,e公司
701,2021-01-20,方正证券(601901.SH)：计提信用减值损失共计2.025亿元,格隆汇
702,2021-01-20,方正证券：公司及全资子公司方正香港金控确认信用减值损失共计2.02亿元,Wind
703,2021-01-20,新能源又火了，A股千亿巨头狂拉15%！港股又炸了,中国基金报
704,2021-01-20,52只股北向资金持有流通盘的比例超10%,证券之星
705,2021-01-20,关于同意方正证券股份有限公司为富国中证大数据产业交易型开放式指数证券投资基金提供主流动性服务的公告,上交所
706,2021-01-20,方正证券计提信用减值损失累计达20250.04万元,北京商报
707,2021-01-19,关于同意方正证券股份有限公司为银华中证光伏产业交易型开放式指数证券投资基金提供主流动性服务的公告,上交所
708,2021-01-18,券商行业周报(2021年第二期)：债承“价格战”遭肃清 推动行业良性竞争,新浪
709,2021-01-18,A股成交额连续十日超万亿的背后,上证报
710,2021-01-16,2021年教育行业投资策略：持续关注管理红利 回归线下流量价值,金融界
711,2021-01-15,连续5个月超量投放惯例被打破！今天MLF为何缩水,上证报
712,2021-01-15,关于同意方正证券股份有限公司为易方达中证军工交易型开放式指数证券投资基金提供主流动性服务的公告,上交所
713,2021-01-14,抱团股砸盘能否上车？机构称优质股抱团未尝不可,Wind
714,2021-01-14,北向资金高比例持有股票名单,证券之星
715,2021-01-14,央行公开市场连续“地量”操作，市场流动性无虞,Wind
716,2021-01-14,A股融资融券日报：两融余额增加15.74亿元（1月13日）,Wind
717,2021-01-14,低量高频逆回购，央行维稳流动性祭出新手法,Wind
718,2021-01-13,3000多个股下跌，抱团龙头欺人太甚？茅台创新高,上证报
719,2021-01-13,双雄爆发！200亿资金抢筹，券商给出2021百亿盈利预测,中证报
720,2021-01-13,连续7日成交破万亿+大金融躁动，A股现3大信号,Wind
721,2021-01-12,A股大涨1.6万亿，哪来的大水？三大信号引关注,券商中国
722,2021-01-12,外资机构透露重磅信息，火热一幕重现？,Wind
723,2021-01-12,深度*行业*证券行业券商板块12月数据点评：股债行情全面上行 证监会定调资本市场改革方向,新浪
724,2021-01-12,51只股北向资金持有流通盘的比例超10%,证券之星
725,2021-01-11,A股融资融券日报：两融余额减少4.31亿元（1月8日）,Wind
726,2021-01-08,明星分析师都去哪了？券商研究所5年离职数据大解剖,新财富
727,2021-01-08,关于同意方正证券股份有限公司为华安中证电子50交易型开放式指数证券投资基金提供主流动性服务的公告,上交所
728,2021-01-08,央行持续净回笼无碍资金面宽松,Wind
729,2021-01-07,2020券商跳槽大观：研究所离职人数最多的竟然是这家,21世纪经济报道
730,2021-01-07,机构最近都在买哪些股？,证券之星
731,2021-01-07,A股融资融券日报：两融余额增加74.06亿元（1月6日）,Wind
732,2021-01-06,3000亿“牛市旗手”爆发，“春季躁动”提前启动？,中证报
733,2021-01-06,券商股节后开门红 为何游资和北上资金都在关注这只标的？,红周刊
734,2021-01-06,券商股节后开门红 方正证券在49只券商股的总市值排名中仅排第14位,中研网
735,2021-01-06,猝不及防！6天暴涨50%牛股突然崩了，刚套现4亿,中国基金报
736,2021-01-06,中金恋阿里，华兴靠京东？投行垄断独角兽成新趋势,券商中国
737,2021-01-06,A股融资融券日报：两融余额增加120.41亿元（1月5日）,Wind
738,2021-01-05,方正证券龙虎榜数据（1月5日）,Wind
739,2021-01-05,1月5日深市创业板活跃股公开信息,深交所
740,2021-01-05,【行情】券商板块走弱，国盛金控跌6%，方正证券、中金公司、山西证券、中银证券等下挫,金十数据
741,2021-01-05,【行情】证券板块震荡走弱，国盛金控、方正证券跌6%，中金公司、中泰证券、华鑫股份等均跌逾4%,金十数据
742,2021-01-05,A股融资融券日报：两融余额增加246.38亿元（1月4日）,Wind
743,2021-01-05,北向资金动向盘点：剔除非正常扰动看方向,Wind
744,2021-01-05,北向资金出逃，一日卖出海康威视39亿元,21世纪经济报道
745,2021-01-05,开门红成交破万亿 绩优牛市毋庸置疑,财富动力网
746,2021-01-05,A股开年动力足，券商挖掘金股忙,Wind
747,2021-01-04,3日2涨停的方正证券(601901.SH)：不存在未披露的重大信息,格隆汇
748,2021-01-04,方正证券龙虎榜数据(1月4日）,Wind
749,2021-01-04,方正证券：12月金股组合盈利3.91% 1月荐股名单出炉,新浪
750,2021-01-04,中国证券监督管理委员会行政复议决定书（门赫）,证监会
751,2021-01-04,方正证券、中原证券涨停,Wind
752,2021-01-04,关于同意方正证券股份有限公司为广发中证创新药产业交易型开放式指数证券投资基金提供主流动性服务的公告,上交所
753,2021-01-04,A股早报2021年1月4日星期一,Wind
754,2021-01-04,金融行业周报：房贷集中度管理制度出炉 退市新规落地,新浪
755,2021-01-04,2021：外资继续抢购核心资产,财富动力网
756,2021-01-01,券商2020年度研究能力大起底：最牛金股阳光电源涨近600% 96股表现不如人意,时代财经
757,2021-01-01,货币政策向前看：稳字当头，不急转弯,上证报
758,2020-12-31,涨停板复盘：收官战指数全线走高 沪指全年振幅近30%,新浪
759,2020-12-31,涨停板解密：军工、券商股火爆引领市场（12月31日）,Wind
760,2020-12-31,巨头集体嗨了！这些指数创多年新高！机构：坚定看多！,e公司
761,2020-12-31,牛市旗手爆发涨停潮，沪指冲击年内最高点,中证报
762,2020-12-31,解盘：百亿资金回流，半导体、稀土、智能交通、疫苗领涨,Wind
763,2020-12-31,A股午盘综述：上证指数半日涨0.83%，茅台、五粮液、宁德时代等再创新高,Wind
764,2020-12-31,一份研报引爆牛市？至少25只个股评级被调高，来看名单,券商中国
765,2020-12-31,【行情】券商板块异动，方正证券、中原证券涨停，国盛金控、山西证券、哈投股份全线走高,金十数据
766,2020-12-31,中原证券、方正证券涨停，券商板块快速拉升,Wind
767,2020-12-31,上证指数高开0.15%，海运、汽车、券商板块领涨,Wind
768,2020-12-31,【信达非银】券商春季躁动如期而至,朝闻金融
769,2020-12-30,车路协同再迎重磅文件商业落地、技术发展再成发展重心这一环节或率先受益,科创板日报
770,2020-12-30,券商股再次拉升，方正证券涨停,Wind
771,2020-12-30,券商板块发力走高 方正证券国盛金控涨停,证券时报网
772,2020-12-30,方正证券大涨5.02%，成交1.47亿元,中新经纬
773,2020-12-30,券商板块再度走高 方正证券涨逾8%,上证报
774,2020-12-30,【行情】证券板块持续拉升，方正证券涨超8%，华鑫股份涨5%，华西证券、西部证券等跟涨,金十数据
775,2020-12-29,外资看“中国资本市场30年”：更大力度投资中国正当其时,第一财经
776,2020-12-26,又一家券商受罚！研报出现重大错误，中泰证券遭监管责令改正！ 金融监管处罚,Wind
777,2020-12-25,【行情】券商板块再度拉升，中原证券涨停，国信证券、西部证券、方正证券、东兴证券、国联证券跟涨,金十数据
778,2020-12-25,券商股发力带领三大股指翻红 机构：布局券商板块的时间窗口正在临近,第一财经
779,2020-12-25,方正建材2021年度策略报告：开局之年抓趋势，坚定不移守龙头,方正证券
780,2020-12-25,【信达非银】券商春季行情即将到来，保险正是加仓时,朝闻金融
781,2020-12-24,方正证券入股乐视影业，后者股东包含张艺谋、郭敬明等,证券时报网
782,2020-12-24,方正证券：凯升控股太阳城资源加持步入增长快通道,金融界
783,2020-12-23,12家上市房企披露全年业绩预告：中小房企业绩堪忧，龙头房企大概率完成销售目标,Wind
784,2020-12-22,茅台创新高，更有个股连拉12涨停！机构解读来了,证券时报网
785,2020-12-22,方正证券：汽车半导体研究框架,方正证券
786,2020-12-21,2021年A股掘金去哪儿，众机构普遍看好消费科技复苏三赛道,Wind
787,2020-12-21,2021年A股掘金去哪儿 众机构普遍看好消费科技复苏三赛道,证券日报
788,2020-12-18,正虹科技：公司目前持有方正证券股票370万股,Wind
789,2020-12-18,@33万证券从业者，新的考察方式来了！不当言论将被调查,券商中国
790,2020-12-16,刚刚！A股又一千元股诞生，疯狂的“石头”如此进击！,证券时报网
791,2020-12-16,跨年流动性稳了，明年1月降准希望破灭？,Wind
792,2020-12-16,央行9500亿MLF操作创纪录，跨年流动性稳了，明年1月降准希望破灭？,Wind
793,2020-12-14,三年近万人“消失”，券业生态重塑？一岗位增幅迅猛,券商中国
794,2020-12-10,*ST天马(002122.SZ)：方正证券将对喀什星河不超3175万股股票进行强制减持 减持股份,格隆汇
795,2020-12-10,深度*行业*证券行业券商板块11月数据点评：市场回暖股承增长 转板上市办法出台,新浪
796,2020-12-10,【行情】券商板块异动，华鑫股份大涨8%，锦龙股份涨4%，海通证券、方正证券、国联证券跟涨,金十数据
797,2020-12-09,方正宏观：财政和基建脱钩意味着什么？,方正证券
798,2020-12-07,A股午盘综述：上证指数跌0.66%，金融、汽车表现不振,Wind
799,2020-12-07,中央经济工作会议即将召开，四大看点值得关注,第一财经
800,2020-12-05,大动作！中芯国际欣然宣布，将联手“国家队”干这事,Wind
801,2020-12-05,Wind风控日报2020年12月5日星期六,Wind
802,2020-12-05,上市公司正负面新闻2020年12月5日星期六,Wind
803,2020-12-04,方正证券(601901.SH)：确认11月信用减值损失共24746.26万元,格隆汇
804,2020-12-04,方正证券：11月计提信用减值损失共计2.47亿元，减少净利润1.86亿元 盈利能力下降,Wind
805,2020-12-04,健全基准利率体系再进一步，我国首只DR基准浮息金融债今发行,Wind
806,2020-12-04,面板市场爆发，业内称LCD仍是“主菜”,Wind
807,2020-11-30,银行股成“香饽饽”，这次能扛起A股的大旗吗？,每日经济新闻
808,2020-11-30,【信达非银】时不我待，非银进击,朝闻金融
809,2020-11-27,虎博科技证券科技解决方案入选艾瑞2020年金融科技报告典型案例,凤凰网
810,2020-11-27,@券商全体员工！廉洁从业尺度持续收紧，这些券商已被处罚,券商中国
811,2020-11-26,金融机构2020年技术投入超1981亿元 虎博科技赋能的证券科技增速加大,凤凰网
812,2020-11-25,虎博科技作为技术服务商代表入选艾瑞咨询2020年金融科技50强,凤凰网
813,2020-11-24,中通快递发布三季度财报 多家券商维持增持或买入评级,中国网
814,2020-11-24,年内券商对子公司“爱恨不一”，超12家增资3家减资,Wind
815,2020-11-24,大机构开始“戒酒”，多家酒企发减持公告,证券时报
816,2020-11-23,券商“换帅”潮再起，年内10余家券商迎新掌门人 董监高成员变化,第一财经
817,2020-11-23,资金炒作券商股，国联证券拉升封板,第一财经
818,2020-11-23,【行情】券商股走强，国联证券拉升封板，国金证券、中金公司、方正证券、国泰君安等跟涨,金十数据
819,2020-11-23,【行情】券商股走高，国联证券一度涨超9%，中泰证券、国金证券、方正证券等个股跟涨,金十数据
820,2020-11-21,42只股北向资金持有流通盘的比例超10%,证券时报网
821,2020-11-20,央行这几天一番操作意味深长……,上证报
822,2020-11-19,北大资源：1500万美元融资还款期限延至2021年10月,Wind
823,2020-11-18,沉寂五年，顺周期天时已到？,Wind
824,2020-11-18,中国电建(601669.SH)：为中国水利水电第八工程局开展资产证券化业务提供增信,格隆汇
825,2020-11-18,华虹半导体涨超4% 获方正证券重申强烈推荐评级,新浪
826,2020-11-18,港股异动︱华虹半导体(01347)涨超4% 受惠功率半导体及CIS高景气 获方正证券重申强烈推荐,智通财经
827,2020-11-18,明年许多方面可能超预期！券商密集发布年度策略,上证报
828,2020-11-18,债券违约“余震”信用评估回归基本面 未按时兑付本息,Wind
829,2020-11-18,债券违约仍是点状风险，信用评估需回归基本面,中证报
830,2020-11-18,2021年投资策略密集发布，多数券商预测：岁末年初A股有望迎来“春季行情”,Wind
831,2020-11-17,央行超额续作MLF，净投放中长期资金2000亿,Wind
832,2020-11-16,方正证券(601901.SH)：方正香港金控全资子公司的美元债券完成兑付,格隆汇
833,2020-11-13,上市4个月暴跌66%，千亿巨头遭质疑！上交所问询来了 问询,券商中国
834,2020-11-13,行业景气叠加政策利好，今年以来军工企业再融资案创新高,Wind
835,2020-11-13,八大券商2021年A股策略出炉：科技、消费、顺周期等三主线成布局重点,Wind
836,2020-11-12,方正证券(601901.SH)：根据法院裁定批准的庞大集团重整计划清偿情况 公司已经确认投资亏损7115.87万元 减资破产,格隆汇
837,2020-11-12,涨停+涨不停！13天涨2倍，一大妖王横空出世,中证报
838,2020-11-12,泰来照明信披违规董事长收警示函 主办券商为方正证券 金融监管处罚,中国经济网
839,2020-11-12,史上第一单！创业板注册制IPO被否，为何是它？,证券时报网
840,2020-11-12,美元站上93黄金跌超10美元 油价从二个月高位大幅回落,汇通网
841,2020-11-12,绘就明年A股“掘金图”，券商投资策略曝光,Wind
842,2020-11-10,A股收盘综述：上证指数跌0.4%，创业板指跌1.45%,Wind
843,2020-11-10,【行情】证券板块午后持续下行，国金证券跌6%，国信证券跌5%，方正证券、华安证券、国联证券等集体走弱,金十数据
844,2020-11-09,中金公司携手Wind，开展研报合作,Wind
845,2020-11-07,非银金融行业周报：投行经纪业务持续驱动 券商业绩普遍向好,新浪
846,2020-11-06,方正证券前三季度净利15亿元 支付给职工现金24亿元,中国经济网
847,2020-11-06,4800亿市值白马跳水！8成创业板股下跌，发生了什么,中证报
848,2020-11-04,证监会：中止对方正证券债券审核，或受股东问题连累,资本邦
849,2020-11-04,A股收盘综述：上证指数缩量小涨，中国人寿、君正集团领跌蚂蚁金服概念板块,Wind
850,2020-11-04,A股午盘综述：上证指数半日微升，蚂蚁金服指数跌超2%,Wind
851,2020-11-04,方正证券公司债审核罕见被中止，或因股东问题主动撤回,Wind
852,2020-11-03,方正证券(601901.SH)：为方正香港金控提供担保收到中证监复函 大额借贷担保,格隆汇
853,2020-11-03,沉寂多日，机构和外资又开始大单扫货……,上证报
854,2020-11-03,证监会：中止对方正证券面向合格投资者公开发行公司债券申请的审查 债权融资异常,Wind
855,2020-11-03,3只股票被多家券商重仓,财富动力网
856,2020-11-03,民族品牌指数上涨1.15% 多股入选券商11月金股,上证报
857,2020-11-02,金融科技赋能 北大方正集团旗下方正证券柜面运营向智能化升级,凤凰网
858,2020-11-02,又是“乌龙指”？一笔交易亏掉292万，3000亿“牛市旗手”也被砸跌停,每日经济新闻
859,2020-11-02,11月2日深市创业板活跃股公开信息,深交所
860,2020-11-02,方正证券：10月金股组合盈利3.78% 11月荐股名单出炉,新浪
861,2020-11-02,11月200只券商金股大梳理，哪类股热度最高,证券时报网
862,2020-11-02,发生了什么？中金公司首日开板，A股券商板块走低，H股却上涨,证券时报网
863,2020-11-02,解盘：资金再度流入，光伏、充电桩、白酒、动力电池领涨,Wind
864,2020-11-02,方正证券：人瑞人才(06919)是中国灵工龙头，聚焦新经济领域客户,智通财经
865,2020-11-02,券商“炒股”实力榜出炉！重仓股名单也来了,券商中国
866,2020-11-02,前三季度40家上市券商，大赚超1200亿元,Wind
867,2020-10-31,方正证券：调整临近尾声，迎接主升浪（附11月金股）,证券时报网
868,2020-10-30,方正证券(601901.SH)前三季度净利润升37.9%至14.82亿元,格隆汇
869,2020-10-30,方正证券：前三季度净利润同比增长37.9%,Wind
870,2020-10-30,东北证券：乘资本市场东风证券行业发展提速 建议投资者重点关注头部券商,证券时报网
871,2020-10-30,险企盈利同比下滑环比回升，投资收益充当“定海神针”,Wind
872,2020-10-29,方正证券“意外”变身券商旗手 “重组变量”下谁是推手？,21世纪经济报道
873,2020-10-29,券商股异动，方正证券等多股快速走高,Wind
874,2020-10-28,方正证券：四海于一家拼搏中同行,中证协
875,2020-10-28,董事长被立案调查，股价开盘崩了！焦点股今天全歇了？,中证报
876,2020-10-28,A股午盘综述：上证指数半日升0.16%，汽车、白酒板块大涨护盘,Wind
877,2020-10-28,方正证券：四海于一家 拼搏中同行,上证报
878,2020-10-28,方正证券携手Wind，开展研报合作,Wind
879,2020-10-27,业绩报喜不改板块颓势，券商股后市如何布局？,第一财经
880,2020-10-27,市场利率大幅抬升，月末资金面又有变化了？,Wind
881,2020-10-27,快讯：证券板块午后拉升 方正证券涨5%,新浪
882,2020-10-27,【行情】证券板块午后拉升，方正证券涨5%，中信建投、华创阳安、国联证券、国金证券等跟涨,金十数据
883,2020-10-27,中信建投、方正证券、东方证券等拉升，券商板块收复失地,Wind
884,2020-10-25,“公益、合作、共享” 投教联盟走进星城长沙,金融界
885,2020-10-22,3600亿方正“选婿”！珠海国资PK泰康保险谁赢？,野马财经
886,2020-10-22,券商板块午后快速拉升 方正证券一度大涨逾9%,证券时报网
887,2020-10-22,【行情】证券板块尾盘异动，财通证券、方正证券、华鑫股份、浙商证券、第一创业等集体拉升,金十数据
888,2020-10-22,券商股异动 方正证券直线涨停,e公司
889,2020-10-21,证券业信息IT年投入200亿 低于银保显“保守” 科技助力移动端智能升级,经济观察网
890,2020-10-21,虎博科技智能搜索应用于50%头部券商APP,凤凰网
891,2020-10-20,证监会开展资本市场线上展销，发起成立资本市场扶贫公益联盟,Wind
892,2020-10-20,证监会开展资本市场线上展销，发起成立资本市场扶贫公益联盟,澎湃新闻
893,2020-10-20,方正证券预计前三季度实现净利14.82亿元 同比增长37.9%,证券日报网
894,2020-10-20,方正证券(601901.SH)业绩快报：前三季度净利升37.90%至14.82亿元,格隆汇
895,2020-10-20,方正证券：前三季度净利润14.82亿元，同比增长37.90%（业绩快报）,Wind
896,2020-10-20,方正证券业绩快报：前三季度净利14.82亿元 同比增38%,e公司
897,2020-10-19,服务证券行业智能化升级 虎博科技智能搜索获多家券商青睐,证券日报网
898,2020-10-19,2 10月19日深市创业板活跃股公开信息,深交所
899,2020-10-19,虎博科技与方正证券深度合作，探索证券智能业务场景升级,网易
900,2020-10-19,方正证券加码人工智能 牵手虎博科技探索证券科技新场景,新华网
901,2020-10-18,三季度八家券商争先“报喜”，全面注册制下巨头“独霸天下”？,华夏时报
902,2020-10-14,仅22天 首例上市券商合并案终止 专家称券商并购会不断涌现 并购重组异常,证券日报
903,2020-10-13,方正证券：起诉政泉控股要求其返还分红款事项遭终审驳回 诉讼纠纷,Wind
904,2020-10-13,中资券商“出手阔绰”，年内斥资170亿元加码子公司,Wind
905,2020-10-13,中资券商“出手阔绰”年内斥资170亿元加码子公司,证券日报
906,2020-10-12,方正证券：子公司方正香港金控5亿元人民币增资事宜已完成,期货日报网
907,2020-10-12,方正证券(601901.SH)全资子公司方正香港金控完成增资,格隆汇
908,2020-10-10,方正证券：10月市场仍将处于调整期，静待良机,证券日报
909,2020-10-10,方正证券：拟向方正香港金控增资不超过3.5亿元人民币,证券日报
910,2020-10-09,10年老将崔建波，再出山,基尔摩斯
911,2020-10-09,打造多元化产品线大力发展权益量化业务,中证报
912,2020-09-29,年内券商合并传闻四起：合并潮将至？分析称目前只会出现个案,澎湃新闻
913,2020-09-29,方正证券(601901.SH)拟对方正香港金控增资不超3.5亿元,格隆汇
914,2020-09-28,关于同意方正证券股份有限公司为海富通中证长三角领先交易型开放式指数证券投资基金提供主流动性服务的公告,上交所
915,2020-09-25,国联国金“联姻”，双双继续停牌，证监会启动核查丨热公司,第一财经
916,2020-09-25,券商板块再度走强 ，东方证券涨停，关注具备并购整合预期标的,证券时报网
917,2020-09-23,一有传闻就涨停！这些券商会合并吗？国元、华安回应：无未披露的重大信息,上证报
918,2020-09-23,合并潮下中小券商表现活跃 大摩、渣打、花旗等外资巨头却集体相拥头部券商,红周刊
919,2020-09-23,证券行业-国联国金合并事件点评：券商并购将不断涌现 定价与整合是关键,新浪
920,2020-09-22,合并潮下中小券商表现活跃 大摩等外资巨头却集体相拥头部券商,红周刊
921,2020-09-18,加码海外业务！中资券商为香港子公司“融资补血”,新浪
922,2020-09-18,承兴国际控股(02662)获200万港元的无抵押贷款 继续停牌,智通财经
923,2020-09-18,承兴国际控股(02662-HK)拟发行优先票据没有了现获无抵押贷款,财华社
924,2020-09-15,方正证券阿孜古丽：用商业的手法和思维经营公益，是企业社会责任的价值所在,中国经营网
925,2020-09-15,券商板块尾盘拉升，方正证券、招商证券领涨,Wind
926,2020-09-15,境外子公司加速“进补”！海通、华泰、中信建投等8家券商都在行动,券商中国
927,2020-09-15,供货华为、背靠国资却持续亏损，和辉光电计划冲刺科创板,Wind
928,2020-09-14,券商频频加码海外业务：担保增信+真金白银增资,Wind
929,2020-09-14,券商频频加码海外业务：担保增信+真金白银增资,证券时报
930,2020-09-13,北向资金高比例持有股票名单,证券时报
931,2020-09-12,固定收益统计周报：关注下周MLF续作情况,Wind
932,2020-09-11,陈显顺升任国君策略首席；黄燕铭：是我最得意的弟子之一,中证报
933,2020-09-11,全力回补疫情缺口，寿险公司研究部署明年开门红,Wind
934,2020-09-10,签约全线上 方正证券开启私募基金电子化购买新模式,凤凰网
935,2020-09-10,央行两日净投放2000亿元，流动性趋紧现象逐步缓解,Wind
936,2020-09-09,关于同意方正证券股份有限公司为国泰上证综合交易型开放式指数证券投资基金提供主流动性服务的公告,上交所
937,2020-09-08,A股复盘：外资回流助力市场反弹，后市两大信号依然是关键,Wind
938,2020-09-07,9月7日深市创业板活跃股公开信息,深交所
939,2020-09-07,方正证券姚蕾：传媒股翻倍的逻辑是什么？,上证报
940,2020-09-04,券商跟投科创板浮盈超142亿元，31家另类投资子公司上半年大赚42亿元,Wind
941,2020-09-03,上海证券交易所2020年09月03日主板交易信息,上交所
942,2020-09-03,人少钱多！上半年上市券商七成减员八成涨薪,Wind
943,2020-09-03,人少钱多！上半年上市券商七成减员八成涨薪 业务变化,证券时报
944,2020-09-02,【行情】券商午后拉升，国联证券强势涨停，光大证券、方正证券、东方财富等涨幅居前,金十数据
945,2020-09-02,【行情】证券板块异动拉升，国联证券涨5%，光大证券涨4%，方正证券、浙商证券等跟涨,金十数据
946,2020-09-01,二季度外资配置股曝光：QFII、陆股通共同加仓29股,Wind
947,2020-09-01,券商业绩期中考：太平洋证券净利降9成，华泰中信浙商人均薪酬超40万 盈利能力下降,搜狐
948,2020-08-31,三七互娱上半年营收80亿居A股游戏行业榜首 方正证券：业绩超预期,和讯
949,2020-08-31,股王茅台冲破1800元！A股全面开花挑战新高,中国基金报
950,2020-08-31,券业财富管理转型大比拼！这家黑马暴增11倍,券商中国
951,2020-08-30,方正证券上半年营收33.93亿元 投行业务净利润翻倍,上证报
952,2020-08-30,净赚726.97亿元！39家上市券商交出上半年成绩单,中证报
953,2020-08-30,研究员转身去当副行长，还有哪些华丽转身？,Wind
954,2020-08-30,A股“红九月”概率多大？两张图看近20年表现,Wind
955,2020-08-29,A股“红九月”概率几何？,Wind
956,2020-08-28,方正证券上半年净利6.42亿元 经纪业务手续费净收入16.11亿元,证券日报
957,2020-08-28,方正证券：上半年实现营收33.93亿元 净利9.33亿元,中证网
958,2020-08-28,方正证券上半年实现净利6.42亿元 同比下降15.95% 盈利能力下降,证券日报
959,2020-08-28,方正证券(601901.SH)：上半年净利降15.95%至6.42亿元 盈利能力下降,格隆汇
960,2020-08-28,方正证券：上半年实现净利润6.42亿元，同比下降16% 盈利能力下降,Wind
961,2020-08-28,方正证券：口子窖最差时点已过 给予“强烈推荐”评级,证券时报网
962,2020-08-28,牛奶股也火了：2500亿大白马突然拉涨停,中国基金报
963,2020-08-27,打造航母级券商引领证券业高质量发展,证券时报
964,2020-08-26,证监会公布2020年证券公司分类结果：15家券商获AA级,Wind
965,2020-08-26,上海证券交易所2020年08月26日主板交易信息,上交所
966,2020-08-25,发挥专业优势，服务实体经济！方正证券高利：中国证券业要直面机会与挑战,券商中国
967,2020-08-24,上海证券交易所2020年08月24日主板交易信息,上交所
968,2020-08-24,A股复盘：创业板注册制首日，成交量依然成为市场隐患,Wind
969,2020-08-24,明确看好创业板3000点！上涨临近开启,券商中国
970,2020-08-22,固定收益统计周报：利率债收益率全面上行,Wind
971,2020-08-20,上海证券交易所2020年08月20日主板交易信息,上交所
972,2020-08-20,方正证券：长春高新医药业务快速回升 鼻喷流感疫苗即将成为新的增长点,证券时报网
973,2020-08-19,叫板公募基金！已有券商申请公募牌照，还有多家券商准备中,Wind
974,2020-08-19,洞察·快讯｜方正证券上半年净利同比下滑15.95%信用减值损失约3.03亿 盈利能力下降,和讯
975,2020-08-19,因全资子公司亏损等原因，方正证券2020年上半年营收、净利润双下滑 亏损,资本邦
976,2020-08-19,方正证券上半年净利下滑16%，计提信用减值损失超3亿元 盈利能力下降,搜狐
977,2020-08-19,大洗牌！133家券商上半年25项指标排名来了,券商中国
978,2020-08-19,方正证券：上半年净利润同比减少15.95%（业绩快报） 盈利能力下降,Wind
979,2020-08-18,方正证券(601901.SH)：上半年方正香港金控净亏损折合人民币约2.72亿元 亏损,格隆汇
980,2020-08-18,晚间重要公告2020年8月18日星期二,Wind
981,2020-08-18,方正证券业绩快报：上半年净利同比降15.95% 盈利能力下降,e公司
982,2020-08-18,方正证券：2020年半年度净利润约6.42亿元，同比下降15.95% 盈利能力下降,每日经济新闻
983,2020-08-18,方正证券(601901.SH)业绩快报：上半年净利润降15.95%至6.42亿元 盈利能力下降,格隆汇
984,2020-08-18,资管业务规范整改计划来了，11家券商已经出手,中国基金报
985,2020-08-18,国常会再放重磅信号！财政货币政策方向明确,券商中国
986,2020-08-18,流动性不搞大水漫灌，结构性工具追求精准滴灌,Wind
987,2020-08-18,呵护市场实打实，央行7500亿元公开市场操作稳预期,Wind
988,2020-08-17,两大硬核逻辑助涨保险板块，中长期也适用,Wind
989,2020-08-17,A股暴涨1.6万亿，五大事件驱动市场走强,券商中国
990,2020-08-17,快讯：方正证券涨停 报于9.6元,金融界
991,2020-08-17,央妈的爱很浓烈，7500亿元大礼包来了！,上证报
992,2020-08-17,资管新规整改方案来了！大券商积极备战公募牌照,券商中国
993,2020-08-17,资管新规整改方案来了！已有9家上市券商正式推出，大券商还在积极备战公募牌照,券商中国
994,2020-08-14,又一起券业并购案被火速澄清，但 “入股”同行是真的，这8家可是花了33个亿啊！,证券日报
995,2020-08-14,8月14日深市创业板活跃股公开信息,深交所
996,2020-08-14,当你还在纠结的时候，北向资金已经出手了,上证报
997,2020-08-13,中美证券公司并购回顾与展望：券商整合是巨头诞生、化解风险、扩展版图的有效途径,新浪
998,2020-08-13,聚焦后市科技至高点，5G+工业互联网的中长期投资逻辑,Wind
999,2020-08-13,中债登数据罕现“异常”，是央行买国债了吗？,第一财经
1000,2020-08-13,北向资金高比例持有索菲亚、方正证券等股,证券时报网
1001,2020-08-12,方正证券向法院申请强制执行 要求易晋网络、今耀投资偿还本金及利息 诉讼纠纷,资本邦
1002,2020-08-11,方正证券：公司涉及诉讼 诉讼纠纷,Wind
1003,2020-08-11,资管圈重磅：又一万亿级“大蛋糕”要来了！,中国基金报
1004,2020-08-10,事关下半年经济工作具体部署，多部委集中发声,第一财经
1005,2020-08-07,上市券商2020年7月月度业绩点评：单月业绩再超预期 全面受益无风险利率下行,新浪
1006,2020-08-07,亮瞎眼，一图看懂上市券商7月业绩，关键时刻能否带领指数冲关,证券时报网
1007,2020-08-06,方正证券：简式权益变动报告书,证券之星
1008,2020-08-06,方正证券(601901.SH)：7月母公司净利增568.67%至4.03亿元,格隆汇
1009,2020-08-06,方正证券：7月母公司净利润4.03亿元,格隆汇
1010,2020-08-06,方正证券：7月母公司营业收入8.65亿元,Wind
1011,2020-08-06,上证综指V型反转，盘中三大信号需关注,Wind
1012,2020-08-05,集成电路和软件产业新政印发 “中国芯”及国产软件再迎大机遇,大众证券报
1013,2020-08-05,方正证券：政泉控股持股比例拟降至13.24%,Wind
1014,2020-08-05,方正证券：政泉控股将持有的公司8.62%股份抵偿给国通信托,e公司
1015,2020-08-05,方正证券(601901.SH)：政泉控股所持8.62%股份被裁定抵债,格隆汇
1016,2020-08-05,ST摩登控股股东可能继续被动减持公司4801.94万股股份 减持股份,北京商报
1017,2020-08-05,粤开策略流动性专题：融资余额连续上涨 哪些板块受青睐,新浪
1018,2020-08-05,A股融资融券日报：两融余额增加42.15亿元（8月4日）,Wind
1019,2020-08-04,解盘：金融、医药强势，血液制品、数字货币、体外诊断领涨,Wind
1020,2020-08-04,券商板块持续走强，兴业证券大涨7％，方正证券、华创阳安、国信证券、南京证券等集体活跃,金十数据
1021,2020-08-03,方正集团等五家公司将实质合并重整，或影响方正证券股权结构,资本邦
1022,2020-08-03,A股融资融券日报 ：两融余额增加78.75亿元（7月31日）,Wind
1023,2020-07-31,晚间要闻2020年7月31日星期五,Wind
1024,2020-07-31,晚间重要公告2020年7月31日星期五,Wind
1025,2020-07-31,方正证券(601901.SH)：控股股东及其子公司被裁定实质合并重整 减资破产,格隆汇
1026,2020-07-31,方正科技、方正证券：方正集团等五家公司进入合并重整程序可能对股权结构等产生影响 减资破产,Wind
1027,2020-07-31,8月A股怎么走？券商策略展望出炉，附“金股”标的,Wind
1028,2020-07-31,本文精编自中信证券《外卖保持强势，边界不断拓宽》、方正证券《美团点评-W（3690.HK）专题之竞争篇——美团外卖vs饿了么，怎么看？》和东吴证券《传媒互联网行业2020年中期投资策略》,富途证券
1029,2020-07-28,透视7月以来“悄然”上涨的化工行业,Wind
1030,2020-07-27,上交所：同意方正证券7月30日起为鹏华中证国防ETF提供主流动性服务,Wind
1031,2020-07-24,方正证券：今日市场下跌有三方面原因,证券日报
1032,2020-07-24,方正证券(601901.SH)：子公司方正证券投资完成工商变更登记,格隆汇
1033,2020-07-24,A股融资融券日报：两融余额增加86.87亿元（7月23日）,Wind
1034,2020-07-23,上交所同意方正证券为永赢300提供主流动性服务,中证网
1035,2020-07-23,A股融资融券日报：两融余额增加72.2亿元（7月22日）,Wind
1036,2020-07-23,新三板精选层下周一开板，监管要求对标上市公司（附受益股）,证券时报网
1037,2020-07-23,13904亿！沪深两融余额创5年新高，有券商系统宕机,Wind
1038,2020-07-22,首批32只精选层企业将挂牌，背后有这些A股影子股,证券时报
1039,2020-07-22,券商板块冲高回落收涨1.03%，第一创业主力净流入金额超19亿元,Wind
1040,2020-07-22,A股融资融券日报：两融余额增加16.15亿元（7月21日）,Wind
1041,2020-07-21,房企进入偿债高峰期，年内发债量已超6500亿元,Wind
1042,2020-07-21,A股重上3300点！百股涨停、339家公司创本月新高,Wind
1043,2020-07-21,利好政策与中期业绩“助攻”，券商板块昨日吸金近千亿元,Wind
1044,2020-07-20,招商证券配股除权日股价上演“过山车”，券商股后市走势存分歧,经济观察报
1045,2020-07-20,涨停复盘|“百股涨停潮”再度上演，军工板块热度不减,第一财经
1046,2020-07-20,方正证券涨停封板，券商重组概念推出行情“领头羊”？,21世纪经济报道
1047,2020-07-20,券商股早盘走强 方正证券拉升封板｜板块牛熊榜,第一财经
1048,2020-07-20,177只股涨停最大封单资金8.81亿元,证券时报网
1049,2020-07-20,券商板块今日收涨5.29%，中信证券主力资金净流入约5亿元,Wind
1050,2020-07-20,A股收盘综述：上证指数大涨超3%重返3300点,Wind
1051,2020-07-20,牛市归来！A股狂拉2.6%，中芯国际却“崩了”,中国基金报
1052,2020-07-20,解盘：超百亿资金流入，基建、军工、券商、乡村振兴领涨,Wind
1053,2020-07-20,券商板块半日涨6.36%，方正证券、中信证券共获得主力净流入超12亿元,Wind
1054,2020-07-20,A股午盘综述：上证指数大涨2.62%，逼近3300点,Wind
1055,2020-07-20,快讯：方正证券涨停 报于9.35元,金融界
1056,2020-07-20,快讯：券商板块反弹 方正证券率先涨停,证券日报
1057,2020-07-20,证券行业鼓励并购重组，券商板块大幅拉升，方正证券涨停,证券时报网
1058,2020-07-20,券商板块涨超2%，方正证券涨停、中信建投涨超4%,Wind
1059,2020-07-20,券商股走强，方正证券涨停,第一财经
1060,2020-07-20,【行情】A股券商板块早盘多数飘红，方正证券涨停，中信建投大涨7%,金十数据
1061,2020-07-20,上市券商144亿元分红已兑现，还有157多亿元红包“在路上”,Wind
1062,2020-07-19,下周操盘攻略：超2500亿元限售股解禁，12只新股迎来申购,Wind
1063,2020-07-19,方正证券向北京一中院申请将五家公司实质合并重整 减资破产,资本邦
1064,2020-07-18,方正证券大股东破产重组新进展，方正集团拟和四家子公司合并 减资破产,云掌财经
1065,2020-07-18,5年间A股“千亿俱乐部”来去太匆匆：有市值从1323亿跌到6亿，有从477亿到3695亿！芒果超媒也上榜了,21世纪经济报道
1066,2020-07-18,A股“千亿俱乐部”，北京、广东各晋9家占鳌头,Wind
1067,2020-07-18,证券时报头版：并购重组+员工持股，券商基金迎“双轮驱动”良机,Wind
1068,2020-07-18,A股“千亿俱乐部”来去匆匆：京粤各晋9家占鳌头 39家落榜者故事不同,21世纪经济报道
1069,2020-07-18,A股“千亿俱乐部” 北京、广东各晋9家占鳌头,21世纪经济报道
1070,2020-07-17,7月18日上市公司重要公告集锦：高瓴资本认购宁德时代100亿元增发,证券日报
1071,2020-07-17,科伦药业大宗交易成交95.00万股成交额2050.10万元,证券时报网
1072,2020-07-17,方正证券：方正集团及其子公司被申请合并重整,e公司
1073,2020-07-17,方正证券：控股股东方正集团及其子公司被申请合并重整 减资破产,格隆汇
1074,2020-07-17,方正证券(601901.SH)：控股股东及其子公司被申请合并重整 减资破产,格隆汇
1075,2020-07-17,方正证券：控股股东方正集团及其子公司被申请合并重整 减资破产,Wind
1076,2020-07-17,券商板块今日缩量收跌3.07%，光大证券等4股跌停遭主力净卖出44亿元,Wind
1077,2020-07-17,券商板块半日跌超3%，太平洋、光大证券、中信证券遭主力资金净卖出31亿元,Wind
1078,2020-07-17,中证报头版：看清三大现象，A股中长期行情不悲观,中证报
1079,2020-07-16,方正证券：市场下跌原因在于四个方面,证券日报
1080,2020-07-16,方正证券：下跌不改市场趋势,中证网
1081,2020-07-16,A股蒸发3万亿人均没了2万块！为什么大跌？,中国基金报
1082,2020-07-16,券商板块收跌5.6%成交金额1273亿元，太平洋获主力净流入32.29亿元,Wind
1083,2020-07-16,方正证券 | 【电子】【食品】【非银】中报披露日历一览表,方正证券
1084,2020-07-15,挤进中芯国际朋友圈，“妖股”沪硅产业却暴跌19.94%，疯狂行情踩刹车 连续下跌,时代周报
1085,2020-07-15,债市综述：股市调整债市延续反弹，MLF缩量平价续做冲击有限,Wind
1086,2020-07-15,券商板块今日跌2.87%，无一股收于涨停,Wind
1087,2020-07-15,五大险企半年入账1.5万亿！保险股的买点到了吗,Wind
1088,2020-07-15,券商板块半日跌1.8%成交金额740亿元，越秀金控涨停获主力净流入0.7亿元,Wind
1089,2020-07-15,方正证券：短线大盘还有调整压力 两类股有望走出补涨行情,证券时报网
1090,2020-07-14,年内大涨913%，2020年首只十倍股即将诞生,上证报
1091,2020-07-14,券商板块半日跌0.03%，南京证券主力净流入额16.96亿元,Wind
1092,2020-07-14,二线物业股IPO盛宴再启，价值发现还是泡沫累积？,Wind
1093,2020-07-13,方正证券：7月份重点关注四类配置 看好市场后续机会,证券日报
1094,2020-07-12,方正证券：市场将迎来估值和业绩的双升,证券日报
1095,2020-07-10,7月10日深市创业板活跃股公开信息,深交所
1096,2020-07-10,券商板块午盘跌0.73%成交金额945亿元，中信证券主力净流出3.6亿元,Wind
1097,2020-07-09,消费行业日报：茅台批价坚挺 建议坚守确定性,新浪
1098,2020-07-09,洞察|合规管理不到位，方正证券再受罚！历时两年4.48亿讨债路终完结，计提信用减值准备 3.43亿 金融监管处罚,和讯
1099,2020-07-09,券商板块小涨成交1656亿元环比微减，光大证券成交额93亿元创历史新高,Wind
1100,2020-07-09,报告显示，疫情后，居民首选“投资理财”作为增收方式,中国基金报
1101,2020-07-09,券商板块午盘涨1.12%半日成交1088亿元，较上日同期增百亿元,Wind
1102,2020-07-08,晚间重要公告2020年7月8日星期三,Wind
1103,2020-07-08,方正证券：6月母公司实现净利润1.45亿元,中证网
1104,2020-07-08,方正证券(601901.SH)：6月母公司业绩扭亏为盈至1.45亿元,格隆汇
1105,2020-07-08,方正证券：母公司6月份净利1.45亿元,e公司
1106,2020-07-08,7月8日深市创业板活跃股公开信息,深交所
1107,2020-07-08,瑞士信贷获批提高瑞信方正持股至100%，方正证券现持股49%,投资家
1108,2020-07-08,券商板块收涨6.63%成交金额1664亿元，中信证券、中信建投尾盘炸板,Wind
1109,2020-07-08,瑞士信贷计划从方正证券获得合资企业剩余股权,金十数据
1110,2020-07-08,猪肉价格上演“V”字走势：猪肉股能否迎来“第二春”？,Wind
1111,2020-07-08,券商板块午盘涨3.68%半日成交金额998亿元，较上日同期缩量百亿元,Wind
1112,2020-07-07,7月7日深市创业板活跃股公开信息,深交所
1113,2020-07-07,券商板块收跌2.3%成交金额1674亿元，中信证券主力净流出4亿元,Wind
1114,2020-07-07,券商板块午盘跌0.44%成交金额1096亿元，上日同期为1082亿元,Wind
1115,2020-07-07,A股昨天人均狂赚2万！券商拉警报：保持冷静,21世纪经济报道
1116,2020-07-07,A股再上新闻联播，注意这次和2015年不一样,券商中国
1117,2020-07-06,券商板块今日成交金额1516亿元，中信证券主力净流入金额达72亿元,Wind
1118,2020-07-06,方正证券4.5亿元打了水漂 被天津富豪坑的？,信托网
1119,2020-07-06,券商板块半日成交金额1082.66亿元，已超7月2日全天,Wind
1120,2020-07-06,以史为鉴，历次“牛市行情”板块如何轮动？,Wind
1121,2020-07-03,突破3000，站上3100，下周机会在这里……,Wind
1122,2020-07-03,券商板块半日成交金额884亿元，上日全天为990亿元,Wind
1123,2020-07-03,A股成交再破万亿，机构称结构性机会精彩纷呈,Wind
1124,2020-07-02,方正证券：收到深圳中院执行裁定书 诉讼纠纷,Wind
1125,2020-07-02,券商最新“金股”名单出炉,上证报
1126,2020-07-01,最新解读！时隔多年央行再度下调两大政策工具利率，有何影响,券商中国
1127,2020-07-01,方正香港金控子公司First FZ Bond Limited：8871万美元现金要约购买公司美元债,Wind
1128,2020-07-01,北向资金上半年狂赚1600亿，买了这些股（附名单）,中证报
1129,2020-07-01,方正证券对子公司方正香港金控增资，增资金额5亿元人民币,资本邦
1130,2020-07-01,A股3000点关键时刻！央行放大招：变相“降息”了,中国基金报
1131,2020-06-30,*ST北讯：公司股东6663.55万股被强制司法过户,Wind
1132,2020-06-30,方正证券子公司方正香港金控完成2亿元增资,北京商报
1133,2020-06-29,谁是“砸盘”元凶？A股巨震，低估的大金融何时变盘,中证报
1134,2020-06-29,十大券商周策略：指数见顶前大金融还有“最后一舞”,券商中国
1135,2020-06-24,方正证券出售回购股“套利”，在下一局什么棋？,21世纪经济报道
1136,2020-06-24,方正证券先回购自家股票再卖出倒手赚2265万,格隆汇
1137,2020-06-24,上交所同意方正证券为红利100ETF提供主流动性服务,中证网
1138,2020-06-24,历史首次！交易所紧急预警：5只A股将被外资买爆,中国基金报
1139,2020-06-24,神操作！方正证券先回购股份再出售 赚了2265万元,上证报
1140,2020-06-23,方正证券(601901.SH)：1115.03万股回购股份出售完毕,格隆汇
1141,2020-06-22,沪指30年首次大改，机构：回溯模拟新沪指约4000点,券商中国
1142,2020-06-21,中国证券业协会召开2020年第二季度证券基金行业首席经济学家例会,Wind
1143,2020-06-19,回售期下调债券利率，房企融资好日子还能持续多久？,Wind
1144,2020-06-16,14天国债逆回购年化利率大涨到2.4%，月末市场资金将紧张？,Wind
1145,2020-06-15,MLF缩量续作、降息预期也落空，未来货币政策如何？,Wind
1146,2020-06-15,方正证券：方正中期期货增资完成工商变更登记,Wind
1147,2020-06-15,方正证券：瑞信方正注册资本由8亿元增至10.89亿元,北京商报
1148,2020-06-15,方正证券(601901.SH)：瑞信方正自6月1日起不再纳入公司合并报表范围,格隆汇
1149,2020-06-15,A股相比美股更健康！北上资金驱动结构性龙头行情,券商中国
1150,2020-06-12,方正证券(601901.SH)：方正中期期货完成注册资本工商变更登记,格隆汇
1151,2020-06-11,国君固收金融控股公司专题研究：潮水褪去，暗礁初现,Wind
1152,2020-06-09,省广集团再度涨停，机构抛货逾1亿元,Wind
1153,2020-06-08,浙江证监局3天发5份监管函，处罚券商营业部员工违规行为 金融监管处罚,Wind
1154,2020-06-08,汽车行业复苏拐点来了？单月销量时隔11个月重回正增长,Wind
1155,2020-06-08,洞察|内控不严，方正证券员工再遭处罚！去年业绩大涨，但年报存疑遭上交所九问！ 欺诈造假,和讯
1156,2020-06-08,方正证券绍兴营业部老总收警示函 为违规配资提供便利 金融监管处罚,中国经济网
1157,2020-06-05,28万股民大逃生，券商惨成接盘侠！孙宏斌提前“割肉”,21世纪经济报道
1158,2020-06-05,券商5月业绩再坐“过山车”，环比普降同比分化 盈利能力下降,第一财经
1159,2020-06-04,方正证券5月营业收入3.11亿元、净利润7410万元,资本邦
1160,2020-06-04,晚间重要公告2020年6月4日星期四,Wind
1161,2020-06-04,方正证券：母公司5月份实现营业收入3.11亿元,中证网
1162,2020-06-04,方正证券：母公司5月份净利7410万元 同比上升,e公司
1163,2020-06-04,方正证券(601901.SH)5月母公司净利润7410万元 同比增长56.7%,格隆汇
1164,2020-06-03,沪硅产业“手撕”券商：自己都看不清未来，方正证券却预测其2020年盈利1.6亿,21世纪经济报道
1165,2020-06-02,A股突然爆发！200亿抢筹科技股，茅台股价创新高，到底什么情况？,Wind
1166,2020-06-01,方正证券首次出售已回购股份223.93万股 出售所得资金1605.56万元,北京商报网
1167,2020-06-01,方正证券：6月1日首次出售已回购股份223.9万股 资产异常,Wind
1168,2020-06-01,方正证券(601901.SH)首次出售已回购股份223.93万股,格隆汇
1169,2020-05-30,方正证券年报被上交所问询！涉及业绩滑坡、子公司连亏等九大问题 亏损,券商中国
1170,2020-05-29,方正证券被问询：要求说明公司2019年第四季度业绩下滑并出现亏损的原因 问询,Wind
1171,2020-05-28,外资买爆队伍扩容，交易所一天同时预警4股，爆买575亿,e公司
1172,2020-05-27,5月27日A股龙虎榜揭秘,Wind
1173,2020-05-27,3公司被外资买爆，深交所预警，这些公司外资同样扎堆（附股）,Wind
1174,2020-05-26,5月26日A股龙虎榜揭秘,Wind
1175,2020-05-26,国浩律师（上海）事务所关于湖南松井新材料股份有限公司首次公开发行股票并在科创板上,证券时报
1176,2020-05-26,韵达“抄底”德邦：两巨头“联姻”将如何搅动物流江湖？,21世纪经济报道
1177,2020-05-25,抖音多项数据“抖”增：下载激增突破20亿，单月吸金增10倍，跻身全球最赚钱APP！,e公司
1178,2020-05-25,5月25日A股龙虎榜揭秘,Wind
1179,2020-05-25,这个市场只剩牛奶、猪肉和零食？资金持续追捧大消费,上证报
1180,2020-05-25,市场进入尾部风险期，加仓时间点是6月初,券商中国
1181,2020-05-22,任泽平和东吴证券(601555.SH)被指编外合作 董秘办回复：我们也不清楚,智通财经
1182,2020-05-22,5月22日A股龙虎榜揭秘，机构买入5股,Wind
1183,2020-05-22,A股37家券商去年11家人均薪酬福利超50万元 中信居首,中国经济网
1184,2020-05-21,5月21日A股龙虎榜揭秘，机构买入13股,Wind
1185,2020-05-20,5月20日A股龙虎榜揭秘，机构抛售12股,Wind
1186,2020-05-20,方正证券(601901.SH)：方正承销保荐完成工商变更登记其注册资本增至14亿元,格隆汇
1187,2020-05-19,5月19日A股龙虎榜揭秘，机构抛售17股,Wind
1188,2020-05-19,A股券商资本实力排查：国海证券净资本降幅居首 中信证券四项风控指标倒数,投资时报
1189,2020-05-18,扩大内需战略的明确，是大牛市开启的信号！,券商中国
1190,2020-05-16,定向降准第二步约2000亿元资金“到账”，同日央行开展千亿元“原价”MLF,证券日报
1191,2020-05-15,5月15日A股龙虎榜揭秘，机构抢筹10股,Wind
1192,2020-05-15,方正富邦基金2019年再亏3018.12万元 累计亏损已超2亿元,GPLP犀牛财经
1193,2020-05-15,监管部门向券商提示风险，应明确与第三方平台责任边界,Wind
1194,2020-05-13,5月13日A股龙虎榜揭秘，机构买入11股,Wind
1195,2020-05-13,上交所同意方正证券为500成长提供主流动性服务,中证网
1196,2020-05-13,自营投行业务改善 4月A股上市券商业绩打了个翻身仗,新浪
1197,2020-05-13,薇娅一份协议催生一个涨停板！网红风口又来？,券商中国
1198,2020-05-12,"暴涨3900%！""牛市旗手""大爆发：单月狂赚110亿，最大的看点是",全景网
1199,2020-05-12,自营、投行“撑腰” 券商4月业绩打翻身仗,北京商报
1200,2020-05-12,5月12日A股龙虎榜揭秘，机构卖出10股,Wind
1201,2020-05-12,上市券商4月成绩单：中信稳坐第一 14家净利环比翻倍,澎湃新闻
1202,2020-05-12,上市券商4月成绩单：中信证券稳坐第一，14家净利环比翻倍,澎湃新闻
1203,2020-05-12,薇娅引爆涨停板！百万手封单热捧“淘宝第一主播”,中证报
1204,2020-05-12,全面飙升！券商4月业绩集体爆发，这家净利环比增39倍,券商中国
1205,2020-05-12,券商4月业绩爆发，七成券商营收净利环比双增,第一财经
1206,2020-05-12,刚刚出炉，券商4月业绩大爆发！一哥狂收超30亿，更有净利成倍暴增！,中国基金报
1207,2020-05-12,券商4月业绩爆发：3头部大赚超10亿 方正证券环比增39倍,券商中国
1208,2020-05-11,5月11日A股龙虎榜揭秘，机构买入9股,Wind
1209,2020-05-11,A股券商4月“月考”：中信证券龙头位置稳固,Wind
1210,2020-05-11,方正证券：母公司4月份实现营收4.57亿元、净利1.21亿元,中证网
1211,2020-05-11,方正证券：母公司4月营业收入4.57亿元 净利润1.21亿元,金融界
1212,2020-05-11,方正证券(601901.SH)：4月母公司净利降18.14%至1.21亿元 盈利能力下降,格隆汇
1213,2020-05-11,证券业高速发展10年，深圳券商却走“丢”，如何重振雄风？,券商中国
1214,2020-05-08,5月8日A股龙虎榜揭秘，机构买入9股,Wind
1215,2020-05-07,5月7日A股龙虎榜揭秘,Wind
1216,2020-05-07,“猪周期”还能持续多久？肉价已创年内新低,Wind
1217,2020-05-06,5月6日A股龙虎榜揭秘，机构抢筹17股,Wind
1218,2020-04-30,4月30日A股龙虎榜揭秘,Wind
1219,2020-04-30,银行地产拉升，周期板块投资机会来了？,Wind
1220,2020-04-30,方正集团确认1127亿债权：人保资产8只基金全中招 投资失误,Wind
1221,2020-04-29,方正证券2019年信用减值损失4.69亿元 一季度净利润下滑35.2% 盈利能力下降,和讯
1222,2020-04-28,31家上市券商信用减值大盘点，最高计提28.5亿！这家损失6倍净利润,券商中国
1223,2020-04-27,4月27日A股龙虎榜揭秘，机构卖出12股,Wind
1224,2020-04-27,邦德投资等短线交易“赤峰黄金” 被给予警告,新浪
1225,2020-04-27,方正证券(601901.SH)：对FNDSHK 6.9 11/16/20提出收购要约,云掌财经
1226,2020-04-27,高盛、摩根完成工商变更，7家外资控股券商已就位,券商中国
1227,2020-04-26,【安信非银第16期周报】险企一季报各有千秋，券商静待情绪反转,新角度新金融
1228,2020-04-26,2019上市券商净利最大增幅出现：同比增12倍 怎么做到的？,新浪
1229,2020-04-26,最新排名：48家基金去年盈利超200亿，还有巨亏1个亿,中国基金报
1230,2020-04-26,133家券商一季报出炉！积极信号已现，股民跑步进场,券商中国
1231,2020-04-25,中信建投一季报营收净利大增逾30% 六家券商业绩滑坡,中证报
1232,2020-04-25,上市券商2019年报战绩：31家累计净利润964亿元 拟分红273亿元,证券日报
1233,2020-04-25,方正证券2019年净利逾10亿元同比增长52% 业务板块全面开花,证券日报
1234,2020-04-24,方正证券发布2019年年报 净利润增长52.35%,上证报
1235,2020-04-24,方正证券：2019年实现净利10.08亿元 同比增长52.35%,中证网
1236,2020-04-24,方正证券：2019年净利同比增52% 一季度净利降36%,e公司
1237,2020-04-24,方正证券(601901.SH)2019年度净利润升52.35%至10.08亿元,格隆汇
1238,2020-04-24,方正证券(601901.SH)一季度净利润降35.53%至3.79亿元 盈利能力下降,格隆汇
1239,2020-04-24,方正证券：一季度净利润同比减少35.53% 盈利能力下降,Wind
1240,2020-04-24,方正证券：2019年净利润同比增长52.35%,Wind
1241,2020-04-24,方正证券：2019年度计提信用减值损失4.69亿元,Wind
1242,2020-04-24,方正证券：拟出售已回购的1115万股股份 资产异常,Wind
1243,2020-04-24,4月24日A股龙虎榜揭秘，机构买入10股,Wind
1244,2020-04-24,上交所同意方正证券为博时红利ETF提供主流动性服务,中证网
1245,2020-04-23,4月23日A股龙虎榜揭秘，机构抛售11股,Wind
1246,2020-04-23,净利增逾800%！半导体公司一季报拉开帷幕,Wind
1247,2020-04-23,华测检测、方正证券、生物股份等股获北向资金高比例持有,证券时报网
1248,2020-04-23,中信信托和方正证券握手言和,金融界
1249,2020-04-22,4月22日A股龙虎榜揭秘，机构买入10股,Wind
1250,2020-04-22,时隔5个月，茅台股价再创历史新高！七大机构上调目标价,腾讯网
1251,2020-04-21,4月21日A股龙虎榜揭秘，机构抢筹9股,Wind
1252,2020-04-21,41只股北向资金持有流通盘的比例超10%,证券时报网
1253,2020-04-21,瑞信方正变身外资控股 独资券商仍待时日,时代在线
1254,2020-04-20,首家上市券商一季报出炉！华西证券净利下滑两成，自营收入下滑74%拖累业绩 盈利能力下降,每日经济新闻
1255,2020-04-20,方正证券：控股股东方正集团所持部分公司股份被司法冻结 股权冻结,Wind
1256,2020-04-20,4月20日A股龙虎榜揭秘，机构抢筹2股,Wind
1257,2020-04-20,4月20日早间上市公司重磅公告一览 多股一季度净利增速亮眼,巨丰财经
1258,2020-04-20,A股早报2020年4月20日星期一,Wind
1259,2020-04-20,上市公司正负面新闻2020年4月20日星期一,Wind
1260,2020-04-19,晚间重要公告2020年4月19日星期日,Wind
1261,2020-04-19,方正证券：证监会核准瑞士信贷成为瑞信方正控股股东、实际控制人,Wind
1262,2020-04-18,瑞信方正成第六家外资控股券商 逃离“方正系”泥淖,券商中国
1263,2020-04-18,持股51%！又一家外资控股券商获批,中国基金报
1264,2020-04-17,外资控股券商再添一家：瑞信6亿元参与增资，瑞士信贷成为瑞信方正实际控制人！ 控制人变化,每日经济新闻
1265,2020-04-17,4月17日A股龙虎榜揭秘，机构买入11股,Wind
1266,2020-04-17,证监会：核准瑞信集团成为瑞信方正实控人,Wind
1267,2020-04-17,资金信用减值拖累业绩 方正证券一季度净利降36% 盈利能力下降,投资快报
1268,2020-04-16,4月16日A股龙虎榜揭秘，机构减持9股,Wind
1269,2020-04-16,合并传闻引发券业整合路径猜想：或不限于“大吃小”,第一财经
1270,2020-04-16,39只股北向资金持有流通盘的比例超10%,证券时报网
1271,2020-04-16,券商踩雷纪实：今年已有7家券商披露新增涉诉项目 诉讼纠纷,Wind
1272,2020-04-15,4月15日A股龙虎榜揭秘，机构抛售13股,Wind
1273,2020-04-15,方正证券一季度净利下滑36.02%，计提信用减值准备超3亿 盈利能力下降,搜狐
1274,2020-04-15,MLF下调20个基点！下周一更有重磅看点,券商中国
1275,2020-04-15,房贷利率转换“时间轴”行进约30%，料八成存量客户会选择LPR定价,Wind
1276,2020-04-14,方正证券：一季度净利润同比减少35.53%（业绩快报） 盈利能力下降,Wind
1277,2020-04-14,方正证券：2019年净利润同比增长52.35%（业绩快报）,Wind
1278,2020-04-14,4月14日A股龙虎榜揭秘，机构抛售7股,Wind
1279,2020-04-14,方正证券一季度净利润3.79亿元 同比下滑35.53% 盈利能力下降,北京商报
1280,2020-04-14,方正证券(601901.SH)业绩快报2019年度净利升52.35%至10.08亿元,格隆汇
1281,2020-04-14,方正证券(601901.SH)业绩快报一季度净利降35.53%至3.79亿元 盈利能力下降,格隆汇
1282,2020-04-14,方正证券业绩快报：2019年净利同比增52% 今年一季度净利同比降36%,e公司
1283,2020-04-14,方正证券：2019年净利润同比增长52.35%,新浪
1284,2020-04-13,4月13日A股龙虎榜揭秘，机构抛售14股,Wind
1285,2020-04-11,券商3月业绩普遍下滑 4家上市券商出现亏损 亏损,新浪
1286,2020-04-11,方正证券股份有限公司 关于公司涉及诉讼的公告 诉讼纠纷,中证报
1287,2020-04-10,4月10日A股龙虎榜揭秘，机构抛售11股,Wind
1288,2020-04-10,上交所披露2019年度十佳期权经纪商和优秀期权做市商,Wind
1289,2020-04-10,方正证券：向法院起诉，请求判令长乐汇公司等偿还融资本金及利息 诉讼纠纷,Wind
1290,2020-04-10,券商业绩坐上过山车！这几家券商优势地位不可动摇,上证报
1291,2020-04-09,方正证券：一季度确认信用减值损失共计3.51亿元,Wind
1292,2020-04-09,A股上市券商3月“月考”：龙头强者恒强，三家单月亏损,Wind
1293,2020-04-09,4月9日A股龙虎榜揭秘，机构最青睐8股,Wind
1294,2020-04-09,AAA紫光集团债券闪崩与AAA北大方正违约，问题到底出在哪？ 未按时兑付本息,搜狐
1295,2020-04-09,方正证券：母公司3月净利润297万元，信用减值损失减少净利润约2.63亿元 盈利能力下降,Wind
1296,2020-04-08,4月8日A股龙虎榜揭秘，机构抢筹8股,Wind
1297,2020-04-07,4月7日A股龙虎榜揭秘，机构最青睐6股,Wind
1298,2020-04-07,基金收评 | A股全天高开高走，题材概念全线飘红,第一财经
1299,2020-04-04,粮企股价翻倍“米袋子”影响几何？,Wind
1300,2020-04-03,4月3日A股龙虎榜揭秘，机构抛售9股,Wind
1301,2020-04-03,带货新势力C2M与MCN，“大厂们”更偏爱谁？,Wind
1302,2020-04-02,4月2日A股龙虎榜揭秘，机构抛售13股,Wind
1303,2020-04-02,个股无端连续跌停，哪路资金在“兴风作浪”？,Wind
1304,2020-04-01,4月1日A股龙虎榜揭秘，机构抛售8股,Wind
1305,2020-03-31,逆回购降息20基点，央行逆周期调节力度加码,Wind
1306,2020-03-31,基金年报曝光机构动向，险资大举买入科技主题ETF,Wind
1307,2020-03-30,3月30日A股龙虎榜揭秘，机构抢筹12股,Wind
1308,2020-03-27,【方正金工】易方达香港证券ETF上市首日交投活跃,金工严选
1309,2020-03-27,3月27日A股龙虎榜揭秘，机构抛售13股,Wind
1310,2020-03-27,北向资金加速抄底！二季度关注这些内需标的,中证报
1311,2020-03-27,基金发行现“冰火两重天”方正富邦债基发行失败 募集异常,中华工商时报
1312,2020-03-25,3月25日A股龙虎榜揭秘，机构最青睐9股,Wind
1313,2020-03-25,业务不停 服务不停 方正证券全面支持企业复工复产,金融界
1314,2020-03-24,3月24日A股龙虎榜揭秘，机构抢筹13股,Wind
1315,2020-03-24,万马科技、蓝英装备双双遭遇“天地板”，游资出逃,Wind
1316,2020-03-24,【安信非银第11期周报】海外疫情蔓延外资流出，关注非银反弹窗口,新角度新金融
1317,2020-03-23,3月23日A股龙虎榜揭秘，机构最青睐7股,Wind
1318,2020-03-20,3月20日A股龙虎榜揭秘，机构抢筹8股,Wind
1319,2020-03-20,神反转！中信信托和方正证券握手言和，6家上市公司股权或生变,和讯
1320,2020-03-20,用益-信托市场简报：信托业资产规模连续两年下降风险率创新高,用益信托网
1321,2020-03-20,数据告诉你美国经济离衰退还有多远？,第一财经
1322,2020-03-20,"虚惊一场？方正证券""追回""2.3亿信托资金，还获百万""占用费""",券商中国
1323,2020-03-20,方正证券股份有限公司关于中信·远洋弘盛信托计划风险事项的进展公告,中证报
1324,2020-03-20,神转折！上周还在互怼，这周就和好了？中信信托还2.3亿给方正证券，仍有个谜题待解,中国基金报
1325,2020-03-19,中信信托与方正证券协商一致 信托资金已归还方正证券,中证网
1326,2020-03-19,方正证券(601901.SH)：解除中信远洋弘盛投资集合资金信托计划信托合同已收到资金约2.31亿元,格隆汇
1327,2020-03-19,方正证券：解除《中信远洋弘盛投资集合资金信托计划信托合同》,Wind
1328,2020-03-19,37只股北向资金持有流通盘的比例超10%,证券时报网
1329,2020-03-18,38只股北向资金持有流通盘的比例超10%,证券时报网
1330,2020-03-18,流动性宽松下的3月楼市异动调查：土地市场乍寒已暖，一线城市率先复苏,Wind
1331,2020-03-16,每日理财观察：证监会明确取消证券公司外资股比限制，大基金二期要来了,Wind
1332,2020-03-15,方正证券：3月16日有可能进行MLF利率下调,Wind
1333,2020-03-15,方正证券(601901.SH)“19方正F2”3月23日付息,格隆汇
1334,2020-03-14,2.3亿信托资金引来三大公司“扯皮”，上交所迅速介入要真相,和讯
1335,2020-03-13,方正证券2.3亿元 投资变“糊涂账”,广州日报
1336,2020-03-13,2.3亿信托资金疑成关联交易 上交所要求方正证券全面自查,证券时报网
1337,2020-03-13,每日理财观察：回购定盘利率全线下跌，债类基金重新受宠,Wind
1338,2020-03-13,方正2.3亿信托资金陷迷局，项目方信托方均撇清关系,Wind
1339,2020-03-12,方正证券：收到上交所监管工作函 其他违规处罚,Wind
1340,2020-03-12,2.3亿信托资金现“罗生门”：受托人中信信托称资金运用符合合同约定,21世纪经济报道
1341,2020-03-12,“史上最大泡沫”还是“强烈推荐”？拼多多再引券商开撕,中证报
1342,2020-03-12,“抱团取暖”证券维权干货大盘点(一)：这25家公司已有胜诉判决仍可索赔,南方财经网
1343,2020-03-11,事涉2.3亿信托资金！方正证券开炮 中信信托24小时沉默以对,金融界
1344,2020-03-11,2.3亿信托资金投向方正集团已4个月？ 委托人方正证券自称毫不知情,Wind
1345,2020-03-11,2.3亿信托资金投向方正集团已4个月？ 委托人方正证券自称毫不知情,--
1346,2020-03-11,40只股北向资金持有流通盘的比例超10%,证券时报网
1347,2020-03-11,方正证券2.3亿信托资金被用向方正集团发贷款,资本邦
1348,2020-03-10,又见券商更名：财富证券改名为财信证券！去年以来至少5家券商更名，图的是啥？ 业务变化,每日经济新闻
1349,2020-03-10,方正证券：董事会审议通过信托计划风险事项应对方案,新浪
1350,2020-03-10,方正证券(601901.SH)得知认购的2.3亿元信托资金被受托人中信信托全部用于向方正集团发放贷款,格隆汇
1351,2020-03-10,方正证券：认购的2.3亿元信托资金被受托人中信信托全部用于向方正集团发放贷款,Wind
1352,2020-03-10,41只股北向资金持有流通盘的比例超10%,证券时报网
1353,2020-03-09,这些股票索赔案前期已有胜诉判决 提醒股民特别注意,新浪
1354,2020-03-06,*ST鹏起股东曹亮发将被动减持不超1.0852%股份 减持股份,金融界
1355,2020-03-06,3月6日股市预警 | 9家公司突发利空 71亿资金流出这十股,腾讯网
1356,2020-03-06,稳了！无惧疫情，此行业一季度业绩大幅提升几成定局！（受益股）,证券时报网
1357,2020-03-05,“牛市先锋”券商股大赚：2月净利最高暴增777%,新浪
1358,2020-03-05,果然大涨！刚刚，26家上市券商2月业绩出炉：一哥狂赚近12亿！,中国基金报
1359,2020-03-05,方正证券：母公司2月份净利2.9亿元 同比大增,e公司
1360,2020-03-05,方正证券(601901.SH)2月母公司净利润2.9亿元同比增长370.21%,格隆汇
1361,2020-03-04,降不降息？央行等三部委召开电话会！人民币涨超500点,券商中国
1362,2020-03-03,国金策略：哪些个股被“外资化”了？（附股）,新浪
1363,2020-03-03,金融界慧眼2月超配行业榜揭晓：山西证券领跑方正证券突飞猛进,金融界
1364,2020-03-02,十大券商一周策略：A股是全球疫情升级中的真正避险资产,券商中国
1365,2020-03-01,2月超400家公司减持 创业板成套现集中地（名单） 减持股份,财富动力网
1366,2020-02-28,42只股北向资金持有流通盘的比例超10%,证券时报网
1367,2020-02-24,方正证券：方正产控遭被动减持0.59%股份 减持股份,Wind
1368,2020-02-24,债券重大事件2020年2月24日星期一,Wind
1369,2020-02-21,联合资信：关注法院裁定受理方正证券控股股东北大方正集团重整 减资破产,Wind
1370,2020-02-21,中证报头版：LPR非对称下降传递两大信号,Wind
1371,2020-02-20,方正证券(601901.SH)：子公司方正证券投资完成工商变更登记,格隆汇
1372,2020-02-19,方正证券：决定对方正证券投资增资6亿元,新浪
1373,2020-02-19,方正证券(601901.SH)拟向方正证券投资增资6亿元,格隆汇
1374,2020-02-19,方正证券：为全资子公司方正承销保荐提供净资本担保承诺10亿元 大额借贷担保,Wind
1375,2020-02-19,方正证券、中国高科：法院受理北京银行提出的对方正集团进行重整申请,Wind
1376,2020-02-19,北京银行申请对方正集团重整，人行已牵头成立工作组 减资破产,观察者网
1377,2020-02-19,北大资源：北大方正被银行申请破产重整 减资破产,乐居财经
1378,2020-02-18,北大方正被银行申请破产重整：有息负债1600亿元 减资破产,腾讯网
1379,2020-02-18,北大方正被银行申请重整，或为引入新股东铺路 减资破产,21世纪经济报道
1380,2020-02-18,方正集团被申请重整，北大医药等称可能影响公司股权结构 减资破产,第一财经
1381,2020-02-18,方正证券(601901.SH)控股股东被申请重整 减资破产,格隆汇
1382,2020-02-18,入主“新方正集团”，中国平安能得到什么？,财联社
1383,2020-02-17,全方位抗击疫情！方正证券捐赠驰援并保证旗下员工零感染,资本邦
1384,2020-02-15,业绩压力下有券商投行喊出：下周到岗工作居家办公不算，7家券商1月净利断崖式下滑逾六成 盈利能力下降,华夏时报
1385,2020-02-13,公告点题丨2月13日这些公告有看头,第一财经
1386,2020-02-13,方正证券：母公司1月实现净利1.17亿元,中证网
1387,2020-02-13,方正证券：母公司1月份净利润1.17亿元,e公司
1388,2020-02-13,方正证券(601901.SH)1月母公司净利润1.17亿元 同比下降36.54% 盈利能力下降,格隆汇
1389,2020-02-12,44只股北向资金持有流通盘的比例超10%,证券时报网
1390,2020-02-11,方正证券积极防控新冠肺炎疫情展示证券业温度,新华网
1391,2020-02-11,券商板块几乎全线飘红,Wind
1392,2020-02-09,证券业战“疫”:办公精简，线上业务大爆发,财经网
1393,2020-02-07,43只股北向资金持有流通盘的比例超10%,证券时报网
1394,2020-02-01,【国金策略】1月“外资”持股市值及结构剖析|| 疫情引发外资净流出，月整体加仓“TMT、医药”（李立峰/丁潇等）,策略李立峰与行业配置笔记
1395,2020-01-30,2019年“消失”的券商，民族证券、联讯证券、中投证券、广州证券,腾讯网
1396,2020-01-22,方正证券：预计2019年净利润同比增长25%-75%,Wind
1397,2020-01-22,方正证券(601901.SH)2019年度净利润预增25%-75%,格隆汇
1398,2020-01-20,湖南证券投诉谁多 湘财证券方正证券财富证券夺前三,中国经济网
1399,2020-01-16,国泰君安敲定同业竞争解决方案 上海证券百亿增资“易主”百联集团 控制人变化,21世纪经济报道
1400,2020-01-15,11.46%质押股份拟遭平仓 ST摩登控制权或变更 股票质押异常,e公司
1401,2020-01-15,微信群私发研报，券商收罚单，分析师也被约谈 其他违规处罚,券商中国
1402,2020-01-14,ST摩登：控股股东等因股票质押融资被动减持 可能致实控人变更 减持股份,资本邦
1403,2020-01-14,券商研究员微信私发研报会咋样?整个公司来“背锅”,上证报
1404,2020-01-14,40只股北向资金持有流通盘的比例超10%,证券时报网
1405,2020-01-13,关于对方正证券股份有限公司采取出具警示函措施的决定,湖南证监局
1406,2020-01-09,方正证券母公司上月净利3.11亿元,金融界
1407,2020-01-09,方正证券：2019年12月实现净利润3.12亿元,中证网
1408,2020-01-09,[公司]方正证券母公司去年12月净利3.12亿元,全景网
1409,2020-01-09,方正证券(601901.SH)12月母公司净利润3.12亿元上年同期则为-2491.69万元 亏损,格隆汇
1410,2020-01-09,方正证券：母公司去年12月净利超3亿元 环比增逾9倍,e公司
1411,2020-01-09,41只股北向资金持有流通盘的比例超10%,证券时报网
1412,2020-01-09,证券从业人员“缩水”至32.88万人 六成集中于上市券商,证券日报
1413,2020-01-02,【国金策略】指数创新高，北上资金持仓发生了哪些变化？（李立峰/丁潇等）,策略李立峰与行业配置笔记
1414,2020-01-02,融资客青睐12股，中华企业买入占比高达45.94%,Wind
1415,2019-12-31,A股之王：市场各路资金正在调仓换股切换热点,金融界
1416,2019-12-31,券商股直线冲高，国投资本连续涨停,Wind
1417,2019-12-30,什么信号?券商龙头封板，北上资金单月买爆，前期概念股退潮，临近年底市场怎么走,e公司
1418,2019-12-28,第四家外资控股券商要来了？瑞信方正证券增资又有重要进展 证监会提出七大反馈意见,券商中国
1419,2019-12-28,瑞信方正证券增资又有重要进展，有望成为第四家外资控股券商,Wind
1420,2019-12-27,7只金融股斥71亿元回购，年内股价平均涨幅48%,Wind
1421,2019-12-26,方正证券：控股股东方正集团所持11.09亿股被司法轮候冻结 股权冻结,资本邦
1422,2019-12-26,[公司]方正证券控股股东持股及其孳息被司法轮候冻结,全景网
1423,2019-12-26,方正证券：控股股东方正集团所持11.1亿股股份被司法冻结 股权冻结,e公司
1424,2019-12-26,方正证券：控股股东方正集团11.10亿股及其孳息被司法轮候冻结,Wind
1425,2019-12-25,金融行业板块总体下跌0.09%，方正证券领跌,搜狐
1426,2019-12-23,北大方正集团20亿元超短融成功展期 获持有人一致同意,21世纪经济报道
1427,2019-12-23,券商股异动攀升，方正证券冲击连板,Wind
1428,2019-12-22,重大利空！下周A股将有大量解禁，年末行情还有进场机会吗？ 解禁,搜狐
1429,2019-12-21,华测检测被爆买，还有这些股获北上资金大比例持有（附股）,证券时报网
1430,2019-12-20,[公司]方正证券控股股东所持超11亿股被司法轮候冻结 股权冻结,全景网
1431,2019-12-20,方正证券：控股股东方正集团所持超11亿股被司法轮候冻结 股权冻结,Wind
1432,2019-12-20,券商股快速冲高，南京证券录得6天5板,Wind
1433,2019-12-19,方正证券：行业景气度分化加深 关注结构性亮点,方正证券
1434,2019-12-19,37只股北向资金持有流通盘的比例超10%,证券时报网
1435,2019-12-18,三连板美联新材回复关注函：“10送9”方案不存在炒作股价情形 关注函,第一财经
1436,2019-12-18,方正证券陈琨：深交所注册制最快今年底推出,新京报
1437,2019-12-16,因股票质押违约，*ST鹏起股东不超1753万股被动减持 股票质押异常,资本邦
1438,2019-12-16,方正证券董监事会换届选举,上证报
1439,2019-12-13,方正集团两笔债券正常付息，下周拟开违约超短融券持有人会议 未按时兑付本息,澎湃新闻
1440,2019-12-13,39只股北向资金持有流通盘的比例超10%,证券时报网
1441,2019-12-11,方正证券：法院判决驳回政泉控股诉讼请求 诉讼纠纷,Wind
1442,2019-12-10,方正证券：公司涉及股票质押式回购纠纷 诉讼纠纷,Wind
1443,2019-12-06,方正集团所持方正证券8.49亿股股份被司法冻结 股权冻结,北京商报网
1444,2019-12-06,6日晚公告精编丨方正集团持有方正证券、中国高科部分股份被司法冻结,21世纪经济报道
1445,2019-12-06,突发！方正集团所持方正证券8.49亿股及孽息被冻结 股权冻结,中新经纬
1446,2019-12-06,[公司]方正证券：方正集团所持公司8.49亿股及孽息被司法冻结 股权冻结,全景网
1447,2019-12-06,方正证券公告3.46亿元股票质押违约案件进展 违约失信,上证报
1448,2019-12-06,财关与券商联姻 金证互通持续提高全面深化服务客户的能力,每经网
1449,2019-12-06,方正证券(601901.SH)控股股东合计11.096亿股被冻结,格隆汇
1450,2019-12-06,方正证券：控股股东所持公司8.49亿股股份及孽息被司法冻结,Wind
1451,2019-12-06,方正证券(601901.SH)：所涉*ST鹏起的股票质押违约纠纷 公司的执行申请已获郴州中院受理 股票质押异常,格隆汇
1452,2019-12-05,方正证券：11月份实现净利润2965.67万元,中证网
1453,2019-12-05,方正证券(601901.SH)11月母公司净利降76.06%至2965.67万元 盈利能力下降,格隆汇
1454,2019-12-05,联合资信：关注方正证券控股股东北大方正集团未能按期足额偿付本息 未按时兑付本息,Wind
1455,2019-12-05,"方正20亿债券违约 3600亿""中国最大校企""体改进行中 未按时兑付本息",腾讯网
1456,2019-12-04,方正电话会：正努力筹措20亿兑付资金，但还未成功,Wind
1457,2019-12-03,方正证券(601901.SH)：回函称北大资产拟为方正集团引入大型央企作为战略投资人,格隆汇
1458,2019-12-03,方正集团拟引入央企作为战略投资人，尚未定合作方及交易方案,澎湃新闻
1459,2019-12-03,方正证券：法院判决政泉控股改正抽逃出资行为前停止行使全部股东权利 诉讼纠纷,Wind
1460,2019-12-03,方正证券：方正集团尚未最终确定战略合作方及具体交易方案,Wind
1461,2019-12-03,【国金策略】11月“陆股通”持股市值及结构剖析||齐发力，加仓“电子、建材、计算机”等（李立峰/丁潇等）,策略李立峰与行业配置笔记
1462,2019-12-03,方正集团上午召开电话会议，表示积极引入大型央企战投,Wind
1463,2019-12-03,方正科技、方大证券午前大涨，消息称将引入某大型央企,Wind
1464,2019-12-03,方正集团将引入某大型央企，最大校企推进体制改革,Wind
1465,2019-12-02,证监会宣告打造航母级头部券商，或率先利好业务端,21世纪经济报道
1466,2019-11-29,方正证券(601901.SH)决定对方正和生投资增资11亿元 满足其扩大基金管理规模的业务需要,格隆汇
1467,2019-11-29,方正证券：终止全资子公司与方正信产共同设立产业基金的关联交易 并购重组异常,Wind
1468,2019-11-27,方正证券：公司收到湖南高院送达的《民事裁定书》,Wind
1469,2019-11-25,长江证券8亿港元输血国际板块 券商陆续加码境外业务,新浪
1470,2019-11-22,别人家的券商！又有股权激励 能赚多少？,中国基金报
1471,2019-11-18,10月份券商APP活跃度全线下滑 仅2家活跃人数超400万人,证券日报
1472,2019-11-15,方正证券(601901.SH)完成发行15亿元短期融资券,格隆汇
1473,2019-11-14,方正证券(601901.SH)完成兑付2019年度第一期短期融资券,格隆汇
1474,2019-11-14,亏损窟窿难堵 股东被动减持 游久退市再近一步？ 亏损,华夏时报
1475,2019-11-13,【行情】券商板块持续杀跌，华鑫股份、第一创业均跌近4%，华林证券、太平洋、方正证券纷纷走弱。 连续下跌,金十数据
1476,2019-11-09,上市券商分支机构“拉锯战”白热化，年内新设160家撤出42家,Wind
1477,2019-11-09,上市券商分支机构“拉锯战”白热化 年内新设160家撤出42家,证券日报
1478,2019-11-08,最新公告透露利好 15只个股有望爆发（11.08）,中金在线
1479,2019-11-08,长江证券方正证券等一掷千金 对境外子公司增资,新浪
1480,2019-11-07,方正证券(601901.SH)获准设立32家分支机构,格隆汇
1481,2019-11-06,方正证券10月实现净利润7351.39万元,中证网
1482,2019-10-29,方正证券公布三季报 前三季净利增加136.48%,新浪
1483,2019-10-29,方正证券：前三季度净利润同比增136.48%,Wind
1484,2019-10-24,上市券商分支机构“拉锯战”升级 新设128家撤出38家 年内新增上千位从业人员,证券日报
1485,2019-10-18,方正证券：玲珑轮胎稳步推进“5+3”战略 国际化布局处行业领先地位,中证网
1486,2019-10-18,方正证券：前三季度净利润同比增长136.48%,中证网
1487,2019-10-18,方正证券前三季度净利10.75亿 多家公司公布业绩-更新中,中财网
1488,2019-10-18,方正证券：前三季度净利10.75亿元 同比增136%,e公司
1489,2019-10-18,方正证券(601901.SH)披露业绩快报 前三季度净利升136.48%至10.75亿元,格隆汇
1490,2019-10-16,方正证券关于高级管理人员辞职的公告 董监高成员变化,新浪
1491,2019-10-16,7家券商前三季度净利翻倍 国泰君安净利71.67亿居首,长江商报
1492,2019-10-15,两上市公司投资者维权索赔案又迎新进展 诉讼纠纷,证券时报网
1493,2019-10-15,券商三季报抢先看，7家净利翻倍！国君中信净利超70亿，股权质押仍存隐忧,券商中国
1494,2019-10-14,券商9月经营数据:6成净利过亿 机构称板块有上涨空间,中证报
1495,2019-10-14,方正证券：母公司9月份净利润1.42亿元,e公司
1496,2019-10-14,方正证券：249件二审终审案件赔偿等金额由2240.7万元降至1122万元 诉讼纠纷,Wind
1497,2019-10-14,方正证券(601901.SH)9月母公司净利降85.79%至1.42亿元 盈利能力下降,格隆汇
1498,2019-10-14,方正证券：起诉保证人庞庆华，法院已对该案件予以受理 诉讼纠纷,Wind
1499,2019-10-11,游久游戏遭上交所问询 两年巨亏13亿 问询,华夏时报
1500,2019-09-25,方正证券：新收到长沙中院送达的99件投资者起诉案件，合计涉诉金额2366.63万元 诉讼纠纷,Wind
1501,2019-09-24,信用负面跟踪20190926,郁言债市日常跟踪
1502,2019-09-23,券商板块直线上拉,Wind
1503,2019-09-20,方正证券(601901.SH)拟出资9.98亿元共同设立安徽省战略新兴产业基金,格隆汇
1504,2019-09-19,一切从客户需求出发，方正证券“小方”重新定义证券APP,证券时报
1505,2019-09-18,两大因素致券商APP拉开差距 该如何定位自身产品？,新浪
1506,2019-09-18,方正证券：法院判决驳回原告政泉控股的诉讼请求 诉讼纠纷,Wind
1507,2019-09-17,万和证券：方正证券涉及多起证券虚假陈述责任纠纷案 诉讼纠纷,Wind
1508,2019-09-11,券商股又一次“先知先觉”？ 极似2015年牛市行情前夜,第一财经日报
1509,2019-09-10,[路演]方正证券：沪伦通对公司业绩有积极影响,全景网
1510,2019-09-05,方正证券(601901.SH)8月母公司净利扭亏为盈至7995.16万元,格隆汇
1511,2019-09-04,19年家电业中期观察：行业在承压 但营利反增,格隆汇
1512,2019-09-02,方正证券: Ekornes 国内渠道建设显成效 曲美家居上半年营收20.11亿元,乐居财经
1513,2019-09-02,36家上市券商六项指标大排名！中信、海通、中信建投霸占投行三强,券商中国
1514,2019-08-28,说明诉讼纠纷进展情况等迈威生物答科创板首轮问询,资本邦
1515,2019-08-20,方正证券(601901.SH)完成发行15亿元短期融资券 发行利率2.89%,格隆汇
1516,2019-08-20,方正证券上半年营收35.88亿元 净利润同比增长2.71倍,证券日报
1517,2019-08-20,方正证券短期融资券发行 总额为15亿元,挖贝网
1518,2019-08-20,上半年券商收获颇丰 股权质押业务成“黑天鹅”,中证报
1519,2019-08-19,方正证券2019年上半年净利7.63亿 服务产品签约客户增加,挖贝网
1520,2019-08-19,方正证券：上半年净利润同比增270.89%,Wind
1521,2019-08-19,方正证券上半年营收35.88亿元 净利润同比增长270%,证券时报网
1522,2019-08-19,方正证券：上半年净利同比增270.89%,e公司
1523,2019-08-19,方正证券：上半年净利润7.63亿元 同比增长270.89%,新浪
1524,2019-08-19,方正证券(601901.SH)半年度净利润升270.89%至7.63亿元,格隆汇
1525,2019-08-16,摩登大道大股东平仓危机接踵而至，董事长等多人被限高消费 股票质押异常,21世纪经济报道
1526,2019-08-12,方正证券时隔5年将再发短融券,中证网
1527,2019-08-12,方正证券快报业绩同比大增270.89%,中财网
1528,2019-08-09,方正证券业绩快报：上半年净利同比增271%,e公司
1529,2019-08-09,方正证券2019年上半年净利7.63亿 自营业务收益大幅增长,挖贝网
1530,2019-08-09,方正证券：上半年实现净利润7.6亿元，同比增长270.89%,Wind
1531,2019-08-09,方正证券(601901.SH)上半年扣非归母净利增222.52%至7.72亿元,格隆汇
1532,2019-08-07,方正证券2019年7月母公司营业收入2.79亿元,挖贝网
1533,2019-08-06,方正证券：7月实现净利6028万元，6月亏损9928万元,Wind
1534,2019-08-06,方正证券(601901.SH)7月母公司净利润达6028.53万元,格隆汇
1535,2019-08-02,方正证券：民族证券注册资本由44.87亿元变更为8亿元,Wind
1536,2019-08-02,“818理财节”8月5日揭幕 方正证券“理财商城”即将上线,证券之星
1537,2019-08-02,方正证券：2018年年度权益分派实施公告,上交所
1538,2019-08-01,方正证券每股派现0.03元 拟派发现金红利总额不超过2.14亿,挖贝网
1539,2019-08-01,[快讯]方正证券公布2018年年度分红实施方案,中财网
1540,2019-08-01,方正证券：2018年度每股现金分红0.026元,中证网
1541,2019-08-01,方正证券：2018年年度利润分配股权登记日为8月8日,Wind
1542,2019-07-31,方正证券：涉及诉讼,Wind
1543,2019-07-31,方正证券：公司申请案件执行，涉案金额达63934万元,Wind
1544,2019-07-31,方正证券引入资本“活水”支持产业扶贫,证券时报
1545,2019-07-30,5年承诺期临近，国泰君安终于解决同业竞争这块“心病”：百联集团将控股上海证券！,每日经济新闻
1546,2019-07-29,方正证券：以造血式扶贫，点亮产业发展之路,中证协
1547,2019-07-26,方正证券(601901.SH)获准终止在全国中小企业股份转让系统从事推荐业务 资产异常,格隆汇
1548,2019-07-26,方正证券：截至目前公司涉及证券虚假陈述责任纠纷案件共1160件 诉讼纠纷,Wind
1549,2019-07-18,机构踩雷，减值准备迎第二波，持有人损失几何？,Wind
1550,2019-07-17,金融：半年报+科创板+美联储降息三预期叠加分析,东莞证券
1551,2019-07-12,券商6月经营数据：营收同比增6成 国泰君安反超中信,新浪
1552,2019-07-11,因红利停发 方正证券被股东政泉控股告上法庭 诉讼纠纷,资本邦
1553,2019-07-10,刚刚报会 外资绝对控股券商“再下一城”,新浪
1554,2019-07-09,【安信非银第51期周报】证券法落地利在长远，持续看好非银龙头,新角度新金融
1555,2019-07-09,方正证券：市场给予成长企业合理估值 网下倾斜6类打新收益可观,方正证券
1556,2019-07-09,上市券商6月集体翻身仗！3家净利环比翻10倍，半年业绩座次提前看,券商中国
1557,2019-07-09,券商6月业绩大爆发：3家净利增逾10倍，6家营收超10亿,澎湃新闻
1558,2019-07-08,方正证券(601901.SH)6月母公司净亏损9928.52万元 同比收窄35.31% 亏损,格隆汇
1559,2019-07-08,获准设立8家区域分公司、22家营业部 方正证券网点布局进一步完善,证券之星
1560,2019-07-08,方正证券：从“组织架构”视角出发，回顾四大商业巨头的战略变迁（附下载）,199IT
1561,2019-07-05,方正证券：获准设立30家分支机构,e公司
1562,2019-06-28,方正证券聘任崔肖担任副总裁,挖贝网
1563,2019-06-26,平仓危机后摩登大道惊现涨停板 旗下公司分拆上科创板？,新京报
1564,2019-06-26,摩登大道实控人陷质押纠纷 13%股份或遭平仓 关联方问题,新浪
1565,2019-06-24,强制平仓危机悬顶！摩登大道实控人或遭平仓最高13.28%股份 长城影视未幸免 股票质押异常,e公司
1566,2019-06-21,方正证券：控股股东部分股权涉及诉讼 关联方问题,Wind
1567,2019-06-12,法院再次判决方正证券向投资者赔付1285万元 诉讼纠纷,新浪
1568,2019-06-11,方正证券：5月打新收益回暖 A类参与数量持续提升,方正证券
1569,2019-06-07,券商从业人员违规炒股被罚10万元！ 交易2400万元竟还亏损36万 其他违规处罚,全景网
1570,2019-06-06,6月6日上市公司晚间公告速递,新浪
1571,2019-06-06,5月券商业绩汇总,金融界
1572,2019-06-06,方正证券(601901.SH)5月母公司净利润4728.59万元 同比增长100.93%,格隆汇
1573,2019-06-06,方正证券：母公司5月份净利润4729万元,e公司
1574,2019-06-06,方正证券：母公司5月净利润4728.59万元,Wind
1575,2019-05-31,北大方正集团：子公司方正证券合计涉诉金额为31496万元 诉讼纠纷,Wind
1576,2019-05-29,方正证券：终止方正中期期货与方正物产共同增资上海际丰的关联交易 再融资异常,Wind
1577,2019-05-27,595件股民纠纷案下月集中开庭 方正证券计提负债远不及索赔额 诉讼纠纷,大众证券报
1578,2019-05-27,800余投资者索赔方正证券三亿 500余案件6月11日开庭,新浪
1579,2019-05-27,两融业务成资产减值出血点 相关诉讼频发银河证券风控待解 诉讼纠纷,投资时报
1580,2019-05-24,方正证券涉虚假陈述案868件，合计3.14亿元 诉讼纠纷,资本邦
1581,2019-05-24,方正证券：新增362件投资者起诉案件 涉诉金额超7000万元 诉讼纠纷,证券时报网
1582,2019-05-21,两融业务成资产减值出血点 相关诉讼频发银河证券风控待解 诉讼纠纷,投资时报
1583,2019-05-21,北上资金5月“变天”：净流出388亿 抛售白马股换仓逆周期行业,21世纪经济报道
1584,2019-05-20,【异动股】券商股拉升领涨两市 方正证券(601901-CN)触及涨停,财华社
1585,2019-05-20,方正证券早盘封涨停 成交额3.71亿元封单30.72万手,腾讯网
1586,2019-05-20,券商股发力，方正证券涨停,Wind
1587,2019-05-16,首期参与“投资者教育进百校”活动证券公司的名单,中证协
1588,2019-05-15,4.48亿元质押业务遭违约 方正证券申请强制执行 股票质押异常,中国基金报
1589,2019-05-15,方正证券(601901.SH)申请强制执行已获深圳中院受理 涉*ST北讯股票质押式回购交易违约 违约失信,格隆汇
1590,2019-05-15,方正证券(601901.SH)：瑞士信贷向瑞信方正增资事项已完成国有资产监督管理部门的相关审批及备案程序,格隆汇
1591,2019-05-15,方正证券：法院受理公司强制执行申请，天津信利隆等将被要求偿还超4亿元 诉讼纠纷,Wind
1592,2019-05-15,因股票质押违约，游久游戏第二大股东所持股份将被动减持 股票质押异常,新京报
1593,2019-05-14,证券业整合重组呈加速趋势,中证报
1594,2019-05-10,券商资管力推科创板打新产品,中证报
1595,2019-05-09,20家证券公司发布2019年4月业绩 长江证券4月盈利7亿元,中金在线
1596,2019-05-09,15家券商4月营收净利双“跳水”,中证报
1597,2019-05-08,方正证券：4月实现净利1.47亿元 环比降56%,中证网
1598,2019-05-08,方正证券(601901.SH)4月母公司业绩扭亏为盈至1.47亿元,格隆汇
1599,2019-05-08,方正证券：4月母公司实现净利润1.47亿元,Wind
1600,2019-05-08,方正证券(601901.SH)“19方正C1”将于5月9日挂牌上交所,格隆汇
1601,2019-05-07,【高端访谈】方正证券高利：科创板重塑A股生态，券商打造投行全产业链,中证报
1602,2019-05-04,民族证券加速业务整合 方正证券“接手”经纪业务,中国经营报
1603,2019-05-01,方正证券一季度净利5.9亿元同比增长86% 现金流量净额为200亿元,挖贝网
1604,2019-04-30,方正证券：一季度净利润同比增85.66%,Wind
1605,2019-04-28,公告一不留神自揭风控漏洞 方正证券非常手段卖资产,新浪
1606,2019-04-26,方正证券(601901.SH)：瑞士信贷单方面向瑞信方正增资获北京大学同意,格隆汇
1607,2019-04-24,从此不见“民族证券营业部”！民族证券变身投行子公司 股民转至方正旗下,券商中国
1608,2019-04-23,方正证券：3起股票质押执行案件进展,Wind
1609,2019-04-23,方正证券：将于5月24日整体迁移合并民族证券经纪业务及客户,中证网
1610,2019-04-23,4月23日上市公司晚间公告速递,新浪
1611,2019-04-23,方正证券：拟与民族证券实施经纪业务及客户整体迁移合并,Wind
1612,2019-04-22,银河证券涉3起两融诉讼索赔1.8亿 净利下滑投资亏6亿 诉讼纠纷,新浪
1613,2019-04-19,方正证券(601901.SH)一季度净利润升85.66%至5.88亿元,格隆汇
1614,2019-04-19,方正证券：2019年一季度净利润同比增85.66%（快报）,Wind
1615,2019-04-19,方正证券：一季度净利5.88亿元 同比增86%,e公司
1616,2019-04-17,刘强东遭女学生控告性侵，京东也成被告 | 4月17日坏消息榜 诉讼纠纷,钛媒体
1617,2019-04-17,又见外资增持合资券商 瑞士信贷有望控股瑞信方正,证券日报
1618,2019-04-16,游久游戏(600652.SH)第二大股东刘亮因违约被动减持2106.79万股 关联方问题,格隆汇
1619,2019-04-16,外资控股券商再添新军！瑞士信贷拟增资6.28亿元控股瑞信方正,北京商报网
1620,2019-04-16,股价连续下跌 游久游戏第二大股东所持部分股份恐遭被动减持,北京商报网
1621,2019-04-15,瑞信方正控股权变更再进一步 方正证券5年同业竞争宽限期倒计时 控制人变化,第一财经
1622,2019-04-15,方正证券将控股权拱手相让 瑞士信贷向瑞信方正增资6.28亿,每日经济新闻
1623,2019-04-15,刚刚报会！外资绝对控股券商“再下一城”,中国基金报
1624,2019-04-15,券商外资控股又有新进展：瑞士信贷增资控股瑞信方正,澎湃新闻
1625,2019-04-15,方正证券：瑞信方正不再纳入公司合并报表范围,中证网
1626,2019-04-15,方正证券：瑞士信贷增资控股瑞信方正 公司持股比例降至49%,证券时报网
1627,2019-04-15,方正证券：瑞士信贷对瑞信方正增资，公司持股比降至49%,Wind
1628,2019-04-11,券业正进行这样一场人才大战！去年行业流失逾11000人，这些条线却大力扩张,券商中国
1629,2019-04-10,"方正证券：将杰瑞股份评级调高为""强烈推荐""",Wind
1630,2019-04-09,方正证券(601901.SH)3月母公司净利润升78.41%至3.35亿元,格隆汇
1631,2019-04-09,股市反弹19家券商3月业绩亮眼，华泰赚15.76亿居首,Wind
1632,2019-04-09,方正证券：母公司3月净利润3.35亿元，环比增长4.4倍,Wind
1633,2019-04-08,方正证券年报发布 资管业务2018年营收同比增长超35%,证券之星
1634,2019-04-08,券商投资路线图曝光本周股市三大猜想及应对策略,中财网
1635,2019-04-08,券商股笑纳“牛市” 年报揭示买入底气,第一财经
1636,2019-04-04,方正证券遭投资者起诉 曾对该类诉讼预计提负债4千万,金陵晚报
1637,2019-04-02,政泉控股所持方正证券近18亿股份被轮候冻结 股权冻结,中金在线
1638,2019-04-02,方正证券股东近18亿股份被轮候冻结 占公司总股本的21.86% 股权冻结,中证网
1639,2019-04-02,方正证券：股东政泉控股21.86%股份被司法轮候冻结 股权冻结,Wind
1640,2019-04-02,方正证券(601901.SH)：政泉控股所持约18亿股已全部被法院轮候冻结 股权冻结,格隆汇
1641,2019-04-02,方正证券：股东政泉控股所持17.99亿股已全部被法院轮候冻结 股权冻结,Wind
1642,2019-04-02,方正证券去年净利6.61亿元 同比下滑54% 董事长高利年薪456万元,挖贝网
1643,2019-04-01,"方正证券：将迈为股份评级调高为""强烈推荐""",Wind
1644,2019-03-29,方正证券2018年净利润6.61亿元 同比下降54.48%,中证网
1645,2019-03-29,方正证券：2018年净利6.61亿元 同比降54%,e公司
1646,2019-03-29,方正证券：2018年净利润同比减54.48% 盈利能力下降,Wind
1647,2019-03-27,珠海中富领罚“二进宫” 新的索赔诉讼即将开始,财富动力网
1648,2019-03-27,首季券商分支机构仅获批32家 智能服务将登场或成未来主角,证券日报
1649,2019-03-20,"方正证券：将景嘉微评级调高为""强烈推荐""",Wind
1650,2019-03-20,"方正证券：将海联金汇评级调高为""强烈推荐""",Wind
1651,2019-03-20,方正证券2018年利润6.61亿下滑54% 受证券市场持续低迷影响 盈利能力下降,挖贝网
1652,2019-03-19,方正证券：2018年净利润同比减54.48%（快报） 盈利能力下降,Wind
1653,2019-03-19,方正证券(601901.SH)2018年归母净利降54.48%至6.61亿元 盈利能力下降,格隆汇
1654,2019-03-19,方正证券业绩快报：2018年度净利润6.61亿元 同比下滑逾五成,e公司
1655,2019-03-15,2018年业绩单“腰斩” 方正证券：股东股权遭轮候冻结,大众证券报
1656,2019-03-15,招商证券“左手回购右手配股” 如意算盘如何打？,新京报
1657,2019-03-13,那么多股民维权案子赢了 你却不知道自己也可以获赔,新浪
1658,2019-03-12,方正证券投资者索赔1800万元 诉讼纠纷,大众证券报
1659,2019-03-08,股票质押融入方违约涉案6.39亿元 方正证券申请立案执行 违约失信,证券时报网
1660,2019-03-06,22家券商2月业绩飙升 更有市值暴增1万亿,新浪
1661,2019-03-06,券商2月赚疯了！少7个交易日却比1月多赚近五成，跑步入春天，中信今日领衔暴动，再掀券商股涨停潮,券商中国
1662,2019-03-06,方正证券(601901.SH)2月净利润扭亏为盈至6164.64万元,格隆汇
1663,2019-03-06,方正证券母公司2月实现净利润6165万元,每日经济新闻
1664,2019-03-06,MSCI扩容纳入6只券商股，超七成券商股“入摩”,Wind
1665,2019-03-06,MSCI扩容纳入财通证券等6只券商股 超七成券商股“入摩”,证券日报
1666,2019-03-05,方正证券：三月 开弓没有回头箭,和讯
1667,2019-03-04,方正证券：政泉控股所持约18亿股份继续被冻结 股权冻结,中证网
1668,2019-03-04,方正证券：申请信用衍生品业务获证监会无异议监管意见书,e公司
1669,2019-02-27,"方正证券：将国祯环保评级调高为""强烈推荐""",Wind
1670,2019-02-26,方正证券北京证券自营分公司已完成注销登记,中证网
1671,2019-02-22,后悔吗？券商股今天火了 此前却被这些上市公司集体减持,经济观察网
1672,2019-02-22,涨停板解密：券商股全面爆发！（2月22日）,Wind
1673,2019-02-21,"方正证券：将紫金矿业评级调高为""强烈推荐""",Wind
1674,2019-02-13,方正证券(601901.SH)1月母公司净利润1.84亿元,格隆汇
1675,2019-02-13,方正证券：1月份净利润1.84亿元,证券时报网
1676,2019-02-13,证券业凛冬已至 行业集中度持续提升,新浪
1677,2019-02-12,估值修复 机构扫货券商龙头股,中证报
1678,2019-02-01,方正证券(601901.SH)截至1月底累计回购5780.59万元的股份,格隆汇
1679,2019-01-31,券商板块表现活跃，方正证券、中信建投领涨4%,Wind
1680,2019-01-30,平均一天2至3家涉嫌违规 78家公司一月份密集领罚单 其他违规处罚,大众证券报
1681,2019-01-28,新浪股民维权总量破20000 方正证券等多案取得新进展,新浪
1682,2019-01-28,券商股从高位回落，太平洋跌超7%,Wind
1683,2019-01-26,10家券商被20多只股票坑了36亿,Wind
1684,2019-01-25,券商股尾盘跳水，国海证券跌近7%,Wind
1685,2019-01-25,券业业绩最大“杀手”竟是它！至少5家券商发布资产减值公告 计提已超26亿,券商中国
1686,2019-01-24,方正证券2018年净利最高可达7.20亿 同比减少50%,挖贝网
1687,2019-01-23,方正证券2018净利大降五成 斥资5660万回购股份 盈利能力下降,第一财经
1688,2019-01-23,[快讯]方正证券公布年度业绩预告,中财网
1689,2019-01-23,方正证券为民族证券提供10亿元净资本担保承诺,中证网
1690,2019-01-23,方正证券2018年净利润预减50%-60% 盈利能力下降,证券时报网
1691,2019-01-23,方正证券：预计2018年净利同比下降50%-60%,Wind
1692,2019-01-23,方正证券：2018年计提各项资产减值准备4.7亿元，减少净利3.5亿元,Wind
1693,2019-01-22,虚假陈述案投资者首获胜 诉方正证券等判赔2209万元,中国经营网
1694,2019-01-22,方正证券：涉及证券虚假陈述责任纠纷案，被判赔偿 诉讼纠纷,Wind
1695,2019-01-22,方正证券索赔案一审落判 投资者三成损失需被告承担 诉讼纠纷,投资快报
1696,2019-01-21,方正证券索赔案股民一审胜诉,证券时报
1697,2019-01-21,方正证券投资者索赔案一审胜诉 股民仍可继续索赔,新浪
1698,2019-01-21,法院判决方正证券因虚假陈述向投资者赔付30%损失 诉讼纠纷,新浪
1699,2019-01-21,方正证券被判赔偿投资者 索赔额被打三折,金陵晚报
1700,2019-01-21,上市券商踩雷质押股 资产减值计提逾20亿元 股票质押异常,国际金融报
1701,2019-01-18,券商寒冬:34家中仅2家净利增长 西南证券曝裁撤投行,新浪
1702,2019-01-17,方正证券股东所持公司股票全数被冻结 股权冻结,中证网
1703,2019-01-17,方正证券：股东政泉控股所持公司17.996亿股被轮候冻结,Wind
1704,2019-01-17,上交所：东方、方正、华泰和银河4家券商获上市基金主做市商资格,Wind
1705,2019-01-16,"方正证券：将赢合科技评级调高为""强烈推荐""",Wind
1706,2019-01-16,方正证券午后异动重挫5.27%报6.47元 成交5.6亿元,腾讯网
1707,2019-01-16,方正证券股价大跌5.12%,中金在线
1708,2019-01-16,【异动股】券商概念板块下挫，方正证券(601901-CN)跌4.69%,财华社
1709,2019-01-16,快讯：券商板块再度跳水 方正证券领跌,网易
1710,2019-01-16,借钱给贾跃亭的那些券商们：又一券商着手处置贾跃亭质押3338万股份，多家计提资产减值准备,券商中国
1711,2019-01-16,融资客青睐35股，华孚时尚买入占比高达49.21%,Wind
1712,2019-01-14,多家券商踩雷股质 共计提资产减值准备超20亿 投资失误,新浪
1713,2019-01-13,方正证券：证监会核发新股3家 恒铭达建议关注,方正证券
1714,2019-01-12,上市券商去年日均同比少赚5100万元 仅两家营收、净利双增长,证券日报
1715,2019-01-11,券商领域2018年状况以及未来机会,巨丰财经
1716,2019-01-11,方正证券：2019年第一次临时股东大会决议公告,上交所
1717,2019-01-11,34家上市券商2018年成绩单抢先看！中信国君海通净利前三，九成券商净利下滑，仅申万宏源与方正营收净利双增长,券商中国
1718,2019-01-11,"上市券商12月经营数据点评;资本市场改革预期利好券商板块,看好大券商",渤海证券
1719,2019-01-10,先剥离广州证券期货、基金资产再“吃” 中信证券欲避免后续“尴尬”？,每日经济新闻
1720,2019-01-10,券商股跳水，上证综指跌幅扩大,Wind
1721,2019-01-10,巨丰早评：大盘返箱体中轨 预计将出现盘整,巨丰财经
1722,2019-01-10,26家上市券商去年业绩仅一家增长,中证报
1723,2019-01-09,方正证券：母公司2018年12月亏损2492万元 亏损,e公司
1724,2019-01-09,方正证券：母公司2018年12月亏损2491.69万元,Wind
1725,2019-01-09,"方正证券：将建投能源评级调高为""强烈推荐""",Wind
1726,2019-01-08,方正证券：证监会核发新股2家 康龙化成建议关注,和讯
1727,2019-01-08,保险券商股行情分化：新华保险闪崩方正证券涨停 连续下跌,21世纪经济报道
1728,2019-01-07,四天涨逾30%！这家券商成了今年开局最好的A股,中金在线
1729,2019-01-07,方正证券连涨3日 未出现重大事项不披露状况,中证网
1730,2019-01-07,方正证券龙虎榜数据(1月7日）,Wind
1731,2019-01-07,方正证券连续三日涨停，银河证券绍兴营业部领衔炒作,Wind
1732,2019-01-07,方正证券午后封涨停 成交额1.76亿元封单36.78万手,腾讯网
1733,2019-01-07,【异动股】券商板块走势活跃 方正证券(601901-CN)、天风证券(601162-CN)涨停,财华社
1734,2019-01-07,方正证券早盘封涨停 成交额7205万元封单63.2万手,腾讯网
1735,2019-01-06,降准推动信用环境改善，以回购看中小券商机制创新方向 | 长江非银 | 第一周周报,长江非银
1736,2019-01-04,方正证券午后封涨停 成交额6.83亿元封单19.14万手,腾讯网
1737,2019-01-04,A股触底反弹，券商再现集体涨停,Wind
1738,2019-01-04,券商板块冲高，方正证券连续两日涨停,Wind
1739,2019-01-04,方正证券早盘封涨停 成交额6.11亿元封单29.85万手,腾讯网
1740,2019-01-04,券商股携手冲高，方正证券领涨,Wind
1741,2019-01-03,方正证券：证监会核发新股3家 七彩化学建议关注,和讯
1742,2019-01-03,涨停揭秘：两市窄幅震荡调整 军工题材上演涨停潮,巨丰财经
1743,2019-01-03,【异动股】券商概念板块拉升，方正证券(601901-CN)涨停,财华社
1744,2019-01-03,方正证券早盘封涨停 成交额1.28亿元封单30.28万手,腾讯网
1745,2019-01-03,券商股接力军工板块大涨，方正证券涨停,Wind
1746,2019-01-03,券商板块盘初活跃，方正证券涨近5%,Wind
1747,2019-01-02,方正证券全部赎回“16方正C1”次级债券,中证网
1748,2018-12-28,方正证券获准收购民族证券51家营业部,证券时报
1749,2018-12-27,方正证券：获准收购民族证券51家证券营业部,Wind
1750,2018-12-26,方正证券信息披露违规案或近期判决 股民获赔或启幕 其他违规处罚,证券时报网
1751,2018-12-26,"方正证券：将卫星石化评级调高为""强烈推荐""",Wind
1752,2018-12-26,方正证券：证监会核发新股3家 罗博特科建议关注,和讯
1753,2018-12-26,巨丰早参：上交所部署明年八大重点 科创板与注册制居首,巨丰财经
1754,2018-12-26,方正证券修改公司章程引猜测 回购股份可用于员工持股,证券日报
1755,2018-12-25,方正证券首次实施回购股份 耗资约930万元,中证网
1756,2018-12-25,方正证券斥资929万余元回购近188万股,中证网
1757,2018-12-25,方正证券：首次回购929万元股份,e公司
1758,2018-12-25,方正证券：12月25日首次实施了回购，买入187.9万股,Wind
1759,2018-12-18,东吴证券首笔回购逾400万元，券商股今年拟回购累计超10亿元,国际金融报
1760,2018-12-13,方正证券索赔案开庭 原被告对多处争议展开激辩,证券时报网
1761,2018-12-12,券商诉讼集体翻页 内控合规与风险管理仍不容忽视,国际金融报
1762,2018-12-12,加码境外业务！今年7家券商对香港子公司增资152亿港元，有3家注册资本将翻倍！,每日经济新闻
1763,2018-11-20,今年券商换帅挺频繁！10家换董事长，6家换新总裁，是何原因？,券商中国
1764,2018-11-15,券商股再度拉升，山西证券冲击涨停,Wind
1765,2018-11-13,政策支持券商回购股份用于员工持股计划，方正、东吴已发回购预案,中财网
1766,2018-11-09,方正证券回购股份议案获股东大会通过,证券时报网
1767,2018-11-08,金融：单月净利润环比下降58% 荐2股 盈利能力下降,平安证券
1768,2018-11-07,601901：方正证券2018年10月财务数据简报,财富动力网
1769,2018-11-06,中信证券等19家券商披露10月财务数据,Wind
1770,2018-11-01,34家A股券商三季报净利全线下滑，证金公司季度调仓明显,国际金融报
1771,2018-10-30,方正证券：前三季度净利润同比减65.84% 盈利能力下降,Wind
1772,2018-10-30,方正证券：对全资子公司民族证券进行净资产减资及业务整合,Wind
1773,2018-10-30,[快讯]10月30日晚间沪深两市重要公司公告一览-更新中,中财网
1774,2018-10-26,华西证券三季报：自营资管逆势大增，投行被罚收入降6成,第一财经
1775,2018-10-26,上市券商三季报糟糕B面： 多方驰援股权质押风险缓解,21世纪经济报道
1776,2018-10-25,回购“修法” 券商股“顺时”启动回购,中证报
1777,2018-10-22,方正证券午后封涨停 成交额2.08亿元封单8.72万手,腾讯网
1778,2018-10-20,方正证券股份有限公司2018年前三季度业绩快报,证券时报
1779,2018-10-19,[快讯]方正证券公布第三季度快报 净利润同比增减-62.69%,中财网
1780,2018-10-18,券商APP第4！ 方正证券“小方”APP月活数行业排名创新高,北国网
1781,2018-10-18,券商股逆势上冲，方正证券涨近4%,Wind
1782,2018-10-18,增持回购阵营持续扩大，兜底增持潮再现,Wind
1783,2018-10-17,新财富不雅饭局当事人处理结果出炉：马军被方正证券降级降薪,Wind
1784,2018-10-17,方正证券：拟回购不超过1亿元股份依法注销等,Wind
1785,2018-10-15,方正证券母公司9月扭亏 实现净利润约10亿元,中国网
1786,2018-10-15,方正证券：母公司9月净利9.99亿元,Wind
1787,2018-10-15,A股市场破净股一览（10月15日）,Wind
1788,2018-10-11,方正证券午后封跌停 成交额7960万元封单6088手,腾讯网
1789,2018-10-11,湖北证监局启动实施湖北证券期货经营机构现场检查随机抽查工作,湖北证监局
1790,2018-09-29,两融三年低位续念“紧箍咒”，多家券商设置“应急强平线”,第一财经
1791,2018-09-27,遭遇股东花样减持 维维股份拿什么拯救难堪业绩 减持股份,中财网
1792,2018-09-26,中证协公布第二批场外期权业务交易商名单,Wind
1793,2018-09-25,湖南证监局一则券商处罚措辞严厉：风险管控“存在重大缺陷”，究竟事出何因，行业该如何借鉴,财联社
1794,2018-09-20,方正证券精准扶贫获认可 金鼎奖“特具社会责任感券商”榜上有名,南方财富网
1795,2018-09-19,雷杰:建议放开银行资金进入私募 跑路事件不怪托管行,新浪
1796,2018-09-19,券商再迎高管变动潮 中小券商“稳字当头”,中证报
1797,2018-09-15,股市低迷券商“开源节流”中信申万银河人员“缩编”,红周刊
1798,2018-09-13,券商高管变阵“老兵”退场 三类“新面孔”空降待考,21世纪经济报道
1799,2018-09-12,今年以来十余家券商高层人员调整,Wind
1800,2018-09-10,上市券商8月净利环比下滑逾七成，券商板块全线杀跌,Wind
1801,2018-09-07,"上市券商遭遇""黑色八月""，27家公司最新排名来了",中国基金报
1802,2018-09-06,方正证券8月净利润-724万元,证券时报网
1803,2018-09-01,瑞信推进控股瑞信方正，将加速在华招兵买马,Wind
1804,2018-08-31,独家｜瑞信推进控股瑞信方正，将加速在华招兵买马,第一财经
1805,2018-08-30,方正证券：上半年净利润同比减75.03% 盈利能力下降,Wind
1806,2018-08-20,[快讯]方正证券公布半年度快报 净利润同比增减-75.03%,中财网
1807,2018-08-20,方正证券：上半年净利2.06亿元 同比降75%,e公司
1808,2018-08-15,海欣股份时隔两年二次举牌 省级金控玩家重出江湖？,新浪
1809,2018-08-13,14天倒计时，400亿增量资金将驰援A股,Wind
1810,2018-08-02,方正证券对方正中期期货增资4亿元,证券时报网
1811,2018-07-28,券商评级“大考”出炉： 华信连降5级，首现D类券商,21世纪经济报道
1812,2018-07-27,中国证监会公布2018年证券公司分类结果,证监会
1813,2018-07-19,6家券商年内斥资151亿元“补血”子公司,证券日报
1814,2018-07-17,关于湖南省投资者教育基地考核结果的通报,湖南证监局
1815,2018-07-12,券商板块开盘活跃，南京证券强势涨停,Wind
1816,2018-06-28,券商板块午前集体大涨，方正证券直线涨停,Wind
1817,2018-06-28,券商股盘中崛起，华泰证券领涨3%,Wind
1818,2018-06-28,A股MSCI成分股更抗跌，北上资金逆势增持146股,证券时报
1819,2018-06-26,6000亿！国际资金大举北上买A股，抄底这些蓝筹股,中国基金报
1820,2018-06-26,"资本市场服务行业周报:券商股再添新丁,中信建投",上海证券
1821,2018-06-24,沪深股通终结连续12周净流入，21只个股获逆势大幅增持,每日经济新闻
1822,2018-06-22,券商股盘中急拉，宝硕股份冲击涨停,Wind
1823,2018-06-17,一个“走出去” 另一个“走进来”！第四家外资拟控股券商要来了！,火山财富
1824,2018-06-16,多家公司获大股东增持,大众证券报
1825,2018-06-15,公告精选：秋林集团拟推2亿元员工持股计划；瑞士信贷拟增资瑞信方正至持股51%,每日经济新闻
1826,2018-06-15,方正证券：瑞士信贷对瑞信方正持股比例由33.3%提至51%,Wind
1827,2018-06-15,方正证券：瑞士信贷对瑞信方正持股比例将提高至51%,新浪
1828,2018-06-03,A股破净股已多达115只！半月来增加40%,--
1829,2018-05-28,8家上市券商同时被调出样本股？中证指数人士透露原委,券商中国
1830,2018-05-12,方正证券：关于召开2017年年度股东大会的通知,顶尖财经网
1831,2018-05-09,"4月券商行业净利下滑50% 方正等3家亏损华泰""滑铁卢""",金融界
1832,2018-05-09,六成上市券商已设立一级部门发力金融科技,证券日报
1833,2018-05-07,方正证券澄清：瑞信方正的股权调整仍在研究阶段,e公司
1834,2018-05-07,方正证券：母公司4月亏损3748.95万元,Wind
1835,2018-05-04,券商年报陆续披露 国君与银河等占据2017代卖卖净收入前三强,财经网
1836,2018-05-01,上市券商业绩大曝光：净利首尾97倍 太平洋苦海挣扎,投资时报
1837,2018-04-27,方正证券一季度净利下滑近22%,证券时报
1838,2018-04-27,方正证券：一季度净利润同比减21.81%,Wind
1839,2018-04-22,2017代买卖净收入前三强属国君、银河与中信，还有另类黑马,和讯
1840,2018-04-20,方正证券2017年资管业务营业收入同比增长超八成,财经网
1841,2018-04-18,方正证券股份有限公司2018年第一季度业绩快报,证券时报
1842,2018-04-17,晚间重要公告2018年4月17日星期二,--
1843,2018-04-17,方正证券一季度利润3.16亿元 同比下降21.81%,中国网
1844,2018-04-17,方正证券：一季度净利同比下滑两成,e公司
1845,2018-04-17,方正证券：一季度净利润3.17亿元，同比下降21.81%,Wind
1846,2018-04-17,方正富邦去年巨亏4700万 大股东方正证券“皱眉头”,号外财经网
1847,2018-04-11,方正证券金融科技持续升级 移动端交易笔数占比已超七成,财经网
1848,2018-04-10,方正证券信披存在虚假记载：7年前上市时股东已隐瞒关联关系,澎湃新闻
1849,2018-04-02,关于公布2018年第一次浙江辖区证券经营机构现场检查随机抽查结果的通知,浙江证监局
1850,2018-04-02,方正证券净利润同比下滑逾4成资管收入增近9成,顶尖财经网
1851,2018-03-31,方正证券去年实现净利润14.53亿元,证券时报
1852,2018-03-31,方正证券股份有限公司日常关联交易公告,证券日报
1853,2018-03-30,方正证券资产总额近1500亿元 多块业务协同推进,中证网
1854,2018-03-30,方正证券2017年净利同比下降逾四成 投行业务营业收入同比下滑21.33%,北京商报网
1855,2018-03-30,方正证券2017年净利14.53亿,证券时报
1856,2018-03-30,周五上市公司晚间重要公告,顶尖财经网
1857,2018-03-30,方正证券：2017年净利润同比减43.45%，证金公司减持,Wind
1858,2018-03-30,方正证券：2017年净利同比下降逾4成,e公司
1859,2018-03-20,方正证券：2017年净利14.53亿元 同比降43.45%,凤凰网
1860,2018-03-20,方正证券业绩快报：去年净利同比降43.45%,e公司
1861,2018-03-12,乐视网股权质押至少牵涉5家上市券商,Wind
1862,2018-03-12,乐视网股权质押至少牵涉5家上市券商,证券时报
1863,2018-03-07,方正科技索赔案首次开庭审理,和讯
1864,2018-03-01,贾跃亭爆仓！这家券商哭了 还有19笔质押炸弹未拆,中金在线
1865,2018-03-01,贾跃亭质押爆仓 乐视网去年亏超百亿,新京报
1866,2018-02-28,贾跃亭仍有20笔质押待爆 孙宏斌:赔了钱也开心,第一财经日报
1867,2018-02-28,贾跃亭股票爆仓 股权质押已至少拖累三家上市券商,中财网
1868,2018-02-28,乐视网股权质押违约 西部证券计提4.39亿减值准备,证券时报
1869,2018-02-27,要开户数还是APP月活度？“互联网+”引出券商业务考核指标难题,每日经济新闻
1870,2018-02-07,方正证券荣获深交所2017年度“优秀资产支持专项计划管理人”,中金在线
1871,2018-02-06,方正证券：1月实现净利润7749万元,Wind
1872,2018-02-02,证监会对5宗案件作出行政处罚,证监会
1873,2018-02-02,证监会对5宗案件做出行政处罚,Wind
1874,2018-02-02,闪崩股频现 建议回避这三类股,深圳商报
1875,2018-01-25,2个跌停后，乐视网自曝9大风险，还提醒贾跃亭，公司就快不是你的了,21财经搜索
1876,2018-01-24,乐视网今起复牌 融创尚未表达增持意向 多家基金公司大幅下调乐视网估值,中证报
1877,2018-01-23,乐视复牌几个跌停不重要 你和机构谁跑得快比较重要,中证网
1878,2018-01-23,利尔化学 低成本草铵膦放量在即 成长可期 方正证券,方正证券
1879,2018-01-17,"乐视网被多个指数""踢群"" 复牌后跌多少可抄底？",财经网
1880,2018-01-17,乐视网复牌脚步近了 多家基金预估13个跌停,证券时报网
1881,2018-01-17,乐视网复牌的脚步近了 多家基金预估13个跌停,证券时报
1882,2018-01-16,证券时报：乐视已为复牌大跌做好准备 将迎13个跌停？,证券时报
1883,2018-01-16,乐视网近日复牌，多少个跌停可以抄底？已被多个指数“踢群”，对创业板冲击有限,证券时报网
1884,2018-01-16,A股共发生79宗大宗交易成交19.83亿元(1月16日),Wind
1885,2018-01-16,方正证券今日大宗交易成交130.30万股，成交价6.22元折价11.4%,Wind资讯
1886,2018-01-11,方正科技索赔案定于三月开庭,和讯
1887,2018-01-10,12月券商评测结果出炉，中信建投位居第一,读懂财经
1888,2018-01-10,方正证券完成董事会调整 仍有11%投票反对董监事变动,金证券
1889,2018-01-10,调整江苏银行股权会计核算 华泰去年净利将增加21亿,证券日报
1890,2018-01-09,多家券商公布去年12月业绩 方正证券母公司净利1.67亿,e公司
1891,2018-01-09,方正证券：2017年12月母公司净利1.67亿元,Wind
1892,2018-01-06,大资管时代：券商资管“马太效应”凸显,中国经营报
