,2021-12-28,汇顶科技屏下光线传感器首获商用,Wind
0,2021-12-28,2021年深圳上市公司发展报告发布，聚焦高质量发展,东方网
1,2021-12-14,汇顶科技(603160.SH)：2020年第三期员工持股计划锁定期届满,格隆汇
2,2021-12-14,汇顶科技(603160.SH)拟使用不超65亿元闲置自有资金进行现金管理,智通财经
3,2021-12-10,汇顶科技(603160.SH)控股股东张帆解除质押130万股,智通财经
4,2021-12-07,汇顶科技：公司已有成熟的ToF解决方案，目前在特定客户推广中; 公司的组合方案（电容检测传感器和智能音频放大器）已经成功商用于OPPO AR Glass 产品,每日经济新闻
5,2021-12-07,汇顶科技：公司目前跟Facebook没有业务往来,每日经济新闻
6,2021-12-07,汇顶科技：公司的健康传感器已商用于多个知名穿戴设备品牌客户,每日经济新闻
7,2021-12-07,汇顶科技：公司正处于单一产品线向多元化产品布局的关键转型期,每日经济新闻
8,2021-12-07,汇顶科技：公司的车载音频CarVoice解决方案已在多款主流车型成功商用,每日经济新闻
9,2021-12-07,汇顶科技：目前聚焦于智能终端、物联网、汽车电子三大领域,每日经济新闻
10,2021-12-07,汇顶科技：目前公司已成功商用的车载产品有：车规级指纹、触控芯片、Car Voice语音增强软件解决方案,每日经济新闻
11,2021-12-07,汇顶科技：公司的人机交互产品、ToF产品能够支持相关终端的开发与应用,每日经济新闻
12,2021-12-07,汇顶科技：公司目前跟Facebook无业务往来，谷歌一直是公司重要的合作伙伴,Wind
13,2021-12-07,汇顶科技：公司的ToF产品可以用于手机、智能家居、AR等商用场景,Wind
14,2021-12-07,汇顶科技：目前公司未有收购华为X86服务器业务的计划,Wind
15,2021-12-07,汇顶科技：公司已有成熟的ToF解决方案,Wind
16,2021-12-07,汇顶科技：三季报商誉增加主要为新增收购DCT产生,每日经济新闻
17,2021-12-07,汇顶科技：公司的ToF产品可以用于手机、智能家居等商用场景,财联社
18,2021-12-07,汇顶科技：今年上半年芯片代工张家并未对公司造成大的影响,每日经济新闻
19,2021-11-23,中纪委调查国家大基金管理人、华芯投资原副总裁高松涛，顺带揪出汇顶科技内幕交易老鼠仓,Wind
20,2021-11-22,晚间重要公告2021年11月22日星期一,Wind
21,2021-11-22,中纪委调查国家大基金管理人、华芯投资原副总裁高松涛，顺带揪出汇顶科技内幕交易老鼠仓 董监高成员异常事件,21世纪经济报道
22,2021-11-20,国家制造业转型升级基金总经理被查 此前长期担任华芯投资副总裁 基金转型,财联社
23,2021-11-20,上市公司正负面新闻2021年11月20日星期六,Wind
24,2021-11-19,晚间重要公告2021年11月19日星期五,Wind
25,2021-11-19,【晚间公告抢先看】比亚迪拟对子公司增资17亿美元、中银绒业拟20亿元投建8万吨锂电池正极材料磷酸铁锂项目,金融界
26,2021-11-19,汇顶科技(603160.SH)持股6.14%股东汇发国际拟减持不超1.5%股份 拟减持股份,智通财经
27,2021-11-19,汇顶科技：汇发国际拟减持不超过687.66万股 拟减持股份,Wind
28,2021-11-19,汇顶科技：汇发国际拟减持不超1.5%公司股份 拟减持股份,财联社
29,2021-11-17,A股收盘综述：锂电池等高景气赛道股井喷；汇绿生态时隔16年归来上演大涨回落；又有新股破发！,Wind
30,2021-11-15,汇顶科技(603160.SH)累计斥资5亿元回购424.10万股,智通财经
31,2021-11-15,汇顶科技：公司完成回购，总计回购约424万股,每日经济新闻
32,2021-11-15,汇顶科技(603160.SH)：截至11月12日已完成回购424.1万股,格隆汇
33,2021-11-15,汇顶科技：回购公司股份事项实施完毕,Wind
34,2021-11-13,世界零售巨头宣布进军自动驾驶，低估值高增长概念股名单来了,Wind
35,2021-11-12,汇顶科技(603160.SH)：2020年第二期员工持股计划锁定期届满,格隆汇
36,2021-11-09,闻泰科技跻身“果链”第三季度净利增45.06% “果链”概念股或持续利好,搜狐
37,2021-11-05,模拟芯片企业纷纷提价，概念股前三季度净利润普增,Wind
38,2021-11-04,超七成概念股业绩翻倍，昔日大牛股砸出深坑(名单),Wind
39,2021-11-04,大基金动向曝光：超8成持仓股遭减持、加码芯片龙头,Wind
40,2021-11-03,大基金持仓明细曝光，加码芯片设备龙头，超八成遭遇减持。北交所开市在即，精选层大活跃 减持股份,新浪
41,2021-11-03,国内芯片公司利润大增，半导体设备企业的新动态,Ofweek
42,2021-11-02,汇顶科技：持续投入逐步创造回报 新产品出货量增长迅速,中证网
43,2021-11-01,汇顶科技今日大宗交易成交40万股，成交价92.2元折价14.0%,Wind
44,2021-11-01,"汇顶科技现1笔大宗交易 共成交3,688.00万元",新浪
45,2021-11-01,汇顶科技(603160.SH)：10月未回购公司股份,格隆汇
46,2021-10-30,汇顶科技：中国国际金融股份有限公司、华泰证券股份有限公司等34家机构于10月28日调研我司,证券之星
47,2021-10-28,汇顶科技IoT、海外市场持续增长 乐观看待四季度及明年发展,e公司
48,2021-10-28,汇顶科技接受25家机构调研！短期主力资金净流出，或存在资金分歧,每日经济新闻
49,2021-10-28,汇顶科技2021第三季度报告：净利润同比下降44.1％,Ofweek
50,2021-10-28,汇顶科技前三季度实现营收41.4亿元 净利润6.15亿元,C114通信网
51,2021-10-27,汇顶科技(603160.SH)：第三季度净利降61.23%至1.95亿元 盈利能力下降,格隆汇
52,2021-10-27,图解汇顶科技三季报：第三季度单季净利润同比减61.23% 盈利能力下降,证券之星
53,2021-10-27,汇顶科技公布三季报 前三季净利减少44.06% 盈利能力下降,新浪
54,2021-10-27,交卷！汇顶科技：2021年第三季度净利润约1.95亿元,每日经济新闻
55,2021-10-27,汇顶科技：第三季度净利1.95亿元 同比下滑61% 盈利能力下降,e公司
56,2021-10-27,汇顶科技：前三季度净利润同比减少44.06% 盈利能力下降,Wind
57,2021-10-27,汇顶科技：GR552x芯片是公司下一代的BLE SoC产品，支持5.2协议，该产品也即将面市,每日经济新闻
58,2021-10-27,汇顶科技：目前公司在汽车上商用的产品有电容指纹识别芯片、触控芯片、CarVoice音频软件，产品渗透率稳中有升,每日经济新闻
59,2021-10-27,汇顶科技：公司具备3D结构光的技术储备，已成功商用于智能门锁市场,Wind
60,2021-10-26,汇顶科技：公司管理层未发生变动，仍在正常履职,每日经济新闻
61,2021-10-26,汇顶科技：公司的新一代智能音频放大器正在研发中,每日经济新闻
62,2021-10-26,汇顶科技：公司的主动降噪编解码芯片涉及的技术全部由汇顶独立开发，是一颗结合DSP和Audio的SoC,每日经济新闻
63,2021-10-26,汇顶科技：目前没有看到限电政策对公司的直接影响,每日经济新闻
64,2021-10-25,转型阵痛期的汇顶科技，能否重现往日辉煌？,搜狐
65,2021-10-21,华为明天又有重磅会议，鸿蒙是主角，这些上市公司将参会！,Wind
66,2021-10-20,欧菲光三季度业绩预亏，新业务板块尚处起步阶段 预亏,每日财报
67,2021-10-17,一周策略回顾与展望,新浪
68,2021-10-12,大基金持仓|股价自高点累跌近70%！汇顶科技（603160.SH）怎么了？,财华社
69,2021-10-11,汇顶科技(603160.SH)拟向激励对象授予140.01万份股票期权,智通财经
70,2021-10-11,汇顶科技(603160.SH)拟向激励对象授予1546.70万份股票期权,智通财经
71,2021-10-11,汇顶科技(603160.SH)：拟推2021年第二期股票期权激励计划,格隆汇
72,2021-10-08,汇顶科技：9月未回购公司股份,财联社
73,2021-10-08,汇顶科技：累计回购约342万股，占比0.75%,每日经济新闻
74,2021-09-30,2021年深圳市特色产业之集成电路产业全景分析,Ofweek
75,2021-09-29,"汇顶科技现1笔大宗交易 共成交2,925.00万元",新浪
76,2021-09-29,汇顶科技今日大宗交易成交30万股，成交价97.5元折价10.35%,Wind
77,2021-09-28,汇顶科技：汇发国际有限公司减持计划实施完毕，期间减持公司股份约511万股,每日经济新闻
78,2021-09-28,汇顶科技(603160.SH)：汇发国际完成减持1.12%股份 减持股份,格隆汇
79,2021-09-28,汇顶科技：股东汇发国际累计减持1.12%股份，减持计划届满 拟减持股份,Wind
80,2021-09-26,汇顶科技低功耗蓝牙SoC通过PSA安全认证,e公司
81,2021-09-22,汇顶科技(603160.SH)选举冯敬平为职工代表监事,智通财经
82,2021-09-22,汇顶科技今日大宗交易成交15万股，成交价92.5元折价15.06%,Wind
83,2021-09-22,汇顶科技：公司的车规级触控芯片已广泛应用于现在主流的车载显示屏幕,每日经济新闻
84,2021-09-22,汇顶科技：目前没有自建生产线的打算,每日经济新闻
85,2021-09-22,汇顶科技：公司目前没有屏下摄像头相关的解决方案，但会继续保持关注,每日经济新闻
86,2021-09-22,汇顶科技：目前公司的屏下光学指纹方案已在OLED、LCD屏幕积累了丰富的经验,每日经济新闻
87,2021-09-22,汇顶科技：公司的屏下光学指纹已经商用于240多款终端品牌机型,每日经济新闻
88,2021-09-22,汇顶科技：公司目前没有打算进入存储器芯片领域,Wind
89,2021-09-20,HSBC将汇顶科技评级上调至买进 目标价135.40元人民币,财联社
90,2021-09-20,汇丰：将汇顶科技评级上调至买进，目标价135.40元,Wind
91,2021-09-15,汇顶科技低功耗蓝牙SoC和健康传感器商用于realme Band2,e公司
92,2021-09-15,汇顶科技：realme Band 2搭载汇顶科技可穿戴创新方案组合,e公司
93,2021-09-14,【关注】胡煜华之后，前TI高级副总裁谢兵也将加入汇顶科技,国际电子商情
94,2021-09-13,市值缩水超七成 汇顶科技转型困局待解 经营问题,中国经营报
95,2021-09-10,汇顶科技(603160.SH)2020年第一期员工持股计划锁定期将于9月14日届满,智通财经
96,2021-09-10,汇顶科技：2020年第一期员工持股计划锁定期到期,每日经济新闻
97,2021-09-08,汇顶科技今日大宗交易成交85万股，成交价94.5元折价11.49%,Wind
98,2021-09-06,半导体周跟踪：产业趋势向上明确 短期波动不改高景气,新浪
99,2021-09-06,汇顶科技业绩失速：净利连续6个季度下滑 营收增速转负 盈利能力下降,中国经营网
100,2021-09-06,三大热门赛道财报透视，高研发投入下业绩迎爆发,Wind
101,2021-09-03,产能紧张受关注，机构扎堆调研芯片公司,Wind
102,2021-09-02,晚间重要公告2021年9月2日星期四,Wind
103,2021-09-02,晚间公告｜9月2日这些公告有看头,第一财经
104,2021-09-02,*ST盈方：2-8月与汇顶科技签订累计6.79亿元采购订单,财联社
105,2021-09-02,汇顶科技(603160.SH)：截至8月底已累计回购342.27万股,格隆汇
106,2021-09-02,汇顶科技：截至8月底已累计回购342.27万股,财联社
107,2021-09-02,汇顶科技：累计回购约342万股，占比0.75%,每日经济新闻
108,2021-09-02,汇顶科技(603160.SH)累计回购342.27万股 耗资4.11亿元,智通财经
109,2021-09-02,大基金批量减持半导体，1600亿巨头一度跌停，这次影响多大？,Wind
110,2021-09-02,大基金又要批量减持了……,Wind
111,2021-09-02,大基金再次披露减持计划,Wind
112,2021-09-01,汇顶科技：3.58万份股票期权拟行权,财联社
113,2021-09-01,半导体涨价潮又起！台积电后，三星宣布最高涨价20%！,Wind
114,2021-09-01,1600亿半导体巨头遭大基金减持，浮盈超148%！,Wind
115,2021-08-31,汇顶科技：创新产品逐渐多元化 持续推动向综合型芯片设计公司转型,中证网
116,2021-08-31,31%研发比例投入！汇顶科技夯实技术底座 多产品线发力向综合性IC设计公司转型,中自网
117,2021-08-30,半导体周跟踪：中报亮眼反映行业高景气 全年高增确定性强,新浪
118,2021-08-30,汇顶科技2021上半年财报：研发投入持续增加,中自网
119,2021-08-30,民生证券维持汇顶科技推荐评级：业绩环比回升，多业务布局蓄势待发,每日经济新闻
120,2021-08-30,汇顶科技接受29家机构调研！短期主力资金净流出，存在资金分歧,每日经济新闻
121,2021-08-30,汇顶科技总裁胡煜华：正处转型重要阶段 坚持长期主义战略,C114通信网
122,2021-08-30,偏爱金融股，“长线资金”布局路线图浮现,Wind
123,2021-08-28,东方证券维持汇顶科技买入评级：二季度环比改善，新产品放量显着,每日经济新闻
124,2021-08-27,汇顶科技指纹芯片业务占比降低，新业务步入转型重要阶段,21世纪经济报道
125,2021-08-27,华安证券维持汇顶科技增持评级：业绩阶段性承压，加大研发布局长远,每日经济新闻
126,2021-08-27,汇顶科技总裁胡煜华：公司正处于向综合型IC设计公司转型的重要阶段,每日经济新闻
127,2021-08-27,汇顶科技今日大宗交易成交2.08万股，成交价107.55元溢价0.0%,Wind
128,2021-08-27,汇顶科技发布半年报：营收29.10亿 连续六个季度净利润下滑 盈利能力下降,Ofweek
129,2021-08-27,汇顶科技：公司毛利率目标为保持50%左右,证券时报
130,2021-08-27,汇顶科技连续六个季度净利润下滑，业务转型获社保基金增持 盈利能力下降,金融界
131,2021-08-27,傅鹏博等又一波百亿基金经理隐形重仓股现身,Wind
132,2021-08-26,汇顶科技2021年上半年实现净利润4.21亿元，同比下降29.60% 盈利能力下降,经济观察网
133,2021-08-26,汇顶科技(603160.SH)半年度净利润同比下降29.60%至4.21亿元 盈利能力下降,智通财经
134,2021-08-26,汇顶科技(603160.SH)半年度净利润4.21亿元 同比下降29.60% 盈利能力下降,格隆汇
135,2021-08-26,汇顶科技：上半年净利润同比减少29.6%,Wind
136,2021-08-26,汇顶科技：上半年净利润同比减少29.6% 盈利能力下降,Wind
137,2021-08-20,汇顶科技：公司的CarVoice产品已成功商用于多款主流车型以及Tier1车机厂商，包括现代、日产等知名汽车品牌,每日经济新闻
138,2021-08-20,汇顶科技：公司首款全面支持3GPP Rel-14、Rel-15标准的系统级NB-IoT单芯片解决方案--GR851x系列，已进入商业推广阶段，预计今年四季度可大规模供货,每日经济新闻
139,2021-08-20,汇顶科技：公司的产品已经商用于别克、现代、吉利、日产、长安等国内国际知名汽车品牌,每日经济新闻
140,2021-08-20,汇顶科技在互动平台表示， 公司的健康传感器产品商用...,Wind
141,2021-08-18,汇顶科技发布首款系统级NB-IoT单芯片方案,e公司
142,2021-08-10,汇顶科技(603160.SH)拟回购注销限制性股票合计32.48万股,智通财经
143,2021-08-09,电子行业周报：产业趋势向上明确 短期波动不改高景气,新浪
144,2021-08-05,千亿资金抄底，这些公司获“内部人”买买买,Wind
145,2021-08-03,8月3日健友股份、汇顶科技等7家公司公告出现利好,证券之星
146,2021-08-03,汇顶科技：累计回购约342万股，占比0.75%,每日经济新闻
147,2021-08-03,汇顶科技(603160.SH)：7月回购9万股,格隆汇
148,2021-08-03,汇顶科技(603160.SH)斥资4.11亿元累计回购342.27万股,智通财经
149,2021-08-03,汇顶科技8月2日现5笔大宗交易,证券时报网
150,2021-08-02,"汇顶科技现5笔大宗交易 共成交6,093.75万元",新浪
151,2021-08-02,汇顶科技今日大宗交易成交53.77万股，成交价113.33元折价6.65%,Wind
152,2021-07-30,汇顶科技：已有成熟的ToF解决方案 TWS芯片研发进展顺利,财联社
153,2021-07-29,探秘｜如何让可穿戴设备更智能？汇顶科技创新方案为你揭晓,C114通信网
154,2021-07-28,汇顶科技：公司具备3D结构光和ToF的成熟解决方案，目前没有双目视觉传感、lidar等远距离感测技术方案,每日经济新闻
155,2021-07-28,汇顶科技：公司的TWS SoC解决方案目前研发进展顺利,每日经济新闻
156,2021-07-28,汇顶科技：公司目前商用于汽车电子领域的产品有电容指纹、触控芯片及音频CarVoice产品，涉及别克、现代、日产等知名汽车客户,每日经济新闻
157,2021-07-28,汇顶科技：公司开发出来的GH3220和GH3011已商用于头部终端品牌客户的高端智能手表和手环产品，比如realme Watch 2 Pro等,每日经济新闻
158,2021-07-28,汇顶科技：公司已有成熟的ToF解决方案，目前在特定客户推广中,每日经济新闻
159,2021-07-28,公司有没有给苹果提供过样品？汇顶科技：目前没有,每日经济新闻
160,2021-07-28,公司有没有进军电源管理芯片的计划？汇顶科技：目前没有计划,每日经济新闻
161,2021-07-28,公司有研发32位车规级MCU芯片吗？汇顶科技： 目前没有计划,每日经济新闻
162,2021-07-28,汇顶科技：公司的触控产品已成功商用于一汽等新能源汽车,每日经济新闻
163,2021-07-28,汇顶科技：公司已开发并规模商用了安全MCU产品，并在低功耗蓝牙SoC芯片等产品中也嵌入了MCU的功能模块,每日经济新闻
164,2021-07-28,汇顶科技：公司目前没有摄像头产品商用于小米mix4,每日经济新闻
165,2021-07-28,7月28日汇顶科技、青海华鼎等4家公司公告出现利空,证券之星
166,2021-07-28,汇顶科技： 公司研发的心率、血氧、ECG三合一健康传感器方案已于2020年成功商用并规模量产,Wind
167,2021-07-28,汇顶科技：董事龙华累计减持0.04%股份 减持股份,Wind
168,2021-07-28,汇顶科技(603160.SH)董事龙华完成减持17.3万股 减持股份,智通财经
169,2021-07-28,二季度机构大幅增持半导体板块,方正证券
170,2021-07-27,A股再迎回购潮，千亿资金整装待发,Wind
171,2021-07-26,汇顶科技(603160.SH)：4.15万份股票期权拟行权,格隆汇
172,2021-07-26,汇顶科技：约202.4万股限售股7月30日解禁，占比0.44% 解禁,每日经济新闻
173,2021-07-26,汇顶科技(603160.SH)：207.2185万股限制性股票将解锁,格隆汇
174,2021-07-23,"汇顶科技现1笔大宗交易 共成交4,950.00万元",新浪
175,2021-07-23,汇顶科技今日大宗交易成交50万股，成交价99.0元折价12.1%,Wind
176,2021-07-23,汇顶科技(603160.SH)：回购账户的250.5786万股已过户至2021年第一期员工持股计划账户,格隆汇
177,2021-07-22,芯征程 | 千亿市值却遭股价闪崩，它以一己之力对抗苹果，成就安卓隐形冠军 连续下跌,36氪
178,2021-07-19,电子行业周报：多政策支持半导体发展 持续看好国产替代,新浪
179,2021-07-17,国产手机解锁技术的背后，是一场多国生物识别技术产业的搏杀,前瞻研究院
180,2021-07-17,华为P50手机发布时间定了，或搭载高通及麒麟9000芯片,Wind
181,2021-07-13,电子行业2021中报前瞻：5G手机、远程需求、汽车电子仍为2021三大主轴,新浪
182,2021-07-07,汇顶科技：公司目前已有多条产品线并行推进，屏下光学指纹、电容指纹、触控、音频、IoT产品（包括心率、血氧、ECG等健康传感器、入耳检测与触控二合一、BLE低功耗蓝牙芯片、ANC主动降噪编解码器芯片等）皆已在国内外知名客户商用和规模量产,每日经济新闻
183,2021-07-07,公司跟鸿蒙系统是否有合作？汇顶科技：公司未参与上述合作,每日经济新闻
184,2021-07-07,汇顶科技：公司目前和苹果公司没有业务往来,每日经济新闻
185,2021-07-07,电子行业周报：Q2业绩确定高增 展望Q3景气有望持续,新浪
186,2021-07-06,汇顶科技：公司研发的TWS SoC正在持续研发中，目前进展顺利，软件系统会根据客户的要求做整合,每日经济新闻
187,2021-07-06,汇顶科技：公司与供应链厂商一直保持着良好的客户关系，且内部对生产计划有较好的管理，产能利用率良好,每日经济新闻
188,2021-07-06,汇顶科技：公司没有功率半导体相关产品,每日经济新闻
189,2021-07-05,汇顶科技：股东减持公司股份进展 减持股份,每日经济新闻
190,2021-07-05,汇顶科技：累计回购约333万股，占比0.7278%,每日经济新闻
191,2021-07-05,汇顶科技(603160.SH)6月未回购股份,智通财经
192,2021-07-05,汇顶科技：汇发国际累计减持1%公司股份 减持股份,Wind
193,2021-07-05,汇顶科技(603160.SH)主要股东汇发国际减持比例达1% 减持时间过半 减持股份,智通财经
194,2021-07-05,汇顶科技(603160.SH)：6月未回购公司股份,格隆汇
195,2021-07-05,汇顶科技(603160.SH)：汇发国际已通过集中竞价减持1%的股份 减持股份,格隆汇
196,2021-06-30,通富微电(002156)：封测产能供不应求 受益AMD、联发科高成长,新浪
197,2021-06-30,半年报前瞻|集成电路全产业链业绩喜人汽车IC设计、封测龙头领跑,财联社
198,2021-06-30,TWS蓝牙芯片格局恐生变,36氪
199,2021-06-30,通富微电(002156)：景气持续 Q2迎高增长,新浪
200,2021-06-29,半导体行业跟踪：缺货潮未见缓解迹象 Q2持续高景气度,新浪
201,2021-06-26,下周1008亿市值限售股解禁，环比增加17.31% 解禁,Wind
202,2021-06-24,电子行业点评报告：AIOT时代加速到来 产业迎快速增长红利,新浪
203,2021-06-23,【华西电子孙远峰团队-AIoT行业点评】AIoT时代加速到来，产业迎快速增长红利,远峰电子
204,2021-06-23,半导体持续爆发茅台黯然6连阴，发生了什么？,Wind
205,2021-06-23,汇顶科技(603160.SH)：2021年第一期员工持股计划的认购工作仍在进行中,格隆汇
206,2021-06-23,多家公司回购股票 真金白银护航股价,财富动力网
207,2021-06-22,汇顶科技(603160.SH)：46.59万份股票期权可行权及12.48万股限制性股票可解除限售,格隆汇
208,2021-06-22,汇顶科技：12.48万股限售股即将解禁，占公司总股本的0.03% 解禁,Wind
209,2021-06-22,汇顶科技：64.4万股限售股6月28日上市流通 解禁,Wind
210,2021-06-22,汇顶科技：合计约64.4万股限售股6月28日解禁 解禁,每日经济新闻
211,2021-06-22,汇顶科技(603160.SH)64.4万股限制性股票将于6月28日上市流通,智通财经
212,2021-06-22,汇顶科技(603160.SH)2019年股票期权与限制性股票激励计划第二个行权期行权条件及解除限售条件成就,智通财经
213,2021-06-22,汇顶科技(603160.SH)：168.85万份股票期权行权条件成就,智通财经
214,2021-06-22,年内118股推员工持股计划,Wind
215,2021-06-21,"汇顶科技现1笔大宗交易 共成交3,586.23万元",新浪
216,2021-06-21,汇顶科技今日大宗交易成交32.85万股，成交价109.17元折价11.33%,Wind
217,2021-06-20,韦尔股份之后又一芯片黑马来了：格科微登陆科创板 它还要自建晶圆厂,每日经济新闻
218,2021-06-20,电子行业：物联网需求拉动 中国MCU赛道持续繁荣,新浪
219,2021-06-18,半导体行情归来，这些公司的门槛早已被机构踏破,Wind
220,2021-06-17,汇顶科技：公司已发布ANC主动降噪编解码器芯片，目前已在知名终端品牌上规模商用,每日经济新闻
221,2021-06-15,7成盈利、千亿扩产计划，半导体迎景气周期,Wind
222,2021-06-15,电子行业2021年中期策略：国产化继续是行业主线 看好元器件和半导体设备,新浪
223,2021-06-15,每日理财观察：7万亿理财市场重磅新规落地,Wind
224,2021-06-11,百元股数量达163只，一日增加5只,证券时报网
225,2021-06-10,八大券商主题策略：国产软件进入新的景气周期？华为产业链受益公司名单曝光,中金在线
226,2021-06-09,汇顶科技(603160.SH)：明确2021年第一期员工持股计划购买回购股票的价格及计划规模,格隆汇
227,2021-06-08,两市百元股数量达159只，科创板股票占38.36%,证券时报网
228,2021-06-04,汇顶科技(603160.SH)：2020年度权益分派10派4.5元股权登记日6月10日,格隆汇
229,2021-06-04,汇顶科技(603160.SH)年报推10派4.5元股权登记日6月10日,格隆汇
230,2021-06-04,汇顶科技(603160.SH)拟每股派0.45元 6月11日分红,智通财经
231,2021-06-02,富时罗素季度调整结果公布，速看新增剔除A股标的全名单,Wind
232,2021-06-02,汇顶科技：累计回购约333万股，占比0.7280%,每日经济新闻
233,2021-06-02,汇顶科技(603160.SH)截至5月底回购比例达0.728%,智通财经
234,2021-06-02,汇顶科技(603160.SH)：5月累计斥资4.01亿元回购333.27万股,格隆汇
235,2021-05-31,电子行业周报：半导体景气持续业绩确定 面板价格保持上升,华安证券
236,2021-05-28,汇顶科技今日大宗交易成交5.48万股，成交价126.31元溢价0.0%,Wind
237,2021-05-27,汇顶科技大涨,新浪
238,2021-05-26,汇顶科技：公司的前五大客户为经销商,每日经济新闻
239,2021-05-26,汇顶科技： 公司具备3D结构光的技术储备,每日经济新闻
240,2021-05-26,汇顶科技：向激励对象首次授予2021年第一期股票期权,金融界
241,2021-05-26,汇顶科技(603160.SH)向1161名激励对象首次授予449.55万份股票期权,格隆汇
242,2021-05-26,汇顶科技：为全资孙公司汇顶新加坡提供7850万美元担保 大额借贷担保,每日经济新闻
243,2021-05-26,汇顶科技(603160.SH)完成授予449.55万份股票期权 行权价为119.29元/份,智通财经
244,2021-05-22,【民生周末重点推荐】首席看电子：业绩增长强劲，电子行业景气延续——电子行业2020年报和2021一季报总结,MS研究
245,2021-05-20,76只芯片股腰斩 “芯片博士”净值大回撤！机构关注度较高的芯片概念股出炉,证券之星
246,2021-05-18,犀牛财经晚报：优然牧业通过港交所聆讯叶飞回应曝光事件,GPLP犀牛财经
247,2021-05-18,晚间公告｜5月18日这些公告有看头,第一财经
248,2021-05-18,汇顶科技：董事拟减持公司股份 拟减持股份,e公司
249,2021-05-18,汇顶科技：董事龙华拟减持公司不超17.3万股 拟减持股份,格隆汇
250,2021-05-18,汇顶科技(603160.SH)：董事龙华拟减持不超17.3万股 拟减持股份,格隆汇
251,2021-05-18,汇顶科技：高管龙华计划减持不超0.05%股份 拟减持股份,Wind
252,2021-05-18,国家大基金拟再次减持芯片龙头超12亿,Wind
253,2021-05-16,【民生研究】周观点汇总：疫情和就业数据只是扰动，发达国家经济复苏趋势没有改变,新浪
254,2021-05-14,汇顶科技涨2.62% 股价创近1个月新高,中新经纬
255,2021-05-14,汇顶科技涨2.6% 股价创近1个月新高,中新经纬
256,2021-05-13,电子行业2020年报和2021一季报总结：业绩增长强劲 电子行业景气延续,新浪
257,2021-05-13,汇顶科技涨3.36% 创近1个月新高,中新经纬
258,2021-05-12,汇顶科技(603160.SH)：汇发国际近日减持1.18%股份 减持股份,格隆汇
259,2021-05-12,汇顶科技(603160.SH)持股8.19%的股东累计减持1.18%股份 减持股份,智通财经
260,2021-05-12,汇顶科技：公司股东汇发国际减持约540万股，占比1.18% 减持股份,每日经济新闻
261,2021-05-12,汇顶科技：股东汇发国际持有公司股份比例从8.19%减少至7.00%,Wind
262,2021-05-11,半导体日报：国科微遭股东减持，士兰微拟20亿元投建扩产新项目，汇顶科技首次回购，南大光电自研光刻胶上市,新浪
263,2021-05-11,汇顶科技(603160.SH)首次回购13.53万股 耗资1611.16万元,智通财经
264,2021-05-11,汇顶科技：首次回购约14万股,每日经济新闻
265,2021-05-11,汇顶科技(603160.SH)：本轮回购累计耗资1611.16万元回购13.53万股,格隆汇
266,2021-05-10,2021年年中主要宽基指数样本股调整预测：金山办公等5只科创板个股有望纳入沪深300,新浪
267,2021-05-10,上证50跌幅扩大至1%,Wind
268,2021-05-10,一个曾经成功的公司为什么会失败,YY港股圈
269,2021-05-10,芯片股持续疲软，沪硅产业跌逾5%,Wind
270,2021-05-08,汇顶科技(603160)：持续加大研发 新品布局广泛,新浪
271,2021-05-08,5月机会：赚钱效应逐渐回升三大行业被集体看好！,金融投资报
272,2021-05-07,机会来了！这些公司有望调入沪深300、上证50指数,Wind
273,2021-05-07,【半导体投资日报】历史级别景气继续演绎，缺货大背景下，关注4大受益方向,新浪
274,2021-05-07,筹资总额不超2.5亿元！汇顶科技拟推2021年第一期员工持股计划,搜狐
275,2021-05-07,中金：医药、新能源多只股票或将纳入沪深300指数,Wind
276,2021-05-07,中金公司：医药、新能源行业多只股票或将纳入沪深300指数,Wind
277,2021-05-06,汇顶科技(603160.SH)拟推2021年第一期员工持股计划筹资总额不超2.5亿元,格隆汇
278,2021-05-06,5月6日晚间上市公司十大重磅公告,巨丰财经
279,2021-05-06,东方证券维持汇顶科技买入评级：持续加大研发，新品布局广泛,每日经济新闻
280,2021-05-06,汇顶科技(603160.SH)拟推2021年第一期股票期权激励计划,格隆汇
281,2021-05-06,汇顶科技(603160.SH)截至4月末尚未实施回购,格隆汇
282,2021-05-06,东方证券：汇顶科技（603160.SH）净利下滑，维持“买入”评级 盈利能力下降,智通财经
283,2021-05-06,半导体指数二次抬升，国科微涨超10%,Wind
284,2021-05-02,半导体一季报哪家强？同环比双增长名单来了 还有这些公司被扎堆调研,科创板日报
285,2021-04-30,国产芯片第一梯队业绩分化：单品类强≠业绩恒强,21世纪经济报道
286,2021-04-29,国产芯片第一梯队业绩分化：技术与产品的“平衡术” 盈利能力下降,21世纪经济报道
287,2021-04-29,自动驾驶来了！重磅文件将发布，商业化加速落地,Wind
288,2021-04-29,【异动股】汽车芯片板块拉升，北京君正(300223-CN)涨19.99%,财华社
289,2021-04-29,LED芯片市场价格上升，乾照光电Q1净利同比大增190％！,Ofweek
290,2021-04-29,汇顶科技大涨5.09%，报114.78元,中新经纬
291,2021-04-28,迈进“果链”牵手iPhone13？500亿光学指纹龙头突然涨停，公司发声,中证报
292,2021-04-28,要进果链？芯片巨头汇顶科技迎来意外涨停,上证报
293,2021-04-28,传iPhone13将会使用屏下指纹技术，汇顶科技或成最大赢家？,环球老虎财经
294,2021-04-28,汇顶科技：持续加大研发投入 向综合型IC设计公司转型,中证网
295,2021-04-28,半导体板块集体走强，汇顶科技涨停,第一财经
296,2021-04-28,公司是否为iPhone 13项目合作商？汇顶科技：不方便置评,e公司
297,2021-04-28,汇顶科技：公司电容指纹识别芯片目前价格较稳定,Wind
298,2021-04-28,汇顶科技：目前正在研发的ToF解决方案已日臻成熟,每日经济新闻
299,2021-04-28,汇顶科技： 公司具备LCD屏下指纹识别的相关技术,每日经济新闻
300,2021-04-28,汇顶科技接受63家机构调研,每日经济新闻
301,2021-04-28,汇顶科技：持续重金投研发，支撑营收增长的内因已发生变化,上证报
302,2021-04-28,一年蒸发超千亿！深圳明星芯片公司闪崩，系华为小米供应商,南都报
303,2021-04-27,2020年净利承压，汇顶科技董事长张帆：着力研发，毛利和收入今年将相对平稳,21世纪经济报道
304,2021-04-27,汇顶科技：供应链不会成为公司发展的瓶颈,证券时报网
305,2021-04-27,重金投入研发致去年增收不增利 汇顶科技董事长张帆：技术积累会逐渐开花结果 盈利能力下降,每日经济新闻
306,2021-04-27,大资金抄底被埋！跌掉一个“锂王”市值，芯片巨头砸出深坑！高回撤的成长股最新名单来了,金融界
307,2021-04-27,芯片概念集体下跌！超3000只个股飘绿，A股又跳水！ 连续下跌,证券时报网
308,2021-04-27,1000亿巨头闪崩，芯片概念集体下跌！聪明钱40亿杀入,Wind
309,2021-04-27,1000亿半导体巨头闪崩，芯片概念也集体下跌！超3000只个股飘绿！聪明钱却40亿杀入 连续下跌,e公司
310,2021-04-27,汇顶科技：21万股将于2021年04月30日解禁，占比0.045% 解禁,全景网
311,2021-04-26,汇顶科技2020年营收66.87亿元 研发投入占比26.23%,证券时报网
312,2021-04-26,汇顶科技(603160.SH)：2020年净利16.59亿元同比下降28.40% 盈利能力下降,格隆汇
313,2021-04-26,汇顶科技(603160.SH)：一季度净利1.57亿元同比下降23.51% 盈利能力下降,格隆汇
314,2021-04-26,交卷！汇顶科技：2021年第一季度净利润约1.57亿元，同比下降23.51% 盈利能力下降,每日经济新闻
315,2021-04-26,汇顶科技2020年实现营收66.87亿元：同比增长3.31%,C114通信网
316,2021-04-26,汇顶科技一季度归属净利润降逾两成 盈利能力下降,北京商报网
317,2021-04-26,汇顶科技(603160.SH)一季度归母净利同比降23.51%至1.57亿元 盈利能力下降,智通财经
318,2021-04-26,汇顶科技(603160.SH)年度归母净利同比降28.4%至16.59亿元 拟每股派0.45元 盈利能力下降,智通财经
319,2021-04-26,汇顶科技：一季度1.57亿元 同比降24%,e公司
320,2021-04-26,汇顶科技：一季度净利润同比减少23.51% 盈利能力下降,Wind
321,2021-04-26,汇顶科技：2020年净利润同比减少28.4% 盈利能力下降,Wind
322,2021-04-26,华安证券--电子行业周报：持续聚焦一季报确定的面板、半导体板块【行业研究】,金融界股吧
323,2021-04-22,超9成盈利、27家业绩翻番，半导体迎最好时期,Wind
324,2021-04-21,汇顶科技：收到撤诉裁定 诉讼纠纷,Wind
325,2021-04-16,国家队减持2800亿芯片龙头，这一内因是关键,Wind
326,2021-04-16,中芯国际遭减持22亿，大基金持仓A股最新名单出炉 减持股份,Wind
327,2021-04-13,华安证券--电子行业周报：关注一季报确定的面板、半导体板块【行业研究】,金融界股吧
328,2021-04-09,两市百元股数量达134只，医药生物行业占比最高,证券之星
329,2021-04-09,通富微电(002156)：高景气度持续 Q1环比大增,新浪
330,2021-04-07,指纹识别龙头市值缩水超千亿 汇顶科技空降总裁欲回天 连续下跌,新浪
331,2021-04-06,“最惨芯片股”汇顶科技是如何坠落的？,锦缎
332,2021-04-02,汇顶科技：拟以3亿元-5亿元回购股份，回购价格不超过170.43元/股（含）,Wind
333,2021-04-02,汇顶科技(603160.SH)截至3月末尚未实施回购,格隆汇
334,2021-04-01,通富微电(002156)：受益AMD、联发科高成长和集成电路高景气,新浪
335,2021-03-31,汇顶科技今日大宗交易成交6.50万股，成交价107.8元折价3.8%,Wind
336,2021-03-31,通富微电(002156)：业绩大增 高景气度有望持续,新浪
337,2021-03-30,A股早报2021年3月30日星期二,Wind
338,2021-03-29,电子行业周报：一季报披露将近 面板和功率业绩确定性高,华安证券
339,2021-03-29,晚间重要公告2021年3月29日星期一,Wind
340,2021-03-29,近一年股价跌幅超70%，汇顶科技管理层坐不住了，拟3亿-元5亿元回购公司股份！,环球老虎财经
341,2021-03-29,"汇顶科技现1笔大宗交易 共成交1,693.44万元",新浪
342,2021-03-29,汇顶科技拟斥资3亿元至5亿元回购股份，用于员工持股计划或股权激励,第一财经
343,2021-03-29,汇顶科技今日大宗交易成交15.80万股，成交价107.18元溢价0.0%,Wind
344,2021-03-29,汇顶科技(603160.SH)拟斥资3亿元至5亿元回购股份,智通财经
345,2021-03-29,汇顶科技：非常荣幸有胡煜华女士的加盟,每日经济新闻
346,2021-03-29,汇顶科技：公司的3D结构光人脸识别方案已经商用于知名品牌智能门锁产品上,每日经济新闻
347,2021-03-29,汇顶科技(603160.SH)拟以3亿-5亿元回购公司股份,格隆汇
348,2021-03-29,汇顶科技：拟以3亿-5亿元回购股份,Wind
349,2021-03-26,"汇顶科技现1笔大宗交易 共成交2,092.03万元",新浪
350,2021-03-26,盘前情报丨疫苗分发提升中硼硅玻璃管需求，全款仍需等半年！这些公司成香饽饽（附股）,21世纪经济报道
351,2021-03-25,汇顶科技：何时重温千亿市值？,云掌财经
352,2021-03-24,汇顶科技大宗交易成交23.20万股成交额2495.16万元,证券时报网
353,2021-03-24,"汇顶科技现1笔大宗交易 共成交2,495.16万元",新浪
354,2021-03-24,汇顶科技今日大宗交易成交23.20万股，成交价107.55元溢价0.0%,Wind
355,2021-03-24,罕见，味茅、医药茅跌跌不休，砸盘元凶曝光,Wind
356,2021-03-24,缺芯潮向多行业蔓延，或现“缺芯少屏”,Wind
357,2021-03-22,汇顶科技大宗交易成交26.10万股成交额2899.71万元,证券时报网
358,2021-03-20,从1770亿到509亿:汇顶科技日均蒸发3亿市值 “救星”来了有用吗 连续下跌,华夏时报
359,2021-03-19,机构资金最近入驻这些股,证券之星
360,2021-03-18,汇顶科技等33股近五日获机构净买入,证券时报网
361,2021-03-17,德仪中国区总裁加盟，能否拯救汇顶科技？,观察者网
362,2021-03-17,抱团瓦解市值一年蒸发1300亿，美巨头高管加盟能否拯救汇顶科技？ 连续下跌,观察者网
363,2021-03-17,掘金龙虎榜 31股近期获机构净买入,证券之星
364,2021-03-17,汇顶科技任命胡煜华为公司总裁：曾任职半导体届黄埔军校,新浪
365,2021-03-16,500亿芯片巨头重磅人事变动！这位女性高管来了，曾任职半导体届黄埔军校，多次登榜福布斯！,证券时报网
366,2021-03-16,IOT行业深度追踪系列第14期(2021年2月)：2月天猫平台安卓品牌TWS销量强劲 看好安卓端全年景气持续,新浪
367,2021-03-16,汇顶科技换帅，前德州仪器副总裁胡煜华入驻 董监高成员变化,Ofweek
368,2021-03-16,电子行业周报：中美半导体协会成立“工作组” OPPO FIND X3系列发布,新浪
369,2021-03-16,机构近期抢筹这33股可关注（附名单）,证券之星
370,2021-03-16,胡煜华获聘汇顶科技总裁 曾任德州仪器中国区总裁,C114通信网
371,2021-03-15,没想到3000点入市，3400点竟然腰斩了,云掌财经
372,2021-03-15,德州仪器前中国区总裁胡煜华出任汇顶科技总裁 能否扭转后者业绩颓势？,每日经济新闻
373,2021-03-15,德州仪器前中国区总裁胡煜华出任汇顶科技总裁 能否扭转后者股价跌势？,每日经济新闻
374,2021-03-15,官宣！前TI副总裁胡煜华正式出任汇顶科技总裁,国际电子商情
375,2021-03-15,汇顶科技：聘任公司总裁,Wind
376,2021-03-15,机构抄底汇顶科技 游资打板焦作万方|板块龙虎榜,第一财经
377,2021-03-15,龙虎榜揭秘 近五日机构最青睐37股,证券之星
378,2021-03-15,A股早报2021年3月15日星期一,Wind
379,2021-03-15,每日理财观察：十四五”规划和2035年远景目标纲要发布,Wind
380,2021-03-13,股价暴跌、惨遭减持A股指纹识别龙头或迎强援 减持股份,科创板日报
381,2021-03-13,德州仪器原副总裁将加盟汇顶科技,格隆汇
382,2021-03-12,【情绪监控】碳中和板块领涨，北向资金本周净流入66亿元,量化藏经阁
383,2021-03-12,金融街下午茶2021年3月12日星期五,Wind
384,2021-03-12,跌停板解密：3只利空股封上跌停！（3月12日）,Wind
385,2021-03-12,汇顶科技股价腰斩，二股东4次减持套现近70亿 减持股份,时代在线
386,2021-03-12,3月12日龙虎榜，机构青睐这5股,证券时报网
387,2021-03-12,汇顶科技：减持是正常行为 寻找新伙伴或回购皆有可能丨公司问答 减持股份,第一财经
388,2021-03-12,汇顶科技跌停 去年高点中金公司安信证券东北证券唱多,中国经济网
389,2021-03-12,龙虎榜：汇顶科技跌停 北向资金净卖出9467万元,e公司
390,2021-03-12,A股主力资金流向：本周累计净流出1439亿，东方财富、比亚迪净流出额居前,Wind
391,2021-03-12,A股刚反弹，又有大杀器！美债风暴来袭,Wind
392,2021-03-12,A股收盘综述：上证指数录涨因电力、碳中和板块爆发，周线仍三连跌,Wind
393,2021-03-12,芯片产业链板块走弱，143只个股下跌，汇顶科技下跌10.0%,每日经济新闻
394,2021-03-12,快讯：第三代半导体持续走弱 汇顶科技跌停 连续下跌,新浪
395,2021-03-12,汇顶科技午后跌停，股东联发科拟大手笔减持,Wind
396,2021-03-12,【行情】半导体芯片股继续走低，汇顶科技跌停，晶方科技、富瀚微跌超7%，中微公司、新洁能、立昂微、圣邦股份等纷纷走低,金十数据
397,2021-03-12,联发科巨额减持吓坏10万股东，芯片白马大跌近9%！“老板娘”网上寻夫有新进展，风电光伏出利好（附股） 减持股份,证券时报
398,2021-03-12,暴跌9%！汇顶科技市值缩水1200亿，创始人500亿没了 连续下跌,搜狐
399,2021-03-12,股东拟减持不超3%股份，两只大基金概念股大跌 拟减持股份,第一财经
400,2021-03-12,【行情】半导体板块早盘持续走低，汇顶科技逼近跌停，富瀚微、晶方科技、福晶科技等跌超5% 连续下跌,金十数据
401,2021-03-12,芯片板块调整，中微公司、富瀚微、大唐电信、晶方科技、汇顶科技领跌,Wind
402,2021-03-12,再遭减持！汇顶科技(603160.SH)大跌超7% 减持股份,格隆汇
403,2021-03-12,科技及智能设备产业链日报：大盘收小阳 工业和电信服务表现尚可,新浪
404,2021-03-12,Wind风控日报2021年3月12日星期五,Wind
405,2021-03-12,上市公司正负面新闻2021年3月12日星期五,Wind
406,2021-03-11,减持3%！汇顶科技再遭联发科“用脚投票” 业务单一风险引市场担忧 减持股份,财联社
407,2021-03-11,OPPO Find X3采用汇顶科技指纹+音频组合方案,e公司
408,2021-03-11,晚间重要公告2021年3月11日星期四,Wind
409,2021-03-11,两年累计超40亿，汇顶科技再遭减持！业绩下滑恐为主因 减持股份,环球老虎财经
410,2021-03-11,注意！汇顶科技：汇发国际（香港）有限公司拟减持不超约1373万股 拟减持股份,每日经济新闻
411,2021-03-11,汇顶科技(603160.SH)：持股7.27%股东汇发国际拟减持不超3%股份 拟减持股份,格隆汇
412,2021-03-11,汇顶科技：股东汇发国际拟减持不超过3% 拟减持股份,Wind
413,2021-03-10,半导体行业点评报告：信越硅片提价 全球半导体景气度持续攀升,新浪
414,2021-03-08,大摩下调汇顶科技目标价：指纹传感器业务下行趋势明显 机构下调估值,TechWeb
415,2021-03-08,摩根士丹利：下调汇顶科技目标价手机或许不再需要屏下指纹识别 机构下调估值,格隆汇
416,2021-03-04,汇顶科技超薄屏下光学指纹商用已超30款,e公司
417,2021-03-04,骁龙888+8G内存史上最低价！一图了解realme GT：2799起,快科技
418,2021-03-03,周三证券|高景气不减 半导体再受关注,金融投资报
419,2021-03-03,5G手机企业迎“订单潮” 7股业绩有望大增,证券时报
420,2021-03-02,半导体芯片迎来涨价潮，涨价名单里都有哪些公司？,格隆汇
421,2021-03-01,华安证券--电子行业周报：价格继续上行，持续推荐面板和功率半导体板块【行业研究】,金融界股吧
422,2021-02-25,大公司晨读：哔哩哔哩全年营收增长77%；华为、汇顶科技遭英国公司起诉,天极网
423,2021-02-25,IOT深度追踪系列第13期(2021年1月)：1月安卓端TWS线上销量同比+11% 三星手机取消有线耳机标配,新浪
424,2021-02-24,汇顶科技：法院裁定准许原告思立微撤诉 诉讼纠纷,Wind
425,2021-02-24,汇顶科技(603160.SH)：法院裁定准许原告思立微撤诉 诉讼纠纷,格隆汇
426,2021-02-24,A股收盘综述：上证指数跌1.99%、抱团明星股再扑街，创业板指五日累挫12%,Wind
427,2021-02-24,A股午盘综述：上证指数下滑1.55%再失3600，抱团明星股再现集体杀跌场景,Wind
428,2021-02-22,美迪凯(688079.SH)：汇顶科技获配785.0834万股 网上摇号中签号共43378个,格隆汇
429,2021-02-22,兆易创新和汇顶科技“专利战”中扳回一局一审不利判决被驳回,GPLP犀牛财经
430,2021-02-22,华安证券--电子行业周报：北美雪灾日本地震半导体产能愈发紧张，面板仍处于上升期【行业研究】,金融界股吧
431,2021-02-22,影响5.5万亿板块大事件来了,中国基金报
432,2021-02-21,影响5.5万亿板块大事件，超跌概念股率先启动，芯片巨头砸出“深坑”，高增长龙头股名单请收藏,证券时报
433,2021-02-18,【科】美迪凯估值预测表，预计首日25元获0.7万，光电子产品结构件,云掌财经
434,2021-02-09,持有优秀主动型基金更赚钱的原因是什么？,新浪
435,2021-02-08,大市值何苦为难小市值？,云掌财经
436,2021-02-06,市值一年缩水1200亿 这家深圳明星芯片公司怎么了？ 连续下跌,中投网
437,2021-02-06,【财经早报】2021/2/6星期六,云掌财经
438,2021-02-04,跟踪评测 | 汇顶科技,新浪
439,2021-02-04,“航顺芯片”获得汇顶科技战略投资,36氪
440,2021-02-03,*ST盈方(000670.SZ)：华信科、联合无线香港与汇顶科技签订多份日常经营性订单,格隆汇
441,2021-02-03,AI龙头跳水，科技板块市值蒸发3200亿，3只龙头股腰斩，“聪明资金”加仓股出炉 连续下跌,证券时报网
442,2021-02-03,A股半导体“年报增长曲线”：38家企业预喜，封测行业最亮眼,Wind
443,2021-01-30,回调或许现更佳买点 半导体军工人工智能高景气仍在,金融投资报
444,2021-01-29,成都高新区迎来“开门红” 签约14个项目总投资达277亿元,高新网
445,2021-01-29,三招透视上市公司的“原力”：资本开支,锦缎
446,2021-01-29,数字生态、芯片设计封装、装备研发制造……14个项目落地成都 总投资达277亿元,成都日报
447,2021-01-26,从0疯涨到10亿 | TWS耳机产业链国产替代程度如何？,慧聪电子网
448,2021-01-25,半导体涨价波及手机行业满产、缺货成关键词,中国经营报
449,2021-01-24,大基金减持3大芯片股，诺安蔡嵩松“躺枪”，二期重点投资哪些方向？ 减持股份,财联社
450,2021-01-23,中国半导体的三个阶段,半导体风向标
451,2021-01-23,今年“大基金”首次出手减持！二期将发力这些领域,证券时报网
452,2021-01-21,十大明星经理重仓股曝光！刘格菘4基金顶格买入一股,中国基金报
453,2021-01-21,近期芯片涨价时间线整理,Ofweek
454,2021-01-21,缺芯潮持续发酵，瑞萨电子是开端，LED芯片却不是结尾！,Ofweek
455,2021-01-20,ELEXCON电子展探索TWS耳机产业链,中电网
456,2021-01-18,电子行业周报：台积电资本开支超预期 面板价格上行板块业绩亮眼,华安证券
457,2021-01-15,半导体行业将迎来高景气阶段,信息时报
458,2021-01-13,23股较一年高点腰斩，获机构扎堆推荐,Wind
459,2021-01-10,精准重仓金龙鱼豪赚近5倍，谁是它的下一个目标？,上证报
460,2021-01-08,明微电子(688699)：驱动IC前景可期 MINI LED整装待发,新浪
461,2021-01-07,芯片涨价潮继续：提价公司越来越多，产业链连锁反应加剧,澎湃新闻
462,2021-01-06,TWS耳机市场规模仍在狂飙突进 中国玩家加速抢食蛋糕,36氪
463,2021-01-06,半导体、芯片产业链股或续涨，新年伊始涨价潮延续,道琼斯
464,2021-01-06,【中金科技】每日科技信息快递：纽交所改口：不再计划将中国三大运营商摘牌,乐平科技视角
465,2021-01-06,半导体新年涨价潮至：多家上市公司发函提价，产业链连锁反应加剧,Wind
466,2021-01-05,暗流涌动的TWS耳机江湖：国产替代抱团崛起,36氪
467,2021-01-05,半导体新年涨价潮至：多家上市公司发函提价 产业链连锁反应加剧,21世纪经济报道
468,2021-01-05,汇顶科技(603160.SH)：董事刘洋辞职 董监高成员变化,格隆汇
469,2021-01-05,汇顶科技(603160.SH)：汇发国际减持完毕累计减持1.99%股份 减持股份,格隆汇
470,2021-01-05,汇顶科技：汇发国际减持1.99%股份，减持计划实施完毕 拟减持股份,Wind
471,2021-01-05,汇顶科技：公司董事辞职 董监高成员变化,Wind
472,2021-01-04,半导体专题报告：政策组合拳，助力集成电路跨越式发展,新浪
473,2021-01-04,33股获券商买入评级，汇顶科技目标涨幅达52.23%,Wind
474,2021-01-04,电子行业周报：面板维持上涨 半导体产能紧张依旧,华安证券
475,2021-01-02,汇顶科技入股MCU设计供应商航顺芯片,猎云网
476,2020-12-30,汇顶科技(603160)：公司发布触控产品涨价函 更多关注未来研发与新品进展,广发证券
477,2020-12-30,指纹识别技术大厂汇顶的产品都要涨价？汇顶科技最新回应,Ofweek
478,2020-12-30,汇顶科技(603160.SH)澄清称：仅针对部分触控产品GT9系列的销售价格作出调整,格隆汇
479,2020-12-30,汇顶科技：公司全部产品涨价传闻不实 调价仅针对部分触控产品,中证网
480,2020-12-30,汇顶科技上调部分触控芯片价格 公司回应：非全线提价,澎湃新闻
481,2020-12-30,汇顶科技澄清：涨价报道不实，仅针对部分触控产品GT9系列的销售价格作出调整,Wind
482,2020-12-30,汇顶科技澄清声明：2021年1月1日起公司所有产品美金价格统一上调30%的报道不实,格隆汇
483,2020-12-29,汇顶科技证实，GT9触控芯片全系涨价30%！,国际电子商情
484,2020-12-29,传汇顶科技部分产品2021年起全部涨价30%？,国际电子商情
485,2020-12-29,汇顶科技：明年1月1日0时起所有产品美金价格统一上调30%,格隆汇
486,2020-12-29,【行情】半导体板块拉升，广东骏亚大涨7%，富满电子、兆易创新、汇顶科技、斯达半导、士兰微跟涨,金十数据
487,2020-12-28,汇顶科技：小米11手机搭载公司旗下超薄屏下光学指纹方案,Wind
488,2020-12-28,传统板块年底发力，“煤飞色舞”行情再现,Wind
489,2020-12-23,IOT深度追踪系列第11期(2020年11月)：年末大促IOT需求整体旺盛 AIRPODSMAX供需仍趋紧,新浪
490,2020-12-21,【研报掘金】中芯国际被列入实体清单叠加税务优惠 半导体国产替代有望加速,证券时报网
491,2020-12-18,芯片关键技术获重大突破！集成电路全名单出炉,证券时报网
492,2020-12-15,晶方科技(603005)公司动态点评：TSV细分龙头扩产顺利推进 持续受益晶圆制造转向12英寸,新浪
493,2020-12-15,2020年十大减持王曝光 药明康德套现金额居首 减持股份,投资快报
494,2020-12-14,汇顶科技员工持股计划筹资522万元 前三季度净利降36% 盈利能力下降,GPLP犀牛财经
495,2020-12-14,电子行业周报：面板价格维持上涨 半导体产能紧张持续,华安证券
496,2020-12-11,汇顶科技(603160.SH)：2020年第三期员工持股计划完成股票非交易过户,格隆汇
497,2020-12-11,四季度以来55家公司披露回购预案，已实施近半,Wind
498,2020-12-10,【IPO前哨】电子祛魅，偏向投机价值的美迪凯,财华社
499,2020-12-09,苹果发布AirPods Max 这些概念股有望站上风口丨牛熊眼,第一财经
500,2020-12-07,汇顶科技(603160.SH)：2020年第三期员工持股计划尚未完成公司回购专用账户已回购库存股非交易过户手续,格隆汇
501,2020-12-03,韦尔股份一月内现多次减持：控股股东套现18亿，大股东锁定期后“闪电”离场 减持股份,华夏时报
502,2020-12-03,汇顶被控侵权，起诉方索赔2500万元！ 诉讼纠纷,国际电子商情
503,2020-12-03,策略月报-2020年12月投资策略：跨年行情徐徐展开 积极布局均衡配置,新浪
504,2020-12-01,汇顶科技(603160.SH)：明确2020年第三期员工持股计划购买回购股票的价格及计划规模,格隆汇
505,2020-11-23,国内有哪些芯片公司处于世界前10？一起看看！,慧聪电子网
506,2020-11-22,A股百家半导体厂商平均获政府补贴5500万，前10家公司合计获政府补贴37.4亿,搜狐
507,2020-11-19,利扬芯片：为汇顶科技等知名芯片设计企业提供测试服务,第一财经
508,2020-11-17,比折叠屏还酷，OPPO卷轴屏概念手机曝光，发布时间还未定,奥一网
509,2020-11-17,GLASS 2021亮相，搭载汇顶科技电容检测传感器及智能音频放大器,Wind
510,2020-11-17,OPPO AR眼镜搭载汇顶科技电容检测传感器及智能音频放大器,e公司
511,2020-11-13,半导体芯片龙头股频遭减持，大基金年内套现近90亿元 减持股份,第一财经
512,2020-11-12,半导体芯片龙头股频遭减持，大基金年内套现近90亿元 减持股份,第一财经
513,2020-11-12,汇顶科技(603160.SH)：2020年第二期员工持股计划账户持有11.699万股,格隆汇
514,2020-11-12,汇顶科技(603160)：业绩环比回升 研发费用高增长,新浪
515,2020-11-12,6倍芯片巨头罕见跌停，背后原因或是它？,证券时报网
516,2020-11-12,电子行业2021年度策略报告：深练内功 厚积薄发,新浪
517,2020-11-11,汇顶科技：回购股份事项实施完毕,e公司
518,2020-11-11,汇顶科技(603160.SH)：回购方案实施完毕累计回购1398.15万元股份,格隆汇
519,2020-11-10,汇顶科技(603160.SH)：汇发国际累计减持1.01%股份 减持股份,格隆汇
520,2020-11-10,汇顶科技：汇发国际减持比例达总股本1.01% 减持股份,Wind
521,2020-11-10,52股获券商买入评级，中嘉博创目标涨幅达104.35%,Wind
522,2020-11-09,汇顶科技(603160.SH)11月9日首次回购5000股,格隆汇
523,2020-11-09,汇顶科技：94.5万元回购5000股,Wind
524,2020-11-09,重要信号？大基金出手了，套现90亿！,中国基金报
525,2020-11-09,年内套现近90亿，国家大基金收缩二级市场投资,e公司
526,2020-11-09,啥情况？大基金高频减持A股年内套现90亿 涉及汇顶科技等多牛股 减持股份,证券时报网
527,2020-11-09,年内套现近90亿元 大基金收缩二级市场投资,证券时报
528,2020-11-05,汇顶科技(603160)：营收和研发费用创单季新高,新浪
529,2020-11-04,接连出手，国家大基金二期青睐芯片龙头企业,中证报
530,2020-11-04,汇顶科技(603160)：3Q20业绩符合预期 关注明年海外大客户拓展及光学产品起量情况,新浪
531,2020-11-04,电子行业周报：IPHONE销量继续火爆 半导体基本面改善,新浪
532,2020-11-03,【中金科技】汇顶科技（603160.SH）：3Q20业绩符合预期，关注明年海外大客户拓展及光学产品起量情况,乐平科技视角
533,2020-11-02,中小盘增发并购双周报：新规后竞价定增解禁平均收益率22.9% 胜率75% 解禁,新浪
534,2020-11-02,汇顶科技：持续投入研发 深耕智能移动终端、IoT、汽车电子领域,中证网
535,2020-11-01,【国元电子】汇顶科技：Q3业绩阶段承压，加大研发长期竞争优势不变,茂飞电子研究
536,2020-11-01,利扬芯片，估值30-52，集成电路测试。新股评级，妖3牛1,搜狐
537,2020-10-31,前三季度业绩承压 汇顶科技高研发投入IoT、光学等领域 盈利能力下降,每日经济新闻
538,2020-10-30,汇顶科技前三季度营收51.28亿元 研发费用达12.89亿元,上证报
539,2020-10-30,汇顶科技屏下光学指纹已商用于177款品牌机型,证券时报
540,2020-10-30,汇顶科技：营收端表现略有转暖 超薄产品良率仍在爬坡,新浪
541,2020-10-30,汇顶科技公布三季报 前三季净利减少35.75% 盈利能力下降,新浪
542,2020-10-29,利扬芯片与汇顶科技、全志科技等芯片设计公司长期合作,Wind
543,2020-10-29,汇顶科技(603160.SH)：前三季净利降35.75%至11.00亿元 盈利能力下降,格隆汇
544,2020-10-29,汇顶科技：前三季度净利润为11亿元，同比下降35.75% 盈利能力下降,格隆汇
545,2020-10-29,汇顶科技：前三季度净利润同比减少35.75% 盈利能力下降,Wind
546,2020-10-29,深圳市汇顶科技股份有限公司 关于回购股份事项前十名股东和 前十名无限售条件股东持股情况的公告,证券时报
547,2020-10-27,华泰证券：系统级芯片设计领域现新机 产业链中多家龙头将受益,第一财经
548,2020-10-26,本周最重要的一次打新：688688！,Wind
549,2020-10-24,回购股份，哪些上市公司真的愿掏钱？,上证报
550,2020-10-24,回购股份，哪些上市公司真的愿掏钱？,中国证券网
551,2020-10-23,集成电路行业产业系列报告之二：内核架构意义凸显 RISC-V现新机,新浪
552,2020-10-23,965股年内发布回购公告 已回购金额逾800亿,证券时报
553,2020-10-22,IOT行业深度追踪系列之九：IWATCH新品集成血氧监测 IOT需求持续回暖,新浪
554,2020-10-22,芯片龙头逆势大涨 连砸“重金”回购能否维稳？,第一财经
555,2020-10-22,芯片龙头砸重金再回购 无惧国家大基金减持？丨资讯焦点 减持股份,第一财经
556,2020-10-22,汇顶科技盘中涨超4%,中证网
557,2020-10-22,汇顶科技拟千万回购股份 一类股有望逆势上扬,巨丰财经
558,2020-10-22,太意外，科技龙头砸重金回购，无惧国家大基金频繁减持！请收好这份业绩大增+大手笔增持股名单,证券时报
559,2020-10-22,汇顶科技时隔一个月再推“迷你”回购计划,证券时报
560,2020-10-21,公告精选：平安银行第三季度净利同比增6.1%；汇顶科技拟1200万元-1400万元回购股份,e公司
561,2020-10-21,汇顶科技：拟回购1200万元-1400万元股份 回购价不超220元/股,金融界
562,2020-10-21,汇顶科技(603160.SH)拟回购1200万元-1400万元股份回购价不超220元/股,格隆汇
563,2020-10-21,汇顶科技(603160.SH)拟推2020年第三期员工持股计划,格隆汇
564,2020-10-21,汇顶科技：拟以1200万-1400万元回购股份,Wind
565,2020-10-19,白马股频“跳水”，基金调仓难度增大,中证报
566,2020-10-15,一加发布新款手机8T和无线耳机Buds Z 采用汇顶科技创新产品组合,中证网
567,2020-10-15,一加旗舰新机8T亮相 采用汇顶科技超薄屏下光学方案,e公司
568,2020-10-14,多只白马股突然闪崩，兑现收益还是继续锁仓？,券商中国
569,2020-10-14,多只白马股突然闪崩：发生了什么？下一只闪崩股是谁,券商中国
570,2020-10-13,10倍科技股突发大跌，发生了什么？ 这些基金抱团股砸出深坑，最惨芯片龙头回调超55%（附名单） 连续下跌,证券时报网
571,2020-10-13,汇顶科技再遭减持 市值8个月缩水1000亿 公司回应四大原因！ 减持股份,第一财经
572,2020-10-13,两大利空降温市场，有变数？,证券之星
573,2020-10-13,汇顶科技：减持属基金个人行为 股价下跌受多重因素 公司会加大研发丨公司问答 减持股份,第一财经
574,2020-10-13,国家大基金再减持汇顶科技1% 机构：留意存货减值的潜在风险 减持股份,证券之星
575,2020-10-13,又被减持！芯片龙头怎么了？公募社保也抛售,券商中国
576,2020-10-13,【中证盘前】国联国金重组终止今日复牌；虎牙斗鱼官宣合并，腾讯将控股；中国中免三季度净利润涨超140%；苹果大涨逾6%,中证报
577,2020-10-13,上市公司正负面新闻2020年10月13日星期二,Wind
578,2020-10-12,晚间重要公告2020年10月12日星期一,Wind
579,2020-10-12,国家大基金再减持汇顶科技 1%减持计划完成 拟减持股份,e公司
580,2020-10-12,汇顶科技股东大基金完成减持计划 拟减持股份,上证报
581,2020-10-12,汇顶科技(603160.SH)：国家大基金减持完毕累计减持1%股份 减持股份,格隆汇
582,2020-10-12,汇顶科技：大基金累计减持1%股份 完成减持计划 拟减持股份,e公司
583,2020-10-12,汇顶科技：国家集成电路产业投资基金8月3日至10月9日累计减持1%公司股份 减持股份,Wind
584,2020-10-11,淡马锡特设多元策略资管集团，管理超3700亿资产,券商中国
585,2020-10-09,芯片板块高位运行，中芯国际-U、韦尔股份、澜起科技、兆易创新、汇顶科技领涨,Wind
586,2020-09-30,汇顶科技：近期股东汇发国际减持公司总股本的1% 减持股份,格隆汇
587,2020-09-30,汇顶科技(603160.SH)：汇发国际累计减持456.16万股减持数量已过半 减持股份,格隆汇
588,2020-09-30,汇顶科技：股东累计减持1%股份 减持股份,Wind
589,2020-09-30,【中金电子与通信】每日科技信息快递：央行数字货币多地内测,乐平科技视角
590,2020-09-26,“巨无霸”接连登陆A股，千亿市值公司增至108家,Wind
591,2020-09-25,*ST盈方(000670.SZ)：华信科、联合无线香港与汇顶科技签订多份日常经营性订单,格隆汇
592,2020-09-25,国家集成电路基金减持9家公司 减持股份,金融投资报
593,2020-09-24,A股低开低走：创业、科创指数跌超2% 北向资金净流出、净卖出均超百亿,英为财情
594,2020-09-24,科技早闻：小米超时赔付服务上线，Bose 发布两款智能音频眼镜,万维家电网
595,2020-09-23,台湾指纹识别芯片公司神盾反诉汇顶科技，要求赔偿9000万元,Ofweek
596,2020-09-22,广东近半上市公司加码研发，7家超10亿，中兴美的富联居前,奥一网
597,2020-09-22,A股共发生136宗大宗交易成交32.86亿元（9月22日）,Wind
598,2020-09-22,"汇顶科技现2笔大宗交易 共成交5,381.75万元",新浪
599,2020-09-22,汇顶科技今日大宗交易成交31万股，成交价158.36元折价2.78%,Wind
600,2020-09-21,晚间重要公告2020年9月21日星期一,Wind
601,2020-09-21,通富微电、汇顶科技齐遭大基金减持，为何密集出现？ 减持股份,环球老虎财经
602,2020-09-19,小K播周报|硬科技投向标：燃料电池汽车示范城市申报启动吉利汽车拟登陆科创板,科创板日报
603,2020-09-19,上市公司正负面新闻2020年9月19日星期六,Wind
604,2020-09-18,晚间重要公告2020年9月18日星期五,Wind
605,2020-09-18,汇顶科技：回购方案实施完毕，累计耗资约3000万元,Wind
606,2020-09-18,大基金出手了：两大芯片股被抛售，释放啥信号？,中国基金报
607,2020-09-18,汇顶科技：回购方案实施完毕 累计耗资约3000万元,e公司
608,2020-09-18,汇顶科技(603160.SH)回购完毕 累计斥资2999.039万元回购18.21万股,格隆汇
609,2020-09-18,汇顶科技：回购股份方案已经实施完毕，累计耗资2999万元,Wind
610,2020-09-18,国家队突然出手，啥信号？,证券之星
611,2020-09-18,大基金再密集减持，芯片股频遭抛售，年内已经累计套现近70亿！ 减持股份,格隆汇
612,2020-09-18,国家大基金再出手，两大芯片股遭抛售，为何密集减持？,券商中国
613,2020-09-18,上市公司正负面新闻2020年9月18日星期五,Wind
614,2020-09-17,晚间重要公告2020年9月17日星期四,Wind
615,2020-09-17,汇顶科技：大基金累计减持0.61%股份 持股降至5%以下 减持股份,e公司
616,2020-09-17,汇顶科技：大基金持有股份降至4.99%,格隆汇
617,2020-09-17,汇顶科技(603160.SH):大基金减持279.66万股 持股跌出5% 减持股份,格隆汇
618,2020-09-17,汇顶科技：大基金累计减持0.61%股份，持股比例降至5%以下 减持股份,Wind
619,2020-09-17,上市公司正负面新闻2020年9月17日星期四,Wind
620,2020-09-16,汇顶科技股价较年内高点跌近56% 耗资896万元实施首次回购,e公司
621,2020-09-16,晚间重要公告2020年9月16日星期三,Wind
622,2020-09-16,汇顶科技(603160.SH)9月16日首次回购5.5万股,格隆汇
623,2020-09-16,汇顶科技：实施首次股份回购，耗资896万元,Wind
624,2020-09-16,汇顶科技：实施首次股份回购 耗资896万元,e公司
625,2020-09-15,市场聚焦：跌势初步收敛还需静心调养,新浪
626,2020-09-15,变局与破局：IC设计产业的“承上启下”大考,21世纪经济报道
627,2020-09-15,汇顶全面布局，市值破千亿，将迎来未知战绩,Ofweek
628,2020-09-15,利扬芯片(833474)：独立第三方集成电路测试领跑者 进口替代空间广阔,新浪
629,2020-09-15,长期买点已现，基金回补部分科技龙头股,中证报
630,2020-09-14,汇顶科技：员工持股计划完成股票购买,Wind
631,2020-09-14,汇顶科技股价较年内高点腰斩！员工持股平台成减持主力 今在低点再度爆买近9000万元 减持股份,金融界
632,2020-09-14,汇顶科技：员工持股计划完成股票购买,e公司
633,2020-09-14,汇顶科技(603160.SH)：2020年第一期员工持股计划实施完成耗资8883.74万元购买56万股,格隆汇
634,2020-09-14,汇顶科技：车规级指纹芯片也已成功商用,Wind
635,2020-09-14,汇顶科技：蓝牙低功耗产品已开始导入客户端,格隆汇
636,2020-09-14,汇顶科技：公司的Bluetooth LE芯片今年能达到百万片出货量级,Wind
637,2020-09-14,中小盘增发并购双周报：市场回调 但新政以来定增胜率依旧超95%,新浪
638,2020-09-11,时代投研 | 半导体半年报：大国博弈国产替代加速，业绩与研发并进,时代在线
639,2020-09-11,A股午盘综述：创业板综指半日缩量反弹0.57%，18股涨超10%,Wind
640,2020-09-11,芯片股局部活跃，韦尔股份、长电科技、汇顶科技、晶方科技大涨,Wind
641,2020-09-10,汇顶科技员工持股平台大举减仓 “大基金”按兵不动,每日经济新闻
642,2020-09-10,汇顶科技(603160.SH)第一期员工持股计划第一批股票锁定期届满,格隆汇
643,2020-09-09,汇顶科技现1笔大宗交易 共成交392.48万元,新浪
644,2020-09-09,【A股收盘综述】低价股放量溃退，创业板综指收跌4.71%成交金额首超4000亿元,Wind
645,2020-09-09,午盘收盘综述：创业板综指半日跌2.27%仍有11股涨停，成交金额2405亿元再超沪市,Wind
646,2020-09-08,A股收盘综述：创业板全天成交额首超沪市，创业板综指收涨1.2%个股继续爆炒,Wind
647,2020-09-07,【重温】LE Audio：为TWS而生,EBSCN电子
648,2020-09-07,A股早报2020年9月7日星期一,Wind
649,2020-09-06,A股市场策略周报：风格切换之辩：大音希声,新浪
650,2020-09-05,上市公司正负面新闻2020年9月5日星期六,Wind
651,2020-09-04,晚间重要公告2020年9月4日星期五,Wind
652,2020-09-04,汇顶科技(603160.SH)拟回购2300万-3000万元的股份,格隆汇
653,2020-09-04,汇顶科技：拟以2300万元-3000万元回购公司股份,格隆汇
654,2020-09-04,汇顶科技(603160.SH)拟推2020年第二期员工持股计划筹集资金总额不超1500万元,格隆汇
655,2020-09-04,汇顶科技：拟耗资不低于2300万元不超过3000万元回购股份,Wind
656,2020-09-04,集成电路企业上半年业绩“亮眼”,中国电子报
657,2020-09-03,集成电路企业上半年财报盘点，好消息满满！,电子信息产业网
658,2020-09-03,中国首家千亿市值芯片公司的浮与沉,猎云网
659,2020-09-03,汇顶科技股价一路阴跌 上半年经营现金净额降99.65%,中国经济网
660,2020-09-03,半导体板块走软，中芯国际-U、三安光电、沪硅产业-U、中微公司普跌,Wind
661,2020-09-02,龙头股回调名单来了！千亿芯片龙头股价腰折 市值大跌近900亿 连续下跌,证券时报
662,2020-09-02,热门龙头股近期大幅回调 汇顶科技腰斩,第一财经
663,2020-09-02,大基金又出手，拟减持这家芯片封测龙头，年内已抛售多家芯片股 拟减持股份,Wind
664,2020-09-01,汇顶科技：指纹芯片巨头半年研发投入增八成，拓展物联网、汽车电子等领域应对风险,经济观察网
665,2020-09-01,上半年盈利56亿元 国家大基金所投24家公司业绩成色足,中证报
666,2020-08-30,产品为基 研发为王：汇顶科技超薄屏下光学指纹发货量超过1000万片,C114通信网
667,2020-08-30,汇顶科技暂无大规模回购计划 超薄屏下光学指纹发货量超千万片,e公司
668,2020-08-30,汇顶科技：上半年研发费用同比增长82.30% 超薄屏下光学指纹芯片规模量产,中证网
669,2020-08-29,华为鸿蒙2.0即将亮相，受益股名单曝光,Wind
670,2020-08-29,汇顶科技董事长张帆：上半年超薄屏下光学指纹发货超千万，ECG、PPG芯片已量产,每日经济新闻
671,2020-08-29,汇顶科技上半年营收平稳增长 Bluetooth LE芯片全年出货量预计达百万片,证券日报
672,2020-08-28,汇顶科技上半年实现营收30.56亿元 超薄屏下光学指纹实现大规模量产,上证报
673,2020-08-28,汇顶科技(603160)：20Q2利润率环比改善 静待20H2业绩拐点,新浪
674,2020-08-28,汇顶科技：2020年上半年营收30.56亿元，研发投入再增8成,快科技
675,2020-08-28,拆财报丨汇顶科技指纹芯片销售低于预期，利润大减背后研发投入与业绩该如何平衡？ 盈利能力下降,21世纪经济报道
676,2020-08-28,上市公司正负面新闻2020年8月28日星期五,Wind
677,2020-08-27,汇顶科技上半年营收增6% 研发投入大增超八成,证券时报
678,2020-08-27,晚间重要公告2020年8月27日星期四,Wind
679,2020-08-27,汇顶科技：上半年净利同比降41% 研发支出增逾八成 盈利能力下降,e公司
680,2020-08-27,汇顶科技(603160.SH)半年度净利润降41.26%至5.97亿元 盈利能力下降,格隆汇
681,2020-08-27,汇顶科技：上半年净利润同比减少41.26% 盈利能力下降,Wind
682,2020-08-27,兆易创新半年利润接近翻倍 旗下思立微业绩对赌中突陷亏损 亏损,每日经济新闻
683,2020-08-26,全球芯片巨头透露重磅信息，3纳米芯片预计明年问世！,证券时报
684,2020-08-26,中芯国际二季度业绩创历史新高，加码先进制程资本开支,Ofweek
685,2020-08-26,芯片股大多疲软，韦尔股份再跌超3%,Wind
686,2020-08-23,电子行业周报：中报陆续披露 关注绩优龙头,新浪
687,2020-08-21,盛视早参：短期低估值滞涨型个股或强于成长,新浪
688,2020-08-20,深南电路(002916)：Q2业绩维持高增长 通信、数据中心、医疗等需求提升,新浪
689,2020-08-20,芯片板块表现疲软，韦尔股份、北方华创、汇顶科技、景嘉微大跌,Wind
690,2020-08-19,A股共发生119宗大宗交易成交27.99亿元（8月19日）,Wind
691,2020-08-19,IOT行业深度追踪系列之七：部分销售转回线下+年中大促结束 IOT产品线上销售环比下滑,新浪
692,2020-08-19,汇顶科技现1笔大宗交易 共成交509.75万元,新浪
693,2020-08-19,汇顶科技今日大宗交易成交2.50万股，成交价203.9元溢价0.0%,Wind
694,2020-08-18,中芯国际产业链机会深度剖析：SMIC生态圈，重构“芯”阵列,新浪
695,2020-08-18,大市值芯片股整体表现不振，中芯国际-U、中兴通讯、韦尔股份、中微公司等普跌,Wind
696,2020-08-13,每股98.58元！汇顶科技：2019年限制性股票激励计划拟授予的激励对象共101人,每日经济新闻
697,2020-08-13,汇顶科技(603160.SH)：拟续租办公楼用于办公及研发,格隆汇
698,2020-08-12,国内供应链崛起汇顶和华星确认小米10超大杯使用国产件,CNMO
699,2020-08-12,汇顶科技现1笔大宗交易 共成交207.68万元,新浪
700,2020-08-12,盘点小米（1810.HK）十周年“黑科技”和小米产业链受益股,格隆汇
701,2020-08-12,汇顶科技：为小米10至尊纪念版等提供超薄屏下光学指纹和触控方案,e公司
702,2020-08-06,电子设备行业动态点评：集成电路板块再迎政策支持 全产业链或将受益,新浪
703,2020-08-06,深圳280万员工均薪仅17万？不！特区40周年大礼包在路上,投资时报
704,2020-08-06,汇顶科技屏下光学指纹方案被三星旗舰平板Galaxy S7+采用,证券日报
705,2020-08-06,三星Galaxy Tab S7+全面屏平板亮相 搭载汇顶科技屏下光学方案,e公司
706,2020-08-06,半导体行业报告：半导体制造龙头投建新厂 引领行业正向循环,新浪
707,2020-08-05,集成电路和软件产业新政印发 “中国芯”及国产软件再迎大机遇,大众证券报
708,2020-08-05,集成电路财税政策解读,半导体风向标
709,2020-08-05,主力凶猛扫货芯片股，9股上亿资金杀入！,证券时报网
710,2020-08-05,汇顶宣布完成收购DCT，深化智能驾驶布局,国际电子商情
711,2020-08-05,半导体行业研究：全产业链加大扶持力度 分级优惠鼓励做强,国金证券股份有限公司
712,2020-08-05,汇顶科技大涨5.26% 近5日共流出2.22亿元,中新经纬
713,2020-08-04,国务院八方面政策措施支持集成电路产业和软件产业发展 芯片最全产业链个股名单,证券时报网
714,2020-08-04,加强智能终端，汽车电子技术，汇顶科技收购Dream Chip,中电网
715,2020-08-04,汇顶科技宣布完成收购DreamChipTechnologies,SEMI
716,2020-08-04,A股异动丨汇顶科技(603160.SH)逆势涨逾4%宣布完成收购德国芯片设计公司DCT,格隆汇
717,2020-08-04,汇顶科技大涨5.31%，量比11.91,中新经纬
718,2020-08-04,收购德国顶级芯片公司，汇顶科技下半年重回千亿市值？,环球老虎财经
719,2020-08-04,加码智能驾驶 汇顶科技完成收购德国系统级芯片设计商,证券之星
720,2020-08-03,汇顶科技宣布完成收购德国半导体技术公司DCT,中证网
721,2020-08-03,汇顶科技完成收购德国DCT 汽车电子领域布局再进一步,中国证券网
722,2020-08-03,汇顶科技宣布完成收购德国芯片设计公司DCT,e公司
723,2020-07-31,利扬芯片：独立第三方集成电路测试领跑者，进口替代空间广阔【安信诸海滨团队】,诸海滨科新先声
724,2020-07-31,国产芯片巨头的手机战事,36氪
725,2020-07-31,机构加减仓变动方向：25家公司现国家队身影,21世纪经济报道
726,2020-07-30,芯片股大多走软，韦尔股份、中兴通讯、兆易创新、澜起科技、汇顶科技、紫光国微普跌,Wind
727,2020-07-28,芯片股普涨，韦尔股份、兆易创新、中兴通讯、澜起科技、沪硅产业-U集体走强,Wind
728,2020-07-27,中证指数公司：8月6日发布中证兴业证券ESG盈利100指数,Wind
729,2020-07-27,涨逾7成！大基金持续加码半导体，一文看清投资路径,Wind
730,2020-07-26,【华西电子孙远峰团队-Q2持仓分析】Q2电子重仓配比提升，半导体配置创新高,远峰电子
731,2020-07-24,A股早报2020年7月24日星期五,Wind
732,2020-07-22,汇顶科技为新款索纳塔提供车规级触控方案,证券时报网
733,2020-07-22,一加中端旗舰手机Nord发布 汇顶提供指纹及触控方案,快科技
734,2020-07-21,易方达中证人工智能ETF投资价值分析：人工智能浪潮已至 深入布局AI产业链,新浪
735,2020-07-20,电子行业周报：天科合达冲击上市 功率半导体风起云涌,华安证券
736,2020-07-20,汇顶科技(603160.SH)：194.97万股限制性股票7月24日解禁 解禁,格隆汇
737,2020-07-20,汇顶科技：194.97万股限售股7月24日上市流通 解禁,Wind
738,2020-07-20,【中金科技】汇顶科技（603160.SH）：下调盈利预测反映短期压力，长期关注光学赛道进展,乐平科技视角
739,2020-07-20,外媒称华为调整5G零部件供应链：大力扶持国产厂商、加大日本企业比例,Wind
740,2020-07-17,证券时报头版：中芯国际刮起“情感估值”，投资者需兼顾产业规律,Wind
741,2020-07-15,2000亿巨头突然亏损，格力净利腰斩……大震荡后A股怎么走 亏损,中国基金报
742,2020-07-14,7月新增逾300笔上市公司增减持计划，呈现四大特征,Wind
743,2020-07-14,减持！汇顶科技：5%以上股东汇发国际减持485万股 减持股份,每日经济新闻
744,2020-07-14,汇顶科技(603160.SH)：5%以上股东汇发国际减持1.06%股份 减持股份,格隆汇
745,2020-07-14,汇顶科技：汇发国际累计减持1.06%股份 减持股份,Wind
746,2020-07-14,一周预计套现60亿元！国家大基金迎来密集减持期,21世纪经济报道
747,2020-07-14,股价四年翻20倍！聚焦深度回撤的汇顶科技,网易
748,2020-07-14,3400点之上，这四个消息要重视,Wind
749,2020-07-14,突发！北京国资减持大牛股王府井 2个月暴涨500%！ 减持股份,中国基金报
750,2020-07-13,突发！北京国资减持大牛股，2个月暴涨500%！ 减持股份,中国基金报
751,2020-07-13,手机/半导体概念股市值TOP20：立讯精密4190亿元独领风骚！,搜狐
752,2020-07-13,大连华讯：牛市情绪下减持潮汹涌，大基金、社保基金赫然在列 减持股份,华讯财经
753,2020-07-13,芯片股走升分化，韦尔股份、中微公司、兆易创新、澜起科技、汇顶科技逆市下跌,Wind
754,2020-07-13,7天减持超350亿！上市公司不少股东忙着套现 减持股份,重庆商报
755,2020-07-12,金融委重磅发声！下周股市怎么走，十大券商研判来了,中国基金报
756,2020-07-12,【中航证券电子】行业周报 | 资本助力，国产替代势不可挡,中航军工研究
757,2020-07-12,震惊A股！超3000亿大减持：银证保三龙头罕见齐遭抛售，大基金又卖6倍牛股，昔日 “股神”也出手了！他们不相信牛市？ 减持股份,中国基金报
758,2020-07-12,7天减持超350亿！牛市情绪下减持潮汹涌,Wind
759,2020-07-11,7月10日复盘笔记：市场情绪降温 外资净流出超40亿,新浪
760,2020-07-11,大基金两天减持兆易创新6亿元尚有49亿在路上 减持股份,证券时报
761,2020-07-10,大基金新一轮密集减持：再卖兆易创新，还要减太极实业等3家 减持股份,澎湃新闻
762,2020-07-10,浮盈超6倍 大基金抛售兆易创新逾6亿！还有49亿减持在路上 这些个股面临抛压 减持股份,上游新闻
763,2020-07-10,汇顶科技：194.97万股限售股解禁 解禁,Wind
764,2020-07-10,汇顶科技：拟推1600万美元员工持股计划,e公司
765,2020-07-10,汇顶科技(603160.SH)拟推第一期员工持股计划规模上限1600万美元,格隆汇
766,2020-07-10,汇顶科技(603160.SH)：194.97万股限制性股票解除限售条件成就,格隆汇
767,2020-07-10,主力资金出手减持沪指失守3400、两市翻绿 减持股份,中新经纬
768,2020-07-10,整体调整！市场出现避险情绪，医疗板块再次领涨,Wind
769,2020-07-10,“国家队”对4家公司抛百亿减持，A股降温 减持股份,观察者网
770,2020-07-10,疯牛刹车？爆买600亿后，“聪明资金”突然掉头,中国基金报
771,2020-07-10,大基金出手减持 三家科技股大幅下跌 减持股份,中新经纬
772,2020-07-10,解盘：金融拖累指数，免税店、肺炎检测、光刻胶领涨,Wind
773,2020-07-10,解禁洪峰将至，接盘需谨慎,Wind
774,2020-07-10,此次牛市与2015年有何不同？,第一财经
775,2020-07-10,国家大基金密集减持 太极实业等减持股早盘全线低开 减持股份,新浪
776,2020-07-10,太极实业、北斗星通、汇顶科技均跌逾4%,e公司
777,2020-07-10,大基金、社保基金减持计划出炉，中国人保等多股低开,Wind
778,2020-07-10,沪指低开0.92% 大金融板块集体走低,证券时报网
779,2020-07-10,【行情】太极实业、汇顶科技、北斗星通全线低开，国家集成电路产业投资基金拟减持上述公司股份 拟减持股份,金十数据
780,2020-07-10,财经早茶∣大基金计划减持多家公司股份；国常会部署防汛救灾工作,证券时报网
781,2020-07-10,股、金、汇携手齐涨，减持也来了！,Wind
782,2020-07-10,科创板早报|中移动下半年启动明后年服务器集采方案大基金减持三家半导体公司,科创板日报
783,2020-07-10,社保基金要套现，国家大基金减持，释放什么信号,中国基金报
784,2020-07-10,国家队突然出手，这些热门股要被减持！背后有何深意？A股疯牛还能继续吗？ 减持股份,证券时报网
785,2020-07-10,上市公司正负面新闻2020年7月10日星期五,Wind
786,2020-07-10,沪指继续放量上攻，部分机构集中减仓,Wind
787,2020-07-10,大基金社保基金出手拟减持多家公司股份 拟减持股份,证券时报
788,2020-07-09,【安信电子|每日观点】全球超大规模数据中心升至541个，5G推动智能手机应用处理器收益增长,晓说电子
789,2020-07-09,重磅！社保、大基金、东财股东接连宣布减持，累计套现132亿！行情会不会熄火？关注三大信号 减持股份,每日经济新闻
790,2020-07-09,晚间重要公告2020年7月9日星期四,Wind
791,2020-07-09,国家队突然出手！大基金要减持这3家科技股 减持股份,每日经济新闻
792,2020-07-09,社保基金与大基金不约而同出手减持 涉及中国人保、汇顶科技等 减持股份,金融界
793,2020-07-09,中国股市：未来十年，是科技的时代！板块龙头、全球以及国内第一,腾讯网
794,2020-07-09,汇顶科技(603160.SH)：国家大基金拟减持不超1%股份 拟减持股份,格隆汇
795,2020-07-09,汇顶科技：国家集成电路产业投资基金拟减持不超1%股份 拟减持股份,e公司
796,2020-07-09,汇顶科技：大基金拟减持不超过总股本1% 拟减持股份,Wind
797,2020-07-08,汇顶科技(603160)：全球指纹识别龙头 布局IOT领域,华安证券
798,2020-07-08,中芯国际登陆科创板 IPO影子股大涨,证券时报
799,2020-07-07,屏下指纹价格战再起 二线厂商今年有望拿下30%市场？,快科技
800,2020-07-07,10万股东半日躺赚120万，A股巨无霸疯涨！,证券时报
801,2020-07-07,中一签或赚10万！又有新股大肉签 每股64.39元！,中国基金报
802,2020-07-07,10万股东半日躺赚120万 贵州茅台市值破2.1万亿,证券时报
803,2020-07-07,每日理财观察：股票ETF单日成交额创历史第三高，爆款基金再现,Wind
804,2020-07-07,陆家嘴财经早餐2020年7月7日星期二,Wind
805,2020-07-06,中环股份(002129)：参投产业基金获中芯国际战略配售 半导体业务提速,新浪
806,2020-07-06,暴涨21%，千亿芯片龙头创历史新高，A股概念股名单来了，机构扎堆推荐个股曝光,搜狐
807,2020-07-06,金融街下午茶2020年7月6日星期一,Wind
808,2020-07-06,“意念”涨停？13只中芯国际影子股名单来了！,中证报
809,2020-07-06,中芯国际确定27.46元发行价，7月7日打新！大基金获配35亿元,Wind
810,2020-07-06,多家上市公司间接参与中芯国际战略投资,Wind
811,2020-07-06,陆家嘴财经早餐2020年7月6日星期一,Wind
812,2020-07-05,晚间公告热点追踪：芯片龙头中芯国际下周二申购,新浪
813,2020-07-05,晚间重要公告2020年7月5日星期日,Wind
814,2020-07-05,中芯国际7月7日申购，A股多家上市公司参股,Wind
815,2020-07-05,汇顶科技：参股基金认购中芯国际科创板首发股票,Wind
816,2020-07-05,中芯国际7月7日科创板打新：发行价27.46元，战投认购一半,Wind
817,2020-07-04,打破美国技术垄断 中国芯片最好发展时代来临？,凤凰网
818,2020-07-04,中芯国际科创板IPO募资或达450亿，战投将认购50%份额,证券时报
819,2020-07-03,突然变脸！地产板块暴涨千亿，500亿科技龙头却闪崩,券商中国
820,2020-07-02,半导体涨的太高？看看这家半导体公司是如何逆袭的？,和讯
821,2020-07-01,国家大基金板块持续拉升，兆易创新、汇顶科技、华润微、紫光国微大涨,Wind
822,2020-06-30,芯片产业链暴涨，外资重金杀入！看活跃资金重点加仓股,证券时报网
823,2020-06-29,策略日报：节中不平静 A股若有调整积极应对,新浪
824,2020-06-29,半导体/手机概念股上半年疯狂减持？下半年大量企业正在减持路上！ 减持股份,搜狐
825,2020-06-29,A股早报2020年6月29日星期一,Wind
826,2020-06-29,机构重仓股跟踪周报,新浪
827,2020-06-24,上证综指温和收升0.3%创业板指连涨9日，明星股继续批量刷新新高,Wind
828,2020-06-24,上证综指半日升0.15%，半导体概念板块大涨稳定市场,Wind
829,2020-06-24,半导体板块持续拉升，澜起科技、汇顶科技、紫光国微等大涨,Wind
830,2020-06-24,紫光集团入选福布斯中国最具创新力企业榜TOP50,工业新闻网
831,2020-06-24,全球首个新冠疫苗启动临床lll期！牛市稳了？游资猛增500亿,券商中国
832,2020-06-23,监管悄然解封！科技类ETF重获发行批文，5G主题领衔资金净流出,搜狐
833,2020-06-22,芯片国产化进程加快，A股小伙伴“加速”入场,Wind
834,2020-06-22,上市公司正负面新闻2020年6月22日星期一,Wind
835,2020-06-20,上市公司正负面新闻2020年6月20日星期六,Wind
836,2020-06-19,下周220亿市值限售股解禁，环比增加11.58% 解禁,Wind
837,2020-06-19,汇顶科技拟不超1.08亿美元对汇顶香港增资,上证报
838,2020-06-19,晚间重要公告2020年6月19日星期五,Wind
839,2020-06-19,【公告解读】汇顶科技：拟对汇顶香港增资累计不超1.08亿美元,金融界
840,2020-06-19,汇顶科技2020年度拟逾1亿美元增资香港子公司 促进其主营业务发展,发布易
841,2020-06-19,汇顶科技(603160.SH)：拟对全资子公司汇顶香港增资不超1.08亿美元,格隆汇
842,2020-06-19,汇顶科技：年内拟向香港全资子公司累计增资不超1.08亿元,Wind
843,2020-06-19,汇顶科技(603160.SH)：2020年度拟对汇顶香港增资累计不超1.08亿美元,格隆汇
844,2020-06-19,【行情】芯片股异动，闻泰科技、纳思达、汇顶科技、兆易创新等午后开盘纷纷拉升。,金十数据
845,2020-06-19,半导体板块拉升，韦尔股份、大唐电信、闻泰科技、汇顶科技、兆易创新等集体上扬,Wind
846,2020-06-18,中国芯片设计10强民营企业出炉：韦尔股份、汇顶科技、兆易创新列前三,金融界
847,2020-06-17,6月逾200亿减持，4千亿巨量解禁下月将至,Wind
848,2020-06-17,芯片质量“测试员”如何被测试？利扬芯片答完首问,上证报
849,2020-06-17,A股解禁迎来高峰，百元科技股股价或承压,Wind
850,2020-06-16,汇顶科技(603160.SH)：16.94万股限制性股票6月22日解禁 解禁,和讯
851,2020-06-16,汇顶科技：50万股限售股将于6月22日上市流通 解禁,Wind
852,2020-06-16,汇顶科技：16.9万股限售股6月22日上市流通 解禁,Wind
853,2020-06-15,晚间重要公告2020年6月15日星期一,Wind
854,2020-06-15,汇顶科技(603160.SH)：持股9.29%的汇发国际拟减持不超2%的股份 拟减持股份,格隆汇
855,2020-06-15,汇顶科技：汇发国际拟减持不超2% 拟减持股份,Wind
856,2020-06-14,变现超30亿，国家大基金拟再减持，又“相中”千亿市值龙头 拟减持股份,中证报
857,2020-06-14,震惊A股！大基金突然减持两只千亿半导体巨头，私募大佬刚巨资买入，科技股怎么办？ 减持股份,中国基金报
858,2020-06-12,刚刚！这家芯片龙头又遭大基金减持 才完成43亿定增 历史会简单重演吗？ 减持股份,科创板日报
859,2020-06-12,汇顶科技：股东减持计划完成，共计减持约1162万股 拟减持股份,每日经济新闻
860,2020-06-12,汇顶科技：汇发国际合计减持2.55%公司股份 减持股份,Wind
861,2020-06-12,汇顶科技(603160.SH)：汇发国际已减持2.55%的股份 减持股份,格隆汇
862,2020-06-12,工商银行、芒果超媒、闻泰科技、汇顶科技、华泰证券、海螺水泥集合竞价被砸盘,Wind
863,2020-06-12,北向资金全天净卖出8.95亿元，尾盘再现外资指数调整波动,Wind
864,2020-06-12,指纹识别芯片价格“白菜化” 价格战激烈异常,慧聪电子网
865,2020-06-12,融资客青睐13股，四川成渝买入占比高达51.16%,Wind
866,2020-06-11,芯片板块几乎回吐日内2%升幅，卓胜微、韦尔股份均跌2%左右,Wind
867,2020-06-05,主流券商今日核心观点与策略推荐（6/5）,搜狐
868,2020-06-05,预计今年全球超薄光学屏下指纹需求约4500万颗,中国电子报
869,2020-06-05,【安信电子|每日观点】服务器市场传出货下修杂音，台厂仍持乐观态度,晓说电子
870,2020-06-04,汇顶科技屏下光学指纹商用已突破150款,e公司
871,2020-06-04,汇顶科技：成都分公司拟租赁房屋用于办公及研发 每月租金4万元,发布易
872,2020-06-04,汇顶科技(603160.SH)：49.99万股限制性股票解除限售条件成就,格隆汇
873,2020-06-04,汇顶科技(603160.SH)：61.24万份股票权益解除限售条件成就,格隆汇
874,2020-06-04,汇顶科技(603160.SH)：拟租赁关联方联发芯新大楼第10层A区用于办公及研发,格隆汇
875,2020-06-04,汇顶科技(603160.SH)向激励对象首次授予2020年股票期权与限制性股票,格隆汇
876,2020-06-04,拟上市前遭对手突袭 专利诉讼成科技公司挂牌黑天鹅 诉讼纠纷,新浪
877,2020-06-03,大国雄芯.光学系列报告(一)：手机模组逆势增长景气延续,华安证券
878,2020-06-03,寒武纪来了，影子股走起，国产芯片核心资产名单扩容,证券时报网
879,2020-06-03,科创板AI芯片第一股来了：300亿估值！,中国基金报
880,2020-06-02,【华西电子孙远峰-每日观点&资讯】（2020-06-03）,远峰电子
881,2020-06-02,2020年6月投资策略：震荡蓄势 适度均衡配置,新浪
882,2020-06-02,45股即将实施分红 汇顶科技派现最大方,证券时报网
883,2020-06-01,vivo X50系列发布，搭载汇顶科技屏下光学指纹方案,Wind
884,2020-06-01,vivo X50系列发布 搭载汇顶科技屏下光学指纹方案,e公司
885,2020-06-01,华为概念股集体井喷，一文看清发生了什么？,Wind
886,2020-06-01,两市百元股逼近90只，高价科技股6月迎来解禁大考 解禁,第一财经
887,2020-05-28,外资做多A股热情不减，史上首次一日4股遭外资持股预警,第一财经
888,2020-05-28,机构扎堆高价股，新千元股还有多远,中证报
889,2020-05-27,【安信电子|每日观点】紫光展锐股权重组项目稳步推进，高举5G和AI大旗,晓说电子
890,2020-05-27,5G 拉动芯片需求大涨，企业如何抓住机遇丨亿欧问答,亿欧网
891,2020-05-27,一周策略回顾与展望,新浪
892,2020-05-25,“心率+血氧检测”创新单芯片方案迎来首次商用 汇顶科技智能穿戴市场新突破,中国证券网
893,2020-05-25,汇顶科技超低功耗心率和血氧检测方案商用于realme Watch,中证网
894,2020-05-23,民生证券：持续看好5G创新及半导体国产化大趋势(股),新浪
895,2020-05-22,国家大基金一期浮盈500亿，“捕获”汇顶科技、兆易创新和国科微等牛股，二期呢？,红周刊
896,2020-05-22,北上本周连续四天净流入，552家公司半年报提前看,Wind
897,2020-05-21,IOT行业2020年4月跟踪报告：疫情背景下数据分化 AIRPODSPRO供需平衡 手表销售向好,新浪
898,2020-05-21,沪深300等指数样本股调整在即，或带来交易性投资机会,Wind
899,2020-05-20,汇顶科技(603160.SH)：160.29万份股票期权行权条件成就,格隆汇
900,2020-05-20,北上资金加码：科技消费调仓频繁，看多趋势未变,Wind
901,2020-05-20,方正证券：理解华为的四个层次 窥探国产半导体集群机遇,新浪
902,2020-05-20,华为芯片牵动人心科技龙头反扑 六股迎新生,证券时报
903,2020-05-19,资金汇集白马股，A股千亿市值军团扩至近百家,Wind
904,2020-05-19,华为限令搅动芯片股，半导体板块会否复制上一年行情,第一财经
905,2020-05-18,沪港通十大成交活跃股排名（5月18日）,Wind
906,2020-05-18,汇顶科技现1笔大宗交易 共成交448.36万元,新浪
907,2020-05-18,汇顶科技今日大宗交易成交2万股，成交价224.18元溢价0.0%,Wind
908,2020-05-18,北向资金今日净买入34.04亿元，贵州茅台获净买入6.29亿元居首,Wind
909,2020-05-18,A股千亿市值扩容至近百家，牛股这些特征你看清了吗？,上证报
910,2020-05-16,美国对华为限制升级，A股这些公司迎风口！(建议收藏),新浪
911,2020-05-15,汇顶科技(603160.SH)拟推70.47万股股票期权与限制性股票激励计划,格隆汇
912,2020-05-14,电子-大国雄芯-半导体系列报告(二)：手机CIS逆势增长景气延续,华安证券
913,2020-05-14,沪深300等重要指数将调整样本股！这些股望入围,中证报
914,2020-05-14,关注手机产业链科技股,证券导报
915,2020-05-14,2900点久攻不下，三大“聪明资金”已现分歧,Wind
916,2020-05-13,北上放缓两融发力，5天300亿资金快速加仓,Wind
917,2020-05-12,手机概念股实控人财富排行榜：TOP10平均身价383亿，最年轻者仅44岁！,搜狐
918,2020-05-10,【太平洋策略】不惧波动，保持牛市思维,周雨策略观察
919,2020-05-08,中芯国际产业链 l 一张图,首席投顾说
920,2020-05-08,144家公司获机构调研（附名单）,证券时报
921,2020-05-07,A股“嗨了”！央行放出超级大招！,中国基金报
922,2020-05-07,中芯国际拟在科创板上市 关注产业链投资机遇（附股）,证券时报网
923,2020-05-07,"机构外资齐抢筹，国产芯片概念""第二春""来临，最全产业链个股名单",证券时报网
924,2020-05-05,上交所发布沪市主板公司2019年年报整体分析报告,Wind
925,2020-05-03,【兴证电子】Q1电子板块持仓分析：半导体大幅超配，科技基建龙头成基金“新宠”,兴证电子谢恒团队
926,2020-05-01,【中金电子与通信】汇顶科技（603160.SH）：新产品良率拖累1Q20毛利，看好超薄指纹、物联网等发展机会,乐平科技视角
927,2020-05-01,拥有最强手机产业链的全球老大，终于认可中国产业链技术领先！,Ofweek
928,2020-04-30,强者恒强！半导体增收增利，机构重仓股逆势大涨,Wind
929,2020-04-30,2019年财报成色足，“硬核”行业表现抢眼,Wind
930,2020-04-30,QFII一季度青睐白马股，重仓银行医药电子,Wind
931,2020-04-29,一季度超薄屏下指纹新品量产，汇顶科技:5G机遇下疫情影响可控,21世纪经济报道
932,2020-04-29,【华西电子孙远峰团队-持续推荐汇顶科技】保持研发高投入，看好长期发展趋势,远峰电子
933,2020-04-29,汇顶科技董事长：扩展产品覆盖领域 注重营收规模增长,e公司
934,2020-04-29,汇顶科技张帆：屏下光学指纹渗透率会继续提升 新产品将逐渐浮出水面,金融界
935,2020-04-29,汇顶科技去年业绩大增212% 手机出货量放缓只是短期影响,证券日报
936,2020-04-29,拆财报｜汇顶科技受益指纹产品业绩迸发，大股东频繁减持高速增长持续性待验证 减持股份,21世纪经济报道
937,2020-04-29,跌停板解密：业绩亏损股被连续封跌停！（4月29日）,Wind
938,2020-04-29,汇顶科技董事长张帆：疫情影响是短期行为，要抓住5G商用带来的机会,每日经济新闻
939,2020-04-29,汇顶高管解读财报： 疫情长期影响有限 5G将迎战略机会点,第一财经
940,2020-04-29,A股收盘：科创榜第100家公司上市首日大涨250% 沪深两市小幅收涨,英为财情
941,2020-04-29,Q1盈利滑坡致股价跌停 汇顶科技：更看重销售规模提升 盈利能力下降,新浪
942,2020-04-29,汇顶科技：未来将更加注重销售规模提升,e公司
943,2020-04-29,汇顶科技：后续将逐步提升毛利率水平,Wind
944,2020-04-29,汇顶科技：后续将逐步提升毛利率水平,e公司
945,2020-04-29,汇顶科技：一季度盈利锐降但研发投入猛增 盈利能力下降,上证报
946,2020-04-29,汇顶科技：2019年全年净利润23.17亿元同比增长超2倍,格隆汇
947,2020-04-29,汇顶科技(603160.SH)2019年度净利润升212.1%至23.17亿元拟每股派0.8元,格隆汇
948,2020-04-29,汇顶科技(603160.SH)一季度净利润降50.58%至2.05亿元 盈利能力下降,格隆汇
949,2020-04-28,汇顶科技：皮波辞去公司副总经理职务 董监高成员变化,Wind
950,2020-04-28,汇顶科技：2019年净利润同比增长212.1%,Wind
951,2020-04-28,汇顶科技：一季度净利润同比减少50.58% 盈利能力下降,Wind
952,2020-04-28,半导体板块一枝独秀，能否继续上车？,Wind
953,2020-04-27,【华西电子孙远峰团队-Q1持仓分析】电子行业重仓占比下降，半导体逆势增长,远峰电子
954,2020-04-27,4G已然落幕，5G按下“快进键”,Wind
955,2020-04-26,汇顶科技业绩忽然爆发之谜,证券市场周刊
956,2020-04-25,汇顶科技业绩忽然爆发之谜,证券市场周刊
957,2020-04-21,产业研究报告：9家IC头部企业“合体”追平“芯片霸主”！,国际电子商情
958,2020-04-21,趋势不改，高市盈率的A股半导体企业将再掀产业整合热潮？,电子产品世界
959,2020-04-20,利扬芯片冲刺科创板 大客户依赖、研发差距或成短板,中国经济网
960,2020-04-18,深圳市汇顶科技股份有限公司 关于诉讼进展情况的公告 诉讼纠纷,中证报
961,2020-04-17,光学指纹识别打入三星阵营与超声波指纹的技术之争已看到结局？,科创板日报
962,2020-04-17,A股收盘：富时中国A50涨超1%贵州茅台市值重回A股榜首,搜狐
963,2020-04-17,汇顶科技与三星首款屏下光学指纹合作机型将上市,中证网
964,2020-04-17,拿下三星订单 汇顶科技与三星首款屏下光学指纹合作机型上市,上证报
965,2020-04-17,汇顶三星合作打造！屏下光学指纹手机Galaxy A71上市：3399元,快科技
966,2020-04-17,成为三星屏下光学指纹方案提供商，汇顶科技早盘大涨5%,每日经济新闻
967,2020-04-16,一加发布新款5G手机8系列 超薄屏下光学指纹识别方案来自汇顶科技,上证报
968,2020-04-14,利扬芯片完成辅导拟冲科创板 4成销售收入来自2家公司,新浪
969,2020-04-08,华为发布会放大招：搭载鸿蒙OS的华为智慧屏 附A股产业链公司,和讯
970,2020-04-08,华为发布会放大招！消费电子产业链新动向（附VR开箱视频）,红周刊
971,2020-04-03,【安信电子|每日观点】DRAM厂商齐攻DDR5产线，百度昆仑加速芯片携手飞腾CPU助力国产化,晓说电子
972,2020-04-03,汇顶科技：法院驳回原告深圳市汇顶科技股份有限公司的起诉 诉讼纠纷,Wind
973,2020-04-02,半导体概念股继续上行，圣邦股份新晋涨停,Wind
974,2020-04-02,科技股大涨两天，灵魂拷问来了……,上证报
975,2020-03-27,兆易创新增长背后：年卖28亿颗芯片 月内市值跌五百亿,新京报
976,2020-03-27,华为P40产业链（附标的）,半导体风向标
977,2020-03-27,华为新旗舰P40系列核心供应链详解（附明细）,吉森电子研究
978,2020-03-27,汇顶科技：监事肖章茂减持1000股 减持股份,Wind
979,2020-03-27,华为P40发布 A股受益公司一览,中财网
980,2020-03-27,华为P40登场，有哪些亮点？涉及哪些产业链？,上证报
981,2020-03-26,汇顶科技为P40提供指纹+触控+音频方案组合,e公司
982,2020-03-26,汇顶科技(603160.SH)成都分公司拟续租联发芯办公楼3个月,格隆汇
983,2020-03-25,大基金一期回报率200% 二期将要来了,每日商报
984,2020-03-24,一期爆赚离场、二期投资在即！2000亿大基金会关注啥？,重庆商报
985,2020-03-24,一笔投资，回报率近200%！大基金二期投资已在悄然推进,中国证券网
986,2020-03-24,一笔投资，回报率近200%！大基金二期投资已在悄然推进,Wind
987,2020-03-24,科技股何时见底？国家集成电路大基金完成汇顶科技1%减持计划 二期基金3月底蓄势待发 拟减持股份,21世纪经济报道
988,2020-03-24,“大基金”最新持股动向：减持汇顶科技、国科微 减持股份,投资快报
989,2020-03-24,科创板早报|中国电信加速5G新基建大基金对汇顶、国科微完成减持,科创板日报
990,2020-03-24,大基金完成减持两家A股公司计划 拟减持股份,上证报
991,2020-03-24,大基金完成减持两家A股公司计划,Wind
992,2020-03-24,上市公司正负面新闻2020年3月24日星期二,Wind
993,2020-03-24,大基金一期完成对汇顶科技和国科微减持计划 拟减持股份,证券时报
994,2020-03-23,公告精选：大基金减持汇顶科技、国科微；仙坛股份2019年净利同比增长149%,e公司
995,2020-03-23,大基金一期爆赚功成身退，二期又将给市场带来怎样的看点,Wind
996,2020-03-23,汇顶科技：大基金在近2个月内减持公司约1%股份 减持股份,TechWeb
997,2020-03-23,上市公司晚间利空汇总：大基金累计减持汇顶科技约1％股份,金融界
998,2020-03-23,汇顶科技股东大基金减持1%公司股份 减持股份,金融界
999,2020-03-23,汇顶科技(603160.SH)：国家集成电路产业投资基金已完成减持455.73万股 减持股份,格隆汇
1000,2020-03-23,汇顶科技：国家大基金累计减持1% 减持计划实施完毕 拟减持股份,新浪
1001,2020-03-23,汇顶科技：大基金累计减持约1%股份 减持计划实施完毕 拟减持股份,e公司
1002,2020-03-23,汇顶科技：大基金累计减持1%股份，完成减持计划 减持股份,Wind
1003,2020-03-21,【兴业电子】周报：大基金催化设备材料板块，国内手机销量持续回暖,兴证电子谢恒团队
1004,2020-03-21,电子板块安全边际凸显，机构推荐三大主线22只个股,Wind
1005,2020-03-20,兆易创新：原告汇顶科技起诉公司子公司的诉讼被法院驳回 关联方问题,Wind
1006,2020-03-19,汇顶科技：指纹芯片用于领克汽车,证券日报
1007,2020-03-17,汇顶科技现1笔大宗交易 共成交262.35万元,新浪
1008,2020-03-17,汇顶科技今日大宗交易成交1万股，成交价262.35元溢价0.0%,Wind
1009,2020-03-16,汇顶科技股东汇发国际减持公司股份706.5786万股 套现16.82亿元 减持股份,金融界
1010,2020-03-16,汇顶科技：减持时间过半，股东累计减持1.55%股份 减持股份,Wind
1011,2020-03-16,汇顶科技(603160.SH)：汇发国际已累计减持706.58万股 减持计划尚未实施完毕,格隆汇
1012,2020-03-15,台湾电子板块核心公司2020M2经营数据强劲,吉森电子研究
1013,2020-03-14,CEVA授权许可汇顶科技在SoC中部署使用CEVA 低功耗蓝牙IP,维库电子市场
1014,2020-03-12,中证指数公司：对互联互通等指数样本股进行调整,Wind
1015,2020-03-12,什么情况？千亿科技龙头业绩大增，股价却掉队了，机构预测上涨空间超20%，这份绩优滞涨科技股全名单来了,e公司
1016,2020-03-08,多家半导体公司市值破千亿 跨国收购成行业一大特色,新浪
1017,2020-03-07,国内芯片界首富：成功拿下华米OV订单，背后老板身价高达900亿,搜狐
1018,2020-03-06,OPPO 发布Find X2 系列5G手机 采用汇顶科技指纹识别等创新产品组合,金融界
1019,2020-03-06,OPPO发布高端旗舰机Find X2 搭载汇顶科技光学指纹识别等创新组合,e公司
1020,2020-03-06,信利光电：公司涉及三项诉讼进展 诉讼纠纷,Wind
1021,2020-03-05,上市后暴涨10倍，中一签赚13万！这只科技股会刷新历史纪录吗,中证报
1022,2020-03-05,汇顶科技监事拟清仓减持，去年净利预增超2倍 拟减持股份,观察者网
1023,2020-03-04,[公司]汇顶科技：持股0.0002%的监事肖章茂拟清仓减持公司股份 拟减持股份,全景网
1024,2020-03-04,汇顶科技：为全资子公司提供1350万美元担保 大额借贷担保,Wind
1025,2020-03-04,汇顶科技：监事肖章茂拟减持不超过1000股,Wind
1026,2020-03-04,富时罗素宣布对富时中国A50指数等多个指数季度审核变更,Wind
1027,2020-03-04,有关专利侵权事宜 信利国际(00732)：法院驳回索偿人深圳市汇顶科技的起诉 诉讼纠纷,智通财经
1028,2020-03-01,多只芯片大牛股高位减持 更有减持+蹭热点遭监管 减持股份,中国基金报
1029,2020-02-29,CEVA授权汇顶在SoC中使用CEVA低功耗蓝牙IP，瞄准可穿戴设备、移动设备和物联网应用,电子产品世界
1030,2020-02-28,汇顶科技关于公司董事辞职的公告 董监高成员变化,新浪
1031,2020-02-28,汇顶科技：全球指纹识别芯片龙头 打造IOT全应用平台,南方财经网
1032,2020-02-27,机构、股东、高管争相买入这些业绩暴增股,证券时报
1033,2020-02-26,汇顶科技现1笔大宗交易 共成交306.00万元,新浪
1034,2020-02-26,减持时间过半 国家大基金一期未实施减持计划,中证网
1035,2020-02-26,汇顶科技：大基金未进行减持 减持股份,Wind
1036,2020-02-26,A股再现深V走势科技题材成反弹主力,证券时报
1037,2020-02-26,华为推新品 A股“小伙伴”有戏,金融投资报
1038,2020-02-25,海外疫情蔓延火了科技股！半导体+光刻胶+面板概念高增长股名单，机构扎堆推荐,e公司
1039,2020-02-25,汇顶科技现1笔大宗交易 共成交373.28万元,新浪
1040,2020-02-25,汇顶科技为iQOO 3提供屏下光学指纹和语音降噪软件方案,中证网
1041,2020-02-25,汇顶科技：屏下光学指纹方案已商用于106款品牌机型,e公司
1042,2020-02-25,近两万元华为折叠屏手机！这些公司是供应商,e公司
1043,2020-02-24,【华西电子孙远峰团队-华为线上发布会快评】折叠机拉开序幕，5G全场景互联呼之欲出,远峰电子
1044,2020-02-24,提前“潜伏”半导体板块 106只基金年内回报率超30%,证券日报
1045,2020-02-24,华为Mate Xs采用汇顶科技侧边指纹识别方案,Wind
1046,2020-02-24,126只股股价创历史新高,证券时报网
1047,2020-02-22,疯狂的芯片还能疯多久？,格隆汇
1048,2020-02-20,57只股股价创历史新高,证券时报网
1049,2020-02-20,【东北电子张世杰/杨一飞】汇顶科技（603160.SZ）深度报告：屏下指纹创新不止，IoT蓄势待发,东北证券研究所
1050,2020-02-19,电子元器件：光学赛道优且长,财富动力网
1051,2020-02-18,信利国际(00732)收到有关法院通知裁定驳回索偿人深圳市汇顶科技的起诉 诉讼纠纷,智通财经
1052,2020-02-18,信利国际(00732.HK)：法院驳回深圳汇顶科技索偿起诉 诉讼纠纷,格隆汇
1053,2020-02-18,千亿“半导体”的投资“图景”,环球老虎财经
1054,2020-02-17,【华西电子孙远峰团队-重视中小面板*将优化改善】中小尺寸面板，或迎旺季创新+供需改善,远峰电子
1055,2020-02-17,如何复制快速崛起的半导体“春秋五霸”？,慧聪电子网
1056,2020-02-17,汇顶科技(603160.SH)已完成2019年限制性股票激励计划的授予登记工作,格隆汇
1057,2020-02-16,百元股总数达64只 去年同期仅有9只,证券日报
1058,2020-02-14,半数个股近期跑输大盘 34只滞涨股获内外资齐增持,中证网
1059,2020-02-13,北向资金净流入7.91亿元 汇顶科技净卖出额居首,新浪
1060,2020-02-13,汇顶科技大涨5.19% 近5日流出3.78亿元,中新经纬
1061,2020-02-10,芯片板块短线快速下行,Wind
1062,2020-02-08,机构、股东、高管争相买入这些业绩暴增股,证券时报网
1063,2020-02-07,半导体板块表现强势，年报业绩六成预喜行业崛起可期,第一财经
1064,2020-02-06,汇顶科技1.65亿美元并购恩智浦VAS业务完成交割,国际电子商情
1065,2020-02-06,82家公司遭重要股东减持涉及金额37.00亿元（附股）,证券时报网
1066,2020-02-05,38股获券商买入评级 云铝股份目标涨幅达55.13%,Wind
1067,2020-02-04,汇顶科技(603160.SH)：收购恩智浦旗下语音及音频应用解决方案业务的交割手续已履行完毕,格隆汇
1068,2020-02-04,A股异动丨汇顶科技大涨8.34% 年报业绩增203%-230%,格隆汇
1069,2020-02-03,芯片丨汇顶科技董事朱星火减持公司股份98.76万股 套现2.57亿元 减持股份,TechWeb
1070,2020-02-03,汇顶科技(603160.SH)：董事朱星火完成减持计划 累计减持98.76万股 拟减持股份,格隆汇
1071,2020-02-03,汇顶科技：董事朱星火减持0.22%公司股份,Wind
1072,2020-01-30,汇顶科技(603160.SH)股票异常波动 无应披露重大信息,格隆汇
1073,2020-01-23,1月23日A股龙虎榜揭秘，机构抢筹14股,Wind
1074,2020-01-23,汇顶科技龙虎榜数据(1月23日）,Wind
1075,2020-01-23,龙虎榜速览：机构和游资大佬逆势爆买6.18亿,新浪
1076,2020-01-23,8只股股价创历史新高,证券时报网
1077,2020-01-23,雷蛇正向情绪居首，拉夏贝尔负向情绪警笛拉响,21世纪经济报道
1078,2020-01-23,快讯：半导体板块开盘异动拉升 汇顶科技涨8%,新浪
1079,2020-01-23,集成电路 核心的核心,财富动力网
1080,2020-01-23,90股获券商买入评级，正邦科技目标涨幅达127.52%,Wind
1081,2020-01-22,A股上演V型大反转 节日资金短抛结束？这几只芯片股被机构疯抢,金融界
1082,2020-01-22,87股今日获机构买入评级18股上涨空间超20%,证券时报网
1083,2020-01-22,汇顶科技2019年扣非净利预增215%-245%,金融界
1084,2020-01-22,科技股四处开花 节后行情脉搏清晰,金融投资报
1085,2020-01-22,33股获买入评级最新:中国铁建,中财网
1086,2020-01-22,芯片龙头再度集体走强 汇顶科技涨停,每日经济新闻
1087,2020-01-22,半导体概念股午前拉升，上海贝岭涨停,Wind
1088,2020-01-22,汇顶科技(603160.SH)涨超7%再创历史新高 预计2019年净利同比增203%-230%,格隆汇
1089,2020-01-22,汇顶科技大涨5.14%2019年净利润大增两倍,证券时报网
1090,2020-01-22,快讯：半导体及元件板块持续拉升 汇顶科技冲击涨停,新浪
1091,2020-01-22,快讯：汇顶科技高开高走股价一度超300元 现涨近3%,网易
1092,2020-01-22,科创板早报|鸿蒙系统已上网即将应用全系产品汇顶、韦尔预计2019年净利倍增,科创板日报
1093,2020-01-22,什么信号？机构大举减持，这只千亿科技股迭创新高，券商给出了上涨逻辑！ 减持股份,e公司
1094,2020-01-21,屏下指纹大规模商用，汇顶去年净利预增超200%,观察者网
1095,2020-01-21,汇顶科技：预计2019年净利润同比增长2.03倍-2.3倍,Wind
1096,2020-01-21,汇顶科技：2019年净利预增203%至230%,e公司
1097,2020-01-21,汇顶科技：预2019净利22.5-24.5亿 同比增203%-230%,新浪
1098,2020-01-21,【国信电子|快评】汇顶科技：芯随屏动，持续成长,国信电子研究
1099,2020-01-21,汇顶科技（603160）快评：芯随屏动，持续成长,国信研究
1100,2020-01-20,五日龙虎榜追踪机构抢筹这40股,证券时报网
1101,2020-01-19,机构龙虎榜本周抢筹个股揭秘（附股）,证券时报网
1102,2020-01-19,本周股市龙虎榜一览：汇顶科技最受机构青睐,搜狐
1103,2020-01-18,【图解】机构重回科技龙头股，5.9亿资金打板汇顶科技,科创板日报
1104,2020-01-18,五天涨60%！逆市买入40股，6股获抢筹，这份机构扫货名单请收好！,证券时报网
1105,2020-01-16,原工信部人员内幕交易汇顶科技亏损近4百万 被罚55万 亏损,新京报
1106,2020-01-16,39只股股价创历史新高,证券时报网
1107,2020-01-16,悲情内幕交易！前工信部人员泄密，女牛散砸4700万杀入，不赚反亏,券商中国
1108,2020-01-16,内幕交易汇顶科技亏损近400万元，王萍被证监会罚款55万元 亏损,搜狐
1109,2020-01-16,【新时代电子 吴吉森团队】汇顶科技：全球指纹识别芯片龙头，打造IOT全应用平台,新时代证券研究
1110,2020-01-15,王萍内幕交易汇顶科技被罚55万 华芯投资副总裁疑泄密 金融监管处罚,中国网
1111,2020-01-15,汇顶科技：汇发国际减持1.17%公司股份 减持股份,Wind
1112,2020-01-15,靠内幕买入汇顶科技 “牛散”倒亏400万还被罚55万 亏损,第一财经日报
1113,2020-01-15,【公司点评】汇顶科技：2019年业绩同比+203%-230%，IoT有望提供长期增长动力,吉森电子研究
1114,2020-01-14,芯片股沸腾了，中微公司翻倍！私募：短期估值偏高，看好芯片设备和封测领域！,每日经济新闻
1115,2020-01-14,沪港通十大成交活跃股排名（1月14日）,Wind
1116,2020-01-14,微沸点今日情绪异动复盘：2020-01-14,21世纪经济报道
1117,2020-01-14,半导体频现爆发行情：炒市场情绪，还是炒基本面逻辑？,格隆汇
1118,2020-01-14,大基金高管泄密，女牛散砸4700万满仓干，竟亏了400万,中国基金报
1119,2020-01-14,“牛散”内幕交易汇顶科技被罚，先于大基金买入倒亏400万 金融监管处罚,第一财经
1120,2020-01-14,5G手机换机高峰将至行业迎业绩拐点,财界网
1121,2020-01-14,五日龙虎榜追踪机构抢筹这49股,证券时报网
1122,2020-01-14,1月13日龙虎榜：21只个股出现机构身影，汇顶科技净买入4.1亿元,第一财经
1123,2020-01-14,猎鹰看盘：板块轮动中 注意资金打法风格的变化,金融界
1124,2020-01-14,8家半导体公司业绩预喜 行业景气度上行拐点临近,中证网
1125,2020-01-13,大基金高管泄密，女牛散4700万“all in”！牛股长成了，她却输惨了,上证报
1126,2020-01-13,汇顶科技股价三连涨 目前生产经营活动正常,资本邦
1127,2020-01-13,"汇顶科技现1笔大宗交易 共成交9,109.45万元",新浪
1128,2020-01-13,1月13日A股龙虎榜揭秘，机构抢筹14股,Wind
1129,2020-01-13,三个交易日涨超24%，汇顶科技：多名股东处于减持期间内 减持股份,第一财经
1130,2020-01-13,内幕交易汇顶科技亏损396.24万元 当事人被罚55万元 亏损,中证网
1131,2020-01-13,一文看后市：节前继续乐观，年报行情全面爆发！,腾讯网
1132,2020-01-13,A股共发生107宗大宗交易成交16.45亿元（1月13日）,Wind
1133,2020-01-13,上市公司晚间利空汇总：汇顶科技提示风险,金融界
1134,2020-01-13,两连板汇顶科技提示风险：多名股东处于减持期间内 注意减持风险 减持股份,e公司
1135,2020-01-13,龙虎榜：汇顶科技三日大涨24% 三个机构席位买入逾6亿元,e公司
1136,2020-01-13,汇顶科技今日大宗交易成交35万股，成交价260.27元溢价0.0%,Wind
1137,2020-01-13,芯片概念大幅拉升 汇顶科技深南电路等涨停,证券时报网
1138,2020-01-13,1月13日午盘主力巨资抢筹四大板块(附股),金融界
1139,2020-01-13,半导体板块直线拉升，北方华创率先涨停,Wind
1140,2020-01-13,24股主力资金净流入超亿元,证券时报
1141,2020-01-12,股价创历史新高股一览 六股即将迎掘金机遇,证券时报
1142,2020-01-12,【华西电子孙远峰团队】CES热点回顾，持续看好芯片国产化、5G创新,远峰电子
1143,2020-01-10,机构席位溢价下降 短线情绪退潮,华讯财经
1144,2020-01-10,国家级科技大奖揭晓，获奖上市公司密集公布喜讯！这些板块和个股要火（名单）,每日经济新闻
1145,2020-01-10,"汇顶科技现15笔大宗交易 共成交23,656.25万元",新浪
1146,2020-01-10,半导体板块尾盘持续上攻，汇顶科技强势封板再创新高,Wind
1147,2020-01-10,汇顶科技涨停报236.61元,中新经纬
1148,2020-01-10,三只半导体指数，你会pick哪只科技基金？,养基司令
1149,2020-01-09,汇顶科技现1笔大宗交易 共成交499.47万元,新浪
1150,2020-01-08,汇顶科技：屏下指纹保持领先 打造IOT新增长极,德邦证券
1151,2020-01-08,集成电路减持，背后是你不得不知的事情 减持股份,Ofweek
1152,2020-01-07,"汇顶科技现2笔大宗交易 共成交2,997.60万元",新浪
1153,2020-01-07,汇顶科技携手一加科技发布TWS真无线耳机低功耗蓝牙解决方案,中证网
1154,2020-01-07,汇顶科技@CES2020：创新Bluetooth LE音频解决方案全球“首秀”,电子产品世界
1155,2020-01-03,2019年最赚钱的基金经理侧影： 榜单前十过半券商出身 多家业绩“过山车”,21世纪经济报道
1156,2020-01-02,大基金减持，投资风向哪里吹 减持股份,第一财经
1157,2020-01-02,国家大基金，2020年的投资明灯？,环球老虎财经
1158,2020-01-02,"汇顶科技现1笔大宗交易 共成交4,600.18万元",新浪
1159,2020-01-02,半导体板块再度发力，汇顶科技等多股表现出色,Wind
1160,2019-12-31,汇顶科技：控股股东减持计划实施完毕 拟减持股份,e公司
1161,2019-12-31,汇顶科技(603160.SH)控股股东张帆累计减持906万股 减持计划实施完毕 拟减持股份,格隆汇
1162,2019-12-31,汇顶科技：控股股东张帆累计减持公司股份906万股 减持股份,Wind
1163,2019-12-31,汇顶科技CEO张帆：将物联网作为未来十年发展新航道,上证报
1164,2019-12-31,汇顶科技：超薄指纹识别面世，适配5G手机OLED显示屏,证券时报网
1165,2019-12-31,汇顶科技：2020年将适时推出ToF解决方案,科创板日报
1166,2019-12-31,汇顶科技：2020年将实现LCD屏下光学指纹方案的量产,e公司
1167,2019-12-31,【国金研究】交银施罗德基金经理沈楠：自下而上高弹性，分散持仓稳积胜,国金证券研究所
1168,2019-12-30,A股共发生137宗大宗交易成交37.73亿元（12月30日）,Wind
1169,2019-12-30,"汇顶科技现3笔大宗交易 共成交9,662.50万元",新浪
1170,2019-12-30,上海证券市场大宗交易公开信息(2019-12-30),上交所
1171,2019-12-29,思立微起诉汇顶科技侵害发明专利权案遭驳回 诉讼纠纷,TechWeb
1172,2019-12-27,浮盈177亿元 大基金减持阴霾至 减持股份,证券市场周刊
1173,2019-12-27,汇顶科技：公司起诉上海思立微电子科技有限公司等侵权，一审被法院驳回 诉讼纠纷,Wind
1174,2019-12-27,汇顶科技称2020年将会由大量TWS耳机搭载汇顶方案 10亿元收购半导体巨头拟“发力”,金融界
1175,2019-12-27,汇顶科技：2020年将会有大量的TWS耳机产品搭载汇顶的方案,e公司
1176,2019-12-27,汇顶科技：公司屏下光学指纹方案已经实现大规模量产,IT之家
1177,2019-12-27,汇顶科技：公司心率测量产品可广泛应用于智能手环等可穿戴设备,e公司
1178,2019-12-26,汇顶科技屏下光学指纹方案商用机型达101款,e公司
1179,2019-12-26,OPPO发Reno3系列：首款双模5G手机 重量比4G手机还轻,新浪
1180,2019-12-26,一体化双模5G手机OPPO Reno3系列发布 售价3399元起,网易
1181,2019-12-26,专家点评大基金减持：运作理念应多些信念而非收益 减持股份,澎湃新闻
1182,2019-12-25,市值暴涨超600亿！不惧大基金高位减持，芯片股狂欢，还会再涨吗 减持股份,证券时报网
1183,2019-12-25,"汇顶科技现3笔大宗交易 共成交4,732.04万元",新浪
1184,2019-12-25,上海证券市场大宗交易公开信息(2019-12-25),上交所
1185,2019-12-25,集成电路概念大涨，机构：各领域龙头仍是大基金二期重点投资对象,第一财经
1186,2019-12-25,大基金之后董事长也卖了18亿 汇顶年内减持近53亿 减持股份,中财网
1187,2019-12-25,市值暴涨622亿！芯片板块大逆转，个股被大基金减持反创新高,中证报
1188,2019-12-25,都在乘机抄底？大基金减持没能吓退投资者，兆易创新涨停股价创新高，集成电路板块反而更火了！ 减持股份,e公司
1189,2019-12-25,国产芯片概念崛起 精测电子涨5%汇顶科技涨4%,证券时报网
1190,2019-12-24,金评天下|大基金减持做波段，短期变现不会缺席下一波科技股浪潮,搜狐
1191,2019-12-24,12月24日股市预警|7家公司突发利空 18亿资金流出这十股,腾讯网
1192,2019-12-24,"汇顶科技现3笔大宗交易 共成交4,381.98万元",新浪
1193,2019-12-24,上海证券市场大宗交易公开信息(2019-12-24),上交所
1194,2019-12-24,汇顶科技高位再现减持！国家队一出逃、实控人也坐不住了 半年套现28亿元还没够？ 减持股份,金融界
1195,2019-12-24,说好的痛快来得这么快？引爆创业板的四大黑科技来头都不小,中财网
1196,2019-12-24,汇顶科技：控股股东减持2%股份 减持股份,e公司
1197,2019-12-24,汇顶科技：控股股东通过大宗交易方式减持公司1.99%股份 减持股份,Wind
1198,2019-12-24,首次减持后，国家大基金入股精测电子子公司，芯片板块强势反弹 减持股份,南方财经网
1199,2019-12-24,大基金减持芯片系正常退出 机构：短期或有情绪冲击 减持股份,国际金融报
1200,2019-12-24,中泰证券：限售解禁重回千亿 大基金首次减持 解禁,中泰证券
1201,2019-12-24,牛基要分红了 宝盈先进制造今年已涨超70%,第一财经
1202,2019-12-24,国家大基金“出逃”科技股 A股失守3000点,TechWeb
1203,2019-12-24,"半导体板块全线回调！""大基金""一期已至回收期",第一财经
1204,2019-12-24,大基金概念股“服软”北上资金扎堆持股,证券时报
1205,2019-12-24,二期接力支持产业发展 自主可控料仍是大基金投资“主轴”,中证报
1206,2019-12-24,大基金首次减持 基金业绩排名生变 减持股份,金融投资报
1207,2019-12-24,大基金减持搅动科技股 短期波动不改长期投资热潮 减持股份,金融投资报
1208,2019-12-24,李大霄罕见认错，A股再度失守3000点，都是大基金减持惹的“祸”？ 减持股份,券商中国
1209,2019-12-24,大基金高位减持半导体板块集体受挫 减持股份,重庆商报
1210,2019-12-23,浮盈近90亿元！三只芯片股遭集体减持，对市场有啥影响？ 减持股份,央视
1211,2019-12-23,集成电路大基金首次减持 进入回收期如何有序退 减持股份,澎湃新闻
1212,2019-12-23,科技股重挫，大基金多只股赚翻了！下一只10倍股在此？,每日经济新闻
1213,2019-12-23,"汇顶科技现10笔大宗交易 共成交165,649.52万元",新浪
1214,2019-12-23,上海证券市场大宗交易公开信息(2019-12-23),上交所
1215,2019-12-23,大基金减持压科技股 大盘破三千缩量调整 减持股份,中投网
1216,2019-12-23,华讯投资：突发大事件，股民都慌了!,华讯财经
1217,2019-12-23,凉凉？大基金首次公开减持，半日市值蒸发超200亿，北上资金逆市增持 减持股份,腾讯网
1218,2019-12-23,科技股单日蒸发2000亿！国家队减持成“导火索”后续这些科技龙头要小心了（名单） 减持股份,金融界
1219,2019-12-23,基金收评 | 三千点这么难？科技基金大跌，白酒基金也未能幸免,第一财经
1220,2019-12-23,市场懵了 股民疯了! 爆赚250亿后 这个“大佬”要撤了？,搜狐
1221,2019-12-23,科技股跌幅居前，公司这样回应国家大基金首次披露减持 减持股份,第一财经
1222,2019-12-23,国家大基金拟减持震惊A股 半导体产业链股价溃不成军 拟减持股份,21世纪经济报道
1223,2019-12-23,3000点拉锯！酒鬼酒跌停，科技股集体回调，消费、科技双龙头怎么了？,中证报
1224,2019-12-23,暴跌！板块半日蒸发350亿市值，大基金高位减持，芯片股集体重挫，10倍牛股也凉凉 减持股份,证券时报
1225,2019-12-23,大基金首次减持国科微等大跌！大基金二期来了 减持股份,证券时报网
1226,2019-12-23,国家大基金首次披露减持芯片股，大科技板块集体下挫 减持股份,第一财经
1227,2019-12-23,大基金同时减持3只芯片股 影响几何？ 减持股份,财界网
1228,2019-12-23,国产芯片概念下跌 国科微、汇顶科技跌逾7%,证券时报网
1229,2019-12-23,遭国家大基金减持 汇顶科技等竞价大幅低开 减持股份,新浪
1230,2019-12-23,2019年这十大热门概念 你抓住了几个？,中证报
1231,2019-12-22,国家大基金首次披露减持计划 涉及3家芯片龙头公司 拟减持股份,每日经济新闻
1232,2019-12-22,3家芯片企业均遭大基金抛减持计划，将引A股芯片板块估值思考 拟减持股份,搜狐
1233,2019-12-21,3只年内翻倍的芯片龙头股首次被2000亿级国家大基金减持！相关板块将何去何从？ 减持股份,每日经济新闻
1234,2019-12-21,三只芯片牛股遭大基金减持机构人士：系正常商业行为不改行业国产替代逻辑 减持股份,科创板日报
1235,2019-12-21,什么情况！3只芯片股均遭“国家队”减持，都是10倍大牛 减持股份,中财网
1236,2019-12-21,千亿级国家大基金减持3只科技股（附重点投资公司名单） 减持股份,Wind
1237,2019-12-21,投资浮盈近90亿元 国家大基金首次减持三家芯片公司 减持股份,中证报
1238,2019-12-21,3只芯片股遭大基金减持 业内：整体影响不大 减持股份,证券时报
1239,2019-12-21,赚了250亿的大基金罕见出招，四年首次减持三大龙头！,券商中国
1240,2019-12-20,大基金首次减持:拟减持3公司不超1%还持有哪些公司 拟减持股份,腾讯网
1241,2019-12-20,突发！国家大基金首次减持 三家芯片企业遭抛 年内最高涨幅超200％ 减持股份,腾讯网
1242,2019-12-20,首次减持！国家大基金拟分别减持汇顶科技、国科微、兆易创新不超过1%股份 拟减持股份,中证网
1243,2019-12-20,国家集成电路基金减持兆易创新、汇顶科技、国科微三家公司股份 减持股份,e公司
1244,2019-12-20,注意！国家集成电路产业基金拟减持3家半导体公司 拟减持股份,格隆汇
1245,2019-12-20,汇顶科技(603160.SH)：国家大基金拟减持不超1%股份 拟减持股份,格隆汇
1246,2019-12-20,汇顶科技：大基金拟减持不超过总股本1% 减持股份,Wind
1247,2019-12-20,汇顶科技(603160.SH)拟授予100名激励对象32.214万股限制性股票,格隆汇
1248,2019-12-20,汇顶科技：国家集成电路产业投资基金拟减持不超1%股份 拟减持股份,e公司
1249,2019-12-13,久违了——全面大涨!北向资金在狂买这些股,环球老虎财经
1250,2019-12-12,中国证监会行政处罚决定书（王萍） 金融监管处罚,证监会
1251,2019-12-12,汇顶科技 A股唯一千亿市值芯片公司的成色,和讯
1252,2019-12-11,中国平安、贵州茅台领衔——A股投资价值10强公司,搜狐
1253,2019-12-10,汇顶科技：超薄光学指纹实现销售,方正证券
1254,2019-12-09,汇顶科技(603160.SH)涨近8% 超薄屏下光学指纹方案正式商用于5G终端,格隆汇
1255,2019-12-09,汇顶科技大涨6.0%，主力资金净流入2557.98万元,中新经纬
1256,2019-12-06,"汇顶科技现1笔大宗交易 共成交10,017.36万元",新浪
1257,2019-12-06,汇顶科技：获全球半导体联盟最佳财务管理半导体公司奖,e公司
1258,2019-12-06,汇顶科技超薄屏下光学指纹方案正式商用于5G终端,e公司
1259,2019-12-06,国家大基金一期业绩亮眼 单项目最高浮盈32亿 专投芯片半导体板块,券商中国
1260,2019-12-06,通过中国反垄断审查 汇顶科技将收购恩智浦VAS业务,维库电子市场
1261,2019-12-05,浮盈251亿！国家大基金一期A股项目牛了 集成电路指数今年已翻番,中证报
1262,2019-12-04,汇顶科技：国家市场监督管理总局对公司收购恩智浦部分业务案不予禁止,中国网
1263,2019-12-04,汇顶科技：收购恩智浦部分业务通过中国反垄断审查,新浪
1264,2019-12-04,汇顶科技：减持计划时间过半 控股股东尚未减持,e公司
1265,2019-12-04,汇顶科技(603160.SH)收购恩智浦旗下语音及音频应用解决方案业务通过反垄断审查,格隆汇
1266,2019-12-04,汇顶科技：控股股东张帆未进行减持,Wind
1267,2019-12-04,汇顶科技(603160.SH)：控股股东张帆减持时间过半尚未实施减持,格隆汇
1268,2019-12-04,数万亿外资伺机抄底 8股不畏压力望率先爆发,巨丰财经
1269,2019-12-04,重磅！白酒行业税率未调整 批量“错杀股”报复性反弹时机来临,巨丰财经
1270,2019-12-03,汇顶科技(603160.SH)拟续租联发芯新大楼大厦第8/9层房屋用于办公研发,格隆汇
1271,2019-12-03,汇顶科技：推32.5万股限制性股票激励计划,e公司
1272,2019-12-03,汇顶科技(603160.SH)拟授予101名激励对象32.502万股限制性股票,格隆汇
1273,2019-11-30,年报预告期“避雷”这四招管用,金融投资报
1274,2019-11-29,预警！年内1057家上市公司股东净减持超2600亿元，大数据透露五大现象 减持股份,21世纪经济报道
1275,2019-11-29,1057家上市公司重要股东拟减持 计算机应用、化学制品等6行业企业数量居前 拟减持股份,中证报
1276,2019-11-28,股东抛售意愿依旧强烈，11月以来67家公司超亿元减持,Wind
1277,2019-11-26,【华泰电子】【2020年度策略】5G仅是开端，“电子+”时代来临,华泰电子研究
1278,2019-11-26,北上资金单日200多亿净买入刷新历史，多股尾盘亿元大单竞价扫货,Wind
1279,2019-11-26,大股东高位套现，千亿科技白马跌停，近3万股民“欲哭无泪” 减持股份,中国基金报
1280,2019-11-26,科技股重挫 关注2900点支撑,金融投资报
1281,2019-11-25,减持惨案！大股东高位套现 1000亿白马跌停 减持股份,中国基金报
1282,2019-11-25,大股东再现高位减持，汇顶科技（603160.SH）盘中触跌停 减持股份,格隆汇
1283,2019-11-25,【异动股】华为概念股午后大跌汇顶科技(603160-CN)等多股跌停 连续下跌,财华社
1284,2019-11-25,华为概念股大跌 汇顶科技、深南电路领跌,格隆汇
1285,2019-11-25,华为概念股大跌 东晶电子、汇顶科技跌停 连续下跌,第一财经
1286,2019-11-25,"【行情】华为概念股大跌，截至发稿，汇顶科技、佳禾智能、先进数通跌停，硕贝德、易尚展示、深南电路跌逾7%，另外中兴通讯跌1
连续下跌",金十数据
1287,2019-11-25,汇顶科技早盘大跌9.47% 连续下跌,中证网
1288,2019-11-25,快讯：汇顶科技跌停 报于185.12元,金融界
1289,2019-11-25,汇顶科技跌5.2%报195.00元 公司股东计划减持股份 拟减持股份,中新经纬
1290,2019-11-25,科技股大幅走低 汇顶科技跌逾7%,证券时报网
1291,2019-11-25,集成电路板块下挫 汇顶科技跌超9%,第一财经
1292,2019-11-22,汇顶科技(603160.SH)就设立孙公司并购买恩智浦旗下语音及音频资产 在荷兰、比利时、法国、印度设四家孙公司,格隆汇
1293,2019-11-22,汇顶科技：汇发国际计划减持不超过5%股份 减持股份,Wind
1294,2019-11-22,汇顶科技：股东汇发国际拟减持不超过5% 拟减持股份,新浪
1295,2019-11-22,汇顶科技(603160.SH)：汇发国际拟减持不超5%的股份 拟减持股份,格隆汇
1296,2019-11-21,缩量调整下，茅台流通市值跃居A股第一，高价股演绎别样牛市,Wind
1297,2019-11-20,东北证券：5G建设成果频现 半导体产业投资加码 关业龙头公司,半导体网
1298,2019-11-19,5G手机出货量爆发，蕴含怎样的投资机遇？,格隆汇
1299,2019-11-15,11月15日有82家公司获重要股东增减持 中环环保已被连续减持56次 减持股份,Wind
1300,2019-11-15,科技蓝筹股午后继续走强 汇顶科技、韦尔股份涨逾8%,证券时报网
1301,2019-11-15,业绩不断超预期的高增长股，24股翻倍，逆市下跌股仅1只（附股）,证券时报
1302,2019-11-14,汇顶科技：入围全球半导体联盟2019年度两大奖项提名,e公司
1303,2019-11-14,芯片｜汇顶科技股东汇发国际累计减持2%公司股份 套现15.68亿元 减持股份,TechWeb
1304,2019-11-14,汇顶科技：汇发国际减持2%公司股份，减持实施完毕 减持股份,Wind
1305,2019-11-14,汇顶科技(603160.SH)：汇发国际累计减持2%股份 减持股份,格隆汇
1306,2019-11-12,A股半导体公司汇顶科技、韦尔股份、闻泰科技被纳入MSCI指数,TechWeb
1307,2019-11-11,华为Mate30大秀：惊艳背后的国产供应链,维库电子市场
1308,2019-11-08,MSCI扩容 汇顶科技首次被纳入,上证报
1309,2019-11-08,汇顶科技首次被纳入MSCI,e公司
1310,2019-11-07,【安信电子|每周观点】华为产业链高潮迭起，全球半导体行业风云变幻，国产替代迎来高光时刻（附：外资对A股电子板块配置分析）,晓说电子
1311,2019-11-05,【金财富决策参考】2019-11-06,赢家之星
1312,2019-11-05,11月6日涨停板早知道：七大利好有望发酵,新浪
1313,2019-11-05,汇顶科技：全球首款超薄屏下光学指纹方案成功商用于小米CC9 Pro,e公司
1314,2019-11-05,汇顶科技：汇信信息累计减持0.31%股份 减持股份,Wind
1315,2019-11-05,汇顶科技：股东汇信信息累计减持约142万股 减持股份,Wind
1316,2019-11-04,减持不断！10月近240家公司抛出减持计划，西藏珠峰股东拟清仓减持不超过13% 拟减持股份,格隆汇
1317,2019-11-03,【安信电子|电子三季报总结】电子制造和PCB热度不减，半导体Q3显著改善,晓说电子
1318,2019-11-02,大基金投资动向解密：近400亿重仓17只IC个股,Wind
1319,2019-11-01,大动作！380亿狂买这些股 两牛股收益翻倍,中国基金报
1320,2019-11-01,【安信电子|基金三季报持仓分析】业绩改善筑底，5G与国产替代加持，Q3电子板块获大幅加仓,晓说电子
1321,2019-11-01,半导体、电子设备：行业配置比例环比大幅提升 消费电子加仓明显,广发证券
1322,2019-10-31,科技龙头重排座次 海康威视紫光股份市值下滑幅度大,中证报
1323,2019-10-31,沪市三季报业绩扫描：蓝筹公司稳中求进,Wind
1324,2019-10-29,"汇顶科技:Q3业绩维持高增长,屏下指纹渗透率持续提高",东北证券
1325,2019-10-28,“大基金”再扩容！2041.5亿元，三方向成投资重点,Wind
1326,2019-10-28,226股获券商买入评级 中国中铁目标涨幅达70.41%,Wind
1327,2019-10-26,汇顶科技回应屏下指纹安全漏洞：1亿部手机是安全证明 经营问题,IT之家
1328,2019-10-26,汇顶科技董事长张帆：5G超薄屏下指纹识别芯片即将量产,每日经济新闻
1329,2019-10-26,汇顶科技张帆：超薄屏下指纹技术会陆续量产,上证报
1330,2019-10-25,汇顶科技张帆：减持股票不意味着对公司没信心 减持股份,上证报
1331,2019-10-25,汇顶科技三季度净利17亿元 千亿市值还没到顶,中金在线
1332,2019-10-25,汇顶科技(603160.SH)：控股股东张帆拟不超4.73%的股份,格隆汇
1333,2019-10-25,【汇顶科技点评】Q3净利率提升至39%，布局IoT走向平台性企业,申万宏源电子研究
1334,2019-10-25,汇顶科技三季度净利增437%，高管回应“减持”称将引入战略投资者 减持股份,第一财经
1335,2019-10-25,汇顶科技：持股47.25%的股东拟减持不超过4.73% 拟减持股份,金融界
1336,2019-10-25,汇顶科技：控股股东拟减持不超过4.73%公司股份 减持股份,Wind
1337,2019-10-25,芯片｜汇顶科技董事朱星火已减持28万股公司股份 套现逾6000万元 减持股份,TechWeb
1338,2019-10-25,汇顶科技 2019 三季度业绩：净利暴增 437.22%，屏下光学指纹贡献极大,维库电子市场
1339,2019-10-24,10月24日晚A股十大重磅公告出炉 这类股望集体冲涨停,巨丰财经
1340,2019-10-24,汇顶科技2019年第三季度报告：营业收入同比增长97.77%,TechWeb
1341,2019-10-24,汇顶科技：前三季度净利17.12亿元 同比增437%,e公司
1342,2019-10-24,汇顶科技(603160.SH)前三季度净利润升437.22%至17.12亿元,格隆汇
1343,2019-10-24,汇顶科技：前三季度净利润同比增长437%,金融界
1344,2019-10-24,汇顶科技：董事朱星火累计减持28万股 减持股份,Wind
1345,2019-10-24,汇顶科技：前三季实现净利17.1亿 同比增437.22%,新浪
1346,2019-10-23,"电子元件行业TWS耳机专题报告:甚似当年“山寨机”兴起,TWS耳机拐点已至",光大证券
1347,2019-10-22,汇顶科技：为荣耀20青春版提供屏下光学指纹及AMOLED触控方案,e公司
1348,2019-10-22,芯片｜汇顶科技公布诉讼进展情况：一审法院驳回原告思立微起诉 诉讼纠纷,TechWeb
1349,2019-10-22,汇顶科技：收到民事裁定书，驳回原告思立微起诉 诉讼纠纷,Wind
1350,2019-10-22,晓董说财| 我是怎么错过汇顶科技这只大牛股的,TechWeb
1351,2019-10-21,国产替代下的软硬件有望迎来新机遇,证券之星
1352,2019-10-19,A股新型“套现者”: “人造牛”与汹涌概念泡沫,21世纪经济报道
1353,2019-10-17,年内解禁最高潮惊现! 汇顶科技解禁市值超400亿 控股股东已高位套现8.97亿 解禁,第一财经
1354,2019-10-15,减持超亿元 含多个大白马 年内最大解禁潮怎么投？ 减持股份,新京报
1355,2019-10-15,1700亿解禁来袭，这些股票会有危险吗？ 解禁,证券时报
1356,2019-10-15,今年以来最大“解禁周”来临，44家公司解禁市值总额1682亿元,Wind
1357,2019-10-15,今年以来最大“解禁周”来临 44家公司解禁市值总额1682亿 解禁,中证报
1358,2019-10-14,汇顶科技(603160.SH)拟回购注销合计26.05万股限制性股票,格隆汇
1359,2019-10-14,超强解禁潮来袭！迈瑞医疗、汇顶科技迎千亿限售解禁，业绩预喜难缓股价抛压 解禁,21世纪经济报道
1360,2019-10-13,周末要闻2019年10月13日星期日,Wind
1361,2019-10-13,国庆后第二周解禁市值逼近2000亿汇顶科技、迈瑞医疗迎千亿考验 解禁,金融界
1362,2019-10-12,5G“供应链大师”换位 声学器件龙头与大客户一荣俱荣,财富动力网
1363,2019-10-12,下周43家公司1706亿市值限售股解禁 解禁,Wind
1364,2019-10-12,汇顶科技“新赛道”：IoT能否再现“千亿”辉煌？,中国经营报
1365,2019-10-11,汇顶科技：2.15亿股限售股10月17日解禁 解禁,Wind
1366,2019-10-11,汇顶科技(603160.SH)：约2.15亿股首发限售股将解禁 解禁,格隆汇
1367,2019-10-10,OPPO Reno Ace新机发布 搭载汇顶科技屏下光学指纹方案,e公司
1368,2019-10-10,四轮驱动加速IoT战略落地：叶金春详解汇顶科技“新赛道”,C114通信网
1369,2019-10-08,10月解禁潮来袭， 10家公司解禁市值逾100亿元 解禁,格隆汇
1370,2019-10-08,科技板块整体开始走弱,Wind
1371,2019-10-08,谨防科技股股价泡沫化,金融投资报
1372,2019-09-30,A股异动 | 汇顶科技大跌7.21% 国庆节后巨量解禁 连续下跌,格隆汇
1373,2019-09-30,快讯：半导体及元件板块走低 汇顶科技跌逾7%,新浪
1374,2019-09-30,科技板块全线走低,Wind
1375,2019-09-30,华西证券：汇顶科技买入评级,华西证券
1376,2019-09-27,"汇顶科技:指纹识别芯片龙头,持续创新驱动成长",华西证券
1377,2019-09-26,半导体产业链：自主替代，A股特色公司介绍(下篇),Wind
1378,2019-09-25,三个月10倍最牛“次新”，卓胜微什么来头？,环球老虎财经
1379,2019-09-25,汇顶科技携IoT最新成果亮相云栖大会,中证网
1380,2019-09-25,科技股股王频出：汇顶科技市值破千亿 卓胜微股价仅次于茅台,第一财经
1381,2019-09-25,汇顶科技首次亮相阿里云云栖大会,e公司
1382,2019-09-25,股王频出 谨防科技股股价出现泡沫化,新浪
1383,2019-09-25,叶檀财经：石破天惊 3个月10倍！近10年“最强风口”来了！？,金融界
1384,2019-09-25,大市值科技股能否出现比肩茅台的千元股？,金融投资报
1385,2019-09-24,汇顶科技：屏下光学指纹商用机型已达74款,e公司
1386,2019-09-24,A股首家1000亿！这就是“吹嘘”的资本 “汇顶科技：感谢华为”,金融界
1387,2019-09-23,科技股迎来高光时刻！融资客涌入、北上资金加仓，这些股最受青睐,证券时报网
1388,2019-09-23,净利同比增4倍！A股市值最大芯片股财报靓眼,富途证券
1389,2019-09-23,9月减持金额或创新高，信息技术板块70亿元高位套现,Wind
1390,2019-09-23,科技股逆势上涨 汇顶科技市值突破千亿大关,e公司
1391,2019-09-22,半导体、电子设备：华为新机发布 持续关注产业链投资机会,川财证券
1392,2019-09-19,CMOS图像传感器市场飞速增长 五股布局良机,证券时报
1393,2019-09-19,"通讯行业中国智能手机市场八月数据分析:整体增量环比回升,5G时代华为领先优势扩大",国金证券
1394,2019-09-17,3000点关口再度迎来调整，三大风险点值得关注,Wind
1395,2019-09-16,【华泰TMT王林团队】电子元器件:5G应用大幕拉开，VR/AR渐行渐近,和讯
1396,2019-09-12,汇顶科技(603160.SH)控股股东解除质押1356万股,格隆汇
1397,2019-09-12,思立微回应专利无效：无效的是早期电容领域的技术,新浪
1398,2019-09-12,汇顶与思立微专利战再获关注：各有一项专利宣告无效,新浪
1399,2019-09-12,思立微先下一城 汇顶科技一屏下指纹识别专利被宣告无效,每日经济新闻
1400,2019-09-12,iPhone11让人审美疲劳 “苹果概念股”难有激情,第一财经
1401,2019-09-11,汇顶科技回应专利被宣告无效：正积极申请行政诉讼，本案尚未结束 诉讼纠纷,Wind
1402,2019-09-11,“IPHONE周期”牛熊股盘点：不是生产个零配件，都能叫作“苹果概念股”的,第一财经
1403,2019-09-10,一批热门科技股被上调评级 21股获机构扎堆推荐（名单）,证券时报
1404,2019-09-09,超80只科技股翻倍！北上资金已提前“埋伏”15只，还有这些高增长科技股涨幅明显落后,e公司
1405,2019-09-09,涨停板解密：三大板块全面火爆！（9月9日）,Wind
1406,2019-09-09,【中金电子与通信】科技硬件周报（9/8）：估值到哪里了？,乐平科技视角
1407,2019-09-09,柔性屏板块午后持续走高 汇顶科技大涨6%,证券时报网
1408,2019-09-09,柔性屏板块午后持续走高，合力泰率先封板,Wind
1409,2019-09-08,AIoT+行业拐点，NOR Flash量价齐升开始,湘评科技
1410,2019-09-07,大型并购推高半导体龙头估值 后续演绎存较大不确定性,红周刊
1411,2019-09-06,汇顶科技：控股股东减持0.996%公司股份 减持股份,Wind
1412,2019-09-06,汇顶科技(603160.SH)：张帆已累计减持454.2584万股 减持计划实施完毕 拟减持股份,格隆汇
1413,2019-09-06,逢高减持成标配，信息技术板块48亿元高位套现不手软,Wind
1414,2019-09-05,芯片｜汇顶科技控股股东张帆已累计减持逾237万股公司股份 减持股份,TechWeb
1415,2019-09-04,汇顶科技：控股股东减持0.52%公司股份，减持计划尚未完成 减持股份,Wind
1416,2019-09-04,汇顶科技(603160.SH)控股股东累计减持237.63万股 减持股份,格隆汇
1417,2019-09-04,83只超级牛股最新评级 这些公司目标涨幅空间还有30%以上（名单）,证券时报网
1418,2019-09-03,券商首次关注6股并给予买入评级（9月3日）,Wind
1419,2019-09-03,科技股崛起机构会否撤出大消费,金融投资报
1420,2019-09-03,汇顶科技上半年净利猛增9亿 率先攻克技术难关,新浪
1421,2019-09-02,沪港通十大成交活跃股排名（9月2日）,Wind
1422,2019-09-02,汇顶科技今日大宗交易成交24.50万股，成交价180.0元折价12.02%,Wind
1423,2019-09-02,【中金电子与通信】汇顶科技（603160.SH）：屏下光学维持强劲增长，VAS业务打开声学空间,乐平科技视角
1424,2019-09-01,中泰电子刘翔团队|汇顶科技点评：5G屏下新品、IOT以及竞争地位等撑起千亿市值,刘翔电子研究
1425,2019-09-01,汇顶科技董事长张帆：5G手机超薄屏下指纹方案有望下半年量产商用,中证网
1426,2019-08-30,汇顶科技董事长张帆：下半年5G手机超薄屏下光学产品将规模量产,中证网
1427,2019-08-30,汇顶科技董事长张帆：下半年新产品将规模量产 打造平台型IC设计公司,e公司
1428,2019-08-30,汇顶科技：总经理陈恒真辞职 董监高成员变化,Wind
1429,2019-08-30,上市公司8300亿闲钱买理财，1.5万亿债券融资，这17家有点不一样,Wind
1430,2019-08-30,【国信证券|点评】汇顶科技:行业高景气，业务高壁垒,国信电子研究
1431,2019-08-30,汇顶上半年净利润暴增8倍 将推出5G超薄指纹识别技术,驱动之家
1432,2019-08-30,汇顶科技张帆：下半年屏下指纹出5G手机超薄方案,e公司
1433,2019-08-30,汇顶科技：5G手机超薄屏下指纹年内将规模量产,凤凰网
1434,2019-08-30,汇顶科技（603160）2019年中报点评：行业高景气，业务高壁垒,国信研究
1435,2019-08-29,【金财富早知道】2019-08-30,赢家之星
1436,2019-08-29,公告精选：*ST河化拟收购南松医药；汇顶科技等中期业绩大增,证券时报网
1437,2019-08-29,汇顶科技今年以来股价暴涨174% 上半年业绩大增8倍,新浪
1438,2019-08-29,汇顶科技:扣非净利增长超10倍 部分IOT产品实现商用,新浪
1439,2019-08-29,2019世界人工智能大会都有啥，一文读懂,Wind
1440,2019-08-29,汇顶科技：上半年净利超10亿元 同比大增806%,e公司
1441,2019-08-29,汇顶科技(603160.SH)半年度净利润升806.05%至10.17亿元,格隆汇
1442,2019-08-29,汇顶科技上半年营收翻倍 净利润同比增长8倍,金融界
1443,2019-08-29,汇顶科技：上半年实现净利润10.17亿元 同比增长806%,新浪
1444,2019-08-29,汇顶科技：上半年净利10.17亿元 同比增806%,第一财经
1445,2019-08-24,汇顶科技(603160.SH)：汇发国际已累计减持455.9921万股 减持股份,格隆汇
1446,2019-08-23,汇顶科技：股东汇发国际减持时间过半，累计减持1%股份 减持股份,Wind
1447,2019-08-22,汇顶科技：为iQOO Pro 5G性能旗舰提供屏下光学指纹方案,e公司
1448,2019-08-21,快讯：芯片板块再度走强 汇顶科技大涨7%,新浪
1449,2019-08-21,快讯：芯片板块再度走强 汇顶科技涨逾6%,新浪
1450,2019-08-19,汇顶科技：收购NXP优质资产，加强人机交互和AIoT布局,证券时报网
1451,2019-08-18,汇顶科技拟通过现金支付的方式购买NXP B.V.旗下的语音及音频应用解决方案业务,挖贝网
1452,2019-08-16,每日全球并购：传纽交所母公司洲际交易所欲超300亿美元收购eBay，汇顶科技收购恩智浦VAS业务完成交割（02/05）,晨哨网
1453,2019-08-16,汇顶科技拟斥资1.65亿美元收购恩智浦语音及音频业务,中证网
1454,2019-08-16,汇顶科技(603160.SH)拟设立公司以1.65亿美元购买VAS,格隆汇
1455,2019-08-16,1.65亿美元收购恩智浦VAS业务 汇顶科技布局音频市场,新浪
1456,2019-08-16,汇顶科技收购恩智浦语音及音频应用解决方案业务,网易
1457,2019-08-16,汇顶科技收购恩智浦VAS业务资产交割完成,晨哨网
1458,2019-08-16,芯片设计公司汇顶科技拟以1.65亿美元收购恩智浦旗下VAS业务,TechWeb
1459,2019-08-15,汇顶科技叶金春：5G提供很多创新机会 可帮助小公司实现弯道超车,凤凰网
1460,2019-08-13,科技股集体大涨 华为概念霸屏A股涨停榜,证券时报
1461,2019-08-12,科技股龙头掀涨停潮：如何把握未来市场主线？,格隆汇
1462,2019-08-12,"中国智能手机市场七月数据分析:整体增量环比回升,华为稳坐第一宝座",国金证券
1463,2019-08-10,汇顶科技股价年内涨幅翻倍 国家大基金浮盈超19亿,证券时报
1464,2019-08-09,华为将催生最强投资风口,红周刊
1465,2019-08-08,从华为5G手机看国内手机产业链新发展,通信产业报
1466,2019-08-07,汇顶科技(603160.SH)：汇信信息累计减持142.31万股 减持股份,格隆汇
1467,2019-08-07,汇顶科技：减持时间已过半，股东累计减持0.31%股份 减持股份,Wind
1468,2019-08-07,汇顶科技涨0.6%，创年度新高，报158.90元,腾讯网
1469,2019-08-06,A股早报2019年8月6日星期二,Wind
1470,2019-08-05,A股共发生24宗大宗交易成交5.98亿元（8月5日）,Wind
1471,2019-07-30,汇顶科技：关于2017年限制性股票激励计划授予的限制性股票第二期解除限售暨上市的公告,上交所
1472,2019-07-29,[快讯]汇顶科技189万限售股8月2日解禁 解禁,中财网
1473,2019-07-29,汇顶科技：回购注销11.54万股,Wind
1474,2019-07-29,汇顶科技：189.60万股限售股8月2日上市流通 解禁,Wind
1475,2019-07-29,汇顶科技：回购注销14.51万股,Wind
1476,2019-07-26,汇顶科技：为华为首款5G手机Mate20 X提供创新指纹和触控方案,Wind
1477,2019-07-26,汇顶科技：为华为首款5G手机提供指纹和触控方案,e公司
1478,2019-07-26,借科创板东风 科技股成市场新主线,财富动力网
1479,2019-07-25,汇顶科技董事朱星火拟减持股份 预计减持不超总股本0.22% 拟减持股份,挖贝网
1480,2019-07-24,汇顶科技(603160.SH)董事朱星火拟减持不超100万股 拟减持股份,格隆汇
1481,2019-07-24,汇顶科技：董事拟减持不超过0.22%股份 减持股份,Wind
1482,2019-07-24,【中金电子与通信】汇顶科技（603160.SH）：屏下光学出货量超预期，上调全年盈利预测,乐平科技视角
1483,2019-07-22,半导体、电子设备：科技股的黄金年代 荐39股,国盛证券
1484,2019-07-22,"电子行业周报:台积电营收超预期,科创板开市在即",德邦证券
1485,2019-07-19,"乐鑫科技:小而美的物联网WIFIMCU新锐,AI~IOT时代迎发展良机",申万宏源
1486,2019-07-18,"电子行业2019中报前瞻:业绩持续分化,唯指纹识别与工业PCB高景气 盈利能力下降",申万宏源
1487,2019-07-16,电子行业19年7月份投资策略及中报业绩前瞻：布局中报行情结构性机会,国信证券
1488,2019-07-15,汇顶科技起诉台湾神盾：侵犯指纹识别专利 索赔5050万元 诉讼纠纷,驱动之家
1489,2019-07-15,汇顶科技诉神盾股份专利侵权 索赔5050万元要求销毁侵权产品 诉讼纠纷,e公司
1490,2019-07-12,汇顶科技：原告指纹卡有限公司（FPC）撤诉，发明专利诉讼案件结束 诉讼纠纷,Wind
1491,2019-07-12,芯片设计公司汇顶科技控股股东拟减持不超过0.99%公司股份 拟减持股份,TechWeb
1492,2019-07-11,澜起科技发行结果出炉：投资者弃购2.95万股 弃购金额73万元,挖贝网
1493,2019-07-11,汇顶科技(603160.SH)控股股东张帆拟减持不超454.26万股 拟减持股份,格隆汇
1494,2019-07-11,汇顶科技：股东张帆拟减持0.99%公司股份 减持股份,Wind
1495,2019-07-10,OLED板块午后小幅异动，汇顶科技等短线拉升,Wind
1496,2019-07-09,"电子行业周报:Mate20X获得5G终端进网许可,5G手机有望迎来上市潮",光大证券
1497,2019-07-06,隐藏在A股年报里的“隐形冠军”,要资讯
1498,2019-07-04,澜起科技发行价公布：24.80 元/股 市盈率不足A股可比公司1/2,挖贝网
1499,2019-07-01,华为概念市值暴涨千亿，持续高增长的超跌华为概念股看过来（名单）,中财网
1500,2019-06-28,17只百元股呈现四大共性,证券日报
1501,2019-06-27,汇顶科技(603160.SH)拟每10股派5元 股权登记日7月3日,格隆汇
1502,2019-06-27,汇顶科技：年报推10派5元 股权登记日7月3日,金融界
1503,2019-06-26,汇顶科技：为子公司汇顶香港提供550万美元担保 大额借贷担保,Wind
1504,2019-06-24,两市重要股东年内套现747亿元 9只百元股被减持23次,证券日报
1505,2019-06-21,25股获券商买入评级 丰元股份目标涨幅达60.48%,Wind
1506,2019-06-20,"兴业证券：将汇顶科技评级调高为""买入""",Wind
1507,2019-06-18,【兴证电子 谢恒团队】汇顶科技：厚积薄发，芯片龙头继续开创新市场,微信
1508,2019-06-18,半导体、电子设备：新产业生命周期的电子机遇 荐17股,长江证券
1509,2019-06-14,下周600亿市值限售股解禁 解禁,Wind
1510,2019-06-08,汇顶科技控股股东张帆质押57万股 去年净利同比减少16%,挖贝网
1511,2019-06-06,汇顶科技(603160.SH)控股股东质押57万股,格隆汇
1512,2019-06-06,公告点题｜6月5日这些公告有看头,第一财经
1513,2019-06-05,汇顶科技上市后首推员工持股 80名美国骨干分享上亿“红包”,每日经济新闻
1514,2019-06-05,汇顶科技：推第一期员工持股计划,e公司
1515,2019-06-05,汇顶科技：对全资子公司银行授信提供担保不超2亿元 大额借贷担保,Wind
1516,2019-06-04,52股获券商买入评级 国光股份目标涨幅达104.82%,Wind
1517,2019-05-30,“芯”辰大海系列报告（三）-汇顶科技（603160）：南有一阳指 ，身藏六脉功,国信研究
1518,2019-05-28,24股获券商买入评级 丰元股份目标涨幅达46.28%,Wind
1519,2019-05-27,【东方电子】汇顶科技：光学指纹进展顺利，新产品逐步突破,剑指电子
1520,2019-05-23,盘点国产芯片概念股：设计领域排名第一的企业是华为子公司,澎湃新闻
1521,2019-05-23,汇顶科技午后异动重挫5.04%报108.25元 成交4.86亿元,腾讯网
1522,2019-05-20,汇顶科技午后封跌停 成交额6.83亿元封单172手,腾讯网
1523,2019-05-20,汇顶科技早盘封跌停 成交额3.92亿元封单406手,腾讯网
1524,2019-05-18,西南证券：华为芯片20年，主要设计了五类,Wind
1525,2019-05-16,澜起科技，325页干货来了,半导体风向标
1526,2019-05-13,汇顶科技今日大宗交易成交36万股，成交价146.0元折价-10.16%,Wind资讯
1527,2019-05-13,汇顶科技：全球光学指纹芯片龙头 2019Q1业绩迎来爆发,中泰证券
1528,2019-05-10,【红刊财经】主题研究|集成电路板块或成投资新风口,和讯
1529,2019-05-08,从联发科Q1，看汇顶科技,半导体风向标
1530,2019-05-08,【国金研究】中国智能手机市场4月数据分析：华为终夺第一，产业链迎来投资机遇,国金证券研究所
1531,2019-05-05,汇顶科技股东汇发国际减持913万股 套现约8.22亿元,挖贝网
1532,2019-04-30,汇顶科技(603160.SH)：汇信信息拟减持不超456.65万股,格隆汇
1533,2019-04-30,汇顶科技(603160.SH)股东汇发国际拟减持不超913.30万股,格隆汇
1534,2019-04-30,汇顶科技：两股东拟合计减持不超3% 减持股份,Wind
1535,2019-04-30,汇顶科技：股东拟合计减持不超3%股份,e公司
1536,2019-04-30,汇顶科技：股东约完成减持2% 减持股份,Wind
1537,2019-04-29,巨丰热点：第三届世界智能大会将召开 人工智能部分股逆势走强,巨丰财经
1538,2019-04-28,兆易创新的高溢价并购玄机,证券市场周刊
1539,2019-04-27,一季报十大增长王出炉 聚隆科技暴涨580倍领衔,投资快报
1540,2019-04-23,汇顶科技：为联想Z6 pro和魅族16s独供屏下光学指纹识别方案,e公司
1541,2019-04-22,共进股份一季度业绩增速超85倍，这些个股业绩暴增年内股价翻番,腾讯网
1542,2019-04-21,最新动向！QFII现身这35股（名单）,中国基金报
1543,2019-04-19,A股行情会不会熄火？关注三大信号,21财闻汇
1544,2019-04-18,2019年一季度QFII持仓曝光 星湖科技等6只潜力股成新宠,证券日报
1545,2019-04-17,兆易创新溢价19倍收购背后：标的诉讼硝烟弥漫、技术屡遭质疑,财经网
1546,2019-04-17,137股获券商买入评级 东方航空目标涨幅达59.57%,Wind
1547,2019-04-16,【华西电子孙远峰团队-深天马A*深度】中小显示创新加速，多维发力再领趋势,远峰电子
1548,2019-04-16,汇顶科技龙虎榜数据(4月16日）,Wind
1549,2019-04-16,汇顶科技：光学指纹需求爆发 买入评级,和讯
1550,2019-04-16,华为P30大卖 15只产业链个股站上风口（名单）,证券时报网
1551,2019-04-16,国产芯片概念股直线拉升，汇顶科技冲击涨停,Wind
1552,2019-04-16,汇顶科技推动屏下光学指纹技术应用 致力成为综合芯片公司,中证网
1553,2019-04-16,汇顶科技去年营收微增 未来布局三大市场领域,证券日报
1554,2019-04-16,摩根士丹利和中金双双看好屏下光学指纹市场,中证网
1555,2019-04-16,322股一季度业绩预计翻倍 16股股价年内翻番,证券时报
1556,2019-04-16,【中金电子与通信】汇顶科技（603160.SH）：2018/1Q19业绩超预期，看好公司研发变现能力,乐平科技视角
1557,2019-04-16,券商首次关注5股并给予买入评级（4月16日）,Wind
1558,2019-04-16,A股早报2019年4月16日星期二,Wind
1559,2019-04-16,184股获券商买入评级 银轮股份目标涨幅达57.30%,Wind
1560,2019-04-16,"汇顶科技:前期投资获利显现,业绩拐点趋势明确",上海证券
1561,2019-04-15,【中信证券电子研究】汇顶科技（603160）2018年年报点评——屏下光学龙头稳固，2018年及2019Q1业绩大超预期,CITICS电子研究
1562,2019-04-15,汇顶科技董事长张帆：屏下光学指纹渗透将加速 拟推出LCD产品量产方案,每日经济新闻
1563,2019-04-15,汇顶科技董事长张帆：所有光学指纹都在抄汇顶 下半年推LCD屏量产光学方案,e公司
1564,2019-04-15,A股一季报业绩扫描：662股预亏预减，18家降幅超10倍 预亏,澎湃新闻
1565,2019-04-15,汇顶科技董事长：目前市场在售屏下光学指纹产品都在抄袭汇顶,Wind
1566,2019-04-15,涨停板解密：三板块个股逆市受资金青睐！（4月15日）,Wind
1567,2019-04-15,汇顶科技去年净利7.42亿同比降16% 董事长张帆年薪32.15万,挖贝网
1568,2019-04-15,汇顶科技午后封涨停 成交额2.46亿元封单2.14万手,腾讯网
1569,2019-04-15,汇顶科技(603160)：2019年一季度业绩高增长 公司预计有望持续,安信证券
1570,2019-04-15,汇顶科技2019年第一季度净利4.14亿元 同比增长2040% 董事长张帆上年末持股2.2亿股,挖贝网
1571,2019-04-15,汇顶科技张帆：目前市场在售屏下光学指纹产品都在抄袭汇顶 诉讼纠纷,证券时报网
1572,2019-04-15,汇顶科技：光学指纹芯片渗透加速 未来12个月目标价128元,证券时报网
1573,2019-04-15,汇顶科技早盘封涨停 成交额2763万元封单3.68万手,腾讯网
1574,2019-04-15,汇顶科技（603160）2018年报及一季报点评：业绩拐点确立，屏下指纹业务带动公司快速增长,国信研究
1575,2019-04-15,【国信电子】【汇顶科技】业绩拐点确立，屏下指纹业务带动公司快速增长,国信电子研究
1576,2019-04-15,"汇顶科技:年报、q1业绩超预期,光学指纹芯片渗透加速",国金证券
1577,2019-04-15,"汇顶科技:光学指纹芯片行业龙头,业绩逐季持续爆发",西南证券
1578,2019-04-15,"汇顶科技:光学指纹市场需求如期爆发,芯片龙头两季净利超预期",申万宏源
1579,2019-04-14,【安信电子孙远峰团队—汇顶科技推荐点评】业绩大超预期，指纹识别芯片龙头地位确立,远峰电子
1580,2019-04-14,屏下指纹市场需求猛增！汇顶科技一季度净利4.14亿 同比暴涨2040%,驱动之家
1581,2019-04-14,汇顶科技：爆品不断业绩超预期，拳皇不老剑指万物互联,杨明辉电子
1582,2019-04-14,【东方电子】汇顶科技：光学指纹放量，连续二季度业绩突出,微信
1583,2019-04-14,【中投早知道】2019-04-15,赢家之星
1584,2019-04-12,汇顶科技：2019年半年度业绩报告预告,上交所
1585,2019-04-12,汇顶科技：2018年净利润同比减16.29%，拟每股派0.5元 盈利能力下降,Wind
1586,2019-04-12,汇顶科技(603160.SH)一季度净利润升2039.95%至4.14亿元,格隆汇
1587,2019-04-12,汇顶科技：副总经理辞职 董监高成员变化,Wind
1588,2019-04-12,汇顶科技(603160.SH)2018年度净利润降16.29%至7.42亿元 拟10派0.5元 盈利能力下降,格隆汇
1589,2019-04-12,汇顶科技：一季度净利4.14亿元 同比增逾20倍,e公司
1590,2019-04-10,与OPPO达成和解后 汇顶科技独供Reno系列屏下指纹识别芯片,每日经济新闻
1591,2019-04-10,汇顶科技：为OPPO的Reno系列独供新一代屏下光学指纹方案,Wind
1592,2019-04-10,汇顶科技：为OPPO新系列Reno手机独供屏下光学指纹方案,e公司
1593,2019-04-09,"计算机行业创板系列专题报告:澜起科技,内存接口芯片龙头,业绩迎来加速释放期",山西证券
1594,2019-04-07,科创板系列 · 十三：聚辰半导体,电子后花园
1595,2019-04-04,兆易创新收购再获有条件通过 标的称被诉技术无创新 诉讼纠纷,新浪
1596,2019-04-04,标的陷专利诉讼，兆易创新收购思立微二次上会仍通过 诉讼纠纷,IPO日报
1597,2019-04-01,独家对话汇顶科技董事长张帆：芯片产业创新为什么难,新浪
1598,2019-03-27,"汇顶科技:拳皇不老,爆品不断",光大证券
1599,2019-03-26,A股共发生41宗大宗交易成交9.2亿元（3月26日）,Wind
1600,2019-03-26,汇顶科技今日大宗交易成交72.16万股，成交价90.05元折价12.57%,Wind资讯
1601,2019-03-23,汇顶科技董事长张帆：不惧行业竞争 期望尊重创新,中证网
1602,2019-03-20,兆易创新17亿并购“回炉”重审 思立微陷专利诉讼被否概率大,21世纪经济报道
1603,2019-03-04,汇顶科技股价“滞涨”背后：遭大股东减持 业绩已出现下滑 减持股份,经济观察网
1604,2019-02-28,汇顶科技股东汇信信息减持1136万股 套现约8.24亿元,挖贝网
1605,2019-02-28,汇顶科技股东套现8.24亿元 2018年Q3净利润暴跌58% 减持股份,挖贝网
1606,2019-02-28,[公司]汇顶科技股东减持公司2.49%股份,全景网
1607,2019-02-28,汇顶科技：汇信信息减持公司2.49%股份 完成减持计划,e公司
1608,2019-02-28,财通证券：屏下指纹机会大，光学是2-3年内主流,证券时报网
1609,2019-02-25,汇顶科技智能门锁方案获MWC2019最佳互联消费设备大奖,e公司
1610,2019-02-25,2019MWC别样精彩！华为、小米产业链企业迎5G红利,Wind
1611,2019-02-22,38股获券商买入评级 中油工程目标涨幅达55.87%,Wind
1612,2019-02-22,汇顶科技将在MWC期间推出IoT领域综合平台,亿欧网
1613,2019-02-21,手机春季大战开打！小米股价应声而涨！华为、中兴新机将陆续亮相，哪些A股公司受益？,e公司
1614,2019-02-14,中金：看好汇顶科技在屏下光学指纹市场的领先地位,Wind
1615,2019-02-13,【华泰电子】【虚拟现实行业深度】5G应用大幕拉开，VR/AR渐行渐近,华泰电子研究
1616,2019-02-13,汇顶科技午后封涨停 成交额3.58亿元封单2183手,腾讯网
1617,2019-02-13,国产芯片板块快速走强，阿石创率先涨停,Wind
1618,2019-02-13,信利光电IPO被否之谜： 专利诉讼阻路上市美梦,21世纪经济报道
1619,2019-02-04,中国半导体企业的研发投入现在提高了多少,电子工程世界
1620,2019-01-29,海思/紫光展锐/汇顶“代言”的我国IC设计业究竟进展如何,C114通信网
1621,2019-01-28,信利光电IPO发审前夜“逃档”之谜：更换会计师背后隐现专利诉讼之争 变更会计师,和讯
1622,2019-01-25,"国金晨讯 | 凯莱英:中国CDMO龙头乘风全球产业转移；汇顶科技:受益光学指纹爆发；传媒娱乐的周期性研究，何来""口红效应""",国金证券研究所
1623,2019-01-25,国金晨讯精选 | 凯莱英，汇顶科技，传媒娱乐周期性研究，2018年ABS回顾，18Q4基金持仓分析,国金证券研究所
1624,2019-01-25,汇顶科技 (603160.SH) | 受益于光学指纹爆发，长线布局物联网,国金证券研究所
1625,2019-01-24,汇顶科技回应专利纠纷：希望对手遵守游戏规则 诉讼纠纷,中证网
1626,2019-01-23,汇顶科技股东杨奇志减持49万股 套现约3700万元,挖贝网
1627,2019-01-14,汇顶科技：屏下光学指纹助力业绩增长 买入评级,和讯
1628,2019-01-14,"电子行业周报:ces大会顺利落幕,巨屏8k已成主流",国海证券
1629,2019-01-11,消费电子2019年投资策略:全球创新代际交互、关注5G及结构性创新赛道龙头,正点财经
1630,2019-01-02,汇顶科技CEO张帆2019新年致辞：乘风破浪，开启创新发展新征程,C114通信网
1631,2018-12-28,中国首个天基物联网产业联盟成立 六股爆发在即,证券时报
1632,2018-12-27,天风证券2019年电子行业投资策略,正点财经
1633,2018-12-27,汇顶科技今日大宗交易成交28.57万股，成交价70.0元折价11.95%,Wind资讯
1634,2018-12-26,A股共发生87宗大宗交易成交54.56亿元（12月26日）,Wind
1635,2018-12-26,上海证券市场大宗交易公开信息(2018-12-26),上交所
1636,2018-12-25,39股获券商买入评级 五粮液目标涨幅达47.17%,Wind
1637,2018-12-23,汇顶科技海外市场再突破 导入Google Home Hub触控芯片超300万片,中证网
1638,2018-12-18,兆易创新并购标的思立微“反击” 起诉汇顶科技与魅族经销商索赔2.4亿,每日经济新闻
1639,2018-12-17,思立微正式反击！年度指纹识别专利大战升级 汇顶科技成被告遭索赔2.4亿元 诉讼纠纷,e公司
1640,2018-12-17,汇顶科技早盘封跌停 成交额9078万元封单1357手,腾讯网
1641,2018-12-17,27股获券商买入评级 山西汾酒目标涨幅达42.20%,Wind
1642,2018-12-17,【汇顶科技*谢恒】深度：光学指纹厚积薄发，深耕技术潜力充足,东吴研究所
1643,2018-12-15,上游供应链裁员、业绩缩水 5G黎明之前：手机供应链陷“寒冬” 员工变动,中国经营报
1644,2018-12-14,"半导体行业研究周报:比亚迪引领汽车“芯”时代,屏下指纹面面观",国金证券
1645,2018-12-12,【汇顶科技（603160）】屏下指纹驱动成长，3D及IoT蓄势待发,中信证券研究
1646,2018-12-11,汇顶科技：竞拍取得国有土地使用权签订重大合同,金融界
1647,2018-12-11,券商首次关注4股并给予买入评级（12月11日）,Wind
1648,2018-12-11,34股获券商买入评级 保利地产目标涨幅达65.76%,Wind
1649,2018-12-06,汇顶再讼兆易创新收购标的 专利战火燃向一家拟上市公司,e公司
1650,2018-12-06,大股东减持有三大特征 秦安股份三股东欲大幅减持 减持股份,重庆商报
1651,2018-11-27,明日最具投资机会六大牛股一览（2018年11月27日）,中财网
1652,2018-11-26,汇顶科技午后异动重挫5.26%报70.11元 成交4714万元,腾讯网
1653,2018-11-23,汇顶科技：股东汇信投资拟减持不超2.5%,Wind
1654,2018-11-23,汇顶科技：5.58亿拍了一块地,北京晨报
1655,2018-11-23,兆易创新并购指纹芯片企业遇“程咬金” 两个月内汇顶科技四次起诉标的专利侵权,每日经济新闻
1656,2018-11-22,汇顶科技：以5.58亿元竞得深圳福田区地块,证券之星
1657,2018-11-22,汇顶科技今日大宗交易成交71万股，成交价69.3元折价9.65%,Wind资讯
1658,2018-11-19,汇顶科技再次起诉思立微和信利光电侵犯其专利，共计索赔5050万元 诉讼纠纷,C114通信网
1659,2018-11-17,兆易创新并购刚通过添烦恼：诉讼缠身思立微业绩承压 诉讼纠纷,投资者报
1660,2018-11-16,思立微再遭汇顶科技专利诉讼 屏下光学指纹亦未幸免 诉讼纠纷,中国经营网
1661,2018-11-10,毛利率升至52% 汇顶科技阵痛后复苏,Ofweek
1662,2018-11-08,"汇顶科技公司2018年三季报点评:全面屏占比提升提振,光学指纹识别值得期待",正点财经
1663,2018-11-01,汇顶科技已恢复与OPPO合作 屏下指纹渗透率扩大,新浪
1664,2018-11-01,汇顶科技三季度毛利率达52% 屏下光学指纹产品贡献突出,和讯
1665,2018-11-01,汇顶科技2018年前三季度营收23.65亿元 同比降17%,C114通信网
1666,2018-10-31,汇顶科技与OPPO恢复合作 新一代“拳头产品”渗透率持续扩张,中证网
1667,2018-10-31,汇顶科技三季度屏下指纹产品渗透率提高 已与OPPO恢复合作,每日经济新闻
1668,2018-10-31,汇顶科技前三季业绩下滑减弱，未来全靠屏下光学指纹芯片起量,21世纪经济报道
1669,2018-10-31,31日晚间利好消息汇总,证券时报网
1670,2018-10-31,光学指纹芯片放量提振业绩 汇顶科技三季度毛利大增,e公司
1671,2018-10-31,国产芯片板块午后发力，上海新阳、盈方微携手封板,Wind
1672,2018-10-31,汇顶科技CFO陈恒真：OPPO和汇顶已恢复合作,每日经济新闻
1673,2018-10-31,汇顶科技：已恢复与OPPO合作，目前已批量为其供货,IT之家
1674,2018-10-31,汇顶科技：已恢复与OPPO合作 目前已批量为OPPO供货,e公司
1675,2018-10-31,“隐形”的中国芯片巨头：年出货量超过2亿，今年有望成行业第一,维库电子市场
1676,2018-10-30,汇顶科技：前三季度净利润同比减58.21% 盈利能力下降,Wind
1677,2018-10-29,兆易创新并购标的深陷2.1亿元诉讼 无视风险“带病”闯关,投资者报
1678,2018-10-19,兆易创新调减募资规模 推进思立微重组方案,Ofweek
1679,2018-10-18,汇顶科技加持华为Mate 20 Pro 屏下指纹技术将迎市场大战？,维库电子市场
1680,2018-10-17,汇顶科技多项技术应用于华为Mate 20系列,中证网
1681,2018-10-17,华为Mate 20发布！多重黑科技，石墨烯、无线充电……这些A股公司已参与,e公司
1682,2018-10-16,稳了！汇顶科技以创新技术助力华为Mate 20 系列突破想象,C114通信网
1683,2018-10-16,汇顶科技：屏下指纹东风来 公司业绩乘风起,红周刊
1684,2018-10-10,国产芯片·大阅兵,半导体风向标
1685,2018-10-09,重组标的被诉侵权 兆易创新称推进重组,证券时报
1686,2018-10-08,汇顶科技：生物识别值得期待 买入评级,国海证券
1687,2018-09-30,9月30日晚间上市公司十大重磅公告,巨丰财经
1688,2018-09-30,联发科将出售汇顶科技2%股权 交易总额或达7.27亿元,维库电子市场
1689,2018-09-30,"汇顶科技动态点评:屏下成长空间广阔,生物识别值得期待",国海证券
1690,2018-09-29,汇顶诉思立微侵犯三项专利索赔2亿，后者称都是业界通用技术,澎湃新闻
1691,2018-09-29,汇顶索赔2.1亿元，指控思立微和鼎芯无线侵权其指纹产品专利 诉讼纠纷,维库电子市场
1692,2018-09-28,干掉刘海的最佳途径 屏下指纹识别技术现状纵览,TechWeb
1693,2018-09-28,汇顶科技：股东汇发国际拟减持不超2%股份,Wind
1694,2018-09-28,汇顶科技：汇发国际拟减持不超2%股份,e公司
1695,2018-09-27,vivo：结构光缺少应用 未来看好TOF,每日经济新闻
1696,2018-09-27,屏下光学指纹识别量产普及，汇顶走出营运低潮期,维库电子市场
1697,2018-09-26,9月26日有64家公司获重要股东增减持 保税科技已被连续增持58次 减持股份,Wind
1698,2018-09-25,半导体、电子设备：市场情绪有所转暖 反弹优选龙头企业,银河证券
1699,2018-09-25,汇顶科技再下一城，屏下指纹技术成各家争夺之资源,和讯
1700,2018-09-25,走过“至暗时刻” 汇顶不止有指纹芯片,维库电子市场
1701,2018-09-25,OPPO封杀汇顶 手机厂商的供应商雷区,新浪
1702,2018-09-25,"电子行业:研发抵扣新政鼓励科技创新,电子产业升级前景光明",东吴证券
1703,2018-09-24,OPPO和汇顶此番争吵的背后，凸显了国产供应商正做的越来越好,搜狐
1704,2018-09-22,"汇顶科技供货违约遭OPPO""拉黑"" 手机商暗战供应链 违约失信",中国经营报
1705,2018-09-20,清仓式减持来袭，呈现哪些特征，如何规避风险？,Wind
1706,2018-09-19,封杀之后OPPO为何光速打脸直接谅解汇顶科技,搜狐
1707,2018-09-18,快讯：芯片概念股盘初快速走强 汇顶科技领涨,中国经济网
1708,2018-09-18,一则工作“失误”声明背后的供应链之争,21世纪经济报道
1709,2018-09-17,OPPO公司以不守信为由封杀汇顶五年，汇顶官方致歉,砍柴网
1710,2018-09-17,OPPO和汇顶的矛盾揭开了厂商与供应链的关系，内讧只会带来更多伤害,搜狐
1711,2018-09-17,约定供货被延后：OPPO“封杀”供应商汇顶科技,通信产业网
1712,2018-09-16,汇顶科技官网就“工作失误”致歉 获OPPO谅解,新京报
1713,2018-09-15,汇顶科技张帆：今年屏下指纹销量过千万支，明年用到千元机上,IT之家
1714,2018-09-15,重罚！汇顶科技因供货问题被OPPO打入冷宫！现已发信道歉 其他违规处罚,搜狐
1715,2018-09-15,汇顶科技：期待仍有机会与OPPO达成崭新合作,e公司
1716,2018-09-15,直击|因供货延期被OPPO拉黑 汇顶科技致歉双方和解,新浪
1717,2018-09-15,因供货承诺延迟被OPPO列入“黑名单” 汇顶科技致歉获OPPO谅解 违约失信,中证网
1718,2018-09-15,易读|汇顶屏下指纹供货失误向OPPO道歉，OPPO表示谅解,网易
1719,2018-09-15,因屏下指纹供货闹僵：OPPO与汇顶牵手和解,驱动之家
1720,2018-09-15,汇顶科技回应被OPPO“封杀”：深表歉意,IT之家
1721,2018-09-15,OPPO与汇顶科技初步就屏下指纹供货失误达成谅解,Wind
1722,2018-09-13,从追随到引领：汇顶科技是如何站到光学指纹识别市场C位的,C114通信网
1723,2018-09-09,半导体、电子设备：全球半导体半年报呈正向趋势,国盛证券
1724,2018-09-09,半导体、电子设备：密切关注5G发展进程,川财证券
1725,2018-09-07,市场底部阶段拥抱成长股,巨丰财经
1726,2018-09-07,手机产业链“期中考”： 技术迭代阵痛显现 多元布局平衡风险,21世纪经济报道
1727,2018-09-04,让联发科5年大赚600倍！汇顶张帆：中国一定会有千亿级芯片公司诞生,搜狐
1728,2018-08-31,首条6寸VCSEL芯片产线将投产 关注相关产业链公司,金融界
1729,2018-08-28,[买入评级]汇顶科技(603160)中报点评：净现金流远超净利润 光学指纹蓄势待发,中财网
1730,2018-08-27,汇顶科技上半年净利下滑76% 屏下指纹识别产品有望三季度放量,e公司
1731,2018-08-27,从OPPO/vivo看屏下指纹之战：思立微对决汇顶科技,Ofweek
1732,2018-08-25,美图公司日前回购700万股公司股份，涉资2969亿港元；阅文集团与中图公司达成全球战略合作丨【每日播报】,微信
1733,2018-08-24,汇顶科技今年上半年营收同比减少24% 受手机市场出货量下降影响,TechWeb
1734,2018-08-24,汇顶科技：上半年净利润同比减76.72% 盈利能力下降,Wind
1735,2018-08-22,3D SENSING、屏下指纹主题报告：短期屏下指纹 长期3D SENSING,中财网
1736,2018-08-21,【消费电子】龙头集中，创新延续,中信证券研究
1737,2018-08-20,汇顶科技午后异动跳水7.41%报66.00元成交6687万元振幅8.22%,腾讯网
1738,2018-08-20,汇顶科技午后异动跳水5.23%报67.55元成交3696万元振幅6.05%,腾讯网
1739,2018-08-17,光学光电子行业深度报告：全面屏时代 屏下指纹大势所趋,中财网
1740,2018-08-15,董秘解码：紫光国微今年目标是进入芯片设计公司前十强,巨丰财经
1741,2018-08-13,轻触为你解锁视界，手机屏幕指纹识别的来世今生,新浪
1742,2018-08-10,巨丰热点：全球首个7纳米芯片量产 芯片概念股活跃,巨丰财经
1743,2018-08-03,下周176亿市值限售股解禁，环比减少14%,Wind
1744,2018-07-31,汇顶科技：关于2017年限制性股票激励计划授予的限制性股票第一个解除限售期解除限售暨上市公告,上交所
1745,2018-07-31,[中性评级]电子设备行业周报：2018全球半导体市场将增长14% 我国集成电路进口替代势在必行,中财网
1746,2018-07-29,[买入评级]汇顶科技(603160)深度研究：光学指纹恰逢其时 汇顶科技再度领航,中财网
1747,2018-07-27,电子行业目前正处年内旺季 5股吹响进攻集结号,证券之星
1748,2018-07-26,[看好评级]电子行业2018下半年投资策略：2018虽非电子大年 惟目前正处年内旺季,中财网
1749,2018-07-24,丘钛科技新品获突破 3D识别屏下指纹望加速渗透(附股),金融界
1750,2018-07-11,汇顶科技大跌5.04%，报65.41元,腾讯网
1751,2018-07-07,透视A股“中国芯”： 70家公司研发投入营收比逾9%,21世纪经济报道
1752,2018-07-05,[同步大市-A评级]电子元器件行业深度分析：创新驱动：生物识别市场再迎机遇,中财网
1753,2018-07-03,汇顶科技大涨7.61%，报70.00元,腾讯网
1754,2018-07-03,【川财研究所*专题报告】科创板上市公司全景概览之二：杭可科技、光峰科技、澜起科技、中国通号,川财研究
1755,2018-06-28,汇顶科技年报推10派6元 股权登记7月5日,金融界
1756,2018-06-26,电子行业动态周报：国产手机屡攀创新高峰 智能手机行业继续回暖,中财网
1757,2018-06-25,野村上调汇顶科技评级，看好指纹传感需求,金融界
1758,2018-06-16,汇顶科技心率检测芯片实现规模商用,Ofweek
1759,2018-06-13,14个月下滑终结 国内手机市场“拐点”来了（附股）,新浪
1760,2018-06-13,汇顶科技为vivo NEX独家供应屏下光学指纹方案,中证网
1761,2018-06-13,4G5G替换空窗期手机市场鏖战 国内四大巨头硬件比拼“短兵相接”,每日经济新闻
1762,2018-06-13,半导体产业上游依旧是欧美日垄断|一句话点评,元器件交易网
1763,2018-06-12,精度提升50%！汇顶科技为vivo NEX独家供应屏下指纹方案,元器件交易网
1764,2018-06-12,中国芯片产业深度调查|IC设计篇：只有华为敢对高通说不,和讯
1765,2018-06-07,“吓人技术” 在荣耀Play首发，汇顶心率检测芯片规模商用,腾讯网
1766,2018-06-06,汇顶科技：心率检测芯片商用于华为荣耀心晴耳机,e公司
1767,2018-06-06,大参考：国内芯片产业新一轮投资周期或将开启,巨丰财经
1768,2018-06-04,中国芯片产业链细分领域龙头名单,维库电子市场
1769,2018-06-02,智能手机销量回暖 A股小伙伴有哪些,投资快报
1770,2018-06-01,苹果产业链7只概念股价值解析,中国证券网
1771,2018-05-31,汇顶科技屏下指纹获小米年度新品商用,中证网
1772,2018-05-31,汇顶科技：为小米8探索版提供“压感屏幕指纹识别”,e公司
1773,2018-05-11,[优异评级]电子行业周报：原材料供应紧缺 被动元件持续景气,中财网
1774,2018-05-11,电子行业专题研究：半导体板块表现突出 行业整体增速达近五年最高水平,中财网
1775,2018-05-07,汇顶科技张帆的危机感 “中国芯”为何三次转弯,投资者报
1776,2018-05-06,一周股事：多空因素影响下市场维持底部整理 做多资金乏力,巨丰财经
1777,2018-05-04,全球芯片龙头市值蒸发百亿 汇顶科技覆巢下焉能完卵,新浪
1778,2018-05-04,指纹芯片竞争白热化 屏下指纹今年无望,新浪
1779,2018-05-03,5月3日A股龙虎榜揭秘，机构最青睐3股,--
1780,2018-05-03,汇顶科技龙虎榜数据（5月3日）,Wind资讯
1781,2018-05-03,今日A股市场四大牛股与四大熊股一览（2018年5月3日）,山东神光
1782,2018-05-03,透视A股“中国芯”：70家公司研发投入营收比逾9%,--
1783,2018-05-03,A股研发支出账单,21世纪经济报道
1784,2018-05-02,汇顶科技龙虎榜数据（5月2日）,Wind资讯
1785,2018-05-02,汇顶科技：股价连续跌停 无应披露未披露信息,e公司
1786,2018-05-02,【解盘论市】创业板季度级别KDJ居然金叉了！这是走牛的征兆哇,Wind
1787,2018-05-02,市场恐慌情绪犹在 汇顶科技股价跌停,金融界
1788,2018-05-02,一季度业绩下降超九成，连吃跌停的汇顶科技还有未来吗？,21世纪经济报道
1789,2018-05-02,汇顶科技两天蒸发91亿 首季业绩断崖下跌基金齐撤退,中国经济网
1790,2018-05-02,海外市场新里程 汇顶科技进入三星供应链,元器件交易网
1791,2018-05-02,汇顶科技：指纹识别解决方案进入三星供应链,e公司
1792,2018-04-29,"汇顶财报解读:市场技术换挡,屏下指纹与3D人脸识别业绩可期",元器件交易网
1793,2018-04-28,汇顶科技2017营收36.81亿同比增19.56% 研发投入5.97亿,和讯
1794,2018-04-28,"【悲剧】大唐电信股票变更ST大唐,三安五个月市值蒸发450亿",元器件交易网
1795,2018-04-27,指纹芯片市场趋饱和 汇顶科技押宝新技术改善毛利,新浪
1796,2018-04-27,汇顶科技董事长：发展“世界级中国芯”三要素已齐，只盼这一点,每日经济新闻
1797,2018-04-27,跌停板解密：白马股重挫纷纷遭资金抛售！（4月27日）,Wind
1798,2018-04-27,汇顶科技：业绩下滑在预期内 光学指纹芯片预期年内出货千万级,e公司
1799,2018-04-27,CFi收盘揭秘：上证50V型反转是养老金低位建仓了？,中财网
1800,2018-04-27,一季度利润同比暴跌88.96% 汇顶科技逼近跌停板,金融界
1801,2018-04-27,开盘观察:两市冲高后再度跳水 游资放假了不愿接盘,中财网
1802,2018-04-27,汇顶科技跌停,e公司
1803,2018-04-26,汇顶科技2017年净利8.87亿元，屏幕指纹产品有望规模商用,元器件交易网
1804,2018-04-26,汇顶科技：2017年净利润同比增3.52%,Wind
1805,2018-04-26,汇顶科技：一季度净利润同比减88.96%,Wind
1806,2018-04-26,巨丰收评：白马股杀跌加剧调整,巨丰财经
1807,2018-04-26,国产芯片概念股再盘点之设计篇：两大龙头未上市，汇顶进前十,澎湃新闻
1808,2018-04-23,A股共发生43宗大宗交易成交9.18亿元(4月23日),Wind
1809,2018-04-23,汇顶科技今日大宗交易成交13.13万股，成交价92.8元折价12.96%,Wind资讯
1810,2018-04-23,金股预测早间版：8股有望开启估值修复,巨丰财经
1811,2018-04-23,巨丰早评：两大事件或刺激大盘企稳,巨丰财经
1812,2018-04-23,大基金资本局：3200亿芯片“国家队”浮出水面,新京报
1813,2018-04-20,十大异动股点评：阿里达摩院自主研发AI芯片 汇顶科技封涨停,巨丰财经
1814,2018-04-20,涨停板解密：芯片国产化概念股逆市继续上攻！（4月20日）,Wind
1815,2018-04-20,巨丰资金流向：市场调整加剧市场分化 芯片概念股逆势活跃,巨丰财经
1816,2018-04-20,巨丰收评：二次探底打开低吸窗口,巨丰财经
1817,2018-04-20,涨停揭秘：两市杀跌引分化 少数股逆势涨停,巨丰财经
1818,2018-04-20,汇顶科技涨停 领涨集成电路板块,证券之星
1819,2018-04-20,巨丰热点： 中国将加大芯片领域投入 概念股逆势走强,巨丰财经
1820,2018-04-20,芯片概念板块飘红 汇顶科技大涨,证券之星
1821,2018-04-18,汇顶科技2017年营收近39亿 同比增长至少25.6%,Ofweek
1822,2018-03-26,汇顶科技:屏下光学指纹方案规模商用,上海证券
1823,2018-03-23,屏下指纹识别受欢迎!华为或将采用高通超声波指纹识别方案,元器件交易网
1824,2018-03-20,2017年国产智能手机指纹芯片供应商双足鼎立,Ofweek
1825,2018-03-20,汇顶科技屏下光学指纹规模商用，舜宇光学2017年营收224亿元,元器件交易网
1826,2018-03-19,汇顶科技屏下光学指纹规模商用，vivo X21首发,元器件交易网
1827,2018-03-15,国产品牌话语权越来越大 哪些上市公司要看它们“脸色”？,维库电子市场
1828,2018-03-14,"【布局】汇顶张帆:布局下一个千亿市场,不会守着技术到老",元器件交易网
1829,2018-03-13,"张帆:汇顶不会守着一个技术吃到老,布局NBIoT下一个千亿市场",元器件交易网
1830,2018-03-07,汇顶科技CEO张帆：用“自研+并购”模式布局三大业务,中证报
1831,2018-03-07,3D玻璃、全面屏、无线充电……“黑科技”照亮你的美！,--
1832,2018-03-06,[推荐评级]通信行业周报：2018年世界移动通信大会召开 聚焦5G商用部署,中财网
1833,2018-03-06,"电子行业专题报告:MWC2018精彩来袭,5G技术、智能手机闪耀登场",平安证券
1834,2018-03-01,大基金二期重磅来袭 撬动投资过万亿,中证报
1835,2018-03-01,2018MWC技术新趋势： 从“人工智能”到“应用智能”,第一财经日报
1836,2018-02-28,汇顶科技:即将商用屏下指纹方案 开启IoT新业务,和讯
1837,2018-02-27,巨丰复盘：权重股低迷拖累大盘 题材股轮番表现激活市场人气,巨丰财经
1838,2018-02-27,巨丰收评：权重股回调无碍创业板反弹,巨丰财经
1839,2018-02-27,每经记者带你逛MWC2018：5G芯片1秒下完一部网剧，手机也能拍超慢动作,每经网
1840,2018-02-27,网传汇顶科技屏幕指纹技术已经成熟 小米7或将率先采用,泡泡网
1841,2018-02-27,人脸识别拉升 汇顶科技领涨,证券之星
1842,2018-02-27,【MWC】华为全球首款8天线4.5G LTE基带芯片巴龙765;汇顶新征程,元器件交易网
1843,2018-02-27,27日早间利好消息汇总,证券时报
1844,2018-02-27,vivo推超高屏占比概念机 屏下指纹技术升级(受益股),金融界
1845,2018-02-26,汇顶科技宣布第二代屏下光学指纹技术年内量产,品玩
1846,2018-02-26,汇顶MWC开启新征程，进军NB-IoT开拓千亿规模市场,元器件交易网
1847,2018-02-26,汇顶科技进军物联网市场 并购德国半导体蜂窝IP提供商,证券时报
1848,2018-02-26,汇顶科技宣布进军NB-IoT 并发布屏下光学指纹方案,每日经济新闻
1849,2018-02-26,指纹识别公司汇顶科技收购德国一公司欲进入NB-IoT,腾讯网
1850,2018-02-13,A股迎来久违反弹，大盘或将企稳回升,第一财经
1851,2018-02-13,快乐过春节！不用过多埋怨 看看这些“超级被套者”,中财网
1852,2018-02-13,下一代iPhone X将配屏下指纹 六股望率先发力,证券时报
1853,2018-02-12,兆易创新收购承诺难兑现,证券市场周刊
1854,2018-02-11,TMT行业动态：中国半导体行业全景图,中财网
1855,2018-02-08,深圳市汇顶科技股份有限公司监事会关于限制性股票激励计划激励对象人员名单的核查意见及公示情况说明,证券时报
1856,2018-02-05,汇顶科技全资子公司收购德国公司 增强物联网产业布局,C114通信网
1857,2018-02-05,汇顶科技收购海外标的布局IoT，海格通信签订3亿元军工合同,元器件交易网
1858,2018-02-04,汇顶科技收购海外标的布局IoT，大基金将其入驻董事会,元器件交易网
1859,2018-02-02,太平洋电子|每日公告20180202,刘翔电子研究
1860,2018-02-01,【聚焦】蔡力行任CEO，7nm要明年；顾大为将出任汇顶监事,元器件交易网
1861,2018-02-01,联发科CFO顾大为将出任汇顶科技监事,元器件交易网
1862,2018-01-24,屏下指纹识别手机实现量产 与苹果Face ID同台竞技,每日经济新闻
1863,2018-01-23,巨丰热点前瞻：市场短期或迎风格切换,巨丰财经
1864,2018-01-23,全球首款屏下指纹手机本周发布 全面屏开启新时代(股),金融界
1865,2018-01-15,[强于大市评级]电子行业专题报告：CES 2018盛宴 科技浪潮创新迭起,中财网
1866,2018-01-15,【平安重点】行业专题报告*电子*CES 2018盛宴，科技浪潮创新迭起*强于大市,平安研究
1867,2018-01-11,1月11日有47家公司获重要股东增减持 赛轮金宇已被连续增持71次,Wind
1868,2018-01-11,【突破】汇顶指纹芯多元化加速；,元器件交易网
1869,2018-01-10,汇顶指纹芯多元化加速，Dell 指纹解锁方案笔记本亮相CES 2018,元器件交易网
1870,2018-01-10,汇顶科技：Dell旗舰笔记本搭载汇顶一键解锁指纹方案,e公司
1871,2018-01-10,【晨会聚焦】创新药龙头的投资机会如何？,中泰证券研究所
1872,2018-01-10,【电子】郑震湘：CES展前瞻：关注智能汽车、智能家居及消费电子创新三大主线-20180109,中泰证券研究所
1873,2018-01-07,三安光电：巩固LED领先优势 加速化合物半导体布局；,元器件交易网
1874,2018-01-06,剑指全面屏 兆易创新拟全资收购思立微,中国经营网
1875,2018-01-06,盘点2017年中国MEMS领域的重要投融资事件,维库电子市场
1876,2018-01-03,全球顶级消费电子展临近屏下指纹成关注焦点(受益股),金融界
1877,2018-01-02,汇顶科技：2018年屏下光学指纹技术有望大规模商用,Wind
1878,2018-01-02,汇顶科技：2018年屏下光学指纹技术有望大规模商用,e公司
