,2021-12-31,沪硅产业：在使用进口设备的同时，也在积极推进本土设备的认证,每日经济新闻
0,2021-12-31,和讯SGI公司| 中环股份SGI指数最新评分79分，月内绛价两次，去产能的价格战开打了？,和讯
1,2021-12-31,沪硅产业：公司目前没有SiC业务,每日经济新闻
2,2021-12-30,沪硅产业-U今日大宗交易成交146万股，成交价24.81元折价4.21%,Wind
3,2021-12-30,沪硅产业大宗交易成交1811.13万元,证券时报网
4,2021-12-30,沪硅产业-U今日大宗交易成交73万股，成交价24.81元折价4.21%,Wind
5,2021-12-30,"沪硅产业现1笔大宗交易 共成交1,811.13万元",新浪
6,2021-12-29,沪硅产业大宗交易成交150.00万股 成交额3708.00万元,证券时报网
7,2021-12-29,"沪硅产业现1笔大宗交易 共成交3,708.00万元",新浪
8,2021-12-29,沪硅产业-U今日大宗交易成交150万股，成交价24.72元折价3.17%,Wind
9,2021-12-28,"沪硅产业现1笔大宗交易 共成交1,515.60万元",新浪
10,2021-12-28,沪硅产业-U今日大宗交易成交60万股，成交价25.26元折价4.21%,Wind
11,2021-12-17,沪硅产业(688126.SH)向特定对象发行股票申请获中国证券监督管理委员会同意,智通财经
12,2021-12-17,沪硅产业：向特定对象发行股票申请获证监会同意注册批复,e公司
13,2021-12-17,沪硅产业(688126.SH)：定增申请获中证监同意注册批复,格隆汇
14,2021-12-16,"沪硅产业现1笔大宗交易 共成交1,040.80万元",新浪
15,2021-12-16,沪硅产业-U今日大宗交易成交40万股，成交价26.02元折价3.99%,Wind
16,2021-12-15,和讯SGI公司| 沪硅产业SGI指数最新评分54分，股价涨了6.1倍，盈利能力差是短板,和讯
17,2021-12-14,沪硅产业-U今日大宗交易成交20万股，成交价26.62元折价3.76%,Wind
18,2021-12-13,A股共发生228宗大宗交易成交50.73亿元（12月13日）,Wind
19,2021-12-13,6只科创板股大宗交易成交超3000万元,证券时报网
20,2021-12-13,2021年12月13日大宗交易机构专用买入席位报告,搜狐
21,2021-12-13,沪硅产业现1笔大宗交易 共成交535.40万元,新浪
22,2021-12-13,沪硅产业-U今日大宗交易成交20万股，成交价26.77元折价3.29%,Wind
23,2021-12-06,深度*行业*化工行业2022年策略：优秀龙头有望价值重估 新材料发展空间广阔,新浪
24,2021-12-06,电子元器件周报：智能手机出货量逐步回暖 折叠屏引领消费电子新方向,新浪
25,2021-12-06,电子周报：车用芯片供给逐步升温；联电将启动新一轮长约涨价,新浪
26,2021-12-03,整整落后16年！半导体核心部件被国际巨头垄断，中企“团战”反攻,搜狐
27,2021-12-02,中保投基金参投百济神州背后：偏好投向战略新兴领域 已参投4家科创板公司,财联社
28,2021-12-02,9只科创板股获北向资金减仓,证券时报网
29,2021-12-01,沪硅产业：变更“21沪硅产业MTN001”募资用途,Wind
30,2021-12-01,“大并购时代”必将到来？谁是中国半导体硅片的希望？,Ofweek
31,2021-12-01,沪硅产业11月30日现3笔大宗交易,证券时报网
32,2021-12-01,沪硅产业：上市不足一年再次融资扩产是否“操之过急”,面包财经
33,2021-11-30,沪硅产业现3笔大宗交易 总成交金额8643.40万元,证券时报网
34,2021-11-30,2021年11月30日大宗交易机构专用买入席位报告,搜狐
35,2021-11-30,沪硅产业-U今日大宗交易成交200万股，成交价29.2元折价1.48%,Wind
36,2021-11-30,"沪硅产业现3笔大宗交易 共成交8,643.40万元",新浪
37,2021-11-29,沪硅产业(688126)：增加2021年度日常关联交易预计额度,资本邦
38,2021-11-26,沪硅产业：股东上海嘉定工业区开发有限公司于2021年10月26日至2021年11月25日期间减持公司股份约209万股，本次减持计划时间已过半,每日经济新闻
39,2021-11-26,沪硅产业(688126.SH)股东嘉定开发集团减持209.43万股 减持期过半 减持股份,智通财经
40,2021-11-26,沪硅产业：嘉定开发集团累计减持公司股份209.43万股，减持时间过半 减持股份,Wind
41,2021-11-25,"沪硅产业现2笔大宗交易 共成交7,279.00万元",新浪
42,2021-11-25,沪硅产业-U今日大宗交易成交200万股，成交价29.28元折价1.51%,Wind
43,2021-11-24,沪硅产业-U今日大宗交易成交100万股，成交价29.0元折价1.39%,Wind
44,2021-11-23,电子元器件周报：晶圆代工持续高景气 MINILED产业化进程加速,新浪
45,2021-11-23,沪硅产业-U今日大宗交易成交200万股，成交价29.08元折价1.49%,Wind
46,2021-11-23,"沪硅产业现1笔大宗交易 共成交5,816.00万元",新浪
47,2021-11-23,深度*行业*半导体行业周报：思瑞浦发布数字隔离产品 FPGA安路科技上市,新浪
48,2021-11-22,电子周报：手机厂商开拓汽车“下半场” 半导体处于健康的投资周期,新浪
49,2021-11-22,化工周报：北交所正式开盘；双碳系列政策持续落地、煤化工行业频出新动态,新浪
50,2021-11-22,"沪硅产业现1笔大宗交易 共成交5,834.00万元",新浪
51,2021-11-22,沪硅产业-U今日大宗交易成交200万股，成交价29.17元折价1.49%,Wind
52,2021-11-22,电子行业周报：折叠屏关注度继续升温 德仪宣布大额扩产计划,新浪
53,2021-11-17,科创板再融资市场火热，428亿元“补血”硬科技，企业还有哪些新需求？,21世纪经济报道
54,2021-11-16,SEMI报告：全球硅晶圆出货量再创新高,中国电子报
55,2021-11-16,神工股份：公司硅片产品定位为“半导体级8英寸轻掺低缺陷抛光片” 。与沪硅产业的硅片并不相同,每日经济新闻
56,2021-11-15,凤凰光学主业切换盛宴,证券市场周刊
57,2021-11-15,沪硅产业-U今日大宗交易成交150万股，成交价29.0元折价1.43%,Wind
58,2021-11-15,"沪硅产业现1笔大宗交易 共成交4,350.00万元",新浪
59,2021-11-12,"沪硅产业现1笔大宗交易 共成交2,940.00万元",新浪
60,2021-11-12,沪硅产业-U今日大宗交易成交100万股，成交价29.4元折价1.51%,Wind
61,2021-11-11,沪硅产业现2笔大宗交易 合计成交260.00万股,证券时报网
62,2021-11-11,沪硅产业-U今日大宗交易成交260万股，成交价30.14元折价1.5%,Wind
63,2021-11-11,"沪硅产业现2笔大宗交易 共成交7,836.40万元",新浪
64,2021-11-11,SEMI公布最新报告，全球硅晶圆出货量再创新高,中国电子报
65,2021-11-10,中国短期融资券及中期票据信用分析周报,新浪
66,2021-11-10,"沪硅产业现2笔大宗交易 共成交5,802.00万元",新浪
67,2021-11-10,电子行业周报：从美股大涨看中国半导体投资机遇,新浪
68,2021-11-10,沪硅产业11月9日现2笔大宗交易,证券时报网
69,2021-11-09,沪硅产业现2笔大宗交易 合计成交200.00万股,证券时报网
70,2021-11-09,"沪硅产业现2笔大宗交易 共成交5,720.00万元",新浪
71,2021-11-09,罕见！狂飙13个涨停板，重组大牛股却看空自家股价！是炒的太凶了，还是上市公司不懂估值？,雪球
72,2021-11-08,电子元器件周报：晶圆代工产值与资本开支同增长 半导体行业景气度持续,新浪
73,2021-11-08,电子周报：半导体制造年会再次强调供应链安全 汽车电子持续景气,新浪
74,2021-11-06,【行业深度】洞察2021：全球半导体硅片行业竞争格局及市场份额(附市场集中度、企业竞争力评价等),证券之星
75,2021-11-05,"沪硅产业现1笔大宗交易 共成交4,216.50万元",新浪
76,2021-11-04,"沪硅产业现2笔大宗交易 共成交5,692.00万元",新浪
77,2021-11-02,科创板新材料Q3扫描：原材料压力侵蚀部分公司业绩 锂电产业链风景独好,财联社
78,2021-10-29,沪硅产业：公司正在对鑫华半导体多晶硅材料进行产品论证,每日经济新闻
79,2021-10-29,沪硅产业：公司12寸重掺硅片已开展研发，目前产品以轻掺为主,每日经济新闻
80,2021-10-29,沪硅产业：公司提供的半导体硅片产品类型涵盖300mm抛光片及外延片、200mm及以下抛光片、外延片以及200mm及以下的SOI硅片,每日经济新闻
81,2021-10-29,2021年全球半导体硅片行业市场竞争趋势分析 国内外半导体硅片厂商正逐步缩小差距,证券之星
82,2021-10-28,三季报|沪硅产业扣非后归母净利减亏加大 合同负债2204.57万元“未增加”,财联社
83,2021-10-28,沪硅产业(688126.SH)前三季度归母净利润1.01亿元,智通财经
84,2021-10-28,沪硅产业(688126.SH)前三季度拟计提资产减值准备3111.07万元,智通财经
85,2021-10-28,沪硅产业(688126.SH)第三季度净亏损463.22万元,格隆汇
86,2021-10-28,图解沪硅产业三季报：第三季度单季净利润同比减105.73%,证券之星
87,2021-10-28,沪硅产业：2021年第三季度净利润-463.22万元,每日经济新闻
88,2021-10-28,沪硅产业-U：前三季度净利润1.01亿元，扭亏为盈,Wind
89,2021-10-27,沪硅产业：公司及控股子公司获得政府补助共计1164.75万元,每日经济新闻
90,2021-10-27,电子周报：中芯国际积极扶持战略供应商 继续看好设备材料、功率和模拟,新浪
91,2021-10-26,预见2022：《2022年中国半导体硅片行业全景图谱》(附市场现状、竞争格局和发展趋势等),证券之星
92,2021-10-25,终结11连板，凤凰光学能否再“起飞”？,搜狐
93,2021-10-25,电子行业周报：鸿蒙生态蓬勃发展 IOT产业加速,新浪
94,2021-10-20,沪股通昨日加仓16只科创板股,证券时报
95,2021-10-19,深度*行业*半导体行业周报：三季报业绩普遍高增长 台积电表示产能紧张延续至2022全年,新浪
96,2021-10-19,13只科创板股获北向资金加仓,证券时报
97,2021-10-18,电子行业周报：关注折叠屏创新、荣耀崛起以及苹果MINILED新品发布,新浪
98,2021-10-14,深度*行业*半导体新股系列10：天岳先进-专注SIC衬底 做半导体材料战略突破先行者,新浪
99,2021-10-13,南财脱水研报丨半导体材料紧缺继续，投资逻辑是否改变？,21经济网
100,2021-10-11,半导体硅片产能紧缺 行业正积极扩产 该头部公司三季度大幅预增,财联社
101,2021-10-11,电子元器件周报：芯片大厂开启新一轮涨价潮 半导体景气度有望延续,新浪
102,2021-10-08,沪硅产业：SOI有计划扩产,Wind
103,2021-10-08,沪硅产业：折旧对利润影响是比较大的，占公司总收入的20%左右,Wind
104,2021-10-04,【干货】半导体硅片行业产业链全景梳理及区域热力地图,前瞻研究院
105,2021-10-02,半导体持股体验太差？有机构表示：下跌就是机会，加强对半导体产业的调研,财联社
106,2021-09-30,大基金持仓|沪硅产业：国产半导体硅片龙头，主业何时能盈利？,财华社
107,2021-09-27,硅片长期被海外垄断，自主创新迫在眉睫，技术上已有突破,21世纪经济报道
108,2021-09-27,干货！2021年中国半导体硅片行业龙头分析——沪硅产业：市场需求存在不确定性风险,前瞻研究院
109,2021-09-26,半导体硅片有多紧缺？全球晶圆代工龙头追着大硅片公司签三年长单,上证报
110,2021-09-23,深度*行业*半导体行业周报：全球晶圆厂设备支出预期持续增长 国产先进封装光刻机迎来新进展,新浪
111,2021-09-22,电子元器件周报：IPHONE13正式发布 行业景气度有望延续,新浪
112,2021-09-18,日本信越化学 VS 中国沪硅产业：中日半导体硅片差距有多大？,Ofweek
113,2021-09-18,干货！2021年中日半导体硅片龙头企业对比——日本信越化学 VS 中国沪硅产业,前瞻研究院
114,2021-09-17,干货！2021年中国半导体硅片行业龙头企业对比：立昂微VS沪硅产业VS中环股份 谁是“行业之王”？,前瞻研究院
115,2021-09-16,沪硅产业(688126.SH)及子公司近期累计收到政府补助2389.49万元,格隆汇
116,2021-09-16,沪硅产业：公司及控股子公司获得政府补助共计约2389万元,每日经济新闻
117,2021-09-16,创耀科技IPO：研发费用率逐年下降 财务数据多处打架 欺诈造假,电鳗快报
118,2021-09-13,A股异动 | 沪硅产业(688126.SH)跌逾4% 嘉定开发集团拟减持不超1240万股 拟减持股份,格隆汇
119,2021-09-11,半导体行业双周报：多因素引发短期波动 行业长期发展向好具有确定性,新浪
120,2021-09-10,沪硅产业：股东拟减持不超过1240万股 拟减持股份,中证网
121,2021-09-10,沪硅产业：嘉定开发集团拟减持不超0.5%股份 拟减持股份,金融界
122,2021-09-10,沪硅产业：上海嘉定工业区开发（集团）有限公司和上海中科高科技工业园发展有限公司拟减持公司股份 拟减持股份,每日经济新闻
123,2021-09-10,沪硅产业(688126.SH)：嘉定开发集团拟减持不超1240万股 拟减持股份,格隆汇
124,2021-09-10,沪硅产业：股东嘉定开发集团拟减持不超0.5%公司股份 拟减持股份,财联社
125,2021-09-08,和讯SGI公司|沪硅产业股价腰斩，市值已蒸发967亿元！300mm硅片业务仍未实现盈利 盈利能力下降,和讯
126,2021-09-04,高抛周期股 低吸小盘成长股 具体买什么？,和讯
127,2021-09-01,沪硅产业(688126.SH)累计获政府补助2028.55万元,智通财经
128,2021-09-01,沪硅产业：公司及控股子公司获得政府补助共计约2029万元,每日经济新闻
129,2021-08-30,电子行业周报：公司中报点评：供需持续紧张 扩产红利仍在,新浪
130,2021-08-28,半年报解读|沪硅产业：300mm硅片产能已达25万片/月 下游需求增加上调关联交易额度,财联社
131,2021-08-27,沪硅产业：聘任黄燕为公司财务副总裁,每日经济新闻
132,2021-08-27,扭亏为盈 沪硅产业(688126.SH)半年度归母净利达1.05亿元,智通财经
133,2021-08-27,沪硅产业(688126.SH)聘任黄燕为财务副总裁,智通财经
134,2021-08-27,沪硅产业2021年上半年实现净利润1.06亿元，同比大幅增长224.87%,经济观察网
135,2021-08-27,沪硅产业：上半年净利1.05亿元 同比扭亏,财联社
136,2021-08-27,沪硅产业-U：上半年净利润1.05亿元，扭亏为盈,Wind
137,2021-08-17,深度*行业*半导体行业周报：全球半导体设备交付期延长至14个月,新浪
138,2021-08-16,通信电子行业周报：高精度位导龙头华测导航迈入自动驾驶时代,光大证券
139,2021-08-10,从凝聚人才到集聚资本 科创板铆定硬科技为产业破题,上证报
140,2021-08-09,通信电子行业周报：看好通信板块中期行情 半导体波动中掘金,光大证券
141,2021-08-09,沪硅产业现1笔大宗交易 共成交586.43万元,新浪
142,2021-08-09,沪硅产业-U今日大宗交易成交17.50万股，成交价33.51元溢价0.0%,Wind
143,2021-08-06,"沪硅产业现1笔大宗交易 共成交3,321.77万元",新浪
144,2021-08-06,沪硅产业-U今日大宗交易成交99.99万股，成交价33.22元溢价0.0%,Wind
145,2021-08-05,8只科创板股获北向资金加仓,证券时报网
146,2021-08-04,沪硅产业，拐点已至,新浪
147,2021-08-03,新材料板块周观点：大基金二期入股国内光刻胶龙头 金发科技工程塑料产能扩增,新浪
148,2021-08-02,中信证券：予沪硅产业-U(688126.SH)目标价50元 全球硅片市场需求旺盛,智通财经
149,2021-07-29,立昂微、沪硅、中环，半导体硅片谁最强？,搜狐
150,2021-07-28,中芯国际市值首破5000亿 芯片股冲高回落,北京商报
151,2021-07-27,市场追光硬科技：中芯国际盘中一度涨停，后市怎么看？,澎湃新闻
152,2021-07-27,全仓半导体的诺安涨上热搜！这些标的也被青睐,红周刊
153,2021-07-27,逆势大涨12.59%！中芯国际市值破5000亿 系科创板首家,北京商报
154,2021-07-27,芯片股暴涨 中芯国际市值首破5000亿,北京商报
155,2021-07-26,【行情】半导体芯片股拉升走高，芯朋微、赛腾股份涨停，北京君正涨超13%，华特气体、沪硅产业、晶瑞股份、宏达电子等跟涨,金十数据
156,2021-07-23,芯片材料接力爆发，买它！,证券之星
157,2021-07-22,晶盛机电12英寸单晶炉传出利好硅片厂生产忙碌国产设备验证要“再等等”,财联社
158,2021-07-20,电子周报：台积电上修全年半导体展望；小米Q2全球份额首次第二,新浪
159,2021-07-16,科创板：四象限选股模型,广发证券
160,2021-07-14,8只科创板股获北向资金加仓,证券时报网
161,2021-07-13,电子周报：关注半导体公司中报,新浪
162,2021-07-08,中芯国际概念走强 全志科技涨超10%,中证网
163,2021-07-08,中环股份: 关于天津中环半导体股份有限公司非公开发行股票申请文件反馈意见的回复,证券之星
164,2021-07-05,沪硅产业：12英寸硅片预计年底可达30万片/月,财联社
165,2021-07-04,半导体行业月度深度跟踪：行业景气业绩兑现 关注AIOT智能化浪潮,新浪
166,2021-07-03,沪硅产业：目前使用多晶硅材料以进口为主,每日经济新闻
167,2021-07-03,沪硅产业：公司目前暂未涉及第二代、第三代半导体业务,每日经济新闻
168,2021-07-03,沪硅产业：12英寸产品产能在2020年底达到20万片/月，目前产能在持续的装机提升中，预计年底可以达到30万片/月,每日经济新闻
169,2021-07-02,沪硅产业：公司抛光硅片产品的生产需采购电子级高纯度多晶硅为原材料,每日经济新闻
170,2021-07-02,沪硅产业：国家大基金所持股份仍在限售期内,Wind
171,2021-06-30,沪硅产业(688126.SH)：新硅聚合拟向嘉定工业区租借净化室及厂务设施,格隆汇
172,2021-06-30,沪硅产业：控股子公司新硅聚合拟与嘉定工业区签署租赁合同,每日经济新闻
173,2021-06-30,半导体大涨 ！为什么耗材的商业模式更好？,星空财富
174,2021-06-29,半导体大硅片龙头企业到底有什么“绝招”？上交所带你去探秘,上证报
175,2021-06-28,深度*行业*半导体行业周报：国内半导体多点开花 但龙头开启平台化趋势,新浪
176,2021-06-28,沪硅产业大宗交易成交65.00万股成交额1803.10万元,证券时报网
177,2021-06-28,"沪硅产业现1笔大宗交易 共成交1,803.10万元",新浪
178,2021-06-28,沪硅产业-U今日大宗交易成交65万股，成交价27.74元折价4.93%,Wind
179,2021-06-25,沪硅产业：沪硅产业关于公司董事辞职的公告 董监高成员变化,新浪
180,2021-06-25,沪硅产业(688126.SH)董事任凯辞职 董监高成员变化,智通财经
181,2021-06-25,沪硅产业-U今日大宗交易成交45万股，成交价27.91元折价3.22%,Wind
182,2021-06-25,沪硅产业：公司董事任凯辞职 董监高成员变化,每日经济新闻
183,2021-06-25,沪硅产业：任凯辞去董事职务 董监高成员变化,Wind
184,2021-06-25,5只科创板股获北向资金增持超3000万元,证券时报网
185,2021-06-23,沪硅产业-U今日大宗交易成交20万股，成交价29.21元折价4.39%,Wind
186,2021-06-22,沪硅产业现1笔大宗交易 共成交578.40万元,新浪
187,2021-06-22,深度*行业*半导体行业周报：长期看数字化叠加芯片安全 短期看芯片缺货加速国产化,新浪
188,2021-06-22,沪硅产业-U今日大宗交易成交20万股，成交价28.92元折价3.5%,Wind
189,2021-06-22,2021下半年电子行业投资策略：5G产业强者恒强 聚焦国产化,新浪
190,2021-06-22,2只科创板股获北向资金减持超千万元 减持股份,证券时报网
191,2021-06-21,机构密集调研光伏产业链，多国加紧布局下一代通信技术丨明日主题前瞻,第一财经
192,2021-06-21,策略周报：把握科技大牛市,西南证券
193,2021-06-21,建议重视中报行情 | 中信建投晨会,中信建投证券研究
194,2021-06-21,磷矿石、电石领涨市场，MDI开启反弹之路,中信建投证券研究
195,2021-06-20,周末突发！深圳一航班，已有38例阳性病例，东莞新增一例确诊！十大券商最新研判：千金难买“黄金坑”，把握科技股大牛市,中国基金报
196,2021-06-18,大硅片厂商上海超硅拟赴科创板核心设备可自主生产超百万年产能正在路上,财联社
197,2021-06-18,沪硅产业参股成立科技发展新公司，注册资本6亿元,企查查
198,2021-06-18,沪硅产业6月17日现1笔大宗交易,证券时报网
199,2021-06-17,"沪硅产业现1笔大宗交易 共成交3,384.84万元",新浪
200,2021-06-17,沪硅产业-U今日大宗交易成交126.30万股，成交价26.8元折价11.08%,Wind
201,2021-06-16,"沪硅产业现2笔大宗交易 共成交1,554.00万元",新浪
202,2021-06-16,沪硅产业-U今日大宗交易成交60万股，成交价25.9元折价5.82%,Wind
203,2021-06-15,券商晨会精华：市场调整接近尾声本周或将开启新一轮上涨,财联社
204,2021-06-15,券商晨会观点速递,第一财经
205,2021-06-14,西南策略：芯片供需失衡的状况将延续到2022年,证券时报网
206,2021-06-11,沪硅产业(688126.SH)收到上交所发行注册环节反馈意见落实函,智通财经
207,2021-06-11,沪硅产业6月10日现3笔大宗交易,证券时报网
208,2021-06-10,沪硅产业董事长俞跃辉：科创板上市后公司实现300毫米大硅片产业化零的突破,中证网
209,2021-06-10,沪硅产业董事长俞跃辉：上市以来公司人才队伍非常稳定,证券时报网
210,2021-06-10,A股共发生148宗大宗交易成交75.33亿元（6月10日）,Wind
211,2021-06-10,"沪硅产业现3笔大宗交易 共成交4,059.60万元",新浪
212,2021-06-10,华鑫证券--电子行业双周报：东南亚封测产能受限，半导体景气度持续【行业研究】,金融界股吧
213,2021-06-10,沪硅产业6月9日现4笔大宗交易,证券时报网
214,2021-06-09,沪硅产业-U今日大宗交易成交47.70万股，成交价26.6元折价4.9%,Wind
215,2021-06-08,化工行业周观点：限塑政策持续升级 多家企业加速布局可降解塑料,新浪
216,2021-06-08,沪硅产业6月7日现4笔大宗交易,证券时报网
217,2021-06-07,沪硅产业现4笔大宗交易合计成交77.50万股,证券时报网
218,2021-06-07,"沪硅产业现4笔大宗交易 共成交2,152.20万元",新浪
219,2021-06-07,沪硅产业-U今日大宗交易成交17.50万股，成交价27.84元折价1.45%,Wind
220,2021-06-07,电子行业周报：上肥下瘦 传统旺季,新浪
221,2021-06-07,半导体板块飙涨，有芯片价格涨至5倍，行业供需格局或仍趋紧丨牛熊眼,第一财经
222,2021-06-06,【兴证电子】周报：继续看好半导体设备和材料，产能释放+制程跃迁，元器件景气度将再次上行,兴证电子谢恒团队
223,2021-06-04,"沪硅产业现7笔大宗交易 共成交5,036.30万元",新浪
224,2021-06-04,沪硅产业-U今日大宗交易成交40万股，成交价26.9元折价4.68%,Wind
225,2021-06-04,半导体设备及材料中期策略：国产链加速起航 长期成长性可期,新浪
226,2021-06-03,沪硅产业现2笔大宗交易合计成交42.00万股,证券时报网
227,2021-06-03,"沪硅产业现2笔大宗交易 共成交1,115.16万元",新浪
228,2021-06-03,沪硅产业6月2日现2笔大宗交易,证券时报网
229,2021-06-02,沪硅产业-U今日大宗交易成交30万股，成交价26.61元折价4.11%,Wind
230,2021-06-02,"沪硅产业现2笔大宗交易 共成交1,850.30万元",新浪
231,2021-06-01,"沪硅产业现5笔大宗交易 共成交2,476.66万元",新浪
232,2021-05-31,"沪硅产业现3笔大宗交易 共成交2,927.25万元",新浪
233,2021-05-31,沪硅产业-U今日大宗交易成交50万股，成交价23.61元折价5.29%,Wind
234,2021-05-31,化工行业：黄磷-草甘膦继续引领化工涨幅 可降解塑料政策密集发布,新浪
235,2021-05-30,【兴证电子】周报：半导体设备材料进入快速成长周期,兴证电子谢恒团队
236,2021-05-28,"沪硅产业现2笔大宗交易 共成交2,665.95万元",新浪
237,2021-05-27,沪硅产业-U今日大宗交易成交57.67万股，成交价22.7元折价8.54%,Wind
238,2021-05-27,华鑫证券--电子行业双周报：VR/AR产业渐趋成熟，半导体景气度持续【行业研究】,金融界股吧
239,2021-05-27,科创50指数大涨2.6% 沪硅产业涨超10%领涨,格隆汇
240,2021-05-27,沪硅产业5月26日现2笔大宗交易,证券时报网
241,2021-05-26,"沪硅产业现2笔大宗交易 共成交3,079.60万元",新浪
242,2021-05-26,沪硅产业-U今日大宗交易成交100万股，成交价22.02元折价3.38%,Wind
243,2021-05-26,电子元器件周报：大尺寸面板周期属性有望弱化 半导体硅片厂商同比增速提速,新浪
244,2021-05-25,"沪硅产业现4笔大宗交易 共成交7,940.15万元",新浪
245,2021-05-25,沪硅产业-U今日大宗交易成交140万股，成交价21.8元折价5.38%,Wind
246,2021-05-25,沪硅产业5月24日现5笔大宗交易,证券时报网
247,2021-05-24,新材料周报：半导体业去年投融资翻四倍 沧州明珠、贝特瑞投建锂电池材料,新浪
248,2021-05-24,"沪硅产业现5笔大宗交易 共成交7,414.50万元",新浪
249,2021-05-24,沪硅产业-U今日大宗交易成交300万股，成交价21.2元折价7.42%,Wind
250,2021-05-22,电子行业周报：煎熬过后静待佳音,新浪
251,2021-05-21,光大证券--半导体4月跟踪报告：半导体2020及21Q1业绩靓丽，景气高企【行业研究】,金融界股吧
252,2021-05-19,"沪硅产业现1笔大宗交易 共成交1,060.00万元",新浪
253,2021-05-19,沪硅产业-U今日大宗交易成交50万股，成交价21.2元折价4.76%,Wind
254,2021-05-18,沪硅产业(688126.SH)选举姜海涛为第一届董事会非独立董事,智通财经
255,2021-05-17,半导体硅片行业分析：硅片价格看涨，芯片涨价潮延续,新浪
256,2021-05-17,化工周报：万华宁波技改扩产 草甘膦强势领涨农药板块,新浪
257,2021-05-14,“起底”科创板再融资：20单融资超400亿元 这3家公司拿到批文待发行,科创板日报
258,2021-05-13,沪硅产业：将持续扩大主业规模以改善经营业绩,证券时报网
259,2021-05-13,【行情】科创板半导体板块早盘异动，安集科技涨超19%，澜起科技涨超6%，寒武纪、成都先导、中微公司、沪硅产业等个股快速跟涨,金十数据
260,2021-05-08,“芯荒”之下 核心晶圆制造厂商助力硅片国产替代,中新网
261,2021-05-07,半导体企业Q1大考！谁是科创板领头羊？,中自网
262,2021-05-06,国金证券维持沪硅产业增持评级：半导体硅片龙头，收入稳健增长,每日经济新闻
263,2021-04-29,中信建投大周期团队最新研究观点,中信建投证券研究
264,2021-04-28,沪硅产业一季报：实现营收5.35亿元 同比增长27.65%,证券日报网
265,2021-04-28,芯片供应紧缺持续，沪硅产业12寸硅片将实现月产能30万片,第一财经
266,2021-04-28,新鲜出炉！沪硅产业：2021年第一季度净利润906.29万元,每日经济新闻
267,2021-04-28,拟计提约1447.70万元减值准备沪硅产业一季度扣非后仍亏损 资产异常,资本邦
268,2021-04-28,沪硅产业一季度营收、净利等经营指标均实现较好增长,上证报
269,2021-04-28,沪硅产业(688126.SH)：一季度扭亏为盈 净利906.29万元,格隆汇
270,2021-04-28,沪硅产业-U：一季度净利润906.29万元，扭亏为盈,Wind
271,2021-04-28,高端制造与科技行业事件点评：四部委明确国家鼓励的集成电路企业所需满足的条件,新浪
272,2021-04-28,沪硅产业：控股子公司与公司关联方签订房屋租赁合同,每日经济新闻
273,2021-04-28,因投资了中芯国际，沪硅产业2020年扭亏为盈,证券之星
274,2021-04-28,沪硅产业12英寸硅片产品基本覆盖国内300mm客户 年底月产能将达到30万片,财联社
275,2021-04-27,沪硅产业(688126.SH)：2020年度扭亏为盈 净利润8707.08万元,格隆汇
276,2021-04-27,扭亏为盈 沪硅产业(688126.SH)年度净利8707.08万元,智通财经
277,2021-04-27,沪硅产业-U：2020年净利润8707.08万元，扭亏为盈,Wind
278,2021-04-26,沪硅产业：公司董事辞职 董监高成员变化,Wind
279,2021-04-23,创耀科技IPO前突然更名意欲为何？独董任职或藏风险,云掌财经
280,2021-04-19,沪硅产业：沪硅产业关于公司监事辞职的公告 董监高成员变化,新浪
281,2021-04-19,沪硅产业(688126.SH)监事余峰申请辞职 董监高成员变化,智通财经
282,2021-04-19,沪硅产业：余峰辞去监事职务 董监高成员变化,Wind
283,2021-04-16,下周902亿市值限售股解禁，环比增加177.01% 解禁,Wind
284,2021-04-16,下周解禁：三公司解禁数量超5亿股 解禁,大众证券报
285,2021-04-14,电报|知情人士：天通股份截断机设备下周供货沪硅产业,科创板日报
286,2021-04-13,沪硅产业(688126.SH)：6.1亿股限售股将于4月20日起上市流通 解禁,智通财经
287,2021-04-13,沪硅产业-U：占总股本25.09%限售股将于4月20日上市流通 解禁,Wind
288,2021-04-12,化工行业动态：北京将加强一次性塑料制品管控 Q1国内锂电产业链投资超3190亿,新浪
289,2021-04-12,醋酸价格再破新高，万华一季报创新高超预期,中信建投证券研究
290,2021-04-06,电子元器件周报：3月下旬面板价格环比涨幅扩大 半导体行业景气度持续高涨,新浪
291,2021-04-06,海通证券(600837)2020年报业绩点评：预计处罚影响短期承压 杠杆率有所收缩,新浪
292,2021-04-06,【长城非银】预计处罚影响短期承压，杠杆率有所收缩——海通证券（600837）公司动态点评,强思非银
293,2021-04-06,电子行业周报：半导体厂商Q2再次调价；小米正式立项智能汽车,新浪
294,2021-04-05,【华西电子孙远峰团队-持续看好半导景气】半导体景气度持续，或逐渐步入业绩兑现期,远峰电子
295,2021-04-05,板块拾金| 半导体芯片大涨，一季报行情来袭，节后机会这么把握！,第一财经
296,2021-04-01,中芯国际明起“摘U” 仕佳光子等候场,北京商报网
297,2021-03-31,海通证券：2020年科创板IPO融资额排名第一 营业收入382.20亿元,全景网
298,2021-03-29,缺货涨价，本土硅片厂商开启新一轮扩产,搜狐
299,2021-03-29,化工行业：万华推进福建工业园一体化布局 行业价格回调力度较小,新浪
300,2021-03-26,3月26日科创板主力资金净流入565.04万元,证券时报网
301,2021-03-24,沪硅产业跌6.9% 市值595亿去年扣非后亏损2.8亿 亏损,中国经济网
302,2021-03-24,3月24日科创板主力资金净流出9.97亿元,证券时报网
303,2021-03-23,化工行业新材料板块周观点：市场供应紧缺 有机硅、电石价格强劲上涨,新浪
304,2021-03-21,化工行业周报：京东方柔性折叠OLED出货仅次于三星 中芯国际153亿扩产12英寸晶圆,新浪
305,2021-03-17,部分半导体硅片开始涨价 沪硅产业称订单已超越供给能力,经济观察报
306,2021-03-17,芯片制造关键设备再突破，概念股发力走高，苏州固碍等涨停,证券时报网
307,2021-03-16,沪硅产业跌5.26% 市值648亿去年扣非后亏损2.8亿 亏损,中国经济网
308,2021-03-15,沪硅产业收问询函：募投项目、财务性投资等被关注 问询,资本邦
309,2021-03-15,交易一季报，重视周期回调机会,中信建投证券研究
310,2021-03-12,上交所向沪硅产业下发问询函：制造300mm高端硅基材料是否存在重大不确定性风险 问询,Wind
311,2021-03-12,沪硅产业(688126.SH)：向特定对象发行股票申请 收到审核问询函 问询,格隆汇
312,2021-03-12,沪硅产业(688126.SH)收到上交所关于公司定增申请审核问询函 问询,智通财经
313,2021-03-11,上海市发布重大工程项目清单，15家上市公司榜上有名,云掌财经
314,2021-03-11,宣布提价！全球硅片巨头出手了，概念股出炉（名单）,中国基金报
315,2021-03-11,中美这一工作组成立！AH股半导体板块瞬间飙升,第一财经
316,2021-03-11,全球硅片巨头宣布提价，4月起执行，概念股名单出炉,证券时报网
317,2021-03-10,沪硅产业：目前200mm产品产能利用率保持稳定水平，300mm硅片产能利用率在持续提升中,每日经济新闻
318,2021-03-10,沪硅产业：19nm DRAM芯片及128层3D NAND产品正在认证过程中,每日经济新闻
319,2021-03-10,半导体行业点评报告：信越硅片提价 全球半导体景气度持续攀升,新浪
320,2021-03-09,电子行业周报：被动元器件、硅片涨价 SMIC续约ASML光刻机,新浪
321,2021-03-08,行业动态点评：半导体硅片龙头提价 晶圆产业链景气度持续高位,新浪
322,2021-03-07,【东吴电子王平阳团队】半导体周报：中芯国际获批设备许可，助推本土IC生态完善,东吴电子研究
323,2021-03-05,光大证券--电子行业半导体2月跟踪报告：中芯国际许可证或已落地，功率半导体景气度不减【行业研究】,金融界股吧
324,2021-03-04,全村的希望！国产芯片双重利好，中芯国际DUV光刻机破冰，上海打造世界级芯港，这些公司或迎转机！,金融界
325,2021-03-04,【行情】半导体芯片概念股开盘冲高，亚翔集成拉升封板，上海新阳、沪硅产业、至纯科技、中芯国际等涨超4%,金十数据
326,2021-03-03,周三证券|高景气不减 半导体再受关注,金融投资报
327,2021-03-02,【中信建投电子|刘双锋&雷鸣团队】中芯国际供应商许可证进展超预期，公司ROE有望持续提升,中信建投电子研究
328,2021-03-01,我国集成电路产业规模不断增长，半导体企业有望迎黄金发展期丨牛熊眼,第一财经
329,2021-03-01,中信建投：化工行业一季度季度业绩有望大幅增长，回调正是买入时，无惧调整,证券时报网
330,2021-02-28,化工景气指数高涨，Q1业绩有望大幅增长，无惧回调,中信建投证券研究
331,2021-02-26,委员建议“紧急修订上市条件”？证监会：稳定确定的上市标准符合长远发展需要,第一财经
332,2021-02-26,扭亏为盈 沪硅产业(688126.SH)2020年度归母净利8707.08万元,智通财经
333,2021-02-26,沪硅产业业绩快报：2020年盈利8707万元 同比扭亏,e公司
334,2021-02-26,沪硅产业：2020年净利润为8707.08万元同比扭亏,格隆汇
335,2021-02-24,沪硅产业(688126.SH)定增股票申请获上交所受理,智通财经
336,2021-02-24,2月24日晚间重要行业研究汇总(附股),中金在线
337,2021-02-24,电子行业点评报告：半导体重点项目齐发 高技术水平自立自强,新浪
338,2021-02-24,立昂微(605358)深度报告：半导体硅片领先企业 功率+射频打开成长空间,国海证券
339,2021-02-24,华西证券--电子（半导体）行业：半导体重点项目齐发，高技术水平自立自强【行业研究】,金融界股吧
340,2021-02-18,华西证券--电子（半导体）：车载芯片持续短缺，预示半导体景气度不减【行业研究】,金融界股吧
341,2021-02-18,电子(半导体)行业点评报告：车载芯片持续短缺 预示半导体景气度不减,新浪
342,2021-02-14,半导体概念股2020年业绩一览：超8成公司业绩预增 61家公司合计盈利176亿元,搜狐
343,2021-02-09,电子行业2020年报前瞻：龙头业绩高增兑现高景气度,新浪
344,2021-02-09,化工周报：恒力将投30万吨PBS类可降解塑料 TCL华星或接手三星8代LCD产线,新浪
345,2021-02-08,电子行业：半导体缺货涨价力度不减 景气度有望延续,新浪
346,2021-02-08,化工行业动态：景气指数与油价持续上攻 回调买入时 不改景气上行,新浪
347,2021-02-07,科创板股2020年业绩提前看 23股净利润增幅翻倍,证券之星
348,2021-02-02,化工行业：美国ITC对京东方及三星启动337调查 LCD面板预计Q1再涨价10%,新浪
349,2021-02-01,900亿硅片龙头 沪硅产业何时能扭亏？,新浪
350,2021-01-31,化工持仓逐季攀升，玉米深加工产业链领涨,中信建投证券研究
351,2021-01-30,回调或许现更佳买点 半导体军工人工智能高景气仍在,金融投资报
352,2021-01-29,电报|沪硅产业董秘李炜：已有部分国产设备在线上使用,科创板日报
353,2021-01-28,沪硅产业-U(688126)：12英寸扩产有序推进 战略投资利润扭亏为盈,新浪
354,2021-01-28,沪硅产业因投资中芯国际扭亏 卖芯片原材料为何难盈利,经济观察网
355,2021-01-28,受益于中芯国际上市，沪硅产业预计2020年将扭亏为盈,资本邦
356,2021-01-27,"【华西电子孙远峰团队—沪硅产业业绩预告点评】12英寸扩产有序推进,战略投资利润扭亏为盈",远峰电子
357,2021-01-27,沪硅产业：预计2020年净利7700万元-9200万元 同比扭亏,e公司
358,2021-01-27,沪硅产业：预计2020年将实现扭亏为盈，净利润7700万元到9200万元,Wind
359,2021-01-27,沪硅产业(688126.SH)2020年度预盈7700万-9200万元 同比扭亏为盈,格隆汇
360,2021-01-25,沪硅产业(688126.SH)聘任黄燕为财务负责人,智通财经
361,2021-01-25,化工行业：60万吨可降解塑料项目落户恒力 12月铁锂电池装机量占比近3成,新浪
362,2021-01-25,全球芯片短缺：引发恐慌性下单 涨价潮向产业链传导,时代在线
363,2021-01-24,年初至今化工涨幅第一，氨基酸大幅上涨,中信建投证券研究
364,2021-01-21,晶盛机电(300316)：长晶技术集大成者 21年迎戴维斯双击,新浪
365,2021-01-20,行业深度报告：科创板2020年全景复盘,新浪
366,2021-01-20,周三证券|市场风格转变 关注超跌科技股,金融投资报
367,2021-01-19,化工行业：沪硅产业定增填补300MM硅片技术空白 磷酸铁锂电池产量逆势上扬,新浪
368,2021-01-18,韦尔股份涨停股价创新高，2020年业绩大幅预增,第一财经
369,2021-01-18,半导体板块发力走高 韦尔股份一度涨停再创新高,证券时报网
370,2021-01-15,数据|科创板两融余额合计475.62亿元沪硅产业较上一交易日变动率最大,科创板日报
371,2021-01-14,行业景气度高企，半导体板块发力拉升，沪硅产业等大涨,证券时报网
372,2021-01-14,科创50指数涨幅扩大至5%，沪硅产业涨逾15%,Wind
373,2021-01-14,科创50指数涨逾4% 沪硅产业涨超14%,上证报
374,2021-01-14,【行情】半导体板块持续拉升，沪硅产业、芯原股份大涨12%，晶方科技回封涨停，安集科技涨9%，芯朋微涨7%,金十数据
375,2021-01-14,半导体板块回暖，机构：抱团资金流入低位超跌大科技,第一财经
376,2021-01-13,沪硅产业上市不到一年再抛50亿定增 项目尚未取得环评批复,每日经济新闻
377,2021-01-13,刚刚上市半年 硅片龙头又抛出50亿定增大项目 上下游半导体链或迎脉冲,巨丰财经
378,2021-01-13,1月13日操盘必读：影响股市利好与利空消息,新浪
379,2021-01-12,上市不到一年又募资 大牛股沪硅产业再抛“50亿定增计划”,每日经济新闻
380,2021-01-12,沪硅产业50亿定增：欲率先打入先进制程市场填补国内300mmSOI硅片技术空白,科创板日报
381,2021-01-12,沪硅产业拟50亿定增抢占“芯”窗口 加码“300mm”硅片项目,e公司
382,2021-01-12,沪硅产业拟定增募资50亿元，加码300mm半导体硅片,搜狐
383,2021-01-12,沪硅产业公布再融资计划 拟募资50亿元加码主业产能建设,中证网
384,2021-01-12,加码主业布局5G 沪硅产业宣布50亿元再融资计划,证券日报网
385,2021-01-12,沪硅产业：拟定增募资不超50亿元,e公司
386,2021-01-12,化工行业：恩捷股份拟58亿元投建锂电项目 LCD主流尺寸面板预计继续涨价,新浪
387,2021-01-11,半导体板块走势活跃，涨价潮蔓延，行业景气度持续向上,证券时报网
388,2021-01-08,沪硅产业(688126.SH)：执行副总裁、财务负责人梁云龙辞职 董监高成员变化,格隆汇
389,2021-01-08,沪硅产业：公司高级管理人员离职 董监高成员变化,Wind
390,2021-01-06,【行情】半导体板块走高，韦尔股份大涨5%，中芯国际涨4%，沪硅产业、卓胜微、长电科技等走高,金十数据
391,2021-01-04,68只科创板股融资余额环比增加,证券之星
392,2021-01-04,化工行业：柔宇科创板IPO获受理 宁德时代390亿元投建多个锂电项目,新浪
393,2021-01-03,全市场科技产业策略报告第九十一期-2021年科创板半导体行业投资前瞻：成长为体 稀缺为魂,新浪
394,2021-01-03,2021年科创板半导体行业投资前瞻：成长为体 稀缺为魂-全市场科技产业策略报告第九十一期,新浪
395,2021-01-01,面对百年未有之大变局，中国半导体将走向何方?,Ofweek
396,2020-12-31,中信建投大周期团队最新研究观点,中信建投证券研究
397,2020-12-28,化工行业动态：化工短期进入淡季 布局明年回调正是买入时,新浪
398,2020-12-28,化工行业：中化国际拟投80亿元建新材料产业园 京东方或已通过苹果认证,新浪
399,2020-12-27,半导体硅片行业：新技术催化景气上行 国产替代空间广阔,国金证券股份有限公司
400,2020-12-25,科创板运行成绩单即将揭晓 四大数据一窥全貌,大众证券报
401,2020-12-24,【华西电子孙远峰团队-大硅片*首推中环】半导体硅片集中度提升，国内头部有望破局,远峰电子
402,2020-12-24,半导体行业动态报告：硅晶圆产量将延续成长 国内厂商大有可为,新浪
403,2020-12-24,中信建投大周期团队最新研究观点,中信建投证券研究
404,2020-12-22,芯片缺货：立昂微暴涨25倍 500亿市值是否透支成长性？,新浪
405,2020-12-22,129只科创板股融资余额环比增加,证券时报网
406,2020-12-21,【研报掘金】中芯国际被列入实体清单叠加税务优惠 半导体国产替代有望加速,证券时报网
407,2020-12-21,化工行业动态：原油、煤炭、天然气三大能源齐飙涨 夯实行业景气持续的判断,新浪
408,2020-12-21,【行情】中芯国际产业链大涨，北方华创涨停，中微公司大涨9%，沪硅产业等跟涨，半导体ETF涨3.05%,金十数据
409,2020-12-15,电子元器件周报：电子元器件涨价趋势蔓延 行业景气度维持上行,新浪
410,2020-12-13,【东吴电子王平阳团队】半导体周报：环球晶圆收购Siltronic，本土硅片市场亟待破局,东吴电子研究
411,2020-12-10,晶盛机电跟踪报告(300316)：硅片扩产 设备先行,新浪
412,2020-12-07,电子(半导体)行业点评报告：半导体产业链格局优化 国产设备空间大,新浪
413,2020-12-07,半导体行业：环球晶圆收购德国SILTRONIC 行业加速整合,新浪
414,2020-12-07,多家券商因研报问题遭监管 券商研究亟需回归本源 金融监管处罚,中国基金报
415,2020-12-06,【华西电子孙远峰团队—半导设备】半导体产业链格局优化，国产设备空间大,远峰电子
416,2020-12-05,天富能源拟2亿元增资天科合达 初步尝试战略转型,证券时报网
417,2020-12-03,云计算大势所趋｜晨会1203,中信建投证券研究
418,2020-12-02,半导体板块午后继续走强 瑞丰光电涨12.41%,证券时报网
419,2020-12-01,新材料行业2021年上半年投资策略：产业升级 材料先行,新浪
420,2020-11-30,化工行业：周期景气仍在延续 原油、有机硅、钛白粉、醋酸继续冲高,新浪
421,2020-11-30,电子(半导体)行业点评报告：半导体材料需求看涨 联动晶圆产能扩张,新浪
422,2020-11-29,【华西电子孙远峰团队-半导材料&晶圆扩张】半导体材料需求看涨，联动晶圆产能扩张,远峰电子
423,2020-11-26,电子元器件行业深度报告：半导体硅片行业景气上行 本土厂商百舸争流勇进者胜,新浪
424,2020-11-25,电子(半导体)行业：晶圆制造&封测双看涨 产业链条景气传导向上,新浪
425,2020-11-24,【行情】半导体板块开盘活跃，通富微电涨5%，芯朋微、北斗星通、长电科技、沪硅产业走高,金十数据
426,2020-11-23,化工行业：补库存周期＋需求旺季 产品价格普涨 顺周期继续高仓位配置,新浪
427,2020-11-23,化工行业：OPPO卷轴屏概念机引关注 京东方供货苹果再度受挫,新浪
428,2020-11-22,上海新阳的光刻胶魅影：多次跨界均以失败告终，难逃“蹭热点”之嫌,证券市场周刊
429,2020-11-19,【华西电子-IC WORD纪要（下）半导体材料国产化自主创新路径】,远峰电子
430,2020-11-19,礼包｜中信建投证券三季报解读系列之二,中信建投证券研究
431,2020-11-16,化工行业：北京限塑令公开征求意见 SK拟将8寸线转至无锡,新浪
432,2020-11-14,半导体产业空间巨大 细分龙头加速成长,金融投资报
433,2020-11-12,【东吴电子王平阳团队】半导体周报：中芯国际多点开花直面挑战，助力本土IC生态完善,东吴电子研究
434,2020-11-11,化工行业：Q3内外需驱动景气回升明显 产品涨价与业绩回升共舞,新浪
435,2020-11-11,【行情】科创板半导体板块继续走弱，中微公司领跌，安集科技跌5.80%，中芯国际跌5.95%，沪硅产业跌5.28%，芯朋微跌5.18%,金十数据
436,2020-11-11,国信证券收律师函，研报称美年爱康可能合并！券商已多次遭打脸,搜狐
437,2020-11-10,【行情】半导体集体下挫，晓程科技跌6%，卓胜微跌5%，圣邦股份、北方华创、沪硅产业跌幅居前 连续下跌,金十数据
438,2020-11-10,中信建投：美国清洁能源转型加速，利好中国光伏产业链,第一财经
439,2020-11-06,注意这28家A股公司 大基金已入股了,新浪
440,2020-11-06,银河证券每日晨报,新浪
441,2020-11-06,电子元器件周报：IPHONE12系列销量前景乐观 本土封测行业迎来利润释放期,新浪
442,2020-11-05,中芯国际概念开盘走强 沪硅产业领涨,中国财富网
443,2020-11-05,半导体板块走强，沪硅产业-U、隆基股份、中微公司、北方华创涨幅居前,Wind
444,2020-11-02,半导体概念股：今年17家公司股价已翻倍，机构预测27家公司全年盈利增长超50%,搜狐
445,2020-10-30,海通证券(600837)2020年三季报点评：新经济投行发力 资产减值风险降低,新浪
446,2020-10-30,亏幅收窄！沪硅产业前三季度亏损173.69万元 亏损,资本邦
447,2020-10-30,沪硅产业前三季度营业收入13.07亿元 同比增加22.12%,上海有色
448,2020-10-30,芯片股表现活跃，中芯国际-U、韦尔股份、兆易创新、深康佳A涨幅居前,Wind
449,2020-10-30,沪硅产业三季报仍难扭亏 300mm硅片扩产明年或将提速,科创板日报
450,2020-10-29,沪硅产业公布三季报 前三季净利亏损173万 亏损,新浪
451,2020-10-29,沪硅产业(688126.SH)：前三季亏损收窄净亏损173.69万元 亏损,格隆汇
452,2020-10-29,沪硅产业-U：前三季度亏损缩窄，净亏损173.69万元 亏损,Wind
453,2020-10-29,27支芯片股霸榜科创板，谁赚谁亏？,36氪
454,2020-10-28,汇丰给予中微公司、华峰测控、沪硅产业买入初始评级,格隆汇
455,2020-10-26,半导体行业点评报告：半导体硅片需求续涨 产业链受益蓄势待发,新浪
456,2020-10-21,市场供不应求 今年纯晶圆代工行业持续高景气,证券时报
457,2020-10-20,道达投资手记：汽车板块迎利好 撑起市场一片天,每日经济新闻
458,2020-10-20,利好引爆一个超级大行业——道达投资手记,每日经济新闻
459,2020-10-20,电子元器件周报：苹果公司发布新款IPHONE 全系标配5G、摄像头大幅升级,新浪
460,2020-10-20,订单排到明年上半年！芯片核心环节产能爆满，巨头紧急上调业绩预期，三星欲斥资千亿美元加码！概念股全名单来了,证券时报网
461,2020-10-19,逆风扩产产能利用率低 沪硅产业高市值还能撑多久？,投资者网
462,2020-10-17,下周437亿市值限售股解禁，环比增加1.12% 解禁,Wind
463,2020-10-16,半导体硅片板块跳水,Wind
464,2020-10-16,数据宝：白马股闪崩频现 游资继续追逐利好驱动个股 连续下跌,新浪
465,2020-10-15,中信建投大周期团队最新研究观点,中信建投证券研究
466,2020-10-12,沪硅产业-U：首次公开发行网下配售限售股2780万股10月20日解禁 解禁,Wind
467,2020-10-12,沪硅产业(688126.SH)：2780.31万股限售股10月20日解禁 解禁,格隆汇
468,2020-10-12,科创板半导体龙头拉升中芯国际、沪硅产业涨超10%,科创板日报
469,2020-10-12,半导体板块发力走高 沪硅产业中芯国际等涨逾10%,证券时报网
470,2020-10-12,半导体板块异动,Wind
471,2020-10-11,化工周报：MDI产业链继续领涨市场 龙蟒佰利上调钛白粉价格,新浪
472,2020-10-06,时间表！中国芯片去美化产业链形成在即,云掌财经
473,2020-09-28,芯片板块走软，沪硅产业-U、中芯国际-U、芯原股份-U均下挫逾5%,Wind
474,2020-09-27,基础化工周报：政策加码助推半导体材料发展 万华上调MDI挂牌价,光大证券
475,2020-09-25,数据宝：三大指数高开低走 军工板块逆市走强,新浪
476,2020-09-23,化工行业：PO-聚醚、DMC价格齐创新高 新增推荐瑞联新材,新浪
477,2020-09-21,融资融券周报2020年第37周,新浪
478,2020-09-20,中欣晶圆拟大陆IPO：60%股权作价19.7亿 12家公司接盘,新浪
479,2020-09-20,电子行业每周市场动态追踪：苹果发布IWATCH及IPAD新机 持续引领IOT创新,新浪
480,2020-09-19,第三代半导体SIC行业深度报告：爆发式增长的明日之星,华安证券
481,2020-09-17,【行情】半导体板块午后异动，沪电股份涨停，斯达半导、瑞芯微、富瀚微、沪硅产业、芯朋微等集体拉升,金十数据
482,2020-09-14,融资融券周报2020年第36周,新浪
483,2020-09-14,一线|对标日本村田模式！业务覆盖关键材料与核心设备天通股份正布局这些领域,科创板日报
484,2020-09-11,首批科创50ETF获批前十大权重股名单来了！这一行业所占权重过半,科创板日报
485,2020-09-10,【行情】中芯国际概念走强，华特气体大涨6%，沪硅产业、安集科技、芯源微、金宏气体走强,金十数据
486,2020-09-07,融资融券周报2020年第35周(8月31日至9月4日),新浪
487,2020-09-07,化工周报：旺季来临 纯碱大幅上涨 TDI不可抗力,新浪
488,2020-09-07,电子元器件周报：科技限制不改半导体行业景气度向上 第三代半导体可望政策支持力道加大,新浪
489,2020-09-06,科创板第五十八周交易大复盘：新鲜事有趣事创纪录的事一应俱全,新浪
490,2020-09-06,电子行业每周市场动态追踪：持续看好行业Q3表现 中美科技分叉倒逼长期发展,新浪
491,2020-09-04,中芯国际概念拉升 沪硅产业涨超5%,中证网
492,2020-09-04,半导体板块涨近2%，中芯国际-U、三安光电、沪硅产业-U、中微公司等集体拉升,Wind
493,2020-09-04,半导体板块表现强势 乾照光电、露笑科技涨停 多股大涨,金融界
494,2020-09-04,国产硅片迎来突破性增长 产能进入高速增长期,第一财经日报
495,2020-09-04,芯片制造商大规模扩产 硅片制造迎来发展良机,第一财经
496,2020-09-04,国产硅片迎来突破性增长 超九成半导体产品都要用到,第一财经
497,2020-09-04,超九成半导体产品都要用到 国产硅片迎来突破性增长,第一财经
498,2020-09-03,半导体板块走软，中芯国际-U、三安光电、沪硅产业-U、中微公司普跌,Wind
499,2020-09-02,电子行业2020年半年度总结和9月投资策略：军工、红外和苹果产业链持续高景气,光大证券
500,2020-09-02,沪硅产业营收同比增30.53% 集成电路制造用300mm硅片正在建设,上海有色
501,2020-08-31,沪硅产业-U突然拉升提振半导体板块，中信博、芯朋微、华灿光电纷纷上扬,Wind
502,2020-08-30,道达投资手记：周末吃了两个瓜 再分享两点思考,每日经济新闻
503,2020-08-30,周末吃了两个瓜，再分享两点思考——道达对话牛博士,每日经济新闻
504,2020-08-28,沪硅产业(688126)：12寸硅片稳步爬坡 高端制程认证持续推进,新浪
505,2020-08-28,【华西电子孙远峰团队-持续推荐沪硅产业】技术&工艺验证稳步推进，通过龙头客户认证,远峰电子
506,2020-08-28,沪硅产业上半年亏损0.8亿股价跌近6%海通证券保荐 亏损,中国经济网
507,2020-08-28,盛视早参：美联储“祭出”新政 提振权益市场,新浪
508,2020-08-28,融资盘分散于多板块 海通证券融券余量大幅增加,金融界
509,2020-08-28,融资客青睐10股，新华传媒买入占比高达40.31%,Wind
510,2020-08-28,睿财看市场： 资金围猎创业板，布局科创板的窗口或已出现,恒泰睿财
511,2020-08-27,千亿沪硅产业上半年亏损扩大！公司称目前生产经营已恢复正常 亏损,金融界
512,2020-08-27,龙虎榜：孙哥、机构抱团抄底沪硅产业中体产业被多股资金残暴砸停,金融界
513,2020-08-27,沪硅产业：上半年营收同比增三成 净利亏损8259万元 亏损,e公司
514,2020-08-27,沪硅产业-U：上半年亏损扩大，净亏损8259.42万元 亏损,Wind
515,2020-08-27,解码科创板｜大基金概念起爆！沪硅产业劲升16.56%！,上游新闻
516,2020-08-27,科创板收评：个股多数上涨沪硅产业涨超16%,科创板日报
517,2020-08-27,巨·热点|市场分化明显 题材轮动现常态 五类板块受追宠！,巨丰财经
518,2020-08-27,【异动股】中芯概念板块拉升，沪硅产业,财华社
519,2020-08-27,中芯国际概念直线拉升 沪硅产业涨超7%,中证报
520,2020-08-27,半导体板块涨幅一度超过3%，富瀚微涨15%，晓程科技、沪硅产业-U均涨超10%,Wind
521,2020-08-24,化工行业动态报告：纯碱、草甘膦再提价 DMF创历史新高,新浪
522,2020-08-24,【行情】半导体板块下挫，圣邦股份跌8%，晓程科技、沪硅产业、力合微、芯朋微、韦尔股份纷纷走弱,金十数据
523,2020-08-19,【行情】半导体板块开盘走弱，沪硅产业大跌6%，芯原股份跌5%，雅克科技、瑞芯微、华润微等跟跌,金十数据
524,2020-08-16,NEW风 | 新股掘金 NO.1 20200816,天风研究
525,2020-08-14,MSCI指数调整9月1日正式生效套利机会来了吗,每日商报
526,2020-08-14,MSCI指数微调 外资流入趋势料将持续,上证报
527,2020-08-13,2020年8月十大金股组合2020年第七期,新浪
528,2020-08-13,MSCI季度“扫货”指南出炉，跟着买买买？,格隆汇
529,2020-08-13,外资又有大动作！5000亿芯片股纳入指数，这些股票也被MSCI看中！,券商中国
530,2020-08-13,指数供应商MSCI季度调整：中芯国际沪硅产业等入选中国A股相关指数,TechWeb
531,2020-08-13,MSCI季度指数调整来了！中芯国际等9只个股纳入MSCI中国全股票指数,资本邦
532,2020-08-11,融资融券周报2020年第31周(8月3日至8月7日),新浪
533,2020-08-10,化工周报：化工景气指数提升 涨价+成长增量题材领涨,新浪
534,2020-08-10,机械设备行业研究：科技内循环 半导体装备等国产替代加速,新浪
535,2020-08-09,科创板第五十四周交易大复盘：新鲜事有趣事创纪录的事一应俱全,新浪
536,2020-08-07,【异动股】中芯概念板块下挫，沪硅产业,财华社
537,2020-08-07,【行情】半导体个股大幅走弱，长电科技、沪硅产业、清溢光电、北方华创等均跌逾6%,金十数据
538,2020-08-07,沪硅产业：公司300mm硅片产能为15万片/月中芯国际是重要客户,格隆汇
539,2020-08-06,核心原材料采自进口沪硅产业回复投资者透露：国产供应商“正在路上”,科创板日报
540,2020-08-06,中芯国际(688981)投资价值分析报告：新一轮扩产周期启动 这一次的中芯可有大不同？,光大证券
541,2020-08-06,涨停复盘 | 军工成市场最强主线，北斗星通强势四连板,第一财经
542,2020-08-06,沪硅产业：公司目前没有光伏领域的业务,第一财经
543,2020-08-06,银河证券每日晨报,新浪
544,2020-08-06,半导体行业报告：半导体制造龙头投建新厂 引领行业正向循环,新浪
545,2020-08-05,沪硅产业：硅产业集团主要从事半导体硅片的研发、生产和销售,科创板日报
546,2020-08-05,投资者提问：董秘你好，请问受世界范围内新冠肺炎疫情影响，沪硅产业的生产和销,新浪
547,2020-08-04,符合条件集成电路项目 免征十年所得税,每日经济新闻
548,2020-08-04,最高十年免税！国务院出台半导体八大优惠政策，中芯国际领衔的这些企业将受益,每日经济新闻
549,2020-08-04,半导体材料系列报告一综述篇：半导体材料迎进口替代良机,广发证券
550,2020-08-04,集成电路产业新政颁布 半导体板块开盘大涨,中国经营网
551,2020-08-04,半导体设备｜重要点评：中芯国际合资扩产，国产设备商有望加速获得订单,透视先进制造
552,2020-08-03,中原证券：7月金股组合盈利13.01% 8月荐股名单出炉,新浪
553,2020-08-03,电子行业点评：中芯国际合作建设28NM项目 国产替代进程加速,新浪
554,2020-08-03,中芯国际76亿美元蛋糕如何分配,中财网
555,2020-08-03,融资融券周报2020年第30周,新浪
556,2020-08-03,【中原策略】2020年第八期：8月1日-8月31日：中原证券2020年8月十大金股组合,中原证券研究所
557,2020-07-31,沪硅产业现1笔大宗交易 共成交359.10万元,新浪
558,2020-07-31,沪硅产业大宗交易成交7.00万股成交额359.10万元,证券时报网
559,2020-07-31,沪硅产业-U今日大宗交易成交7万股，成交价51.3元溢价0.0%,Wind
560,2020-07-31,【行情】半导体板块尾盘持续拉升，北方华创涨停，沪硅产业大涨8%，中芯国际、长电科技、华润微、苏州固锝等集体拉升,金十数据
561,2020-07-31,正帆科技科创板上市启动招股 系多家明星半导体企业供应商,证券时报网
562,2020-07-30,沪硅产业(688126)：国之重器 硅片国产化先行者,新浪
563,2020-07-30,金融工程日报：科技50拉动 指数上行,新浪
564,2020-07-30,数据|科创板两融余额合计315.70亿元沪硅产业,科创板日报
565,2020-07-30,信息科技行业动态点评：加快集成电路发展 产业链公司齐头并进,新浪
566,2020-07-29,中芯国际概念走强 沪硅产业涨超10%,第一财经
567,2020-07-28,这个基金有点妖，涨跌都要争第一，还将基金公司送上热搜，网民对它誉谤参半,腾讯网
568,2020-07-28,电子元器件周报：台积电Q2业绩再次超预期增长 MINILED应用放量在即,新浪
569,2020-07-28,芯片股普涨，韦尔股份、兆易创新、中兴通讯、澜起科技、沪硅产业-U集体走强,Wind
570,2020-07-26,电子行业每周市场动态追踪：消费终端需求回暖 看好三季度机会,新浪
571,2020-07-23,二季度基金重仓科创板股名单：12股持有比例超一成,证券时报
572,2020-07-23,科创板一周年了，半导体产业唱大戏，未来拿什么抗衡纳斯达克？,时代在线
573,2020-07-23,芯片股回调，韦尔股份、中兴通讯、兆易创新、紫光国微等纷纷走软,Wind
574,2020-07-22,科创板一周年之最：市值、市盈率和涨幅排行,零壹财经
575,2020-07-22,科创板火爆！公募基金持有市值达230亿元，233只基金扎堆一只票，二季报重仓股曝光（附名单）,每日经济新闻
576,2020-07-22,科创板：科创板将迎开板一周年 多方因素助推流动性提升,新浪
577,2020-07-22,国家大基金板块连续拉升，安集科技、北斗星通、景嘉微、沪硅产业-U领涨,Wind
578,2020-07-22,【科创板一周年】数说科创板上市企业TOP10：中芯国际研发投入最多 财富趋势营业利润率最高,新华网
579,2020-07-22,不同的经历，相同的“硬核” 它们站上了科创板舞台,上证报
580,2020-07-22,科创板周年记：诞生5只十倍牛股，孕育6只千亿市值巨头，成长性超A股整体水平,证券时报网
581,2020-07-22,科创板融资效率大幅提升亮出硬核研发名片,证券时报
582,2020-07-22,科创板融资已超2100亿企业逐鹿全球仍须努力,证券时报
583,2020-07-21,城市|科创板之地理分布：长三角地区“三高” 上海集苏、京、粤产业之所长,科创板日报
584,2020-07-21,对话沪硅产业董秘李炜： 如何引领半导体硅片国产化,第一财经
585,2020-07-20,千亿半导体巨头蓄势待发，沪硅产业引领硅片国产化进入快车道|面对面,第一财经
586,2020-07-20,鹿长余：资本市场全面牛市真的来了吗？,新浪
587,2020-07-20,【行情】半导体板块走弱，富满电子触及跌停，中芯国际、大唐电信跌逾8%，安集科技、沪硅产业、北京君正等纷纷大跌,金十数据
588,2020-07-20,科创板千亿市值公司不断扩充 中芯国际、金山办公等6家超过千亿市值,资本邦
589,2020-07-20,中芯登陆科创板 半导体或迎“上市潮”,国际金融报
590,2020-07-17,芯片股局部活跃，韦尔股份、沪硅产业-U大涨超5%,Wind
591,2020-07-17,电子元器件行业动态点评：台积电Q2业绩再次超预期增长 三季度指引创历史新高 上调全年CAPEX,新浪
592,2020-07-16,每经热评｜非理性炒作科创板 害人又害己,每日经济新闻
593,2020-07-16,新牛“贵了”，老牛“跪了”：这家大牌券商竟一语成谶？中芯国际荣升科创一哥，这只超级牛股为何却莫名躺枪？,每日经济新闻
594,2020-07-16,中芯国际坐上“跷跷板”A股↑202%H港↓25%原因是这一趋势,科创板日报
595,2020-07-16,半导体板块跌幅扩大 沪硅产业跌18%,e公司
596,2020-07-16,半导体硅片板块跌超5%，沪硅产业-U跌超11%,Wind
597,2020-07-16,股指日评：调整正式开始 要当心了,新浪
598,2020-07-16,睿财看市场：短线回调风险增加！锁定利润从容应对！,恒泰睿财
599,2020-07-16,6分钟闪崩17%！机构带头砸盘，千亿龙头遭重挫！大震荡后A股怎么走？最新解盘来了 连续下跌,中国基金报
600,2020-07-16,中芯国际今日登陆科创板,每日经济新闻
601,2020-07-16,超级吞金兽中芯国际来袭:千亿黑马沪硅产业狂泻25% 恐慌或5日内现,券商中国
602,2020-07-15,中芯国际A股上市前夜：沪硅产业尾盘大跳水 市场博弈提前上演？,新浪
603,2020-07-15,上半年净利润同比预降9成 上海新阳：巨额股权浮盈不计入净利润 盈利能力下降,每日经济新闻
604,2020-07-15,上半年净利同比预降9成 上海新阳:巨额股权浮盈不计入净利,每日经济新闻
605,2020-07-15,资金“出逃”科技股迎接中芯国际？券商：未来市值或达6500亿元,每日经济新闻
606,2020-07-15,【主力资金】千亿资金净流出！7股出逃最凶，尾盘资金猛砸科技股,证券时报网
607,2020-07-15,6分钟闪崩17%！千亿芯片龙头重挫，科技股资金出逃名单曝光，4股抛售超10亿！大跌原因来了 连续下跌,证券时报网
608,2020-07-15,挤进中芯国际朋友圈，“妖股”沪硅产业却暴跌19.94%，疯狂行情踩刹车 连续下跌,时代周报
609,2020-07-15,科创板收盘播报：挂牌企业增至126家 个股普遍大幅调整,新华网
610,2020-07-15,沪硅产业尾盘大幅跳水 股价一度逼近跌停 连续下跌,金融界
611,2020-07-15,沪硅产业尾盘跳水 一度大跌20%,e公司
612,2020-07-14,3个月15倍 沪硅产业靠什么撑起千亿市值？,每日经济新闻
613,2020-07-14,沪硅产业-U：子公司参与基金将投资认购中芯国际股票,Wind
614,2020-07-14,电子元器件周报：需求复苏刺激行业重拾增长节奏 业绩向好预演财报季行情,新浪
615,2020-07-14,科创板收盘播报：恒誉环保较发行价涨约240% 近日频创新高个股延续强者恒强态势,新华网
616,2020-07-14,【行情】科创板天智航涨停，国盾量子涨超20%，沪硅产业、中国电研、八亿时空涨逾10%,金十数据
617,2020-07-14,部分半导体概念股盘中拉升 沪硅产业涨超15%,e公司
618,2020-07-14,半导体板块翻红，沪硅产业-U大涨超14%,Wind
619,2020-07-14,睿财看市场：创业板指数持续逼空，市场情绪亢奋！,恒泰睿财
620,2020-07-13,沪硅产业-U、华润微大涨，带动半导体硅片板块走升,Wind
621,2020-07-13,120亿美元 半导体设备订单花落谁家,第一财经
622,2020-07-10,国盾量子首日涨9倍多中一签盈利逾16万,证券时报
623,2020-07-09,历史罕见！单日暴涨10倍 一签盈利近17万！这个板块竟诞生了数十只牛股,上游新闻
624,2020-07-09,科技巨头中一签盈利近17万 这个板块竟诞生了数十只大牛股,新浪
625,2020-07-09,半导体与半导体生产设备行业研究：半导体材料投资地图,新浪
626,2020-07-09,股票异常波动，沪硅产业风险提示称净利润仍为负,资本邦
627,2020-07-08,沪硅产业-U：公司市净率显著高于行业平均水平,Wind
628,2020-07-08,中芯国际概念板块逆转翻红，沪硅产业-U、长电科技大涨,Wind
629,2020-07-07,沪硅产业-U今日大宗交易成交13万股，成交价41.5元溢价0.0%,Wind
630,2020-07-07,10万股东半日躺赚120万，A股巨无霸疯涨！,证券时报
631,2020-07-07,沪硅产业龙虎榜：营业部净卖出1.04亿元,证券时报网
632,2020-07-07,明天买什么？三只接棒个股引出三条新主线 你都发现了吗？,上证报
633,2020-07-07,芯片概念股午后维持强势，沪硅产业-U、卓胜微冲击涨停,Wind
634,2020-07-07,10万股东半日躺赚120万 贵州茅台市值破2.1万亿,证券时报
635,2020-07-07,中芯国际今日申购 概念股至纯科技、上海新阳、江丰电子、徕木股份涨停,金融界
636,2020-07-06,科创板收评：个股普涨沪硅产业、聚辰股份涨停,科创板日报
637,2020-07-06,东岳硅材:对标沪硅产业，受益有机硅产业景气度回升,投资家
638,2020-07-06,科创板收盘播报：15只个股刷新上市来盘中新高 2只个股涨停,新华网
639,2020-07-06,科创板收评：科创板个股继续走强 沪硅产业强势涨停,--
640,2020-07-06,中芯国际募资额创新高 半导体板块掀涨停潮,证券时报网
641,2020-07-06,中芯国际概念股全线大涨 沪硅产业、上海新阳等多股涨停,格隆汇
642,2020-07-06,半导体板块持续拉升，沪硅产业-U、兆易创新冲击涨停,Wind
643,2020-07-06,快讯：半导体板块早盘继续走强 沪硅产业涨逾17%,新浪
644,2020-07-06,【行情】芯片股继续走强，沪硅产业涨逾17%，聚辰股份、安集科技涨逾13%，上海新阳、江丰电子、紫光国微、至纯科技等涨停,金十数据
645,2020-07-06,中芯国际确定27.46元发行价，7月7日打新！大基金获配35亿元,Wind
646,2020-07-05,半导体设备｜重要点评：中芯国际战略配售覆盖核心设备商材料商，深入绑定发展加速,透视先进制造
647,2020-07-05,沪硅产业(688126.SH)：参股基金认购中芯国际科创板首发股票,格隆汇
648,2020-07-05,沪硅产业：全资子公司拟参与投资聚源芯星公司作为战投认购中芯国际科创板IPO股票,格隆汇
649,2020-07-03,今年以来54只科创板新股已发行，共募资599.16亿元,证券时报网
650,2020-07-02,2020年电子行业中期策略：指标公司盈利强劲 半导体行业景气度仍可期,新浪
651,2020-07-02,电子行业中报展望专题：电子行业2020年中报业绩展望,新浪
652,2020-07-01,今年以来51只科创板新股已发行，共募资537.56亿元,证券时报网
653,2020-07-01,电子行业2020年中报业绩展望：电子行业中报展望专题,新浪
654,2020-06-30,科创板近四成个股年内翻倍 半导体和大医药成焦点,科创板日报
655,2020-06-30,上海新阳功能性化学材料市占率国内居首 研发投入持续五年增长市值一年增112亿,长江商报
656,2020-06-30,科创板电子行业图鉴：总市值紧逼第一 超百家后备军在路上,21世纪经济报道
657,2020-06-28,科创板第四十八周交易大复盘：新鲜事有趣事创纪录的事一应俱全,新浪
658,2020-06-28,睿财看市场：数据宝,新浪
659,2020-06-27,电子行业周报：面板价格普涨确立涨价周期 中芯有望7月上市,新浪
660,2020-06-24,科创板一周年“成绩单”：沪硅产业股价大涨753.74%，金山办公市值直逼1500亿,华夏时报
661,2020-06-24,企业服务行业周报：第25周全球投融资事件86起；国内芯片行业持续走热，总融资额超45亿元；谷歌云中国区白金合作伙伴首都在线创业板上市|钛媒体pro周报,钛媒体
662,2020-06-23,今年以来48只科创板新股已发行，共募资514.74亿元,证券时报网
663,2020-06-22,半导体行业点评报告：半导设备&材料 景气度可望加速回归,新浪
664,2020-06-22,【华西电子-持续推荐半导设备&材料】景气度可望加速回归,远峰电子
665,2020-06-22,化工行业2020年中期策略报告：静待需求起、拥抱“阿尔法”,新浪
666,2020-06-22,今年以来科创板股首发募资额达506.75亿元,证券时报网
667,2020-06-22,半导体硅片概念股连续拉抬，中环股份涨停、沪硅产业-U涨近9%,Wind
668,2020-06-19,掘金科创板：拉萨顺盈错失千倍收益 谁是科创板VC/PE赢家,投资者网
669,2020-06-18,【安信电子|每日观点】Q1华为智能手表出货210万台，超越三星位列全球第二,晓说电子
670,2020-06-18,科技行业日报：160亿元第三代半导体产业项目落户长沙,新浪
671,2020-06-18,新材料行业2020年下半年投资策略：受益产业升级和进口替代,新浪
672,2020-06-17,沪硅产业现1笔大宗交易 共成交634.62万元,新浪
673,2020-06-17,年内45家科创板股发行，累计募资496.54亿元,证券时报网
674,2020-06-17,半导体硅片概念股集体飘绿，沪硅产业-U领跌,Wind
675,2020-06-17,为保障募投项目实施，沪硅产业拟向全资子公司上海新昇增资16亿元,资本邦
676,2020-06-17,科创板一周年特别报道｜幼苗虽小亦能参天,财华社
677,2020-06-17,千亿芯片巨头暴涨 外资扫货这些芯片股,证券时报
678,2020-06-16,科创板晚报|沪硅产业向“300mm硅片二期”实施主体增资壁仞科技完成11亿元融资,科创板日报
679,2020-06-16,沪硅产业(688126.SH)拟使用部分募集资金和自有资金向上海新昇增资16亿元 实施募投项目,格隆汇
680,2020-06-16,沪硅产业-U：董事会同意向全资子公司增资16亿元,Wind
681,2020-06-15,国产芯片恐遭釜底抽薪？,36氪
682,2020-06-13,科创板开板一周年，51家TMT公司成功上市-科创板系列报告【安信诸海滨团队】,诸海滨科新先声
683,2020-06-11,“IPO50条”升级为54条，创业板期权激励有望创新,第一财经
684,2020-06-11,中环股份 披着“光伏”外衣的半导体公司？,北极星电力
685,2020-06-10,今年以来科创板股首发募资额达486.05亿元,证券时报网
686,2020-06-10,【行情】半导体板块开盘走弱，捷捷微电跌6%，南大光电、雅克科技、福晶科技、沪硅产业集体走弱。,金十数据
687,2020-06-10,中泰证券：国内大硅片有望发力 建议关注沪硅产业等,证券时报网
688,2020-06-09,大硅片专题报告：半导体“画布” 国内龙头逐步突破,新浪
689,2020-06-09,沪硅产业持续拉升 半导体板块走强,中证网
690,2020-06-08,融资客青睐7股，金枫酒业买入占比高达37.27%,Wind
691,2020-06-08,【机械】半导体新股分析——中芯国际:先进制程追赶者，更是国产设备与材料的培育者,微信
692,2020-06-07,科创板众生相：一半海水，一半火焰,格隆汇
693,2020-06-05,今年以来科创板股首发募资额达452.6亿元,证券时报
694,2020-06-05,券商“分食”IPO承销保荐蛋糕：前5月最大一单来自科创板 这家券商进账1.58亿,中证报
695,2020-06-05,科创板两融余额连续8日增加 65股融资余额环比增加,证券时报网
696,2020-06-04,沪硅产业“打脸”券商研报：未接受调研，业绩预测与实际不符,每日经济新闻
697,2020-06-04,暴跌近14% 芯片概念明星股被资金猛砸,金融界
698,2020-06-04,上市公司“打脸”券商研报又现：沪硅产业紧急辟谣未接受过调研，研报业绩预测与实际不符！,每日经济新闻
699,2020-06-03,暴走A股：30天暴涨876.60%！一起见证A股人性的疯狂,金融界
700,2020-06-03,股价暴涨8倍，公司紧急喊停，沪硅产业质疑券商研报,第一财经
701,2020-06-03,中芯国际概念妖股频出 沪硅产业30天暴涨近9倍,第一财经
702,2020-06-03,30天暴涨近9倍！最强芯片概念股急了，“手撕”券商研报,e公司
703,2020-06-03,沪硅产业“手撕”券商：自己都看不清未来，方正证券却预测其2020年盈利1.6亿,21世纪经济报道
704,2020-06-03,中国半导体硅片：小荷已露尖尖角,新浪
705,2020-06-03,中国半导体硅片：12英寸大硅片的艰难追赶,新浪
706,2020-06-03,沪硅产业:公司基本面未发生特别变化 券商预测数据与实际有出入|公司问答,第一财经
707,2020-06-03,天合光能或本月中旬上市且超400亿市值 海优威和明冠新材排队科创板,北极星电力
708,2020-06-03,亏损标识难挡投资者热情沪硅产业股价上市涨8倍公司冷对市场追捧 亏损,科创板日报
709,2020-06-03,券商“吹票”股价暴涨8倍！沪硅产业出面硬怼部分研报“预测”不准,金融界
710,2020-06-03,股票严重异常波动，沪硅产业2020一季度亏损5381.47万元 亏损,资本邦
711,2020-06-03,科创板早报|两部门指出加快发展智慧物流拼多多称暂无二次上市计划,科创板日报
712,2020-06-02,沪硅产业上市不足两月股价涨8倍 公司称部分研报对股价预计依据不足,中证网
713,2020-06-02,股价严重异常波动 沪硅产业提示风险,e公司
714,2020-06-02,沪硅产业(688126.SH)股票交易严重异常波动：提醒注意投资风险,格隆汇
715,2020-06-02,沪硅产业发布严重异常波动公告:涨幅偏离值累计达到200%,新浪
716,2020-06-02,沪硅产业：部分研究报告对公司业绩预测与公司历史业绩情况差异较大,格隆汇
717,2020-06-02,1个月翻4倍的沪硅产业 只是科创板“前菜”？,金融界
718,2020-06-02,电子行业2020中期策略报告：5G创新持续 半导体国产空间大,新浪
719,2020-06-02,芯片板块拉升 沪硅产业股价创历史新高,中证网
720,2020-06-02,【机械*陈显帆】大硅片管制加强，国产设备和材料供应商有望崛起,东吴研究所
721,2020-06-01,【华西电子孙远峰-每日观点&资讯】（2020-06-02）,远峰电子
722,2020-06-01,【大硅片专题】大硅片管制加强，国产设备和材料供应商有望崛起【东吴机械】,透视先进制造
723,2020-05-31,沪硅产业-U：拟2995.89万元收购上海新昇半导体1.5%的股权,Wind
724,2020-05-31,沪硅产业拟收购上海新昇剩余股权,中国证券网
725,2020-05-31,沪硅产业(688126.SH)：拟2995.8912万元向关联方收购上海新昇1.5%的股权,格隆汇
726,2020-05-31,本周股市龙虎榜一览：沪硅产业最受机构青睐,搜狐
727,2020-05-29,【东北基础化工】日报/山东出台方案分期禁用一次性塑料餐具 20200530,东北基础化工
728,2020-05-29,沪硅产业5月29日龙虎榜 一机构专用席位卖出,证券时报网
729,2020-05-29,5月30日上市公司重要公告集锦：ST国重装将于6月8日在上交所重新上市交易,证券日报
730,2020-05-29,公告精选：ST国重装将于6月8日在上交所重新上市；两公司涉嫌信披违法违规遭立案调查,e公司
731,2020-05-29,上海新阳(300236.SZ)拟转让上海新昇1.5%股权予沪硅产业 资产异常,格隆汇
732,2020-05-29,半导体硅片题材午后再度大涨，科创板沪硅产业再涨10%,Wind
733,2020-05-29,募资近300亿，国内半导体新贵谋划“芯”布局,36氪
734,2020-05-28,5.28号盘面回顾,搜狐
735,2020-05-28,沪硅产业：公司市净率显著高于行业平均水平,科创板日报
736,2020-05-28,沪硅产业回应股价异动：除已披露信息外不存在其他应披露而未披露的重大信息,上交所
737,2020-05-28,沪硅产业-U：连续大涨股价异动，提示风险,Wind
738,2020-05-28,半导体板块反弹 沪硅产业持续拉升,中证网
739,2020-05-28,半导体硅片题材尾盘强劲反弹，上海新阳大涨5%,Wind
740,2020-05-27,沪硅产业换手率31.31% 营业部龙虎榜净卖出1.16亿元,证券时报网
741,2020-05-27,科创板两融余额合计140.78亿元 69股融资余额环比增加,证券时报网
742,2020-05-26,沪硅产业涨18.17% 二机构上榜龙虎榜,证券时报网
743,2020-05-26,融资融券周报2020年第20周,新浪
744,2020-05-20,华为芯片牵动人心科技龙头反扑 六股迎新生,证券时报
745,2020-05-18,科创板收评 | 两只新股登陆科创板，上市首日涨幅均逾90%,第一财经
746,2020-05-18,电子元器件一季度财报总结：复苏韧性对冲疫情影响 硬件创新趋势不变,新浪
747,2020-05-18,【行情】科创板板块午后异动拉升，沪硅产业涨6%，中微公司涨4.05%，芯源微涨3.67%，华特气体、光云科技等跟涨。,金十数据
748,2020-05-18,化工行业：原油价格反弹支撑化工价格指数上行 关注电子材料,新浪
749,2020-05-14,沪硅产业5月14日龙虎榜数据,证券时报网
750,2020-05-14,深度*行业*半导体设备国产化专题九：清洗设备-清洗设备国产化率与刻蚀设备国产化率基本持平 盛美是12寸线清洗设备国产化关键推动者,新浪
751,2020-05-14,芯片板块走强,Wind
752,2020-05-14,半导体板块再度活跃 沪硅产业涨超12%,e公司
753,2020-05-11,科创板2019年年报整体扫描，成绩如何？,钛媒体
754,2020-05-11,4月新股创富榜，35岁谭光华身家超90亿,时代在线
755,2020-05-08,机构连续重金买入锂电股 游资高位接力沪硅产业丨龙虎榜,第一财经
756,2020-05-08,科创板个股早盘集体拉升 宝兰德涨停,金融界
757,2020-05-07,科创板收评：个股走势分化沪硅产业跌7.10%,科创板日报
758,2020-05-07,券商首次关注5股并给予买入评级（5月7日）,Wind
759,2020-05-07,"机构外资齐抢筹，国产芯片概念""第二春""来临，最全产业链个股名单",证券时报网
760,2020-05-07,【机械】沪硅产业：搭上本土晶圆厂扩产快车，引领12英寸硅片国产化,微信
761,2020-05-06,涨停复盘 | A股五月开门红，科技股掀涨停潮,第一财经
762,2020-05-06,科创板收评：全线大涨沪硅产业、安集科技等6只个股涨停,科创板日报
763,2020-05-06,快讯：半导体板块午后持续拉升 沪硅产业大涨18%,新浪
764,2020-05-06,科创板午后延续强势,Wind
765,2020-05-05,沪硅产业(688126.SH)股价异动 不存在应披露而未披露重大信息,格隆汇
766,2020-05-03,本周股市龙虎榜一览：沪硅产业最受机构青睐,搜狐
767,2020-04-30,科技归来，红盘收官 | 粤开策略资金面日报-0430,微信
768,2020-04-30,科创板收评 | 95只个股上涨，沪硅产业和聚辰股份涨停,第一财经
769,2020-04-30,科创板收评：个股普涨沪硅产业、聚辰股份涨停,科创板日报
770,2020-04-30,净利下滑超5倍沪硅产业股价却强势涨停市场看好的逻辑在哪里？ 盈利能力下降,科创板日报
771,2020-04-30,半导体板块大幅走高，沪硅产业聚辰股份大涨20%,证券时报网
772,2020-04-30,快讯：科创板个股午后延续强势 沪硅产业封涨停,新浪
773,2020-04-30,科创板继续走强,Wind
774,2020-04-30,科创板沪硅产业午后涨停，成交额超15亿元,Wind
775,2020-04-30,【行情】科创板板块早盘大涨，聚辰股份涨停，沪硅产业涨9%，华特气体涨7.53%，中微公司、澜起科技跟涨。,金十数据
776,2020-04-30,睿投顾：国产自主可控重回C位 注册制为大科技注入新活力,恒泰头派账户
777,2020-04-30,沪硅产业：一季度净亏损5381.47万元，由盈转亏 亏损,Wind
778,2020-04-29,重磅！邱慈云出任沪硅产业总裁，市值飙升43.15亿！,红周刊
779,2020-04-28,解码科创板｜18股飘红 沪硅产业大涨14.80%,上游新闻
780,2020-04-28,科创板午后小幅回暖，沪硅产业大涨12%,Wind
781,2020-04-27,沪硅产业：2019年净利润亏损8991.45万元 亏损,金融界
782,2020-04-27,【华西电子孙远峰团队-持续推荐沪硅产业】12英寸硅片通过28nm认证，产能稳步推进,远峰电子
783,2020-04-27,科创板收评 | 新股财富趋势涨逾87%，东方生物和心脉医疗涨逾10%,第一财经
784,2020-04-26,【一周芯闻热点】紫光展锐两高管被开除；这家半导体设备龙头净利增长32.2%,搜狐
785,2020-04-26,中国最大硅晶圆厂上市！曾4年亏5亿，拿钱砸出来的国货之光,Ofweek
786,2020-04-24,沪硅产业：国内半导体硅片行业的领军企业,红周刊
787,2020-04-23,4月23日科创板主力资金净流入4645.58万元,证券时报网
788,2020-04-23,48只科创板股融资余额环比增加,证券时报网
789,2020-04-23,科创板公司一季报拆解,21世纪经济报道
790,2020-04-23,科创板公司一季报：医药股现分化 科技龙头抗压强,21世纪经济报道
791,2020-04-22,科创板资金动向：4股主力资金净流入超5000万元,证券时报网
792,2020-04-22,4月22日早盘主力巨资抢筹四大板块(附股),金融界
793,2020-04-22,科创板股融资融券余额每日变动（4月21日）,证券时报网
794,2020-04-21,国内最大硅晶圆厂上市！沪硅产业首日大涨180%，近4年净利不足6000万,搜狐
795,2020-04-21,4月21日科创板主力资金净流出4.90亿元,证券时报网
796,2020-04-21,43只科创板股融资余额环比增加,证券时报网
797,2020-04-21,半导体概念股普遍下跌，南大光电、沪硅产业跌幅靠前,Wind
798,2020-04-21,【半导体】沪硅产业：开启国产大硅片新纪元，重塑全球硅片格局,天风研究
799,2020-04-20,4月20日科创板主力资金净流入7.29亿元,证券时报网
800,2020-04-20,3只科创板股尾盘现大额资金净流入,证券时报网
801,2020-04-20,沪硅产业科创板上市首日涨幅超180% 总市值271亿元,中新经纬
802,2020-04-20,沪深A股主力资金合计净流出107.12亿元 沪硅产业净流入额居首,中证网
803,2020-04-20,沪硅产业登陆科创板 国产大硅片领军者释放产业效益,证券日报
804,2020-04-20,国产大硅片领军者沪硅产业登陆科创板 将加大硅片产研投入,中证网
805,2020-04-20,4月20日新股提示：光云科技、金现代、赛伍技术申购 沪硅产业上市 芯瑞达、北摩高科、贵州三力中签号出炉,上证报
806,2020-04-20,沪硅产业今日上市 发行价格3.89元/股,上证报
807,2020-04-20,新股发行与上市一览（4月20日）,Wind
808,2020-04-20,中国第一大硅晶圆厂！沪硅产业今日登陆科创板，海通证券保驾护航,券商中国
809,2020-04-17,补贴3亿还亏3亿 “中国第一大硅晶圆厂”下周上市！光环下沪硅产业成色几何？ 亏损,第一财经
810,2020-04-16,沪硅产业(688126.SH)：4.498亿股将于20日起挂牌上交所发行价3.89元/股,格隆汇
811,2020-04-13,上海硅产业集团股份有限公司首次公开发行股票并在科创板上市,证券时报
812,2020-04-13,4月13日新股提示：金丹科技申购 沪硅产业、锐新科技、锦和商业中签号出炉 金田铜业公布中签率,上证报
813,2020-04-12,锐新科技、锦和商业、沪硅产业三只新股中签结果出炉,证券时报网
814,2020-04-12,开奖了！沪硅产业、锦和商业中签号新鲜出炉,上游新闻
815,2020-04-12,锦和商业等两只新股中签号出炉　一只可转债中签号,中财网
816,2020-04-12,沪硅产业(688126.SH)：网上摇号中签号码共269144个 中国保险投资基金获配约1.03亿股,格隆汇
817,2020-04-12,沪硅产业：中签号码共有269144个,Wind
818,2020-04-12,沪硅产业中签号出炉 共26.91万个,e公司
819,2020-04-10,4月10日新股提示：金田铜业申购 上能电气上市 安宁股份、朝阳科技中签号出炉 沪硅产业、锐新科技、锦和商业公布中签率,上证报
820,2020-04-10,沪硅产业网上发行最终中签率为0.10087%,上证报
821,2020-04-09,今日新股申购：锐新科技、锦和商业、沪硅产业,中国经济网
822,2020-04-09,新股日历丨今日新股申购：锐新科技 & 沪硅产业 & 锦和商业,国融证券资讯
823,2020-04-09,4月9日新股提示：沪硅产业、锐新科技、锦和商业申购 三友医疗、京源环保上市 安宁股份、朝阳科技公布中签率,上证报
824,2020-04-09,【新股】沪硅产业、锦和商业、锐新科技今日发行,微信
825,2020-04-09,沪硅产业今日申购 顶格申购需配市值86.5万元,上证报
826,2020-04-09,【新股提示】沪硅产业等三新股今日申购,Wind
827,2020-04-09,国产大硅片龙头沪硅产业网上路演受热捧,上证报
828,2020-04-09,今日新股丨锐新科技、锦和商业、沪硅产业,国盛证券
829,2020-04-09,"""捡钱""机会来了？没钱没股也能买，7只产品马上开启申购！",中国基金报
830,2020-04-08,发行6.2亿股 科创板沪硅产业今申购,每日经济新闻
831,2020-04-08,【新股信息】4月9日 锐新科技(300828)、沪硅产业(688126)、锦和商业(603682)新股申购,银河股票资讯
832,2020-04-08,沪硅产业4月9日申购宝典,金融界
833,2020-04-08,沪硅产业成立 为国产半导体硅片带来了曙光,上证报
834,2020-04-07,沪硅产业9日启动申购 借力资本市场推进产业发展,上证报
835,2020-04-07,沪硅产业确定发行价3.89元/股 4月9日网上申购,e公司
836,2020-04-07,沪硅产业(688126.SH)：拟发行不超6.20亿股发行价3.89元/股9日挂牌上交所,格隆汇
837,2020-04-07,2只科创板新股即将迎来申购（附股）,证券时报网
838,2020-04-06,沪硅产业(688126.SH)拟发行不超62006.82万股网上路演时间为4月8日9:00-12:00,格隆汇
839,2020-04-06,【重磅财经前瞻】3月CPI、PPI将公布 新一轮降准7日落地,中新经纬
840,2020-04-01,2只科创板新股即将发行（附股）,证券时报网
841,2020-03-18,硅产业、成都先导科创板IPO注册生效,上证报
842,2020-03-18,每经小强快讯：注册生效！上海硅产业集团股份有限公司科创板挂牌只等“这一天”了,每日经济新闻
843,2020-03-18,科创板拟上市公司硅产业、成都先导注册生效,e公司
844,2020-03-17,证监会同意2家企业科创板IPO注册,Wind
845,2020-03-09,数据|国家大基金新增投资兴科半导体 三张图尽收其最全A股投资名单,科创板日报
846,2020-02-25,硅产业逆周期扩张：国产大硅片商业化第一 只待下游回暖,亿欧网
847,2020-01-17,【华西电子孙远峰团队—持续看好半导景气】半导体材料积极扩产，导入新建产线窗口期,远峰电子
848,2020-01-06,"【华西电子孙远峰团队—持续看好半导景气】芯片涨价全产业链蔓延,上半年景气度望延续",远峰电子
849,2019-12-13,曲靖经开区倾力打造中国西部绿色水电硅谷,中国机经网
850,2019-12-09,九江打造新材料产业发展新高地,中国有色
851,2019-12-05,硅产业IPO窘境：核心产品产能利用率断崖 关联交易飙升,电鳗快报
852,2019-12-05,19家提交科创板注册企业 预计2019年净利润同比增长,中证报
853,2019-12-03,2020年光伏需求端增长迅速 六股投资正当时,证券时报网
854,2019-11-29,三十而立行稳致远共建健康行业生态,中证协
855,2019-11-14,硅产业、国盾量子成功闯关 科创板过会公司增至95家,上证报
856,2019-11-13,【金财富早知道】2019-11-14,赢家之星
857,2019-11-13,硅产业、国盾量子科创板首发均获批，成都先导华峰测控首发即将上会,Wind
858,2019-11-13,每日科创板之1113：国盾量子与硅产业过会 先临三维审核终止,TechWeb
859,2019-11-13,科创板上市委：硅产业、国盾量子首发通过,e公司
860,2019-11-04,上交所：国盾量子、硅产业11月13日科创板首发上会,e公司
861,2019-11-04,上海硅产业集团、科大国盾量子技术11月13日科创板首发上会,Wind
862,2019-10-29,更新三季报财务数据 硅产业恢复科创板IPO审核,上证报
863,2019-10-28,硅产业恢复科创板上市审核 聚焦大尺寸硅片业务,证券时报网
864,2019-10-28,三季报更新完毕 硅产业科创板IPO恢复审核,上证报
865,2019-08-15,硅产业科创板上市中止审核 补充披露定期报后恢复,TechWeb
866,2019-08-06,【未盈利Pre科创板企业必读】未盈利企业问询回复要点全梳理,广证恒生新三板研究极客
867,2019-08-02,硅产业集团：整体上市第一股 中国半导体企业并购式发展样板,挖贝网
868,2019-07-05,赚了！兴发集团作价17.82亿元收购兴瑞硅材料 两年估值增长2.36倍,21世纪经济报道
869,2019-07-03,上海硅产业独立董事高永岗卸任 目前为中芯国际执行副总裁 董监高成员变化,每日经济新闻
870,2019-07-02,上海新阳（300236.SZ）：预计半年报扭亏为盈，参股公司将冲刺科创板,格隆汇
871,2019-07-02,上海新阳2019年上半年净利2.8亿 较上年同期扭亏为盈,挖贝网
872,2019-07-01,上海新阳(300236.SZ)预计上半年业绩扭亏为盈至2.75亿元-2.8亿元,格隆汇
873,2019-07-01,上海新阳预计上半年扭亏为盈 股权转让收益“占大头”,每日经济新闻
874,2019-07-01,7月1日晚间上市公司十大重磅公告,巨丰财经
875,2019-07-01,上海新阳2019上半年预计盈利2.8亿元 同比扭亏为盈,资本邦
876,2019-06-28,合盛硅业：低成本扩张的硅基新材料龙头 审慎推荐评级,华鑫证券
877,2019-06-24,2018年中国有机硅行业市场现状及发展前景分析 下游应用领域拉动市场需求增长,前瞻研究院
878,2019-06-23,陆家嘴财经早餐2019年6月23日星期日,Wind
879,2019-06-12,谁投了最多的科创板公司？这十家VC/PE榜上有名,每日经济新闻
880,2019-06-01,11亿商誉居科创板受理企业首位 上海硅产业集团3年亏损3亿 亏损,华夏时报
881,2019-05-30,冲击科创板的集成电路企业大阅兵！,金融界
882,2019-05-29,半导体板块盘中走强，机构看好产业链投资机会,第一财经
883,2019-05-24,科创板 | 11亿商誉居受理企业首位 上海硅产业集团3年亏损3亿 亏损,华夏时报
884,2019-05-22,科创板掘金︱上海硅产业集团股份有限公司,第一财经
885,2019-05-10,西部超导回复上交所问询：“三类股东”已作出合理安排和承诺 问询,企业成长智库
886,2019-05-06,创投渗透率高达83%！百家科创板受理企业背后有这些创投机构（名单）,证券时报网
887,2019-05-06,上海硅产业集团主业三年亏3.14亿 3亿补助为同期净利两倍11亿商誉悬顶 亏损,长江商报
888,2019-05-05,前中芯国际CEO邱慈云加入上海新昇 后者或申请科创板,新京报
889,2019-05-05,科创10点档︱转融通细则发布 15公司问询回复728个问题,中金在线
890,2019-05-02,上海硅产业冲刺科创板 顶着“中国第一大硅晶圆厂”光环的它成色几何？,格隆汇
891,2019-05-01,硅产业冲刺科创板获受理 扣非净利润至今仍为负,资本邦
892,2019-04-30,【科创板大阅兵】受理企业增至98家！这家硅产业公司拟募资25亿，股东背景不一般,e公司
893,2019-04-30,河南省首家申请科创板企业现身 建龙微纳IPO获受理,北京商报网
894,2019-04-30,科创板受理企业增至98家：新添祥生医疗、硅产业、建龙微纳,澎湃新闻
895,2019-04-10,科创板早读|5家企业申请获受理，15家企业获问询,新京报
896,2018-04-23,[推荐评级]民生化工行业周报：甲醇、甲烷氯化物价格上涨 涤纶长丝继续保持高景气,中财网
897,2018-04-12,[推荐评级]基础化工行业2018Q1业绩预告点评：供需格局改善细分行业 创业板业绩大幅上涨,中财网
898,2018-04-02,[推荐评级]民生化工行业周报：继续看好聚酯产业链复苏 纯碱价格存在上涨预期,中财网
