,2021-12-30,民生证券：给予紫光股份买入评级,证券之星
0,2021-12-28,Gartner公布三季度存储市场报告：亚太增速最快，浪潮信息蝉联全球前五,Ofweek
1,2021-12-28,浪潮信息孙斌：浪潮存储系统设计的技术探索、选择与思考,美通社
2,2021-12-28,平安证券：《“十四五”国家信息化规划》发布，将大幅提升IT投资占比,财联社
3,2021-12-28,2022年中国计算机系统集成行业市场规模及发展趋势分析 市场规模波动上升【组图】,证券之星
4,2021-12-26,通信周报：如何理解和把握通信“三大变化”下的2022投资机会？,新浪
5,2021-12-24,连续3个季度！Gartner最新数据：浪潮信息稳居全球前五、中国前二,美通社
6,2021-12-24,Forrester发布全球AI基础设施报告,光明网
7,2021-12-24,浪潮信息成功入围“中国ESG优秀企业500强”,美通社
8,2021-12-23,胡润上海首发中国网络安全企业百强 浪潮信息上榜前十,大众网
9,2021-12-22,千亿赛道再迎政策风口，一图看懂网络安全产业链！,Wind
10,2021-12-22,浪潮信息中标交通银行总行集中式存储采购项目,美通社
11,2021-12-22,浪潮信息：根据国际数据机构IDC发布的数据显示，2021上半年浪潮边缘计算服务器蝉联中国第一,每日经济新闻
12,2021-12-20,浪潮信息发布新款JBOD产品 破解数据存储瓶颈,美通社
13,2021-12-16,双碳目标下，开放计算成数据中心绿色节能新选择,美通社
14,2021-12-16,迎接冬奥 浪潮信息科技护航2022北京冬奥会,美通社
15,2021-12-14,浪潮信息：公司采购生产经营情况一切正常，未曾被限制,每日经济新闻
16,2021-12-14,浪潮信息：不涉及元宇宙的应用等业务,每日经济新闻
17,2021-12-14,IDC公布2021Q3全球服务器市场最新数据，浪潮信息蝉联全球第二,和讯
18,2021-12-10,元脑伙伴故事 -- 可利邦：成功源于专注，心向一处方可攻无不克,美通社
19,2021-12-08,浪潮信息荣膺人工智能领航企业，“源”获评最佳AI产品,美通社
20,2021-12-05,深度*行业*计算机行业2022年度策略：软件定义世界 芯片定义软件,新浪
21,2021-12-04,主力探秘：计算机板块估值处在合理位置,财富动力网
22,2021-12-03,星网锐捷(002396)：锐捷网络分拆落地 公司有望迎来价值重估,新浪
23,2021-12-01,计算机行业2022上半年投资策略：把握数字化发展机遇 关注高景气、具备成长确定性领域,新浪
24,2021-12-01,数字经济时代 算力成竞争新焦点,中国日报网
25,2021-12-01,行业点评报告：工信部发布《“十四五”大数据产业发展规划》关注大数据应用和基建赛道投资机会,新浪
26,2021-12-01,【计算机】景气度为王，自下而上把握行业机会,金融界
27,2021-12-01,计算机行业事件点评：工信部同时发布两大重磅政策 软件行业黄金十年开启,新浪
28,2021-11-25,浪潮信息：12月25日赎回10亿元“18浪潮电子MTN002”,Wind
29,2021-11-25,计算机行业：关注有合理估值和目标空间支撑的行业驱动,广发证券
30,2021-11-22,计算机行业周报：阿里云首次季度营收超过200亿元,新浪
31,2021-11-22,浪潮信息(000977)：国产服务器龙头，行业景气度与公司基本面持续向好,财富动力网
32,2021-11-21,【民生计算机】计算机行情将如何演绎？,计算机司令部
33,2021-11-21,计算机行业周报：辨明基本面趋势信号、前瞻把握结构性机会,广发证券
34,2021-11-19,银河证券每日晨报,新浪
35,2021-11-17,赞华成为浪潮信息十亿级战略伙伴 双方共筑元脑生态新里程,美通社
36,2021-11-17,从亏损到年入千亿！国产服务器大王获多个第一 亏损,Ofweek
37,2021-11-16,办公室挂起“加班真好”等横幅，浪潮集团遭本地监察部门调查 其他违规处罚,钛媒体
38,2021-11-16,“想跑也跑不了”，浪潮集团办公室挂横幅提倡加班，旗下三家上市公司被戏称“加班概念股”,中国经济网
39,2021-11-16,元宇宙指数再创新高，大富科技“20cm”涨停,Wind
40,2021-11-15,通信周报：英伟达GTC大会OMNIVERSE贯穿始终 元宇宙概念持续火热,华安证券
41,2021-11-15,计算机行业周报：虚拟与现实的交织 元宇宙背后的ICT技术,华安证券
42,2021-11-14,中国银河维持计算机行业推荐评级：云计算前瞻指标重大拐点出现，云计算景气度将再度升温,每日经济新闻
43,2021-11-14,计算机行业周观点：参考3季报 重点把握年底估值切换机会,新浪
44,2021-11-11,2021 OCP全球峰会召开 浪潮信息让行业用户更具“开放可能性”,美通社
45,2021-11-09,计算机行业周报：各业务板块恢复发展 计算机行业有望在年底迎来业绩放量,新浪
46,2021-11-05,天时、地利、人和:中国企业何以在数据存储产业大有可为,砍柴网
47,2021-11-04,中国银河：给予浪潮信息买入评级,证券之星
48,2021-11-04,中国银河维持浪潮信息推荐评级：业绩超预期，毛利率提升显著,每日经济新闻
49,2021-11-04,联想集团“闪退”科创板真相,商学院
50,2021-11-03,浪潮信息今日大宗交易成交50.78万股，成交价31.22元溢价0.0%,Wind
51,2021-11-03,"浪潮信息现1笔大宗交易 共成交1,585.35万元",新浪
52,2021-11-03,通信行业2021年11月投资策略暨三季报总结：新动能赛道持续高景气 板块估值静待复苏,新浪
53,2021-11-02,浪潮信息(000977.SZ)：控股股东浪潮集团的股权结构于近期发生变更 控制人变化,格隆汇
54,2021-11-02,通信行业跟踪周报：本周专题 通信第三季度基金持仓环比持平 持续关注物联网及能源信息化赛道投资机会,新浪
55,2021-11-02,"聚焦用户,聚焦技术，浪潮存储迎来发展新机遇",Ofweek
56,2021-11-02,计算机行业周报：网安处于国家战略的突出位置 投资机构持续看好人工智能,新浪
57,2021-11-01,【计算机】参考3季报，重点把握年底估值切换机会,金融界
58,2021-10-31,【兴证计算机】计算机行业三季报总结：整体稳健，龙头更优,兴业计算机团队
59,2021-10-28,星网锐捷(002396)：盈利环比改善 云网终端需求持续向好,新浪
60,2021-10-28,西部证券维持浪潮信息买入评级：盈利水平提升超预期，存货规模扩大,每日经济新闻
61,2021-10-28,浪潮信息：收入增速转正，管理改善大幅提升利润— —华创计算机王文龙团队,蚊子搞科研
62,2021-10-28,206股获券商买入评级，新安股份目标涨幅达96.48%,Wind
63,2021-10-27,浪潮有备而来 新一代G6存储平台市场前景看好,中国电子报
64,2021-10-27,续写传奇，浪潮存储凭何脱颖而出,砍柴网
65,2021-10-27,浪潮信息：当年累计新增借款占上年末净资产的52.31%,Wind
66,2021-10-27,华创证券：维持浪潮信息(000977.SZ)“强推”评级 目标价44元,智通财经
67,2021-10-27,朝闻国盛：北上连续流入破百亿,新浪
68,2021-10-27,浪潮信息(000977)：营收与毛利率改善明显 下游景气度企稳反弹,广发证券
69,2021-10-27,东莞证券给予浪潮信息推荐评级：前三季度利润大幅增长，盈利能力提升明显,每日经济新闻
70,2021-10-27,国盛证券维持浪潮信息买入评级：21Q3财报超预期，云上游领军成长性持续验证,每日经济新闻
71,2021-10-27,晨会聚焦211027重点关注晶晨股份、歌尔股份、圣邦股份、光弘科技、锐科激光、浪潮信息、力量钻石、光峰科技、苏试试验、北京君正等,国信研究
72,2021-10-27,浪潮信息（000977）21年三季报点评：营收增速迎来拐点，利润大幅增长,国信研究
73,2021-10-26,浪潮信息公布三季报 前三季净利增加114.98%,新浪
74,2021-10-26,浪潮信息：第三季度净利5.48亿元 同比增长146%,财联社
75,2021-10-26,浪潮信息(000977.SZ)：第三季度净利润升145.94%至5.48亿元,格隆汇
76,2021-10-26,浪潮信息：前三季度净利润13.51亿元 同比增长114.98%,中证网
77,2021-10-26,图解浪潮信息三季报：第三季度单季净利润同比增145.94%,证券之星
78,2021-10-26,浪潮信息：2021年第三季度净利润约5.48亿元，同比增长145.94%,每日经济新闻
79,2021-10-26,浪潮信息：前三季度净利润同比增长114.98%,Wind
80,2021-10-26,中国数字经济发出最强音，数据存储迎来巨大发展机遇,凤凰网
81,2021-10-25,数据存储市场迎来新机遇,经济日报
82,2021-10-25,计算机行业周报：逻辑“双杀”公司开始出现 均衡配置头部与低估值,新浪
83,2021-10-25,因“众”而胜 唯“创”而强——全国双创周里感受创新发展“源动力”,新华网
84,2021-10-24,数据存储迎来全新发展机遇 浪潮发布新一代G6存储平台,中国金融新闻网
85,2021-10-23,AI+互联网最新趋势与实践 京东、字节、百度等专家精彩报告尽在AICC2021,美通社
86,2021-10-23,浪潮彭震：数字经济提速，数据存储产业迎来新机遇,光明网
87,2021-10-23,中原证券：给予浪潮信息买入评级,证券之星
88,2021-10-22,中国边缘服务器市场高速增长84.6%，浪潮信息蝉联中国第一,美通社
89,2021-10-20,AI+服务器，能成为浪潮突破的方向吗？,Ofweek
90,2021-10-20,【行业深度】洞察2021：中国计算机系统集成行业竞争格局及市场份额(附市场集中度、企业竞争力评价等),前瞻研究院
91,2021-10-20,浪潮信息成为Gartner全球工业物联网边缘计算解决方案标杆供应商,美通社
92,2021-10-19,节能与智能运维成为我国数据中心新趋势,经济网
93,2021-10-18,浪潮信息赵帅：构建开放生态 打造绿色高效的智算基础设施,美通社
94,2021-10-17,浪潮信息(000977)公司简评报告：盈利能力提升 业绩持续高增长,新浪
95,2021-10-17,计算机行业周报：智能驾驶正在发生哪些变化,新浪
96,2021-10-16,计算机行业周报：一图解释信息安全标的审美差异！,新浪
97,2021-10-15,浪潮信息(000977)：利润同比快速增长 优于此前预期,新浪
98,2021-10-15,101股获买入评级 最新:爱 美 客,中财网
99,2021-12-30,民生证券：给予紫光股份买入评级,证券之星
100,2021-08-27,浪潮信息(000977.SZ)于8月26日发行20亿元2021年度第二期超短期融资券,智通财经
101,2021-08-25,浪潮信息 | 需求蓄力，收入质量改善（中银计算机）,一计之长
102,2021-08-24,安信证券：维持浪潮信息(000977.SZ)“买入-A”评级 目标价40元,智通财经
103,2021-08-23,最新社保+QFII重仓股名单：格力等龙头被减持,Wind
104,2021-08-23,民生计算机周报：网安法律体系初步建成 行业景气向上,新浪
105,2021-08-23,安信证券维持浪潮信息买入评级：低点已现，大路向前,每日经济新闻
106,2021-08-23,筑友智造与广联达发力装配式建筑产业赛道；浪潮信息帮助钢铁企业建立智慧应用体系 | 36氪大公司数字化创新指南0824,36氪
107,2021-08-23,浪潮信息(000977)2021年中报点评：AI服务器等高毛利业务带动业绩超预期,新浪
108,2021-08-23,通信本周专题：从派息率和子公司独立分拆上市重新审视运营商投资价值,新浪
109,2021-08-23,浪潮信息：AI服务器等高毛利业务带动业绩超预期——华创计算机王文龙团队,新浪
110,2021-08-22,国盛证券维持浪潮信息买入评级：21H1盈利指标提升明显，云上游静待行业复苏信号,每日经济新闻
111,2021-08-22,国金证券维持浪潮信息买入评级：净利润增长显着，智算领导者地位稳固,每日经济新闻
112,2021-08-22,信达证券首予浪潮信息买入评级：受益国产化国内收入稳定增长，毛利率大幅提升,每日经济新闻
113,2021-08-22,【国金通信】浪潮信息：净利润增长显着，智算领导者地位稳固,新经济的瞭望
114,2021-08-20,浪潮信息：半年度净利8.03亿元 同比增98%,财联社
115,2021-08-20,浪潮信息：上半年净利润同比增长97.99%,Wind
116,2021-08-17,北向资金逆市抄底加仓A股近15亿，通威股份、北方稀土净买入额均创历史新高,Wind
117,2021-08-16,民生计算机周报：从中报发掘边际改善和持续成长,新浪
118,2021-08-16,计算机行业周观点：中报集中披露 龙头行情可期,新浪
119,2021-08-16,计算机行业周报：华为鸿蒙的最新进展和投资全景,新浪
120,2021-08-14,计算机行业周报：信息安全与服务器的产业链话语权均被明确低估！,新浪
121,2021-08-12,科技+成长！网络安全升温，业绩加速释放,Wind
122,2021-08-11,浪潮信息(000977)：服务器长期格局改善 预计21Q3迎收入增速拐点,新浪
123,2021-08-11,计算机行业周报：用友发布精智工业互联网平台3.0 企业云化面临更多网络安全问题,新浪
124,2021-08-10,通信运营系列报告运营商系列一：中国电信即将回A 运营商开启云网融合新时代,华安证券
125,2021-08-10,瞰鉴鲁股：联泓新科等三公司跌幅超过10%，板块总市值上周反弹千亿,每日经济新闻
126,2021-08-08,计算机行业周报：工业软件有哪些重要变化,新浪
127,2021-08-08,计算机行业周报：智造TMT新热度！服务器格局怎解读？,新浪
128,2021-08-08,工业软件长期研究布局价值较大，浪潮信息或迎近两年强拐点——华创计算机王文龙团队,蚊子搞科研
129,2021-08-06,A股资金流向（8月6日）：持续利好加持，资金对锂电产业链出现分歧,Wind
130,2021-08-03,浪潮信息(000977)深度研究报告：新一轮投资周期起点,新浪
131,2021-08-02,计算机周报：领军企业中报表现亮眼 看好高端制造等高景气细分,新浪
132,2021-08-02,计算机周观点：解决“卡脖子”难题 高度重视工业软件产业趋势,新浪
133,2021-08-02,区块链：算力重构 通向METAVERSE的阶梯,新浪
134,2021-07-27,浪潮信息：公司具备AI平台全栈技术能力,Wind
135,2021-07-27,A股午盘综述：科创50大涨近4%，芯片股全线爆发,Wind
136,2021-07-27,计算机行业周报：Q2基金持仓回升 关注白马边际改善和行业信创,新浪
137,2021-07-25,【民生计算机|周观点】二季度持仓回顾：集中度提升，聚焦龙头与景气赛道,MS计算机
138,2021-07-25,计算机行业周报：教育政策超预期强势 海康中报振奋人心,新浪
139,2021-07-23,物探院联合浪潮信息加速油气勘探智能化转型升级,石化新闻网
140,2021-07-22,浪潮信息(000977.SZ)完成发行10亿元超短期融资券,智通财经
141,2021-07-22,大盘震荡上行 浪潮信息融资盘小幅流入,财富动力网
142,2021-07-21,浪潮信息等55股近五日获机构净买入,证券时报网
143,2021-07-20,通信行业周报：半年报行情开启 下半年建议轻贝塔重阿尔法,华安证券
144,2021-07-19,计算机行业周报：网络安全八大核心问题聚焦,新浪
145,2021-07-19,民生计算机周报：政策催化+市场扩容 网安景气度提升可期,新浪
146,2021-07-19,融资客青睐1股，中国高科买入占比高达33.72%,Wind
147,2021-07-19,西部证券维持浪潮信息买入评级：核心竞争力强化、盈利能力大幅提升，增长超预期,每日经济新闻
148,2021-07-18,计算机行业：中报前主题轮动下的配置选择,广发证券
149,2021-07-17,计算机行业周报：预测信息安全机会较为持续！,新浪
150,2021-07-16,A股早报2021年7月16日星期五,Wind
151,2021-07-15,群益证券给予浪潮信息买进评级：2021年H1公司业绩大幅增长超预期，看好长期成长性,每日经济新闻
152,2021-07-15,数据复盘｜食品饮料、银行等9个行业获主力资金青睐 北向资金抢筹招商银行等股,证券时报网
153,2021-07-15,最新龙虎榜动向：浪潮信息涨停！上半年净利预增近一倍，机构北向大幅抢筹,21世纪经济报道
154,2021-07-15,又发现一家机构在悄悄建仓公司正处于底部区域！,证券之星
155,2021-07-15,浪潮信息放量涨停，一机构大举买入2.86亿元,第一财经
156,2021-07-15,7月15日龙虎榜解析：浪潮信息净买入额最多，还有27只个股被机构扫货,每日经济新闻
157,2021-07-15,中信证券：维持浪潮信息(000977.SZ)目标价40.8元 Q2净利超预期 云计算行业需求下半年有望回暖,智通财经
158,2021-07-15,浪潮信息龙虎榜数据（7月15日）,Wind
159,2021-07-15,浪潮信息放量涨停，机构、外资大举加仓,Wind
160,2021-07-15,财联社7月15日讯，浪潮信息今日涨停，一机构席位买入2.86亿元，深股通买入1.75亿元并卖出6761万元。,财联社
161,2021-07-15,A股资金流向（7月15日）：白酒、金融获资金青睐，比亚迪连续遭大幅抛售,Wind
162,2021-07-15,A股收盘综述：金融绝地反击，稀土永磁午后崛起,Wind
163,2021-07-15,浪潮信息(000977)2021年中报业绩预告点评：Q2利润超预期 行业需求预计将迎来回暖,新浪
164,2021-07-15,A股午盘综述：金融股明显回暖，题材股回落,Wind
165,2021-07-15,浪潮信息首板,Wind
166,2021-07-15,浪潮信息涨停，预计上半年净利润同比增长75%-115%,Wind
167,2021-07-15,千亿产业迎来风口，高增长潜力股请收藏,Wind
168,2021-07-15,A股早报2021年7月15日星期四,Wind
169,2021-07-14,浪潮信息发布业绩预告：净利润为7.1亿元-8.72亿元，同比增长75%-115%,上游新闻
170,2021-07-14,浪潮信息：上半年预计净利润同比增长75.0%~115.0%,Wind
171,2021-07-14,晚间重要公告2021年7月14日星期三,Wind
172,2021-07-14,通信科技行业2021年下半年展望：关注物联网、办公等垂直市场机遇 5G／云网板块拐点可期,新浪
173,2021-07-14,浪潮信息：预计上半年净利润同比增长75%-115%,Wind
174,2021-07-12,网络安全产业规模将超2500亿元，这些标的被主力加速流入（附股）,第一财经
175,2021-07-08,A股收盘综述：科创50逆势大涨2.6%，成长股持续压制价值股,Wind
176,2021-07-06,通信行业·IDC专题深度：IDC产业链景气周期及投资框架分析,新浪
177,2021-07-05,通信行业一周谈：中移动云资源池招标显网络设备格局渐变,新浪
178,2021-07-05,65股获券商买入评级，恒力石化目标涨幅达73.36%,Wind
179,2021-07-04,【民生计算机|周观点】行业中报前瞻：看好高景气细分，领军企业有望实现高增,MS计算机
180,2021-06-29,通信行业跟踪周报：本周专题 三大运营商5G总用户数超4.5亿 智慧能源解决方案加速发展,新浪
181,2021-06-28,计算机行业周报：板块仍在向上周期 多板块机会梳理,新浪
182,2021-06-28,西部证券：浪潮信息（000977.SZ）服务器行业龙头，市场份额稳中有升，维持“买入”评级,智通财经
183,2021-06-28,西部证券维持浪潮信息买入评级，浪潮信息跟踪报告：市场份额稳中有升，享受行业红利,每日经济新闻
184,2021-06-25,安信研究|晨会在线20210625,安信证券研究
185,2021-06-24,（6月24日互动易）浪潮信息：公司未进入相关制裁名单,Wind
186,2021-06-24,浪潮信息：目前公司与海外客户开展的业务在整体业务中占比不高,Wind
187,2021-06-24,浪潮信息：目前公司供应链稳定，业务正常开展,每日经济新闻
188,2021-06-24,中国普天整体并入中国电科，旗下上市公司纷纷大涨,第一财经
189,2021-06-23,云计算行业10年复盘：云计算还在上半场 垂直SAAS风起,新浪
190,2021-06-23,计算机：中国普天整体并入中电科 计算机行业国企改革进一步加速,新浪
191,2021-06-22,计算机行业周报：互联网医疗服务深入人心 “京东618”相关订单实现高速增长,新浪
192,2021-06-22,【东吴通信侯宾团队】中国电信大幅上调派息率，凸显当前运营商配置价值,东吴通信互联网团队
193,2021-06-20,【民生计算机|周观点】医保建设有望从法律层面强化，行业景气度提升可期,MS计算机
194,2021-06-20,计算机行业周报：追逐主线 不妨21H2回归AI领军／云领军！,新浪
195,2021-06-17,华为“错失”中国移动、中国电信上亿订单，代理商：缺货是假，涨价是真,时代财经
196,2021-06-17,时隔四年回归，王恩东出任浪潮信息董事长,DoNews
197,2021-06-17,浪潮信息人事变动 王恩东回归任董事长 董监高成员变化,中国IDC圈
198,2021-06-16,计算机行业周报：SAAS市值持续增长 互联网医疗的关键在于运营,新浪
199,2021-06-15,浪潮集团副总王恩东正式“回归”浪潮信息，担任董事长,鲁网
200,2021-06-15,浪潮信息：公司目前与华为暂无合作,Wind
201,2021-06-15,通信行业跟踪周报：本周专题 四部委印发《能源领域5G应用实施方案》 华为成立子公司发力能源数字化,新浪
202,2021-06-14,浪潮信息(000977.SZ)：选举王恩东为公司董事长,格隆汇
203,2021-06-11,中信证券：浪潮信息受益服务器市场竞争格局改善，预计公司基本面将持续向好,证券时报网
204,2021-06-11,鸿蒙热度高企，软件板块再度拉升，润和软件5个交易日翻番,证券时报网
205,2021-06-11,华创证券：鸿蒙主题不会短，后续或以涨休交替形式进行，更建议关注应用端,证券时报网
206,2021-06-11,【华创计算机王文龙团队】鸿蒙引爆行情后怎么看,蚊子搞科研
207,2021-06-10,浪潮信息(000977)浪潮信息跟踪点评：服务器竞争格局向好 头部厂商核心受益,新浪
208,2021-06-10,三六零午后涨停，主力净流入近5亿元,Wind
209,2021-06-10,开源证券--计算机周观点：医疗IT再迎政策利好【行业研究】,金融界股吧
210,2021-06-08,六大券商周三看好的六大板块,证券之星
211,2021-06-08,区块链产业迎利好，龙头急速封板，高增长潜力股出炉,Wind
212,2021-06-08,计算机行业周报：工业互联网标识注册量超200亿 已经从概念期走入“快速落地期”,新浪
213,2021-06-08,中原证券：软件板块整体出现回暖迹象，值得积极进行布局,第一财经
214,2021-06-07,计算机行业周报：DCEP产业链市场空间测算及展望,新浪
215,2021-06-07,通信行业跟踪周报：本周专题：为什么“5G+工业互联网”很可能会是下一个数字化转型投资风口,新浪
216,2021-06-06,【民生计算机|周观点】鸿蒙出世，软件国产化进程进一步加速,MS计算机
217,2021-06-06,计算机2021中期策略行业策略：产业升级加速 智能化元年,新浪
218,2021-06-05,浪潮集团人事“大变阵”：“换防”以提效？,新浪
219,2021-06-04,通信-华为产业系列深度之三：万物归一 鸿蒙2.0 重构物联世界,新浪
220,2021-06-04,传媒&通信行业“数字未来”系列一：元宇宙 未来数字绿洲入口已打开,华安证券
221,2021-06-04,科技及智能设备产业链日报：通信设备Ⅲ指数逆市上涨 涨幅1.6%,新浪
222,2021-06-04,计算机行业周报：零售业线上线下融合将持续加速 数据安全技术仍处于研究阶段,新浪
223,2021-06-03,一则重磅传闻引发涨停潮,证券之星
224,2021-06-03,翻倍大牛股一字跌停！白酒股涨超4%，华为概念股大涨,Wind
225,2021-06-03,盘前情报丨手机上的华为鸿蒙来了，产业链一览,21世纪经济报道
226,2021-06-03,鸿蒙OS 2发布，关注三条投资主线,中信证券
227,2021-06-01,鸿蒙重磅发布会“明日见”，这些上市公司已宣布加入“朋友圈”,第一财经
228,2021-05-31,计算机行业周报：鸿蒙再次催化信创 继续看好讯飞、卫宁等公司的进化,新浪
229,2021-05-31,计算机周报：政策关注核心技术 鸿蒙开启生态建设与国产化新篇章,新浪
230,2021-05-31,通信行业跟踪周报：本周专题 政策持续赋能云计算及数据中心产业链发展 通信行业仍维持高景气度,新浪
231,2021-05-31,浪潮信息任职9年董事长突然离职 毛利率持续走低惹的祸？ 董监高成员变化,新浪
232,2021-05-29,中信建投研究6月金股名单,Wind
233,2021-05-29,【太平洋通信李宏涛团队】建设全国算力网络“东数西算”，两套生态链下的投资逻辑,永不消失的电磁波
234,2021-05-28,科技行业：四部门发布算力枢纽实施方案 看好通信基础设施产业链,新浪
235,2021-05-28,行业 | 鸿蒙帆起，国产软硬件风已来（中银杨思睿团队）,一计之长
236,2021-05-28,浪潮信息 | 管理层变化，抓管理不变，把握国产硬件机遇（中银杨思睿团队）,一计之长
237,2021-05-28,中银证券--计算机行业点评：鸿蒙帆起，国产软硬件风已来【行业研究】,金融界股吧
238,2021-05-28,中银国际：浪潮信息（000977.SZ）董事长变更，管理工作推进，维持“买入”评级 董监高成员变化,智通财经
239,2021-05-28,深度*行业*计算机行业：鸿蒙帆起 国产软硬件风已来,新浪
240,2021-05-28,中银证券维持浪潮信息买入评级：管理层变化，抓管理不变，把握国产硬件机遇,每日经济新闻
241,2021-05-28,深度*公司*浪潮信息(000977)：管理层变化 抓管理不变 把握国产硬件机遇,新浪
242,2021-05-27,5月机构调研热情不减：千亿医药白马最获机构青睐,财联社
243,2021-05-26,计算机行业“构筑中国科技基石”系列报告10：鸿蒙放量在即 信创再迎高潮,新浪
244,2021-05-25,开源证券--计算机周观点：关注第三代社保卡产业链投资机会【行业研究】,金融界股吧
245,2021-05-24,通信行业跟踪周报：云网融合打造基石 运营商、设备商、互联网公司携手加速数字化转型,新浪
246,2021-05-24,云计算板块涨势强劲，中国长城、浪潮、用友、广联达、宝信软件全线上扬,Wind
247,2021-05-24,浪潮信息大涨,新浪
248,2021-05-24,民生计算机周报：鸿蒙改变汽车OS格局 生态升级下看好领军企业受益,新浪
249,2021-05-24,每日财报|浪潮信息董事长辞职通威股份实施26.34亿员工持股计划,搜狐
250,2021-05-22,【泰山财经·鲁股速递】浪潮信息：董事长张磊辞职 董监高成员变化,鲁网
251,2021-05-22,计算机行业周报：计算机中小股怎取舍？恒生披露两大新突破！,新浪
252,2021-05-22,犀牛财经早报：华夏、招商等五家银行被罚3.66亿浪潮信息董事长辞职,GPLP犀牛财经
253,2021-05-21,浪潮信息(000977.SZ)董事长张磊辞职 董监高成员变化,智通财经
254,2021-05-21,晚间重要公告2021年5月21日星期五,Wind
255,2021-05-21,浪潮信息：公司董事长张磊辞职 董监高成员变化,Wind
256,2021-05-20,计算机行业周报：3月底部重推的云计算基本面近况如何,新浪
257,2021-05-20,计算机应用行业：财报季尾声是未来一段时间较好的配置时机,广发证券
258,2021-05-18,复盘2020年大数据，计算机行业逆境坚挺！2021年Q1表现显示大趋势正成型,全景网
259,2021-05-18,浪潮信息(000977.SZ)2020年度权益分派10派1.1元 股权登记日为5月25日,格隆汇
260,2021-05-18,浪潮信息(000977.SZ)每10股派1.1元 股权登记日为5月25日,智通财经
261,2021-05-17,计算机行业周观点：底部寻找高景气赛道 关注云计算板块,新浪
262,2021-05-12,计算机行业2020年报及2021一季报综述：计算机行业净利润显着改善 关注绩优成长标的,渤海证券
263,2021-05-11,"计算机20Y/21Q1综述及策略：数字经济为国计,坐等行情纠偏(中银杨思睿团队)",一计之长
264,2021-05-10,计算机周观点：工业互联网持续受重视 抓住产业趋势,新浪
265,2021-05-08,外资调仓路线图曝光，18股获3家及以上机构加仓,Wind
266,2021-05-07,5月7日晚间重要行业研究汇总(附股),中金在线
267,2021-05-07,高端制造行业事件点评：5G+发展助推边缘计算市场规模逐步扩大,新浪
268,2021-05-07,计算机行业深度报告：板块已回归正常增长轨道,新浪
269,2021-05-06,计算机行业2020年报暨2021Q1季报回顾：业绩韧性与长期主义！,新浪
270,2021-05-06,中国电信Q1业绩持续提升 运营商数字化转型持续推进,财富动力网
271,2021-05-02,AI溢出服务器之外，浪潮的想象空间在哪？,钛媒体
272,2021-05-01,浪潮信息(000977)点评：毛利率改善略超预期,新浪
273,2021-04-30,浪潮信息(000977)：利润率显着提升 再显国企改革弹性,新浪
274,2021-04-29,【东吴通信侯宾团队】通信行业点评：电信Q1业绩持续提升，运营商数字化转型持续推进,东吴通信互联网团队
275,2021-04-29,喜报！浪潮信息：2021年第一季度净利润约2.41亿元，同比增加76.94%,每日经济新闻
276,2021-04-29,浪潮信息(000977.SZ)一季度归母净利同比增76.94%至2.41亿元,智通财经
277,2021-04-29,浪潮信息：一季度净利润同比增长76.94%,Wind
278,2021-04-27,浪潮信息：与中国人寿财险签署战略合作协议,e公司
279,2021-04-26,浪潮信息：4月26日获主力资金净流入1.54亿元,每日经济新闻
280,2021-04-26,《云计算半月刊》第七十五（2021.4.26）,计算机司令部
281,2021-04-26,安信证券维持浪潮信息买入评级：报表全面优化，计算机国企改革出华章,每日经济新闻
282,2021-04-26,民生证券维持浪潮信息推荐评级，浪潮信息2020年报点评：核心业务高速增长，经营质量持续改善,每日经济新闻
283,2021-04-24,浪潮信息(000977.SZ)2020年净利升57.90%至14.66亿元拟10派1.1元,格隆汇
284,2021-04-23,【东吴通信侯宾团队】2020年通信行业点评：“碳中和”背景下基建稳步推进，下游需求旺盛，网络能源板块业绩捷报频传,东吴通信互联网团队
285,2021-04-23,晚间重要公告2021年4月23日星期五,Wind
286,2021-04-23,浪潮信息(000977.SZ)年度归母净利同比增长58%至14.66亿元 拟10派1.1元,智通财经
287,2021-04-23,浪潮信息：2020年净利润同比增长57.9%,Wind
288,2021-04-23,浪潮信息：2020年营收630.38亿元，同比增长22.04%,36氪
289,2021-04-22,浪潮电子信息产业股份有限公司关于控股股东非公开发行可交换公司债券进入换股期的提示性公告,中证报
290,2021-04-21,【东吴通信侯宾团队】移动2021年Q1季报点评：中国移动Q1ARPU值企稳回升，经营情况稳步向好，持续看好运营商板块估值提升,东吴通信互联网团队
291,2021-04-21,浪潮信息(000977.SZ)控股股东非公开发行可交债于4月23日进入换股期,智通财经
292,2021-04-21,安信证券--计算机：计算机行业能为碳中和做什么贡献【行业研究】,金融界股吧
293,2021-04-20,3巨头联手大动作，概念龙头瞬间涨停（附股）,Wind
294,2021-04-20,华安证券--通信行业周报：华为开启被动转型，车端云全面赋能合作伙伴【行业研究】,金融界股吧
295,2021-04-19,4月19日晚间重要行业研究汇总(附股),中金在线
296,2021-04-19,东吴证券--通信行业跟踪周报：本周专题：展望上海车展-群雄逐鹿自动驾驶【行业研究】,金融界股吧
297,2021-04-16,国金证券--浪潮信息：服务器龙头业绩成长性再确认，持续推荐看好【公司研究】,金融界股吧
298,2021-04-15,A股异动|浪潮信息(000977.SZ)涨5.36%暂列沪深300成分股涨幅第一,格隆汇
299,2021-04-15,一季报预喜个股开盘大涨，明德生物涨停价开盘,Wind
300,2021-04-14,晚间重要公告2021年4月14日星期三,Wind
301,2021-04-14,浪潮信息(000977.SZ)一季度净利润预增60%-90%,格隆汇
302,2021-04-14,浪潮信息：一季度预计净利润同比增长60.0%~90.0%,Wind
303,2021-04-14,浪潮信息：2020年净利润14.66亿元 同比增长57.9%,中证网
304,2021-04-14,浪潮信息：预计一季度盈利2.18亿-2.59亿元，同比增长60%-90%,Wind
305,2021-04-14,浪潮信息：2020年净利润同比增长57.9%（业绩快报）,Wind
306,2021-04-13,东吴证券--通信行业本周专题：三大运营商乘“云”而上，华为或将重点发力云计算【行业研究】,金融界股吧
307,2021-04-13,安信证券--计算机行业动态分析：中电科吹响计算机行业新一轮国企改革号角【行业研究】,金融界股吧
308,2021-04-11,【民生计算机|周观点】软件定义汽车下车企巨头齐发力，看好领军企业前景,MS计算机
309,2021-04-09,计算机行业2021Q1业绩前瞻：医疗IT、汽车IT、信息安全等多域低基数高景气,新浪
310,2021-04-06,开源证券--计算机行业周报：国产CAD逐步突破中高端制造业市场【行业研究】,金融界股吧
311,2021-04-06,计算机行业周报：华为云崛起、小米百亿造车 产业链受到撼动,新浪
312,2021-04-06,通信行业跟踪周报：本周专题 从华为年报看数字化转型的投资机会,新浪
313,2021-04-06,民生计算机周报：数字货币试点扩大 全面落地预期提升利好银行IT,新浪
314,2021-04-05,【民生计算机|周观点】回顾2020年Saas板块：加速转型，成果靓丽,MS计算机
315,2021-04-04,计算机行业投资策略报告：挖掘最具成长性的港股SAAS赛道,新浪
316,2021-04-03,信息服务行业信息点评：国内服务器持续增长 浪潮稳居头把交椅,新浪
317,2021-04-02,浪潮信息：将于2021年4月30日披露一季度报告,每日经济新闻
318,2021-03-31,安信证券：“信创+网安”构成的“大安全”将是计算机板块业绩高增与持续性最确定主线之一,Wind
319,2021-03-31,安信证券：“信创+网安”构成的“大安全”将是计算机板块业绩高增与持续性最为确定的主线之一,证券时报网
320,2021-03-30,浪潮信息：截至3月19日，公司股东总户数约23万7千余户,每日经济新闻
321,2021-03-30,安信证券--计算机行业动态分析：计算机板块一季报前瞻【行业研究】,金融界股吧
322,2021-03-30,【计算机】计算机板块小幅回调，关注绩优成长标的――计算机行业月报——看好,渤海证券研究
323,2021-03-29,通信行业跟踪周报：中国移动年报业绩向好 政策支持下智慧交通持续发力,新浪
324,2021-03-29,行业周报：计算机行业一季报前瞻：景气持续上行 网安与AI闪耀,新浪
325,2021-03-29,计算机行业周报：“碳中和”对IDC产业链影响几何,新浪
326,2021-03-29,计算机行业周报：继续看好信息安全板块,新浪
327,2021-03-29,渤海证券--计算机行业月报：计算机板块小幅回调，关注绩优成长标的【行业研究】,金融界股吧
328,2021-03-29,民生计算机周报：数字货币试点扩大 全面落地预期提升利好银行IT,新浪
329,2021-03-29,通信行业周报：运营商5G资本开支稳定增长 共建共享成果显着,新浪
330,2021-03-27,计算机行业周报：3月展望数字货币推广三大预测？,新浪
331,2021-03-26,浪潮电子信息产业股份有限公司关于控股股东非公开发行可交换公司债券进入换股期的提示性公告,中证报
332,2021-03-25,浪潮信息(000977.SZ)：“20浪潮E1”于3月29日进入换股期 换股价为40元/股,智通财经
333,2021-03-23,信息服务行业信息点评：国内公有云持续高增长 看好云产业链,新浪
334,2021-03-22,计算机行业周观点：智慧医院管理评级出台 医疗IT建设迎百亿增量,新浪
335,2021-03-22,计算机行业“构筑中国科技基石”系列报告8：国产数据库再受央采支持,新浪
336,2021-03-19,2021Q1云计算行业点评：云计算估值安全边际全测算,新浪
337,2021-03-18,计算机行业周报：行业景气度向上 网安、云计算板块迎估值修复,新浪
338,2021-03-15,通信行业周报：电信联通资本开支拆解：5G投资保持平稳 产业互联网显着增加,华安证券
339,2021-03-15,东吴证券--计算机应用行业：计算机抱团股估值现状及高增长低估值标的梳理【行业研究】,金融界股吧
340,2021-03-15,【民生计算机|周观点】板块估值处历史低位，关注成长性与数字化转型,MS计算机
341,2021-03-14,计算机行业能为碳中和做什么贡献？两大路线积极为高耗能减排赋能,科创板日报
342,2021-03-13,计算机行业周报：云领军安全边际是？计算机领军2021Q1-Q2 季报详细预测！,新浪
343,2021-03-12,西部证券--云计算行业点评报告：看好需求向上，关注供给进展【行业研究】,金融界股吧
344,2021-03-11,科技及智能设备产业链日报：半导体产品与半导体设备板块出现回暖,新浪
345,2021-03-11,白马股反弹机构低买高卖 游资割肉出逃太原重工,财富动力网
346,2021-03-11,A股早报2021年3月11日星期四,Wind
347,2021-03-10,浪潮信息跌停 去年高点国泰君安证券研报唱多,中国经济网
348,2021-03-10,A股主力资金流向（3月10日）：24个二级行业无一获净流入,Wind
349,2021-03-10,跌停板解密：获利了结，多只前期强势股纷纷被抛售！（3月10日）,Wind
350,2021-03-10,浪潮信息跌停全天成交超24亿元，机构博弈激烈,第一财经
351,2021-03-10,大盘高开震荡 机构分歧持续加重,金融投资报
352,2021-03-10,浪潮信息龙虎榜数据（3月10日）,Wind
353,2021-03-10,浪潮信息放量跌停，机构激烈博弈,Wind
354,2021-03-10,浪潮信息封住跌停板，三六零创多年新低,Wind
355,2021-03-10,云计算板块跌超2%，浪潮信息接近跌停,Wind
356,2021-03-08,计算机行业周报：计算机板块小幅上涨 关注绩优成长标的,渤海证券
357,2021-03-08,计算机行业周报：网络安全：景气度提升 估值有望持续修复,新浪
358,2021-03-08,东吴证券--本周专题：不同于市场一般认知，数字化转型浪潮下，为何同时看好运营商和主设备商【行业研究】,金融界股吧
359,2021-03-08,科技行业通信设备周报：政府工作报告强调数字化 中兴SPN采购份额提升,新浪
360,2021-03-07,【民生计算机|周观点】从政府工作报告中看数字化转型重点方向,MS计算机
361,2021-03-04,通信行业-星环科技投资价值分析报告：大数据全栈解决方案平台级公司,新浪
362,2021-03-03,开源证券--计算机行业周报：2021年，高度重视网络安全板块【行业研究】,金融界股吧
363,2021-03-02,A股共发生103宗大宗交易成交24.65亿元（3月2日）,Wind
364,2021-03-02,"浪潮信息现1笔大宗交易 共成交1,624.96万元",新浪
365,2021-03-02,浪潮信息今日大宗交易成交50.78万股，成交价32.0元溢价0.0%,Wind
366,2021-03-02,计算机行业周报-医疗信息化：订单验证需求回暖 景气度向中枢以上修复,新浪
367,2021-03-01,景气度快速恢复，网络安全板块有望发酵,云掌财经
368,2021-02-28,【民生计算机|周观点】行业整体业绩向好，关注高景气及景气度改善板块,MS计算机
369,2021-02-26,科技及智能设备产业链日报：通信设备板块彰显良好防御性,新浪
370,2021-02-25,科技及智能设备产业链日报：电脑与外围设备、互联网软件与服务板块表现抢眼,新浪
371,2021-02-24,浪潮信息：为全资子公司提供3.5亿元担保 大额借贷担保,每日经济新闻
372,2021-02-24,浪潮信息(000977.SZ)拟注册发行不超50亿元超短期融资券,格隆汇
373,2021-02-22,教育科技行业周报：线上化+智能化加速,新浪
374,2021-02-22,计算机周报：百度智能驾驶全方位推进 5G重要应用端前景可期,新浪
375,2021-02-22,IaaS概念股票有哪些？IaaS概念股票名单,云掌财经
376,2021-02-22,开源证券--计算机周观点：关注超跌的优质标的【行业研究】,金融界股吧
377,2021-02-22,东吴证券--通信行业跟踪周报-本周专题：更关注优质企业的成长性和持续性，无论市值大小【行业研究】,金融界股吧
378,2021-02-20,计算机行业周报：若海外缓和 计算机机会详解！,新浪
379,2021-02-20,“抱团股”松动 中小盘股爆发 风格切换了吗？,经济观察网
380,2021-02-19,"浪潮信息现1笔大宗交易 共成交1,672.50万元",新浪
381,2021-02-19,浪潮信息今日大宗交易成交50万股，成交价33.45元折价0.74%,Wind
382,2021-02-18,通信行业跟踪周报：春节期间海外云计算、光模块等板块走势强劲 关注容联云美股IPO挂牌,新浪
383,2021-02-17,计算机行业周报：牛年春节备忘录,新浪
384,2021-02-12,次新宝典：本批生益电子值得跟踪(2021年2月第1周),新浪
385,2021-02-09,【民生计算机|周观点】百度智能驾驶全方位推进，5G重要应用端前景可期,MS计算机
386,2021-02-09,《全球计算力指数评估报告》:计算力缘何成为数字经济风向标,云掌财经
387,2021-02-09,IPO周报-次新宝典：本批生益电子值得跟踪(2021年2月第1周),新浪
388,2021-02-09,计算机行业周报：计算机板块承压 关注绩优成长股,渤海证券
389,2021-02-08,计算力就是生产力，计算产业的三次增长曲线,云掌财经
390,2021-02-08,计算机行业2020年报前瞻：领军业绩逐季改善 把握景气下游！,新浪
391,2021-02-08,信息行业周报：亚马逊宣布云业务负责人为CEO继承人,新浪
392,2021-02-08,计算机行业周观点：密集回购 彰显信心,新浪
393,2021-02-08,机构近期抢筹这72股 你跟吗?,证券之星
394,2021-02-08,民生计算机周报：工业软件再迎核心企业 持续看好板块价值,新浪
395,2021-02-07,【兴证计算机】云计算：行稳致远，持续高景气的最核心赛道,兴业计算机团队
396,2021-02-07,计算机行业研究周报：大跌之后 如何看？,新浪
397,2021-02-07,计算机行业：深主板、中小板合并 证券IT驶入发展快车道,新浪
398,2021-02-06,机构提前布局低位业绩股 主力承压获利出逃TCL科技,财富动力网
399,2021-02-05,报告显示：计算力就是核心生产力,经济日报
400,2021-02-05,五日龙虎榜追踪 机构抢筹这68股,证券之星
401,2021-02-05,开源证券--计算机周观点：云计算高景气度持续【行业研究】,金融界股吧
402,2021-02-04,报告：全球计算力指数排名美国居首 中美差距将进一步缩小,中新网
403,2021-02-04,"电子持续回调，""聪明资金""逢低布局",魔都资产管理人
404,2021-02-04,全球首个计算力指数研究成果发布,光明网
405,2021-02-04,浪潮信息与IDC发布计算力报告：全球AI算力支出24.9%来自金融行业,新浪
406,2021-02-04,计算机行业点评报告：阿里云首都实现盈利 关注新阶段云基建板块机遇,新浪
407,2021-02-04,浪潮信息(000977)：年报预告超预期 新一轮景气周期有望开启,新浪
408,2021-02-04,机构近期抢筹这59股 你跟吗?,证券之星
409,2021-02-04,盘前情报丨银保监会“点名”四类非银机构公司；光伏、新能源行业再出利好消息！,21世纪经济报道
410,2021-02-03,多家上市药企拟中标药品集采，特斯拉上海充电桩工厂投产丨明日主题前瞻,第一财经
411,2021-02-03,国信证券--金融工程日报：汽车板块领涨，北向资金连续3日净流入【宏观研究】,金融界股吧
412,2021-02-03,浪潮信息(000977)公司公告点评：Q4净利润高增长,新浪
413,2021-02-03,信达证券--浪潮信息：浪潮信息，行业龙头地位不断加固，静待景气回升【公司研究】,金融界股吧
414,2021-02-03,机构加码潍柴动力 游资打板浪潮信息 ｜龙虎榜,第一财经
415,2021-02-03,长城证券--浪潮信息：Q4业绩大量释放，上下游联动放量或提示景气回归【公司研究】,金融界股吧
416,2021-02-03,机构资金最近入驻这些股,证券之星
417,2021-02-03,北向资金连续三日净流入，增持汽车，减持银行，对白酒股分歧大（附股） 减持股份,21世纪经济报道
418,2021-02-03,机构大举出逃东方日升 佛山游资低位布局四维图新,财富动力网
419,2021-02-02,浪潮信息龙虎榜数据（2月2日）,Wind
420,2021-02-02,业绩超预期，浪潮信息斩获“两连板”，深股通大举买入,第一财经
421,2021-02-02,浪潮信息再度涨停，外资持续买入,Wind
422,2021-02-02,渤海证券--计算机行业周报：行业景气度上行，关注云计算和金融IT【行业研究】,金融界股吧
423,2021-02-02,计算机行业周报：创新型国产替代 ARM生态崛起带来新机遇,新浪
424,2021-02-02,浪潮信息(000977)2020年度业绩预告点评：增长超预期 关注服务器龙头再加速,新浪
425,2021-02-02,每日理财观察：白银创近8年新高，芝商所紧急上调保证金,Wind
426,2021-02-02,【计算机】行业景气度上行，关注云计算和金融IT――计算机行业周报――看好,渤海证券研究
427,2021-02-02,机构看中这些股 近五日大手笔净买入,证券时报网
428,2021-02-02,浪潮信息云服务器蝉联全球出货量第一 引领全球智慧计算四年研发投入72亿,长江商报
429,2021-02-01,抱团股爆发，沪指重上3500！创业板次新股最猛飙100%,中国基金报
430,2021-02-01,A股收盘综述：上证指数涨0.64%，创业板指涨近1%,Wind
431,2021-02-01,国金证券--浪潮信息：业绩增长超预期，市场份额提升持续放量【公司研究】,金融界股吧
432,2021-02-01,浪潮信息高开近8%，2020年业绩预增45%-75%,Wind
433,2021-02-01,计算机周报：板块整体业绩有望改善 主要细分核心标的表现亮眼,新浪
434,2021-02-01,【国金通信】浪潮信息：业绩增长超预期，市场份额提升持续放量,新经济的瞭望
435,2021-01-31,浪潮信息(000977)：业绩预告超预期 云上游领军成长性持续验证,新浪
436,2021-01-31,计算机应用行业：外部环境或改善 关注预告数据质量较好的公司,广发证券
437,2021-01-29,浪潮信息：预计2020年净利润同比增长45.36%至75.51%,Wind
438,2021-01-29,浪潮信息子公司中标中国移动全闪存储产品集中采购,格隆汇
439,2021-01-26,计算机行业周报：深圳启动第三轮数字人民币试点 产业链有望受益,新浪
440,2021-01-26,计算机行业周报：港股计算机标的明细全览！,新浪
441,2021-01-25,通信行业跟踪周报：卫星互联网等数字基建再获各地政策支持 如何抓住相关投资机会？,新浪
442,2021-01-23,联想集团科创板上市“三问”,红周刊
443,2021-01-22,增量资金进场做多意愿 行情持续 6大股强势,证券时报
444,2021-01-20,计算机服务器行业点评：长短期视角看服务器是否复苏？,新浪
445,2021-01-19,【民生计算机|周观点】机构重点配置方向未变，智能驾驶等关注度提升,MS计算机
446,2021-01-19,计算机行业周报：无人驾驶持续加码 工业互联网迈入新台阶,新浪
447,2021-01-19,计算机行业跟踪周报第225期：云计算软硬件行业分析,新浪
448,2021-01-19,【计算机】2020Q3公有云IT基础设施收入快速增长――计算机行业周报――看好,渤海证券研究
449,2021-01-18,市场有适度回落 机构抱团或松动 6大龙头股,证券时报
450,2021-01-17,计算机行业动态分析：行动计划指明方向 工业软件机遇来临,新浪
451,2021-01-17,安信证券：行动计划指明方向 工业软件机遇来临,证券时报网
452,2021-01-15,用友网络封住跌停，云计算板块持续下滑,Wind
453,2021-01-15,五日龙虎榜追踪 机构抢筹这48股,证券之星
454,2021-01-14,计算机行业周报：多因素驱动 看好计算机2021年的投资机会,新浪
455,2021-01-14,机构近期抢筹这50股 你跟吗?,证券之星
456,2021-01-13,【民生计算机|周观点】工业互联网迎政策利好，推动工业软件长期发展,MS计算机
457,2021-01-13,机构资金最近入驻这些股,证券之星
458,2021-01-12,【计算机】市场持续向好，关注自动驾驶和云计算板块――计算机行业周报――看好,渤海证券研究
459,2021-01-11,计算机行业周报：信创之新在于“芯” 行业国产推进应用软件或先行,新浪
460,2021-01-11,计算机行业周报：如何看金山办公在雷军系的版图地位,新浪
461,2021-01-11,A股早报2021年1月11日星期一,Wind
462,2021-01-08,1月8日主力资金净流出498亿元,证券时报网
463,2021-01-08,涨停板解密：两板块个股逆市遭资金抢筹（1月8日）,Wind
464,2021-01-08,浪潮信息今日涨停，深股通买入1.17亿元并卖出9504万元,Wind
465,2021-01-08,主力资金丨半日买入浪潮信息近8亿元 互联网板块受青睐,第一财经
466,2021-01-08,解盘：错杀股企稳，网络游戏、数字货币、网络安全领涨,Wind
467,2021-01-08,A股午盘综述：上证指数跌0.62%，酿酒、军工、光伏、锂电池等热门板块降温,Wind
468,2021-01-08,国产软件股集体走强三六零、浪潮信息涨停,格隆汇
469,2021-01-08,快讯：国产软件板块异动 浪潮信息涨停,新浪
470,2021-01-08,三六零、浪潮信息等股涨停，计算机板块整体走强,Wind
471,2021-01-08,12只个股大宗交易超5000万元,证券之星
472,2021-01-07,A股共发生125宗大宗交易成交33.22亿元（1月7日）,Wind
473,2021-01-07,浪潮信息今日大宗交易成交547.04万股，成交价26.55元溢价0.0%,Wind
474,2021-01-05,计算机行业：景气度局部复苏或叠加风险偏好上升、行业配置正当时,广发证券
475,2021-01-05,计算机行业周报：市场大幅上涨 关注网络安全和云计算板块,渤海证券
476,2021-01-05,计算机行业周报：全球计算芯片产业洞察-从飞腾1229大会说起,新浪
477,2021-01-04,计算机周报：政策持续催化+5G重要应用 长期看好智能驾驶,新浪
478,2021-01-04,盘前情报丨特斯拉两款车型大降价，元旦档电影票房创新高，这些投资机会最靠谱,21世纪经济报道
479,2021-01-03,【民生研究】周观点汇总：经济复苏的大方向没有改变，疫苗接种率明显提高前，风格仍将较为均衡,MS研究
480,2020-12-31,计算机全行业AI赋能系列深度之一-AI产业化：2021高景气主线,新浪
481,2020-12-29,沪指震荡向上可能性较大布局6大股春季行情,证券时报
482,2020-12-29,计算机行业周报：大数据平台是新基建重点建设领域之一 关注低估值高成长板块,新浪
483,2020-12-29,【行情】国产软件板块午后继续拉升，诚迈科技、东方通双双涨超10%，浪潮信息、中国软件涨逾7%，卫宁健康、用友网络等个股纷纷走强,金十数据
484,2020-12-29,通信行业周报：稳中有增 云网融合,华安证券
485,2020-12-29,【中金科技】2021展望：择机布局云网/5G，重视物联网、统一通信和安防机会,乐平科技视角
486,2020-12-28,本周观点：与个股集萃,华安证券
487,2020-12-28,【东吴通信侯宾团队】通信行业点评报告：政策导向清晰，板块向上趋势确定，继续重点推荐新基建、云计算与5G应用,东吴通信互联网团队
488,2020-12-27,【民生计算机|周观点】腾讯分布式数据库发布，看好产业长期发展潜力,MS计算机
489,2020-12-25,【GICS行业巡礼】27家“电脑硬件、储存设备及电脑周边”行业沪深港上市公司初筛选,宏赫臻财
490,2020-12-22,计算机行业周报：中央经济工作会议强化科技战略 科技创新有望加速推进,新浪
491,2020-12-21,通信行业周报：5G消息渐行渐近 引领行业进入发展新篇章,新浪
492,2020-12-21,计算机行业：外部环境影响因素较多 部分领域配置价值逐渐凸显,广发证券
493,2020-12-18,【民生计算机|周观点】科技创新大势所趋，新基建、信创重要性再次凸显,MS计算机
494,2020-12-17,浪潮信息：已发布专为5G时代的各类边缘计算应用所设计的服务器,Wind
495,2020-12-16,计算机行业周报：卫健委发布公卫信息化建设规范 公卫IT行业有望获新增量,新浪
496,2020-12-15,浪潮信息(000977)跟踪报告：静候需求景气回升,新浪
497,2020-12-14,通信设备行业周报：光纤光缆集采价格发生边际改善,新浪
498,2020-12-09,苹果发布新产品，浪潮系大涨；白酒光环下，某新ETF成亮点,新浪
499,2020-12-09,解盘：资金再现流入，智能音箱、稀有金属、煤炭、操作系统略涨,Wind
500,2020-12-09,A股午盘综述：上证指数涨0.06%，创业板指跌0.32%,Wind
501,2020-12-09,浪潮双子星携手攀升，浪潮软件涨停,Wind
502,2020-12-08,2021年计算机行业策略报告：新成长 新变化,新浪
503,2020-12-08,计算机行业：短期企稳 躁动前的中期布局更有意义,广发证券
504,2020-12-07,【民生计算机|周观点】政策推动超高清落地，5G应用新一轮景气周期可期,MS计算机
505,2020-12-07,通信行业IAAS研究专题：投资IAAS硬件市场的短期指引与长期趋势,新浪
506,2020-12-07,计算机行业投资策略：积极变化正在发生 拥抱科技创新浪潮,新浪
507,2020-12-06,【民生研究】周观点汇总：顺周期板块以持股为主，逢低继续布局科技、医药,MS研究
508,2020-12-06,国泰君安：四季度经济动能修复有望超预期,国泰君安证券研究
509,2020-12-05,【民生周末重点推荐】首席看计算机：期待反弹，布局主线,MS研究
510,2020-12-04,计算机行业：公有云正从IAAS向SAAS扩张,新浪
511,2020-12-01,A股共发生175宗大宗交易成交35.71亿元（12月1日）,Wind
512,2020-12-01,浪潮信息今日大宗交易成交50万股，成交价28.79元溢价0.0%,Wind
513,2020-12-01,计算机行业周报：医保信息平台进入落地实施阶段 多类医保IT需求将加速释放,新浪
514,2020-11-30,通信本周专题：新基建持续推进 重点看好主设备、IDC、光模块和数字化转型服务提供商,新浪
515,2020-11-30,计算机周报：银行IT景气度不断提升 格局改善利好核心厂商,新浪
516,2020-11-27,浪潮信息：利润率极低 “囤货”风险泰山压顶,新浪
517,2020-11-24,计算机行业周观点：关注物联网领域各场景应用的投资机遇,新浪
518,2020-11-23,计算机行业投资策略：工业软件板块逐步形成，行业整体短期仍以震荡为主，维持“买入”评级,广发证券
519,2020-11-23,计算机行业周报：智能汽车 鲶鱼搅动的一池春水,新浪
520,2020-11-23,计算机周观点：把握工业软件投资机会,新浪
521,2020-11-22,浪潮信息，“囤货”风险泰山压顶,证券市场周刊
522,2020-11-22,计算机行业专题报告：Q3业绩持续回暖 基金持仓处历史低位,新浪
523,2020-11-20,【民生计算机|周观点】政策催化DIP普及，医保改造推动IT需求逐步释放,MS计算机
524,2020-11-18,通信设备行业专题研究：云计算全产业链持续高景气 “新基建”助力行业发展,新浪
525,2020-11-17,计算机行业周观点：智能网联汽车大会召开 关注车联网领域投资机会,新浪
526,2020-11-16,计算机行业周报：为什么我们看好工业软件-三维度深度剖析行业周报,新浪
527,2020-11-15,【民生计算机|周观点】智能驾驶产业目标提升，长期发展前景可期,MS计算机
528,2020-11-13,山东A股财讯周报：总市值一周涨超千亿，百亿级投资项目出炉,每日经济新闻
529,2020-11-11,计算机行业周报：行业景气度增加 关注云计算和信创,渤海证券
530,2020-11-11,【中金科技】云计算资本开支观察（3Q20）：2021年全球云资本开支预期上修,乐平科技视角
531,2020-11-10,这8只个股机构预测上涨空间超30%,第一财经
532,2020-11-10,机构推荐的好物清单来了 这只股8年涨近36倍,新浪
533,2020-11-10,通信行业研究：中美对标：中国云计算赶超时,国金证券股份有限公司
534,2020-11-10,国金通信行业三季报总结和行情展望：结构分化 超配龙头,国金证券股份有限公司
535,2020-11-10,【计算机】行业景气度增加，关注云计算和信创――计算机行业周报――看好,渤海证券研究
536,2020-11-10,【东吴晨报1110】【行业】汽车、通信、电新【个股】新东方-S,东吴研究所
537,2020-11-09,【东吴通信侯宾团队】本周专题：三季度持仓小幅度下滑，“龙头集中”明显,东吴通信互联网团队
538,2020-11-08,【民生计算机|周观点】机构配置意愿仍强，重点关注金融IT、云计算,MS计算机
539,2020-11-07,新能源概念遍地开花 机构无情抛售浪潮信息,财富动力网
540,2020-11-06,【中金科技】科技硬件周报（11/7）：关注美国大选对中国科技行业的影响,乐平科技视角
541,2020-11-06,浪潮信息(000977)2020年三季报点评：Q3业绩有所回落 全球市占率进一步提升 盈利能力下降,新浪
542,2020-11-06,计算机行业2020年三季报深度分析：Q3平淡全年格局已定 接近明年绝佳布局期,新浪
543,2020-11-05,130股获券商买入评级，垒知集团目标涨幅达91.59%,Wind
544,2020-11-04,【万联TMT-计算机 | 季报点评】浪潮信息：Q3业绩略有放缓，持续投入稳固龙头地位,万联证券研究所
545,2020-11-03,大白马连环炸？2020年业绩抢先看 谨防“业绩杀”,Wind
546,2020-11-02,浪潮信息(000977)：存货保持高位、预收大幅增加 对后续季度保持乐观,广发证券
547,2020-11-02,11月2日龙虎榜，机构青睐这19股,证券时报网
548,2020-11-02,浪潮信息龙虎榜数据（11月2日）,Wind
549,2020-11-02,浪潮信息放量大跌9.34%，机构卖出为主,Wind
550,2020-11-02,A股收盘综述：指数平静下个股大分化，上证指数微红报收、中金公司首日涨31%,Wind
551,2020-11-02,国产替代概念龙头浪潮信息跌超8%：板块集体重挫 发生了什么？ 连续下跌,新浪
552,2020-11-02,浪潮信息、浪潮软件双双大跌，前者一度逼近跌停,Wind
553,2020-11-01,【中金科技】浪潮信息 （000977.SZ）：短期需求侧发生疲软，长期仍看好服务器市场增长,乐平科技视角
554,2020-11-01,“融合创新与数字化变革IT之旅”来到浪潮集团,钢铁新闻网
555,2020-11-01,芯片难破局，中科曙光转战云端,亿欧网
556,2020-10-30,【国金通信】浪潮信息：短期下游需求回调不改服务器龙头增长展望,新经济的瞭望
557,2020-10-30,浪潮信息(000977.SZ)：前三季度净利升21.37%至6.28亿元,格隆汇
558,2020-10-30,浪潮信息：前三季度净利润同比增长21.37%,Wind
559,2020-10-30,市场继续震荡持有主线板块中优质标的 六股热门,证券时报
560,2020-10-26,通信设备周报：运营商出现向好趋势 安防-云计算三季度景气度好,新浪
561,2020-10-26,计算机行业周观点：数字货币时代加速到来,新浪
562,2020-10-25,【国君金工】震荡区间稳固，月底迎来建仓时点,辰奥临君
563,2020-10-25,【民生计算机|周观点】蚂蚁上市在即，C端B端赋能完善金融科技生态圈,MS计算机
564,2020-10-23,浪潮信息(000977.SZ)：控股股东完成发行10亿元可交换公司债券,格隆汇
565,2020-10-21,浪潮信息 | Q2服务器行业规模增4成，多方需求显现,一计之长
566,2020-10-19,计算机行业周观点：中央政治局集体学习量子科技 深圳数字货币红包投入使用,新浪
567,2020-10-19,计算机行业周报：财报季布局宜着眼中长期收益 淡化板块短期预期,广发证券
568,2020-10-18,【民生计算机|周观点】三季度业绩有望持续改善，金融IT、云表现亮眼,MS计算机
569,2020-10-16,北向资金一周净买入113.93亿元 六股迎掘金,证券时报
570,2020-10-16,本周7家上市公司发布可转债预案，融资总规模达92.96亿元,Wind
571,2020-10-16,科技行业-通信安防月报(10月)：5G 建设出现争议 视频物联保持成长,新浪
572,2020-10-15,浪潮信息(000977.SZ)：控股股东浪潮集团质押4500万股,格隆汇
573,2020-10-15,通信行业点评报告：第四大运营商千亿投资 5G从可用到好用更进一步,新浪
574,2020-10-12,国家金融科技认证中心落地，三大独角兽准备上市，把握龙头机会,第一财经
575,2020-10-12,【新基建产业观察】浪潮信息首席执行官彭震：新基建与人工智能风口，算力如何像水电一样被使用？,经济观察网
576,2020-10-10,计算机行业动态分析：计算机板块三季报业绩前瞻,新浪
577,2020-09-30,计算机行业周报：“外滩大会”召开 持续关注金融科技,渤海证券
578,2020-09-30,【中金电子与通信】浪潮信息（000977.SZ）：国内市场受疫情影响有限，欧洲市场拓展顺利,乐平科技视角
579,2020-09-29,【计算机】“外滩大会”召开，持续关注金融科技——计算机行业周报——看好,渤海证券研究
580,2020-09-28,浪潮信息(000977.SZ)：控股股东完成发行15亿元可交债,格隆汇
581,2020-09-28,中信证券：关注卫星数据跟踪科技龙头潜力,Wind
582,2020-09-27,通信行业点评报告：广电“全国一网” 比2G信号更好的5G加速来临,新浪
583,2020-09-27,计算机行业周报：从蚂蚁外滩大会看FINTECH“云库链智”趋势,新浪
584,2020-09-27,通信本周专题：华为发力自动驾驶 建议关注车联网、云计算等赛道投资机会,新浪
585,2020-09-26,下周947亿市值限售股解禁，环比增加3.28% 解禁,Wind
586,2020-09-25,核心公募基金公司持仓分析,新浪
587,2020-09-25,【民生计算机|周观点】赋能金融+融合B端，看好蚂蚁Fintech生态发展,MS计算机
588,2020-09-24,通信行业：中国5G用户世界第一 披荆斩棘引领全球,新浪
589,2020-09-23,【中金电子与通信】云计算资本开支观察（4Q19）：反弹趋势明确，看好存储器/IDC设备,乐平科技视角
590,2020-09-23,开源晨会0925丨顺周期的路，赚盈利的钱；中国5G用户世界第一，披荆斩棘引领全球；开润股份,开源证券研究所
591,2020-09-22,浪潮信息(000977.SZ)：1260.2231万股行权股票将上市流通,格隆汇
592,2020-09-22,浪潮信息(000977.SZ)：控股股东拟非公开发行可交换公司债、质押7000万股,格隆汇
593,2020-09-22,计算机行业周报：二季度云市场延续强劲增长 看好重点细分领域,新浪
594,2020-09-21,计算机行业周观点：阿里发布工业大脑3.0 国家网络安全宣传周举办,新浪
595,2020-09-21,通信本周专题：阿里云进入2.0时代 云计算产业链加速推进 持续重点关注IDC、光模块、物联网等机会,新浪
596,2020-09-19,计算机行业：二季度业绩显著回暖 费用率稳中有降,财富动力网
597,2020-09-18,计算机行业2020半年报综述：Q2业绩显著回暖 费用率稳中有降,新浪
598,2020-09-17,国常会提出推动油气基础设施开放 Oculus新一代VR设备面世丨明日主题前瞻,第一财经
599,2020-09-17,数字中国建设峰会下月举行 机构：未来十年产业新增空间超4万亿丨牛熊眼,第一财经
600,2020-09-17,2020ODCC峰会 浪潮驱动开放计算走向传统行业,中国金融新闻网
601,2020-09-17,夜光数据透视全国经济与行业：8月份活跃度微升 关注卫星数据跟踪科技龙头潜力,新浪
602,2020-09-15,2020 ODCC峰会 浪潮驱动开放计算走向传统行业,中国IDC圈
603,2020-09-15,通信行业周报：通信十年为一代际 5G应用部署再加速,新浪
604,2020-09-14,科技行业日报：2020年第二季度全球服务器市场的厂商收入同比增长19.8%,新浪
605,2020-09-14,计算机行业周报：云计算市场回暖 关注高景气板块,国海证券
606,2020-09-13,计算机行业周报：计算机进入合理估值阶段了吗？,新浪
607,2020-09-13,【兴证计算机】海外研究系列之云平台 —— Microsoft Azure,兴业计算机团队
608,2020-09-11,12.28亿！紫光股份旗下新华三中标中国联通服务器大单,慧聪电子网
609,2020-09-11,《云计算半月刊》第六十期（2020.9.11）,计算机司令部
610,2020-09-10,云计算行业引全球资本关注，数据持续回暖助力板块,Wind
611,2020-09-09,浪潮信息推出针对人工智能，边缘和云计算的融合HCI系统,极客网
612,2020-09-09,科技行业通信安防月报(9月)：政企/安防继续回暖 运营商市场环比稳定,新浪
613,2020-09-08,计算机行业周观点：银联发布首款数字银行卡 华为云发布实时数仓,新浪
614,2020-09-07,计算机行业快报：行业信创又下一城 全国产服务器份额在联通集采中取得重大突破,新浪
615,2020-09-07,浪潮信息(000977.SZ)：不超30亿元公司债获批,格隆汇
616,2020-09-07,通信行业本周专题：20H1通信设备商业绩明显改善 继续关注5G高景气领域,新浪
617,2020-09-06,计算机行业周报：九部门印发《若干意见》 我国建筑信息化发展将加快,新浪
618,2020-09-04,A股中报季900只超预期个股名单,锦缎
619,2020-09-03,计算机2020半年报回顾：云／汽车／安全强势反弹 安防／医疗／金融等各有亮点,新浪
620,2020-09-01,【华西计算机】中报总结报告：费用刚性利润短期承压，季节性特征看好下半年 盈利能力下降,科技晶选
621,2020-08-31,浪潮信息(000977)：中报业绩超预期 全面布局智慧计算,新浪
622,2020-08-31,浪潮信息(000977)2020年中报点评：逻辑持续验证 高景气有望延续,新浪
623,2020-08-31,奥拓电子：公司与“海康”“浪潮”等有一定合作,Wind
624,2020-08-31,浪潮信息(000977)：需求景气持续验证 服务器龙头高速成长,新浪
625,2020-08-30,【民生计算机|周观点】二季度行业收入回暖，金融IT等板块改善明显,MS计算机
626,2020-08-30,【民生计算机】浪潮信息2020中报点评：需求景气持续验证，服务器龙头高速成长,MS计算机
627,2020-08-30,【兴证计算机】金融科技：政策及产业双红利驱动！,兴业计算机团队
628,2020-08-29,浪潮信息(000977)：20Q2 营收增长61%,新浪
629,2020-08-28,晚间重要公告2020年8月28日星期五,Wind
630,2020-08-28,浪潮信息：监事长辞职及选举监事 董监高成员变化,Wind
631,2020-08-28,浪潮信息(000977.SZ)：上半年净利升48.45%至4.06亿元,格隆汇
632,2020-08-28,浪潮信息：上半年净利润同比增长48.45%,Wind
633,2020-08-26,【民生计算机|周观点】运营商集采不断推进，新基建、信创等领域再迎利好,MS计算机
634,2020-08-25,计算机行业周观点：中华医院信息网络会议开幕 智慧医疗发展提速,新浪
635,2020-08-20,【民生计算机|周观点】注册制即将起航，金融创新下IT增量可期,MS计算机
636,2020-08-19,浪潮布局“云+数+AI” 浪潮云估值过百亿 数据业务估值十几亿,凤凰网
637,2020-08-18,通信安防月报：数字化+疫后复产下关注低估值与中报,新浪
638,2020-08-16,计算机行业周报：工信部公示《建设指南》 加强重点领域安全标准建设,新浪
639,2020-08-14,【民生计算机|周观点】数字货币持续推进，银行IT长期增量可期,MS计算机
640,2020-08-13,【IDCC2020深圳站】浪潮信息殷飞平：新基建新技术打造超高密度数据中心,中国IDC圈
641,2020-08-11,科技行业日报：国产操作系统走强 微软“断供中国”系谣言,新浪
642,2020-08-11,通信行业周报：卫星导航全产业链自主可控 5G+车联网更进一步,新浪
643,2020-08-11,计算机行业周观点：国务院政策出台 软件与信创赛道受益,新浪
644,2020-08-10,计算机周报：从ERP到BIP 看好用友中台战略下数智化转型,新浪
645,2020-08-06,计算机行业专题报告：二季度业绩回暖 基金持仓仍为超配,新浪
646,2020-08-05,8张深度数据图，透视市场规模破千亿的云计算行业,Wind
647,2020-08-04,服务器行业专题报告：服务器行业之2020投资策略,新浪
648,2020-08-04,通信跟踪周报：本周专题 Q2机构超配IDC、光模块以及物联网板块 持续看好科技新基建板块的绩优个股,新浪
649,2020-08-03,计算机行业周观点：全球首场网络安全万人云峰会即将召开,新浪
650,2020-08-03,计算机周报：安全与可信需求提升 DCEP、蚂蚁链与网安企业入局,新浪
651,2020-08-02,【民生计算机|周观点】政策支持车联网标准建设，产业有望加速落地,MS计算机
652,2020-08-02,礼包｜2020年二季度公募基金持仓盘点,中信建投证券研究
653,2020-08-01,【盘点】中国X86服务器厂商玩家都有谁？,国际电子商情
654,2020-07-31,机构加减仓变动方向：25家公司现国家队身影,21世纪经济报道
655,2020-07-28,东兴证券：传统企业上云成为普遍需求 中国特色成核心驱动力,新浪
656,2020-07-28,计算机行业周报：数据库国产化的七大核心问题聚焦,新浪
657,2020-07-27,计算机周报：关注景气度和确定性 蚂蚁上市带动产业链,新浪
658,2020-07-27,计算机行业周报：十七部门印发《若干意见》 中国互联网大会召开,新浪
659,2020-07-27,计算机行业报告：传统企业上云释放增长动能 中国特色拓宽私有云市场发展空间,新浪
660,2020-07-27,计算机行业周报：2020Q2业绩预告与公募基金持仓分析(推荐),国海证券
661,2020-07-27,当之无愧的服务器龙头 浪潮信息为何不被市场追捧？,金融界
662,2020-07-26,计算机行业周报：中长期向上趋势不变 短期调整中市场空间和成长质量的差异尚未体现,广发证券
663,2020-07-26,计算机行业基金二季度持仓分析：计算机板块持仓比重维持高位 集中度进一步提升,新浪
664,2020-07-24,通信行业点评报告：华为迎难而上进军芯片制造 通信公司中报季向好,新浪
665,2020-07-23,2020年二季报公募基金十大重仓股持仓分析,华创金工
666,2020-07-22,中国短期融资券及中期票据信用分析周报,新浪
667,2020-07-22,计算机行业研究：计算机持仓持续提升 验证行业高景气度,新浪
668,2020-07-22,20Q2基金持仓结构分析：机构化水平继续提升 抱团格局下价格效应显著,新浪
669,2020-07-22,公募基金二季度大数据纵览，重仓股变化揭晓,Wind
670,2020-07-22,【建投策略】份额增加仓位提升，加仓电子和医药——2020Q2主动型基金重仓持股分析,中信建投
671,2020-07-21,易方达中证人工智能ETF投资价值分析：人工智能浪潮已至 深入布局AI产业链,新浪
672,2020-07-21,计算机行业中期策略报告：云计算领涨 Q3关注信创,新浪
673,2020-07-21,2020年计算机行业中期投资策略：使命召唤 紧握新基建与信创主旋律,新浪
674,2020-07-20,AI芯片第一股登科A股！中1签最高可赚11万，科大讯飞4年浮盈近10倍；机构这样看“芯二代”前景,证券时报网
675,2020-07-20,浪潮信息等3家公司成中国联通边缘云服务器合格供应商,零壹财经
676,2020-07-20,AI芯片第一股正式“登科”，冲刺千亿市值阵营！中一签最高可赚11万，科大讯飞4年浮盈近10倍；机构这样看“芯二代”前景,证券时报网
677,2020-07-17,计算机行业：重申计算机领军推荐 及对非领军的观望！,新浪
678,2020-07-16,浪潮信息回应“Intel英特尔断供浪潮”风波：系临时性调整，已恢复供货,砍柴网
679,2020-07-15,通信行业研究：华为上半年业绩保持高增长 5G不惧困难越挫越勇,新浪
680,2020-07-15,浪潮信息今日大宗交易成交40.27万股，成交价46.27元溢价10.04%,Wind
681,2020-07-14,信创和半导体国产化对比分析：大时代下的投资机遇和挑战,新浪
682,2020-07-13,计算机行业周观点：中报业绩预告启动 关注业绩优质标的,新浪
683,2020-07-13,A股共发生167宗大宗交易成交58.4亿元（7月13日）,Wind
684,2020-07-13,浪潮信息：有强化盈利能力的预期,股市动态分析
685,2020-07-13,浪潮信息现1笔大宗交易 共成交646.94万元,新浪
686,2020-07-13,拆解“新基建”概念股：为什么紫光股份是最强？,和讯
687,2020-07-13,融资客青睐11股，大名城买入占比高达44.60%,Wind
688,2020-07-12,计算机行业周报：掘金银行IT戴氏双击,新浪
689,2020-07-10,浪潮信息涨8.03%，股价创历史新高,证券时报网
690,2020-07-09,居然连沪深300也没有跑赢？介绍6只非行业主题型基金！,养基司令
691,2020-07-08,浪潮信息遭“断供”再敲警钟 国产替代迫在眉睫,通信信息报
692,2020-07-07,计算机行业周观点：关注金融IT和信创领域投资机会,新浪
693,2020-07-06,计算机周报：市场情绪快速转暖 持续看好金融IT景气度提升,新浪
694,2020-07-06,英特尔“断货”浪潮信息背后：真的只是虚惊一场吗？,新浪
695,2020-07-05,计算机行业动态分析：计算机板块中报前瞻,新浪
696,2020-07-04,4个交易日增长445亿元，融资余额增速显露牛市特征,Wind
697,2020-07-03,透露牛市气息！A股市值单周暴涨3.8万亿，成交猛增2万亿，还能上车吗？,每日经济新闻
698,2020-07-03,太火爆：比券商股还牛 分级基金满屏涨停,新浪
699,2020-07-03,英特尔“断供”惹浪潮信息股价闪崩，公司回应“备货充足、生产正常” 连续下跌,华夏时报
700,2020-07-03,计算机行业点评：服务器行业持续高度景气,国金证券股份有限公司
701,2020-07-03,本周800亿资金加仓A股，漂亮50王者归来,Wind
702,2020-07-03,浪潮“惊魂48小时”,观察者网
703,2020-07-03,山大华特(000915)2020H1业绩预告点评：Q2业绩略超预期 达因兑现高增长,光大证券
704,2020-07-03,A股接下来往哪走？6大维度揭秘资金流向,每日经济新闻
705,2020-07-03,上证报：牛市特征越来越明显了,上证报
706,2020-07-03,Intel已恢复对浪潮的供应,雷锋网
707,2020-07-03,浪潮信息称英特尔已恢复供货 股价一度涨超4%,中新经纬
708,2020-07-03,浪潮：收到英特尔发货通知,第一财经
709,2020-07-03,浪潮信息：生产经营正常Intel已恢复对浪潮供货,财界网
710,2020-07-03,突然变脸！地产板块暴涨千亿，500亿科技龙头却闪崩,券商中国
711,2020-07-03,翻身时刻到了，A股剑指3100点，全球市场一起嗨,Wind
712,2020-07-03,浪潮信息：生产经营正常，Intel已恢复对浪潮供货,e公司
713,2020-07-03,浪潮信息：目前生产经营正常，Intel已恢复对浪潮的供货,Wind
714,2020-07-03,【国元资讯早班车】商务部：抓紧研究制定稳外贸稳外资新举措,国元证券订阅号
715,2020-07-03,七月金股何处有，券商遥指大消费,Wind
716,2020-07-02,科技行业日报：通信行业短期震荡 持续看好流量基建,新浪
717,2020-07-02,浪潮信息回应英特尔暂停供货：预计两周内恢复,中新网
718,2020-07-02,万亿成交再现，低估值金融房地产全面爆发,Wind
719,2020-07-02,浪潮信息：预计英特尔两周恢复供货,Wind
720,2020-07-02,浪潮信息：预计英特尔两周恢复供货 考虑寻找替代｜公司问答,第一财经
721,2020-07-02,【中金科技】浪潮信息（000977.SZ）：2Q云计算产业链高景气度推动服务器需求旺盛，维持跑赢行业,乐平科技视角
722,2020-07-02,交通银行采用浪潮信息AIStation提速创新人工智能+金融,砍柴网
723,2020-07-02,浪潮信息低开超3%，负责人回应断供传闻：英特尔两周内恢复供货,第一财经
724,2020-07-02,暴走A股：龙头股跌停了！一个错杀机会？,金融界
725,2020-07-02,浪潮信息低开3.54%，昨日盘中一度跌停,红周刊
726,2020-07-02,守望新高冯柳抓涨停：浪潮信息(000977)5000亿云计算绝对巨头浪潮信息被因特尔“断供”，股价闪崩，下一只中兴？,腾讯网
727,2020-07-02,A股融资融券日报：两融余额增加125.09亿元（7月1日),Wind
728,2020-07-02,2020下半年AI行业投资策略：AI技术“平民化”后的应用红利期,新浪
729,2020-07-02,每日理财观察：中小银行补充资本金获政策支持,Wind
730,2020-07-02,浪潮信息(000977)：2Q云计算产业链高景气度推动服务器需求旺盛 维持跑赢行业,新浪
731,2020-07-02,A股7月开门红 上证综指发力冲高成功站稳3000点,新浪
732,2020-07-01,浪潮信息回应英特尔暂停供货：预计两周内恢复,中新网
733,2020-07-01,美股小幅高开，5月ADP就业人数大幅上修,Wind
734,2020-07-01,吓崩！500亿龙头惊魂一跳，竟是虚惊一场,证券时报网
735,2020-07-01,美股盘前：美股三大期指小幅走低，5月ADP就业人数大幅上修582.5万,Wind
736,2020-07-01,美国突然发起限制！美芯片巨头宣布：临时暂停对1家中企供货,搜狐
737,2020-07-01,科技行业日报：计算机板块表现较弱 短期关注自主可控,新浪
738,2020-07-01,A股七月开门红 沪指站上3000点,北京商报
739,2020-07-01,500亿云计算龙头惊魂一跳，竟是虚惊一场，公司紧急回应来了！外资重仓产业链股曝光,证券时报网
740,2020-07-01,英特尔暂停供货，浪潮信息盘中一度跌停！浪潮集团刚刚回应：目前一切正常,中证报
741,2020-07-01,奈雪的茶将在日本开出首店；3人伪造老干妈印章与腾讯签合同；爱奇艺回应迷雾剧场停播 【Do说】,DoNews
742,2020-07-01,浪潮信息：公司经营正常 英特尔两周内恢复供货,e公司
743,2020-07-01,69股主力资金净流入超亿元,证券时报网
744,2020-07-01,浪潮回应英特尔断供：目前经营一切正常,Wind
745,2020-07-01,英特尔停供服务器芯片：浪潮信息盘中跳水 海光或成国产曙光,新浪
746,2020-07-01,计算机行业2020年下半年投资策略：看好行业发展 关注景气细分,光大证券
747,2020-07-01,网传英特尔断供，浪潮信息盘中跌停市值蒸发逾56亿，机构却看多 连续下跌,搜狐
748,2020-07-01,浪潮信息跌幅收窄至3.2%,第一财经
749,2020-07-01,英特尔回应“断供”浪潮：调整供应链 预计两周后恢复,南方财经网
750,2020-07-01,独家电报|中科曙光人士：英特尔为公司供应商但影响有限,科创板日报
751,2020-07-01,每经15点丨英特尔回应“断供”浪潮信息,每日经济新闻
752,2020-07-01,浪潮被美加入管治名单 英特尔：不得不临时性停供,每日经济新闻
753,2020-07-01,【行情】浪潮信息午后跌幅一度缩小至3%，此前一度跌停,金十数据
754,2020-07-01,英特尔回应“断供浪潮信息”：“不得不临时性暂停供货”，预计两周以内恢复,Wind
755,2020-07-01,英特尔“不得不临时性暂停供货” 浪潮信息股价一度跌停,每日经济新闻
756,2020-07-01,英特尔回应“断供浪潮信息”：“不得不临时性暂停供货”预计两周以内恢复,格隆汇
757,2020-07-01,浪潮信息快速反弹，跌幅收窄至5%,Wind
758,2020-07-01,浪潮信息打开跌停 成交额超52亿元,第一财经
759,2020-07-01,安信证券：英特尔并没有也不可能对浪潮信息断供,Wind
760,2020-07-01,浪潮信息、浪潮软件股价双双跳水 浪潮信息跌停,金融界
761,2020-07-01,浪潮信息午后跳水 盘中一度跌停,e公司
762,2020-07-01,【行情】国产软件公司午后集体下挫，浪潮信息触及跌停，金山办公、石基信息等跌4%，中科曙光跌3%，用友网络等涨幅回落 连续下跌,金十数据
763,2020-07-01,浪潮信息午后直线跳水逼近跌停 浪潮软件接近翻绿,新浪
764,2020-06-30,上市步伐飞快 连续6年蝉联中国政务云市场第一位的浪潮云在“急”啥？,科创板日报
765,2020-06-30,还有利空！？3000点有戏没有,金融界
766,2020-06-29,暴走A股：一“反向”指标离奇大涨64%！还有利空？,金融界
767,2020-06-29,近500亿资金汹涌出逃！云计算概念龙头抛压沉重，科技股资金出逃名单出炉,证券时报网
768,2020-06-29,计算机行业投资周报：疫情催化叠加AI变革 教育IT将迎来高增长,新浪
769,2020-06-29,计算机应用行业周报：风险偏好上行有望带动二线品种,新浪
770,2020-06-29,计算机行业2020年中期投资策略：科技创新周期开启 关注高景气行业,国海证券
771,2020-06-28,计算机行业周报：智能汽车领域重磅事件不断 汽车智能化趋势继续强化,新浪
772,2020-06-28,通信行业周报：中美科技竞争白热化 5G长期向上趋势不改,新浪
773,2020-06-28,计算机行业2020年中期策略：龙头公司引领产业周期继续向上 市场环境变化助推计算机行业发力,广发证券
774,2020-06-23,监管悄然解封！科技类ETF重获发行批文，5G主题领衔资金净流出,搜狐
775,2020-06-23,计算机应用行业：资本市场制度创新不断得到验证 实体清单影响从硬件扩展到软件层面,新浪
776,2020-06-22,计算机行业周观点：百度宣布未来十年加大新基建领域投入,新浪
777,2020-06-22,计算机行业周报：市场持续上涨 关注确定性标的,渤海证券
778,2020-06-22,民生计算机周报：政策催化利好金融IT BAT加码提升新基建景气度,新浪
779,2020-06-22,兴证张忆东：风格再平衡，“硬科技”吸引力提升,张忆东策略世界
780,2020-06-21,【兴证计算机】中报前瞻：云计算有望成板块核心亮点,兴业计算机团队
781,2020-06-20,计算机行业月度报告（2020年5月）：板块估值维持高位，关注新基建崛起,微信
782,2020-06-19,计算机行业2020下半年策略：数字化主导经济变革 云厂商改写B端格局,新浪
783,2020-06-18,计算机行业2020下半年投资策略：科技新周期加速上行 重点关注信创、云计算景气细分领域,新浪
784,2020-06-15,计算机行业周观点：创业板改革新政策为金融IT带来增量,新浪
785,2020-06-12,计算机行业2020 年下半年投资策略报告：拥抱数字经济时代 紧抓信创产业机遇,新浪
786,2020-06-12,19股获券商买入评级，中设集团目标涨幅达68.69%,Wind
787,2020-06-11,[公司]浪潮信息：拟对外投资设立2家子公司,全景网
788,2020-06-11,浪潮信息(000977.SZ)：拟1.6亿元在济南投资设立全资子公司,格隆汇
789,2020-06-11,计算机行业半年度投资策略报告：科技新浪潮 关注网安、云计算和金融科技,渤海证券
790,2020-06-10,计算机软硬件动态点评：服务器需求高景气度有望全年持续,新浪
791,2020-06-10,A股共发生90宗大宗交易成交21.5亿元（6月10日）,Wind
792,2020-06-10,浪潮信息现1笔大宗交易 共成交313.76万元,新浪
793,2020-06-10,浪潮信息今日大宗交易成交8万股，成交价39.22元溢价0.0%,Wind
794,2020-06-10,计算机行业周报：精选层转板细则推出 金融IT加速发展,新浪
795,2020-06-09,阿里云线上峰会即将开幕 云基建产业链空间大（附股）,证券时报网
796,2020-06-09,计算机行业周报：中报行情呈现云计算龙头强者恒强 IAAS云影射全行业发展逻辑,新浪
797,2020-06-09,计算机行业周观点：5G加速智能驾驶商用落地,新浪
798,2020-06-08,计算机应用行业：农行招标凸显产业对鲲鹏生态继续乐观 新三板转板机制带动证券IT增量,新浪
799,2020-06-08,科技板块下半年投资策略：数字化加速，新基建助力,Wind
800,2020-06-05,"泽达易盛(688555
)询价策略专题：科创板询价策略",新浪
801,2020-06-03,【主力资金】13亿资金砸盘，这只大数据概念龙头突然大跌 股票卖空,证券时报网
802,2020-06-03,中国短期融资券及中期票据信用分析周报,新浪
803,2020-06-03,6月3日主力资金净流出149亿元,证券时报网
804,2020-06-03,计算机行业周观点：服务器市场景气度持续提升,新浪
805,2020-06-03,【中金科技】维持对云计算基础设施行业稳健增长的景气度判断,乐平科技视角
806,2020-06-02,计算机：云基础设施高位运行 二季度国内外态势或反转,广发证券
807,2020-06-02,计算机行业周报：二季度哪些子行业景气度边际改善？,新浪
808,2020-06-01,计算机行业研究周报：北斗3号有望6月组网完成 关注北斗+X应用场景,新浪
809,2020-06-01,通信行业研究周报：腾讯加码云计算 云基础设施受益,新浪
810,2020-06-01,计算机行业周报：腾讯5000亿投入新基建 关注云计算板块,渤海证券
811,2020-06-01,计算机周报：科技巨头千亿加码新基建 持续关注相关进展落地,新浪
812,2020-06-01,《云计算半月刊》第五十三期（2020.6.1）,计算机司令部
813,2020-05-30,通信行业周报：政策支持+巨头加码加速新基建发展,新浪
814,2020-05-28,浪潮信息（000977）：新基建龙头三问三答,中信证券研究
815,2020-05-28,浪潮信息(000977)：疫情环境下凸显高确定性 国产品牌服务器龙头向好发展,新浪
816,2020-05-27,华安证券：新基建政策驱动 工业互联网规模望超万亿,新浪
817,2020-05-27,通信设备-腾讯5000亿投资新基建事件点评：巨头加码 新基建提速,新浪
818,2020-05-25,民生计算机周报：政策重点再明确 坚定看好新基建+信创+医疗IT,新浪
819,2020-05-25,计算机行业周报：为何拉锯调整？ALPHA机会更大！,新浪
820,2020-05-22,计算机行业周报：华为事件升级 信创有望加速 车联网或成华为新增量,华安证券
821,2020-05-22,为提升数据的安全性，「华芯半导体」在SSD主控内部实现RAID计算 | 潮科技.芯创业,36氪
822,2020-05-22,10万亿科技基建按钮即将按下,金融界
823,2020-05-21,深港通十大成交活跃股排名（5月21日）,Wind
824,2020-05-21,"山东超越拟登资本市场 ""浪潮系""或将拥有5家上市公司",华夏时报
825,2020-05-21,鲁股速递 | 浪潮信息拟发行不超过30亿元的公司债券,鲁网
826,2020-05-21,A股早报2020年5月21日星期四,Wind
827,2020-05-21,沪深300等指数样本股调整在即，或带来交易性投资机会,Wind
828,2020-05-20,浪潮信息公开发行不超30亿元公司债,中国证券网
829,2020-05-20,浪潮信息(000977.SZ)：拟公开发行不超30亿元公司债券,格隆汇
830,2020-05-19,美对华为管制升级 机构：建议继续关注计算机板块,中国财富网
831,2020-05-19,计算机行业专题报告：新基建专题之一：IAAS快速成长,渤海证券
832,2020-05-19,超越数控已接受辅导 浪潮集团再落一子,鲁网
833,2020-05-19,信息技术行业-追本溯源之：会计准则变更对计算机行业影响,新浪
834,2020-05-19,通信设备-华为分析师大会纪要1：全球技术多元化可能成为趋势,新浪
835,2020-05-17,浪潮集团资本市场或再布一子,山东商报
836,2020-05-15,重磅两连发！最高层释放五大信号，粤港澳大湾区获重量级支持,券商中国
837,2020-05-14,震荡向上不改看多预期！机构强推科技+消费,Wind
838,2020-05-14,通信行业2019年报及2020Q1总结：通信版块营收微增 盈利能力提升带动版块利润增长 20年关注5G和新基建,新浪
839,2020-05-14,金融工程：沪深300及中证500成分股调整名单预测,新浪
840,2020-05-13,计算机行业发明专利申请量排行榜前三：浪潮信息、三六零、紫光股份,36氪
841,2020-05-13,注意！浪潮信息：控股股东1948.12万股解除质押,每日经济新闻
842,2020-05-13,浪潮信息(000977.SZ)：控股股东解除质押1948.12万股,格隆汇
843,2020-05-13,浪潮信息(000977.SZ)：每10股派0.7元股权登记日5月19日,格隆汇
844,2020-05-13,明日最具爆发力六大黑马,证券之星
845,2020-05-12,【太平洋计算机王文龙团队】计算机行业：2019年成长稳健，运营得当；2020Q1疫情影响显著,蚊子搞科研
846,2020-05-09,社保基金追求安全边际，一季度增仓24只食品饮料股,Wind
847,2020-05-08,暴走A股：一个被忽视的大利好！,金融界
848,2020-05-07,中银证券：4月金股组合盈利4.49% 5月荐股名单出炉,新浪
849,2020-05-07,开源晨会0507丨传媒：低位拥抱龙头；通信：业绩有望边际改善,开源证券研究所
850,2020-05-01,上调评级至买入策略选股（5月1日）,Wind
851,2020-04-30,【民生计算机|周观点】云计算景气度仍持续向上,MS计算机
852,2020-04-30,【中金电子与通信】浪潮信息（000977.SZ）: 疫情之下仍实现高增长，云计算核心受益标的价值凸显,乐平科技视角
853,2020-04-30,【民生计算机&通信】浪潮信息(000977)20年一季报点评：业绩超预期，服务器行业加速上行,MS计算机
854,2020-04-30,浪潮信息(000977.SZ)一季度净利润升47.84%至1.36亿元,格隆汇
855,2020-04-29,浪潮信息：一季度净利润同比增长47.84%,Wind
856,2020-04-29,巨·研究|三条主线关注计算机行业 5股基金增仓比例超五成,巨丰财经
857,2020-04-26,公募基金新基建重仓股曝光 600多只基金竟扎堆一股,每日经济新闻
858,2020-04-25,明星基金经理一季度调仓图谱：刘格菘风格“分化”,Wind
859,2020-04-25,Q1公募347只新基建重仓股曝光 600多只基金竟扎堆一股,新浪
860,2020-04-24,重磅！一季度公募基金347只“新基建”重仓股曝光！600多只基金竟扎堆一只票（附名单）,每日经济新闻
861,2020-04-24,A股共发生53宗大宗交易成交6.56亿元（4月24日）,Wind
862,2020-04-24,浪潮信息现1笔大宗交易 共成交379.40万元,新浪
863,2020-04-24,浪潮信息今日大宗交易成交10万股，成交价37.94元溢价0.0%,Wind
864,2020-04-24,一季度大幅调仓：买入方向分布在这四个领域,中投网
865,2020-04-24,说干就干，一季度基金重点加仓新基建个股名单来了！,证券时报网
866,2020-04-23,【兴证计算机】2020Q1持仓分析：超配1.94%，环比提升1.88pct,兴业计算机团队
867,2020-04-23,最赚钱基金经理Q1大幅调仓：低估值地产股被大力度加仓,新浪
868,2020-04-23,企业上云加速 云计算产业链公司业绩迅速增长,中证网
869,2020-04-23,一季度基金持仓结构分析：公募增外资减，医药受青睐,李迅雷金融与投资
870,2020-04-23,24家公布年报全部盈利 云计算产业链公司业绩迅速增长,中证报
871,2020-04-22,阿里云两千亿加码新基建，产业链亟待爆发,证券时报网
872,2020-04-21,数据中心领衔 新基建概念股表现活跃,中投网
873,2020-04-21,500亿收入“挤出”9亿利润，浪潮自Intel采购增至180亿,观察者网
874,2020-04-19,10股获买入评级 最新:鱼跃医疗,中财网
875,2020-04-17,浪潮信息：2019年净利同比增41% 拟10派0.7元,e公司
876,2020-04-17,浪潮信息(000977.SZ)2019年度净利润升41.02%至9.29亿元 拟10派0.7元,格隆汇
877,2020-04-17,浪潮信息：2019年净利润同比增长41.02%,Wind
878,2020-04-17,《云计算半月刊》第五十一期（2020.4.30）,计算机司令部
879,2020-04-14,6年4次权益融资达69.6亿 浪潮信息高负债运营利息侵蚀利润 偿债能力下降,GPLP犀牛财经
880,2020-04-12,发改委推“上云用数赋智”， 关注云计算、数字基建和数字生态新模式｜英博前瞻,英博前瞻
881,2020-04-06,浪潮信息(000977.SZ)：控股股东相关可交换债已全部完成换股,格隆汇
882,2020-04-01,5G赋能，新基建方向—智慧城市蓄势待发,Wind
883,2020-03-31,浪潮集团去年营收1123亿 孙丕恕：今年加大智慧计算等研发投入,每日经济新闻
884,2020-03-31,【民生计算机|周观点】政策持续加码，看好互联网医疗行业快速发展,MS计算机
885,2020-03-27,浪潮信息新增1.52亿配股于今日上市,鲁网
886,2020-03-26,国产软件TOP10核心名企盘点 用友网络万兴科技等上榜,凤凰网
887,2020-03-26,美股巨头都扛不住？这只瞬间蒸发1.3万亿，还有37只跌掉10年涨幅,证券时报
888,2020-03-25,浪潮信息尾盘净流入资金超亿元,证券时报网
889,2020-03-25,浪潮信息(000977.SZ)：配股新增上市股份约1.52亿股,格隆汇
890,2020-03-19,3月19日沪深两市最新交易提示,金融界
891,2020-03-18,浪潮信息：配股发行结果公告,证券之星
892,2020-03-18,浪潮信息：本次配股认购资金总额19.62亿元,Wind
893,2020-03-18,智能工厂助力浪潮信息复工复产,工业新闻网
894,2020-03-18,优刻得后，又一云计算服务商要来科创板，估值100亿元的浪潮云欲IPO,科创板日报
895,2020-03-18,ETF建仓趋保守，多只产品中性仓位上市,Wind
896,2020-03-17,建信基金调整浪潮信息估值,中证网
897,2020-03-17,最后一天期限！不参与配股将立马“跌停”，投资者该如何操作？,证券时报
898,2020-03-17,【配股提示】天风证券、浪潮信息配股缴款最后一天，期未缴款者视为自动放弃配股认购权 再融资异常,大通证券投教基地
899,2020-03-17,十万火急！25万股民注意：最后4小时，不这么做，立马吃“跌停”：少则亏8%，多则亏12%！,中国基金报
900,2020-03-16,未受再融资新规冲击 A股上市公司配股依旧活跃,重庆商报
901,2020-03-16,配股提示丨浪潮信息、天风证券、东吴证券,国融证券资讯
902,2020-03-13,计算机板块波动加剧 六股腾飞在即掘金良机,证券时报网
903,2020-03-13,天弘基金：调整旗下部分基金所持“浪潮信息”估值方法,Wind
904,2020-03-13,天弘基金：调整浪潮信息估值方法,中证网
905,2020-03-13,银华招商等公募调整浪潮信息估值方法,中证网
906,2020-03-12,折价70%配股致停牌，浪潮信息（000977.SZ）到底是什么骚操作？,格隆汇
907,2020-03-10,浪潮信息：配股网上认购期间 股票停牌,金融界
908,2020-03-09,[路演]浪潮信息：近几年公司聚焦在云、AI等方面的智慧计算研发投入,全景网
909,2020-03-09,[路演]浪潮信息：复工以来各工厂加紧生产,全景网
910,2020-03-09,[路演]浪潮信息：中国已成为对全球x86服务器市场增长贡献最大地区,全景网
911,2020-03-09,配股提示丨浪潮信息、天风证券,国融证券资讯
912,2020-03-06,44股主力资金净流入超亿元,证券时报网
913,2020-03-06,浪潮信息配股启动 募资总额不超20亿元人民币,证券日报
914,2020-03-06,云会议云课堂爆红背后：“新基建”火了，国产服务器赚疯,36氪
915,2020-03-05,浪潮信息启动配股 配股价为12.92元/股,中证网
916,2020-03-05,外资配置A股或提速！富时罗素最新目录公布（附全名单）,Wind
917,2020-03-04,富时罗素宣布对富时中国A50指数等多个指数季度审核变更,Wind
918,2020-03-03,安信证券：5G网建号角吹响 数据中心产业成长可期,金融界
919,2020-03-02,A股共发生105宗大宗交易成交14.82亿元（3月2日）,Wind
920,2020-03-02,浪潮信息现1笔大宗交易 共成交434.00万元,新浪
921,2020-03-02,浪潮信息今日大宗交易成交10万股，成交价43.4元溢价0.0%,Wind
922,2020-02-26,【国金研究】2020云计算产业链全景扫描,国金证券研究所
923,2020-02-26,A股融资融券日报：两融余额增加116.67亿元（2月25日）,Wind
924,2020-02-25,A股融资融券日报：两融余额增加140.42亿元（2月24日）,Wind
925,2020-02-25,科技类ETF基金火爆53只科技股获基金抱团持有,证券时报
926,2020-02-24,浪潮信息：疫情对公司的影响有利有弊丨公司问答,第一财经
927,2020-02-21,主力资金动向 37亿元潜入计算机业 5股大热,证券时报
928,2020-02-20,7000亿板块迎大事件！最具影响力的行业盛会来袭，千亿公司领衔出征，这些概念股机构看好,e公司
929,2020-02-19,37股获机构买入评级，8股上涨空间超20%,证券时报
930,2020-02-18,【民生通信】全面看好云产业链上下游机会,MS通信
931,2020-02-16,创新高股揭秘：这32股获北上资金加仓,证券时报
932,2020-02-14,北向资金今日净流入43.23亿元，宁德时代净买入超5亿元,Wind
933,2020-02-14,一夜飙升83% “区块链第一股”火了 六股热,证券时报
934,2020-02-13,关注这两题材即可,财富动力网
935,2020-02-12,2月12日A股龙虎榜揭秘，机构抢筹15股,Wind
936,2020-02-12,深港通十大成交活跃股排名（2月12日）,Wind
937,2020-02-12,龙虎榜机构新动向：净买入8股净卖出6股,证券时报网
938,2020-02-12,大盘再掀反弹新高 机构卖出为主,金融投资报
939,2020-02-12,浪潮信息龙虎榜数据（2月12日）,Wind
940,2020-02-12,浪潮信息再度涨停 深股通、机构大举买入,第一财经
941,2020-02-12,【行情】云服务板块午后继续走强，优刻得涨逾15%，浪潮信息、网宿科技、用友网络涨近9%。,金十数据
942,2020-02-12,云计算板块全线上涨！浪潮信息创新高，用友软件市值突破千亿,格隆汇
943,2020-02-12,软件板块快速走强,Wind
944,2020-02-10,【睿·投顾】市场平稳度过鼠年第一周 高科技仍是资金追逐热点,恒泰头派账户
945,2020-02-10,【兴业计算机】周观点20200209：医疗信息化再迎政策利好，在线服务激增拉动云计算需求,兴业计算机团队
946,2020-02-08,浪潮集团2月2日已紧急复工复产,Wind
947,2020-02-07,【兴证计算机】4月金股：浪潮信息（000977.SZ）- 2020/04,兴业计算机团队
948,2020-02-07,芯片概念爆发 环保板块大幅拉升 6股引关注,证券时报
949,2020-02-07,云计算需求激增，浪潮信息二连板，三机构合计卖出近4亿,第一财经
950,2020-02-07,浪潮信息连续两日涨停 三机构席位合计卖出近4亿元,第一财经
951,2020-02-07,龙虎榜动向：2股机构及北向资金集体净买入,证券时报网
952,2020-02-07,云计算题材连续大涨，游资大笔买入浪潮信息、光环新网,Wind
953,2020-02-07,云计算板块今天掀涨停潮 浪潮信息涨停丨数据观察,第一财经
954,2020-02-07,云计算概念大涨 浪潮信息等10余股涨停,金融界
955,2020-02-06,A股龙虎榜揭秘：机构净买入个股7只，净卖出个股7只,Wind
956,2020-02-06,浪潮信息放量涨停，机构频繁参与,Wind
957,2020-02-04,预计2020年Q1游戏公司整体业绩良好 五股飞,证券时报网
958,2020-02-04,浪潮信息一季报点评：超预期【中泰计算机】,闻学臣科技研究
959,2020-02-04,软件信息行业发展态势好，网络安全、医疗信息化受关注,第一财经
960,2020-02-02,浪潮信息高端装备智能工厂紧急复工,中证网
961,2020-01-31,《云计算半月刊》第四十五期（2020.1.31）,计算机司令部
962,2020-01-31,【光大计算机】板块持仓下降低配0.4%，金山办公增仓18亿元板块第一,计算机国平
963,2020-01-24,【兴证计算机】2019Q4持仓分析：超配0.06%，环比下降0.25个百分点,兴业计算机团队
964,2020-01-23,紧急通知！全国暂停进入武汉道路、水路、客运发班！权威第三版诊疗方案最新发布，机构复盘2003年“非典”大事记！,e公司
965,2020-01-17,浪潮信息 | 业绩超预期，集团目标为增长托底,一计之长
966,2020-01-17,【民生计算机&通信】浪潮信息19年业绩预告点评：公司业绩持续向好，行业需求爆发在即,MS计算机
967,2020-01-17,【国金通信】浪潮信息2019年度业绩预告点评：业绩向上趋势明确，配股夯实扩张基础,新经济的瞭望
968,2020-01-17,【朝闻国盛0117】光学龙头欧菲光受益行业供需缺口扩大；泰和新材重塑竞争力,国盛证券研究所
969,2020-01-16,浪潮信息：预计2019年净利润同比增长30.0%-50%,Wind
970,2020-01-16,浪潮信息(000977.SZ)：配股申请获中国证监会核准,格隆汇
971,2020-01-16,浪潮信息(000977.SZ)2019年度净利润预增30%-50%,格隆汇
972,2020-01-16,【东北计算机安永平/朴虹睿】浪潮信息（000977）业绩预告点评：利润高增长，20年行业需求复苏趋势明确,东北证券研究所
973,2020-01-14,万联证券：2019年服务器行业专题报告（附下载）,199IT
974,2020-01-07,计算机行业跟踪分析：算力消化接近尾声，服务器格局迎多重变化，给予“买入”评级,格隆汇
975,2020-01-03,巨头纷纷加码投入，云计算行业再迎确定性大年,格隆汇
976,2020-01-02,浪潮信息(000977.SZ)：此次换股完成后浪潮集团持股进一步降至36.8%,格隆汇
977,2019-12-27,浪潮信息(000977.SZ)：拟办理应收账款转让及无追索权保理业务 累计发生额不超40亿元,格隆汇
978,2019-12-27,信息科技：云计算拐点已至 荐3股,万联证券
979,2019-12-24,天齐锂业空手套白狼16%！这22家公司也要“抢钱”！,金融界
980,2019-12-24,融资客青睐17股，海亮股份买入占比高达47.48%,Wind
981,2019-12-23,3000点拉锯！酒鬼酒跌停，科技股集体回调，消费、科技双龙头怎么了？,中证报
982,2019-12-23,国产软件板块跌势加重，东方通跌停,Wind
983,2019-12-23,高位科技股持续走低，诚迈科技、浪潮信息等多只明星股领跌,Wind
984,2019-12-22,浪潮信息(000977.SZ)配股申请获中国证监会审核通过,格隆汇
985,2019-12-20,证监会：天风证券、河钢股份、浪潮信息、航天科技配股事项均获通过,Wind
986,2019-12-20,浪潮信息多节点服务器i48 灵活数据中心新选择,中金在线
987,2019-12-20,浪潮信息：加速产业AI化正当时,证券之星
988,2019-12-17,浪潮信息：云和5G驱动行业景气向上 公司市占率提升加速,证券时报网
989,2019-12-17,28股获券商买入评级 徐工机械目标涨幅达54.56%,Wind
990,2019-12-16,证监会：天风证券、河钢股份、浪潮信息、航天科技配股事项12月20日上会,Wind
991,2019-12-16,浪潮信息大幅拉升3.78% 股价创近2个月新高,金融界
992,2019-12-12,四大券商周五看好的六大板块,证券之星
993,2019-12-10,计算机板块午后发力，易联众率先封板,Wind
994,2019-12-10,17股获券商买入评级，梦网集团目标涨幅达42.05%,Wind
995,2019-12-10,浪潮信息：计算机行业需求回暖最大受益者 全球第一扬帆启程,证券时报网
996,2019-12-10,【东北计算机安永平】浪潮信息（000977）深度报告：行业需求回暖最大受益者，全球第一扬帆启程,东北证券研究所
997,2019-12-07,超3700亿资金激战风口板块，两大黑马题材崛起,证券时报
998,2019-12-06,融资客青睐10股，天房发展买入占比高达45.20%,Wind
999,2019-12-05,区块链板块午后异动，全球首次区块链部长级论坛开幕,第一财经
1000,2019-12-05,11月北上资金流入这些股票，加仓幅度最大的竟然是它！,云掌财经
1001,2019-12-03,国金证券：Q3业绩略超预期 给予浪潮信息“买入”评级,第一财经
1002,2019-12-01,神州数码：价值几何？,半导体风向标
1003,2019-11-28,边缘计算或迎新发展曙光，不再“边缘”？,格隆汇
1004,2019-11-26,国内首个《ECII白皮书》即将发布，关注两条投资主线,第一财经
1005,2019-11-26,北上资金单日200多亿净买入刷新历史，多股尾盘亿元大单竞价扫货,Wind
1006,2019-11-26,浪潮出击：服务器国产化，边开车边换胎,21商评网
1007,2019-11-25,机构全线卖出，北上资金却疯狂抄底，“聪明资金”能否再显威？,腾讯网
1008,2019-11-25,又到关键时点，北上资金本月300多亿加仓A股，26日或更加精彩,Wind
1009,2019-11-24,【天风计算机】周观点：从基础设施到应用，再次强调明年主线5G产业链,兵哥看IT
1010,2019-11-20,【浪潮信息】大幅拉升-0.06% 股价创近2个月新高,金融界
1011,2019-11-19,【浪潮信息】大幅拉升3.58% 股价创近2个月新高,金融界
1012,2019-11-19,30股获券商买入评级 金山办公目标涨幅达69.05%,Wind
1013,2019-11-18,【浪潮信息】大幅拉升5.05% 股价创近2个月新高,金融界
1014,2019-11-15,【浪潮信息】大幅拉升0.59% 股价创近2个月新高,金融界
1015,2019-11-15,14股获券商买入评级 丰林集团目标涨幅达85.45%,Wind
1016,2019-11-14,一文看后市：MSCI扩容前，科技股可保持乐观！,和讯
1017,2019-11-14,浪潮信息: 服务器需求拐点受益者,证券时报网
1018,2019-11-13,服务器需求拐点量化分析,跨越鸿沟
1019,2019-11-13,【浪潮信息】大幅拉升4.65% 股价创近2个月新高,金融界
1020,2019-11-11,阿里双11大规模部署液冷服务器，相关受益公司有哪些？,格隆汇
1021,2019-11-11,浪潮信息董事长张磊：AI就是生产力 为行业转型插上翅膀,每日经济新闻
1022,2019-11-08,浪潮信息：三大拐点叠加，剑指全球第一,证券时报网
1023,2019-11-08,近700股获买入评级 15股预测上涨空间超两成,证券时报
1024,2019-11-07,浪潮信息：营收逆势增长 长期受益5G边缘需求,红周刊
1025,2019-11-07,【安信计算机】服务器市场回暖在即,计算机司令部
1026,2019-11-06,北向资金连续9天净买入 64股获大比例增持,中证报
1027,2019-11-04,全球公有云市场预计突破2000亿美元，高景气周期下关注云计算产业链,第一财经
1028,2019-11-04,快讯：国产软件走强 浪潮信息涨停封板,新浪
1029,2019-11-04,云计算概念股拉升，浪潮信息涨停,Wind
1030,2019-11-04,云计算概念股盘中拉升 浪潮信息涨停,e公司
1031,2019-11-04,软件板块走强,Wind
1032,2019-11-04,【计算机/王文龙团队】浪潮信息：多重改善带来业绩增长，下游市场需求有望触底回升,太平洋证券研究
1033,2019-11-03,信息科技：分化延续 荐4股,长江证券
1034,2019-11-01,浪潮信息：下游需求回暖叠加竞争格局改善，重申高增长拐点已至,证券时报网
1035,2019-11-01,券商首次关注7股并给予买入评级（11月1日）,Wind
1036,2019-11-01,【国金计算机】浪潮信息三季报点评：Q3业绩略超预期，重申高增长拐点已至,新经济的瞭望
1037,2019-11-01,【朝闻国盛1031】解禁规模大幅下降，北上资金小幅流入,国盛证券研究所
1038,2019-11-01,每经记者专访浪潮信息董事长张磊：产业AI创万亿市场 生态力量构筑全新业态,每日经济新闻
1039,2019-10-31,浪潮信息 | 经营指标向好，两大策略巩固领先优势,一计之长
1040,2019-10-31,浪潮信息：Q3增速回暖 龙头份额进一步扩张,东北证券
1041,2019-10-31,【民生计算机/通信】浪潮信息19年三季报点评：现金流持续改善，行业话语权上升,MS计算机
1042,2019-10-30,浪潮信息公布三季报 前三季净利增加39.09%,新浪
1043,2019-10-30,浪潮信息：前三季度净利润同比增39.09%,Wind
1044,2019-10-30,浪潮信息(000977.SZ)第三季度净利润升38.66%至2.44亿元,格隆汇
1045,2019-10-26,国内厂商5G专利领跑世界 通信网络设备需求激增,财富动力网
1046,2019-10-25,浪潮信息(000977.SZ)明确配股比例 即每10股配售1.2股,格隆汇
1047,2019-10-25,浪潮信息：配股比例为10配1.2股,e公司
1048,2019-10-24,IDC预测中国云专业服务未来3年年均增速近三成，相关概念股值得长期关注,第一财经
1049,2019-10-24,国家税务总局湖北省税务局信息化基础环境建设项目中标公告,政府采购网
1050,2019-10-21,10月21日有18家公司获重要股东增减持 万达信息已获连续增持15次,Wind
1051,2019-10-17,6124点12周年：A股市值几近翻倍 估值降低80% 诞生11只十倍股,证券时报
1052,2019-10-16,互联网步入数字经济时代 布局四大细分领域龙头股,财富动力网
1053,2019-10-14,"计算机行业周报:金融领域进一步开放,利好金融IT相关厂商",渤海证券
1054,2019-10-11,45股获券商买入评级 双箭股份目标涨幅达64.86%,Wind
1055,2019-10-10,浪潮信息：与欧洲三大TOP分销商达成战略合作 买入评级,安信证券
1056,2019-10-10,机械制造：积极跟踪和布局具有自主核心优势的智能化和互联网化科技型企业,川财证券
1057,2019-10-10,【计算机】行业部分重点公司三季报预测: 看好代表性公司普遍高增*强于大市,中银国际证券研究
1058,2019-10-09,信息科技：预期平淡 荐34股,申万宏源
1059,2019-10-08,计算机行业板块三季报前瞻,安信证券
1060,2019-10-07,半导体、电子设备：驱动力无变化 短期恐震荡为主,广发证券
1061,2019-10-01,千亿增量资金在路上！机构转战绩优科技股 哪些个股获得基金高比例持仓？,中证网
1062,2019-09-27,融资客青睐18股，浦东金桥买入占比高达54.70%,Wind
1063,2019-09-26,北向资金净流入24.99亿元，贵州茅台净卖出3.71亿元再度居首,Wind
1064,2019-09-24,主力资金连续9个交易日净流出,中证报
1065,2019-09-23,24股获券商买入评级 三只松鼠目标涨幅达31.52%,Wind
1066,2019-09-22,机构砸出三只松鼠首个跌停 浪潮信息涨停游资难一致,南方财经网
1067,2019-09-20,9月20日A股龙虎榜揭秘，机构抛售7股,Wind
1068,2019-09-20,浪潮信息龙虎榜数据（9月20日）,Wind
1069,2019-09-20,浪潮信息今日放量涨停，绍兴知名游资趁机卖出超3亿元,Wind
1070,2019-09-20,9月20日异动股点评：浪潮信息T字涨停 盘点四牛与四熊,山东神光
1071,2019-09-20,华为欲退出服务器整机专注芯片领域，浪潮信息成最大赢家？,环球老虎财经
1072,2019-09-20,半导体、电子设备：生态建设加大力度 荐2股,广发证券
1073,2019-09-20,华为宣布适时退出服务器整机市场 浪潮信息一字涨停 经营问题,新浪
1074,2019-09-20,A股早评：三大股指高开 电脑设备板块高开居前浪潮信息涨停,格隆汇
1075,2019-09-20,20股获券商买入评级 恒华科技目标涨幅达45.39%,Wind
1076,2019-09-19,浪潮信息：华为退出加速竞争格局改善，服务器领军最有望受益,--
1077,2019-09-17,关注国家网络安全宣传周 这份业绩大增的信息安全公司名单请收好,和讯
1078,2019-09-15,方正策略:科技股估值提升空间有限 将切换到业绩主导,金融界
1079,2019-09-15,浪潮信息(000977.SZ)2019年配股申请获中证监受理,格隆汇
1080,2019-09-12,多次举牌渐成常态！长袖善舞，这边风景独好,Wind
1081,2019-09-12,沸点|万亿规模，科技股为何狂欢？揭开资本圈“自主可控”的面纱,腾讯网
1082,2019-09-09,44股获券商买入评级 松芝股份目标涨幅达73.47%,Wind
1083,2019-09-03,旷视科技赴港IPO AI概念股有望迎来爆发,财富动力网
1084,2019-09-03,"浪潮信息2019年中报点评:毛利率延续反弹,利润增长超预期",光大证券
1085,2019-09-02,317股获券商买入评级 万盛股份目标涨幅达115.70%,Wind
1086,2019-09-02,【计算机/王文龙团队】浪潮信息：公司业绩指标良好，下游需求有望在明年有所改善,太平洋证券研究
1087,2019-09-02,"计算机行业周报:中报业绩向好,建议关注人工智能应用落地机会",渤海证券
1088,2019-08-30,浪潮信息 | 双利好在路上：云在回暖+5G催化边缘算力爆发,一计之长
1089,2019-08-30,计算机19H1边际分析,--
1090,2019-08-30,"浪潮信息:业绩符合预期,规模效应逐渐显现",渤海证券
1091,2019-08-29,浪潮信息(000977.SZ)半年度净利润升39.47%至2.73亿元,格隆汇
1092,2019-08-29,浪潮信息：上半年净利润同比增39.47%,Wind
1093,2019-08-29,软件股快速攀升，北信源直线涨停,Wind
1094,2019-08-27,2900点回来了！超百亿外资尾盘“脉冲式”扫货,Wind
1095,2019-08-27,共建“元脑生态”力促产业AI化，浪潮信息与鲲云科技战略签约,猎云网
1096,2019-08-27,浪潮信息与鲲云科技达成战略合作,格隆汇
1097,2019-08-27,金融科技概念股走高，证通电子、东信和平双双涨停,Wind
1098,2019-08-27,巨丰数据赢｜北上资金最新调仓数据曝光 3股昨日逆势净流入,巨丰财经
1099,2019-08-26,深港通十大成交活跃股排名（8月26日）,Wind
1100,2019-08-25,【安信计算机】世界AI大会召开在即，华为再传捷报,计算机司令部
1101,2019-08-23,浪潮信息(000977.SZ)配股事宜获山东国资委批复,格隆汇
1102,2019-08-21,193股获券商买入评级 银轮股份目标涨幅达99.43%,Wind
1103,2019-08-20,【国金晨讯精选】良信电器、浪潮信息深度，7月视频网站数据分析,国金证券研究所
1104,2019-08-20,浪潮信息（000977）：预期需求拐点叠加，5G助力剑指全球,中信证券研究
1105,2019-08-19,浪潮信息：竞争格局改善叠加行业拐点,证券时报网
1106,2019-08-19,快讯：国产软件板块活跃 任子行、浪潮信息涨停,新浪
1107,2019-08-19,浪潮信息8月19日盘中涨停,e公司
1108,2019-08-19,网络安全概念股持续拉升，证通电子、任子行涨停，浪潮信息涨近8%，中孚信息、格尔软件涨幅扩大,Wind
1109,2019-08-13,再还1.11亿元 浪潮信息4.3亿募集资金提前归还完毕,鲁网
1110,2019-08-12,浪潮信息5年募资82亿仍推20亿配股方案 出货量连续5年第一净利率四连降 盈利能力下降,长江商报
1111,2019-08-11,云计算市场头部竞争加剧，AI、云融合趋势加速,广证恒生新三板研究极客
1112,2019-08-06,产业AI化更进一步 浪潮元脑生态引入认知智能先锋一览群智,北国网
1113,2019-08-05,"计算机行业周报:19Q1公有云增速达68%,关注AI和云产业",证券之星
1114,2019-08-03,有着科技白马股之称的浪潮信息，缘何钱不够花,经济观察网
1115,2019-08-02,《云计算半月刊》第三十三期（2019.8.2）,计算机司令部
1116,2019-07-30,消费拥挤转战科技 谁是基金经理眼中的香饽饽？,上证报
1117,2019-07-27,浪潮信息再融资之惑,证券市场周刊
1118,2019-07-26,浪潮信息再融资之惑,证券市场周刊
1119,2019-07-22,医疗保健：计算机中报业绩预告分析 荐11股,中信建投
1120,2019-07-22,浪潮信息拟配股募资20亿元 云计算AI计算助力公司未来高成长,证券日报
1121,2019-07-22,计算机行业周报:医疗信息、云计算板块边际改善持续向好,山西证券
1122,2019-07-22,"计算机行业动态跟踪报告:基金持仓随板块回调明显回落,风险偏好重归谨慎",平安证券
1123,2019-07-21,浪潮信息AI服务器市场年复合增长率超30%，内生性增长预期强劲,证券时报
1124,2019-07-20,浪潮信息“补血还债”背后 服务器龙头受上下游夹击,财富动力网
1125,2019-07-19,浪潮信息回应配股预案：提前部署降低资产负债率,新浪
1126,2019-07-19,A股早报2019年7月19日星期五,Wind
1127,2019-07-18,拟配股募20亿被质疑“圈钱”，浪潮信息回应：为优化资产负债结构 偿债能力下降,第一财经
1128,2019-07-18,浪潮信息回应配股计划：业务高速发展，募资优化资产负债结构,Wind
1129,2019-07-18,浪潮信息回应配股计划：业务高速发展 募资优化资产负债结构,e公司
1130,2019-07-18,跌停！浪潮信息（000977.SZ）的债怎么还没还完？,格隆汇
1131,2019-07-18,7月18日A股龙虎榜揭秘，机构抛售6股,Wind
1132,2019-07-18,“雷声阵阵”！又一只白马股被机构砸盘——道达投资手记,每日经济新闻
1133,2019-07-18,18日共8只个股出现机构身影，这2只股票呈现机构净买入,第一财经
1134,2019-07-18,跌停板解密：股指下探，个股杀跌未见，仅2只跌停！（7月18日）,Wind
1135,2019-07-18,拟募20亿偿贷及补血浪潮信息跌停，机构抛售上亿元游资仍在买入 股票卖空,第一财经
1136,2019-07-18,浪潮信息龙虎榜数据（7月18日）,Wind
1137,2019-07-18,浪潮信息放量跌停，四机构席位卖出1.52亿元,Wind
1138,2019-07-18,浪潮信息拟配股募20亿补血股价跌停 太平人寿受伤,中国经济网
1139,2019-07-18,浪潮信息7月18日盘中跌停,e公司
1140,2019-07-18,【异动股】美团概念板块下挫，浪潮信息(000977-CN)跌8.8%,财华社
1141,2019-07-18,浪潮信息计划配股融资不超过20亿 股价创4个月以来新低 连续下跌,金融界
1142,2019-07-18,【异动股】边缘计算板块下挫，浪潮信息(000977-CN)跌7.03%,财华社
1143,2019-07-18,20亿配股募资压垮股价！浪潮信息开盘大跌7%创4个月新低 连续下跌,上游新闻
1144,2019-07-18,A股异动 | 浪潮信息大跌6.31% 披露配股预案 市场担忧其现金流 连续下跌,格隆汇
1145,2019-07-18,浪潮信息低开超7%，拟以10配2.5股的比例进行配股,Wind
1146,2019-07-18,"浪潮信息:配股优化资产负债结构,支撑未来业务规模持续扩大",渤海证券
1147,2019-07-17,多家上市公司披露募资计划，郑州银行拟定向增发募资60亿,第一财经
1148,2019-07-17,浪潮信息：拟配股募资不超20亿元偿贷及补血,Wind
1149,2019-07-15,半导体、电子设备：业绩增速让投资机会明朗化 荐5股,中银国际
1150,2019-07-15,计算机行业周报:中报预告明确成长性个股机会,证券之星
1151,2019-07-15,计算机行业2019年半年报业绩前瞻:关注领军公司现金流高增,申万宏源
1152,2019-07-11,信息科技：操作系统国魂所系 生态建设任重道远,东兴证券
1153,2019-07-08,信息科技：智能云和云安全高速增长 荐9股,中信建投
1154,2019-07-05,48股获券商买入评级 利民股份目标涨幅达78.57%,Wind
1155,2019-07-04,浪潮信息：2022年服务器全球第一可期 目标价29.89元,证券时报网
1156,2019-07-04,券商首次关注5股并给予买入评级（7月4日）,Wind
1157,2019-07-04,【国金晨讯精选】腾讯VS阿里，浪潮信息首次覆盖,国金证券研究所
1158,2019-07-04,计算机行业周报:云≈消费建议重点关注云计算,申万宏源
1159,2019-07-02,"数字中国专题报告2:工业互联网步入实践深耕阶段,赋能传统产业转型升级",山西证券
1160,2019-07-02,"计算机行业2019下半年策略报告:企业级SaaS进入爆发期,5G应用提前到来",国海证券
1161,2019-07-01,融资客青睐15股，昊华能源买入占比高达53.55%,Wind
1162,2019-06-16,信息科技：计算机公司有望迎来价值重估 荐12股,西南证券
1163,2019-06-13,[快讯]浪潮信息发布解除质押公告 涉及股份2799万股,中财网
1164,2019-06-13,浪潮信息(000977.SZ)控股股东解除质押3000万股,格隆汇
1165,2019-06-11,华为用友合作明，科创TMT哪些行？【申万宏源TMT】,申万宏源S全民全流量计算机话报
1166,2019-06-11,计算机行业周报:“重返科技”的投资窗口临近,证券之星
1167,2019-06-06,【方正策略】科技龙头身在何处,策略研究
1168,2019-06-05,历史上3G、4G牌照发放后通信板块怎么走，5G该怎么投资？,招商证券
1169,2019-06-05,"信息安全行业点评:5月多重磅政策落地,网安发展迎良机",申万宏源
1170,2019-06-03,中银国际证券6月金股组合,太平桥策略随笔
1171,2019-05-28,浪潮云拟科创板上市 激战公有云市场如何对抗阿里腾讯,华夏时报
1172,2019-05-28,浪潮云拟于科创板IPO 浪潮软件尾盘涨停浪潮信息大涨,金融界
1173,2019-05-28,浪潮软件、浪潮信息尾盘直线拉升,Wind
1174,2019-05-28,"计算机行业周报:软件产业税收优惠,持续关注自主可控",国海证券
1175,2019-05-27,浪潮信息：取消发行2019年度第一期超短期融资券,Wind
1176,2019-05-24,"海外TMT行业周报:云计算持续得到海内外巨头验证,坚定看好云计算产业链",正点财经
1177,2019-05-22,计算机行业周报(20190513~20190519):计算机一线Alpha性价比增加!,申万宏源
1178,2019-05-21,做多情绪回升，连板妖股再现，3板块成“摇钱树”,Wind
1179,2019-05-21,浪潮信息:2019年第一季度报告,正点财经
1180,2019-05-20,中银国际：浪潮信息买入评级,中银国际
1181,2019-05-20,云计算热度不减行业延续高景气 六股望率先发力,中证报
1182,2019-05-18,资金关注热度不减逢低布局5G云计算细分龙头,金融投资报
1183,2019-05-17,云计算热度不减 机构推荐三主线,中证报
1184,2019-05-16,计算机行业:19Q2预测暨19Q1/18Q4季报回顾:Alpha乐观之数据证明,申万宏源
1185,2019-05-15,浪潮信息：融资净买入5298.24万元，两市排名第十（05-14）,新浪
1186,2019-05-14,计算机行业周报:网安机会!安全格局与等保2.0受益,申万宏源
1187,2019-04-29,4月29日A股龙虎榜揭秘，机构抢筹13股,Wind
1188,2019-04-29,浪潮信息尾盘跌停 深股通净卖出逾3700万元,第一财经
1189,2019-04-29,浪潮信息龙虎榜数据（4月29日）,Wind
1190,2019-04-29,浪潮信息今日跌停，深股通出货机构接盘,Wind
1191,2019-04-29,信息科技：计算机5G 荐6股,和讯
1192,2019-04-28,民生计算机周报：一季报验证行业景气度，云计算景气度持续提升,MS计算机
1193,2019-04-27,【申万宏源计算机】求生存重于求增长！,申万宏源S全民全流量计算机话报
1194,2019-04-27,云计算板块投资热情高涨 六股绝佳布局良机,中证报
1195,2019-04-27,机构+大单合力布局云计算 10只概念股股价实现连续上涨,证券日报
1196,2019-04-25,【天风计算机】周观点：板块超配比例大幅提升，云计算、信创、金融IT、医疗IT板块加仓明显,兵哥看IT
1197,2019-04-25,计算机｜坚定看好配置价值，云+AI+安全将成三大方向,中信证券研究
1198,2019-04-25,一带一路国际合作高峰论坛召开 机构三大视角揭示概念股潜力,证券日报
1199,2019-04-25,"浪潮信息:收入增长符合预期,费用增长需持续观察",申万宏源
1200,2019-04-24,浪潮信息放量涨停，多家游资合力封板,Wind
1201,2019-04-24,【异动股】国产软件板块午后走强 浪潮信息(000977-CN)率先涨停,财华社
1202,2019-04-24,[快讯]13:20浪潮信息、东方精工封涨停,中财网
1203,2019-04-24,国产软件板块午后异动 浪潮信息涨停,金融界
1204,2019-04-24,软件股午后走强 浪潮信息涨停,e公司
1205,2019-04-24,浪潮信息午后涨停,e公司
1206,2019-04-24,软件板块午后发力，浪潮信息直线封板,Wind
1207,2019-04-23,浪潮信息(000977.SZ)年报推10派0.6元 股权登记日4月29日,格隆汇
1208,2019-04-23,中科曙光再受政府补助 Q1扣非前后净利润差逾两千万,新京报
1209,2019-04-22,浪潮信息(000977.SZ)一季度净利润增长67.89%至9229.86万元,格隆汇
1210,2019-04-22,浪潮信息：董秘变更 董监高成员变化,Wind
1211,2019-04-22,浪潮信息：一季度净利润同比增67.89%,Wind
1212,2019-04-22,"计算机行业周报:5G如火如荼,应用渐入佳境",安信证券
1213,2019-04-21,信息科技：软件行业将迎顶层规划 荐7股,中银国际
1214,2019-04-16,A股早报2019年4月16日星期二,Wind
1215,2019-04-15,信息科技：5G发展已成竞赛 荐4股,东莞证券
1216,2019-04-15,财经早报:央行力挺A股 3月信贷社融全面超预期,新浪
1217,2019-04-14,重要公告：顾家家居拟收购喜临门股权事项终止,腾讯网
1218,2019-04-14,浪潮信息：预计一季度净利润同比增长50.00%-80.00%,Wind
1219,2019-04-14,浪潮信息：一季度净利预增50%-80%,e公司
1220,2019-04-13,两优势促云计算产业维持高增长 4只低估值绩优股获机构推荐,证券日报
1221,2019-04-12,"浪潮信息:毛利率延续反弹,经营进一步改善",光大证券
1222,2019-04-12,基金减持 多只个股成“弃儿”,金融投资报
1223,2019-04-09,浪潮信息：市场份额快速提升 增持评级,和讯
1224,2019-04-03,"计算机行业:投哪些,弃哪些轻松“估值洼地”",申万宏源
1225,2019-04-02,【每日晨报】0402丨首批区块链信息服务备案落地，相关产业链迎利好,中国银河证券研究
1226,2019-04-02,"计算机行业周报:热情未减,19Q1业绩分化应深挖个股 盈利能力下降",证券之星
1227,2019-04-01,信息科技：预投哪些 弃哪些,申万宏源
1228,2019-04-01,观点 | 热情未减，19Q1业绩分化应深挖个股（中银计算机周报0331） 盈利能力下降,一计之长
1229,2019-04-01,『早安，新时代！』晨会早读2019/4/1： 今日关注天齐锂业、中环股份、浪潮信息、贵州茅台、苏宁易购,新时代证券研究
1230,2019-04-01,【新时代计算机 田杰华团队】浪潮信息：业绩同比高速增长，服务器毛利率企稳小幅回升,新时代证券研究
1231,2019-04-01,中银国际*每日速递20190401：中兴通讯、浪潮信息、华兰生物、涪陵电力、贵州茅台、东方证券、光大银行等,微信
1232,2019-04-01,"浪潮信息年报点评:业绩符合预期,现金流创历史最好水平",安信证券
1233,2019-04-01,"浪潮信息2018年报点评:业绩高速增长,全球智慧计算领先者",渤海证券
1234,2019-03-31,浪潮信息去年净利6.59亿同比增长54% 董事长张磊年薪5万元,挖贝网
1235,2019-03-29,浪潮信息(000977)：服务器业务毛利率企稳回升,国盛证券
1236,2019-03-29,浪潮信息 | 毛利润提升，经营现金流提升四倍,一计之长
1237,2019-03-29,存储崛起浪潮信息营收近470亿元 携手百度布局万亿级AI市场,证券日报
1238,2019-03-28,浪潮信息2018年净利润6.59亿元 同比增长54%,金融界
1239,2019-03-28,浪潮信息：2018年净利6.59亿元 同比增长54%,e公司
1240,2019-03-28,浪潮信息(000977.SZ)2018年净利润升54.05%至6.59亿元 拟10派0.6元,格隆汇
1241,2019-03-28,浪潮信息：2018年净利增54.05%，拟10派0.6元,Wind
1242,2019-03-25,华创证券：科创板再迎进展科技股有望重估,华创证券
1243,2019-03-23,【申万宏源计算机】聚焦广深“文化N虎”，基本面领军突出,申万宏源S全民全流量计算机话报
1244,2019-03-22,上市鲁企海外板块表现抢眼,经济导报
1245,2019-03-20,5G“催熟”边缘计算：产业链狂欢与资本泡沫,第一财经
1246,2019-03-20,高科技低附加值的浪潮信息,中金在线
1247,2019-03-16,最牛板块变了天！机构大举出逃，却有“聪明资金”逆市买入,证券时报
1248,2019-03-16,四天成交逾70亿元创新高 热门股回调机构逢高兑现,大众证券报
1249,2019-03-14,A股早报2019年3月14日星期四,Wind
1250,2019-03-13,浪潮信息龙虎榜数据（3月13日）,Wind
1251,2019-03-13,浪潮信息逼近跌停 两机构席位共抛售1.36亿元,每日经济新闻
1252,2019-03-13,浪潮信息收跌9.58%，机构集体卖出,Wind
1253,2019-03-11,民生证券：科创板A股影子股筛选,民生证券研究院
1254,2019-03-07,高位收星，调整将至？浪潮信息3日累涨28%！明日留意这只维生素概念股,每日经济新闻
1255,2019-03-06,盘中频繁跳水有深意？浪潮信息封死涨停2日累涨16%！明日留意这只区块链概念股,每日经济新闻
1256,2019-03-06,龙虎榜：全球服务器龙头加速反弹 中线值得关注,巨丰财经
1257,2019-03-06,浪潮信息尾盘涨停 四机构卖出超3.4亿元,新浪
1258,2019-03-06,浪潮信息3日录得2板，四机构席位今日卖出3.41亿元,Wind
1259,2019-03-06,【国金研究】MWC(2019)深度分析：智能终端爆发，边缘计算崛起，看好时延敏感场景下的5G落地,国金证券研究所
1260,2019-03-06,机构游资加速抢筹 10只题材股被爆买,投资快报
1261,2019-03-05,“三重强支撑”已现？浪潮信息大涨创6个月新高！明日留意这只国产芯片概念股,每日经济新闻
1262,2019-03-05,规模超万亿！高清视频、5G之后，边缘计算风起,Wind
1263,2019-03-04,这个“岛形反转”不一般？电广传媒涨停创15个月新高！明日留意这只国产软件概念股,每日经济新闻
1264,2019-03-04,浪潮信息涨停，天风深圳平安金融中心大举买入2.18亿元,Wind
1265,2019-03-04,浪潮信息：营收高增目标不改 买入评级,和讯
1266,2019-03-04,浪潮软件涨停，浪潮将组合浪潮云推动科创板上市,Wind
1267,2019-02-28,行业 | 商誉阵雨后，再看业绩彩虹 (计算机行业2018年报前瞻),一计之长
1268,2019-02-25,MWC抢“鲜”看！除了华为、小米、中兴，还有哪些亮点,Wind
1269,2019-02-20,33股获券商买入评级 广州酒家目标涨幅达56.68%,Wind
1270,2019-02-19,"计算机行业周报:金融服务民企18条出台,建议关注金融科技",渤海证券
1271,2019-02-18,38股获券商买入评级 桐昆股份目标涨幅达52.32%,Wind
1272,2019-02-16,利润环比连增+同比暴增 43匹盈利白马现身,证券时报
1273,2019-02-15,浪潮信息:谷歌数据中心投入再次验证长期云化趋势不变,申万宏源
1274,2019-02-15,"计算机行业2018年年报前瞻:商誉减值大幅拖累整体表现,业绩分化继续加剧",平安证券
1275,2019-02-12,浪潮信息：年报预告超预期 四季度业绩加速增长,中证网
1276,2019-02-12,计算机行业研究周报：美股SaaS公司表现亮眼有助于A股云计算标的情绪修复,天风证券
1277,2019-02-11,广证恒生：浪潮信息买入评级,广证恒生
1278,2019-02-02,浪潮信息：四季度业绩加速增长 买入评级,和讯
1279,2019-02-01,净利预增最高超7成 浪潮信息大涨6%,格隆汇
1280,2019-02-01,【计算机】浪潮信息：业绩超预期，营收高增目标不改,微信
1281,2019-02-01,97股获券商买入评级 星云股份目标涨幅达174.73%,Wind
1282,2019-01-31,中科曙光的负债、研发与神奇预付款,新浪
1283,2019-01-31,浪潮信息：管理与业务全面优化布局 买入评级,广发证券
1284,2019-01-30,浪潮信息：2018年年度业绩报告预告,深交所
1285,2019-01-30,浪潮信息：预计2018年净利润同比增长45%-75%,Wind
1286,2019-01-30,信息科技：2019核心为成本控制和管理优化 荐15股,申万宏源
1287,2019-01-29,【国君计算机杨墨团队】计算机行业持仓小幅下降且向细分领域龙头集中,微信
1288,2019-01-28,"计算机行业:四季度机构持仓略有下降,抓住利空释放带来的投资机会",正点财经
1289,2019-01-28,计算机行业:为什么安全、可控是2019年的重要主线,正点财经
1290,2019-01-28,下周323亿市值限售股解禁，环比增加11.59% 解禁,Wind
1291,2019-01-28,"计算机行业周报:“科创板+注册制”靴子落地,利好创投企业",渤海证券
1292,2019-01-24,"计算机行业动态跟踪报告:Q4基金持仓显著下滑,但仍维持超配,持仓集中度略升",平安证券
1293,2019-01-23,[快讯]浪潮信息514万限售股1月29日解禁,中财网
1294,2019-01-22,计算机行业周报:再推信息安全与金融科技双主线,证券之星
1295,2019-01-22,计算机行业周报:2018年最强美股的启示,安信证券
1296,2019-01-15,新时代计算机周报:2019年CES亮点回顾和IT变革趋势分析,证券之星
1297,2019-01-15,"计算机行业周报:工信部力推5G+车联网,建议关注智能汽车",渤海证券
1298,2019-01-13,【广证恒生计算机】2019年度策略报告——关注高景气度细分领域，精选业绩确定性优质标的,广证恒生
1299,2019-01-12,云计算催生IT产业投资新机会,全景网
1300,2019-01-08,"计算机行业周报:降准影响积极,把握反弹机遇",正点财经
1301,2019-01-06,浪潮信息：10亿元中期票据募集资金已到账 发行利率为6.50%,中证网
1302,2019-01-02,浪潮信息：“规模效应”凸显 市场份额快速提升,渤海证券
1303,2018-12-27,"计算机行业周报:DRGs试点申报工作即将展开,利好相关行业龙头",渤海证券
1304,2018-12-26,"计算机行业周报:医保局推动DRGs试点,医疗IT企业有望受益",正点财经
1305,2018-12-26,计算机行业周报:税务信息化和drgs再推进,申万宏源
1306,2018-12-24,浪潮信息：AI布局渐起成效 买入评级,和讯
1307,2018-12-24,26股获券商买入评级 国祯环保目标涨幅达43.01%,Wind
1308,2018-12-21,【每日晨报】策略丁文 银河证券晨报—20181221,中国银河证券研究
1309,2018-12-17,"计算机行业周报:金融IT政策利好和应用频落地,建议关注相关个股",渤海证券
1310,2018-12-16,融资客最看好个股一览,证券之星
1311,2018-12-15,【申万宏源计算机】涨跌幅榜秘密？电子病历与等保2.0,申万宏源S全民全流量计算机话报
1312,2018-12-14,【浪潮信息（000977）】服务器龙头再起航,中信证券研究
1313,2018-12-13,被机构超级看好的成长股 未来3年净利增速超30%个股（名单）,证券时报
1314,2018-12-13,"计算机行业:看多2019年板块行情,重点推荐云计算&精选高景气度子行业龙头",中证网
1315,2018-12-05,"计算机行业周报:等保2.0,催生网络安全新需求",正点财经
1316,2018-12-05,计算机行业周报:诸领军“大跌一天”有基本面变化吗,申万宏源
1317,2018-12-04,政策持续加码人工智能 细分领域“钱景”光明,财富动力网
1318,2018-12-01,《云计算半月刊》第十七期（2018.12.1）,计算机司令部
1319,2018-11-29,浪潮信息应收款增83.57% 拟转让不超20亿应收款,长江商报
1320,2018-11-29,浪潮信息拟转让20亿应收账款 加速资金周转,证券时报
1321,2018-11-28,应收账款共73亿 浪潮信息拟转让不超20亿给山东信托,挖贝网
1322,2018-11-28,浪潮信息拟转让20亿元应收账款 改善资产负债结构,中证网
1323,2018-11-28,浪潮信息：拟向山东信托转让不超20亿元应收账款,Wind
1324,2018-11-28,浪潮信息拟办理应收账款无追索权保理业务 累计不超过30亿元,TechWeb
1325,2018-11-28,浪潮信息：拟将不超20亿元应收账款转让给山东信托,Wind
1326,2018-11-28,看好中国｜制造中国——工业互联大战略推进 板块迎长期机遇,巨丰财经
1327,2018-11-19,信息科技：商誉减值风险提示发布 荐4股,渤海证券
1328,2018-11-15,【渤海计算机】浪潮信息拟2亿元设立浪潮信息苏州公司，建设浪潮PCBA研发与生产制造基地——每日资讯公告,渤海计算机研究
1329,2018-11-12,计算机行业周报:现金流问题有望改善,国海证券
1330,2018-11-09,从沪深300调出一定意味着负向冲击吗？ 剔除指数,量化先行者
1331,2018-11-09,14股获券商买入评级 保利地产目标涨幅达66.56%,Wind
1332,2018-11-08,广发证券：上调浪潮信息评级至买入,Wind
1333,2018-11-08,浪潮信息：营收倍增毛利率微降 研发投入持续加大 盈利能力下降,广发证券
1334,2018-11-08,浪潮信息：11月7日融资余额为14.96亿元，较前一日骤增5.09%,Wind资讯
1335,2018-11-07,浪潮信息：研发投入持续加大 买入评级,广发证券
1336,2018-11-07,巨丰热点：第五届世界互联网大会开幕 兆日科技等个股走强,巨丰财经
1337,2018-11-06,中国结算与浪潮信息签战略合作协议,e公司
1338,2018-11-01,研报精选：看中这4股的有戏啦!,中财网
1339,2018-11-01,"浪潮信息:Q3单季度收入同比增加93%,大超市场预期",申万宏源
1340,2018-10-31,"浪潮信息2018年三季报点评:收入高速增长,服务器龙头强者愈强",中证网
1341,2018-10-31,浪潮信息：营收高速增长 国内服务器行业龙头地位稳固,平安证券
1342,2018-10-31,【计算机-胡又文】浪潮信息三季报点评：三季度营收超预期 净利润增速加快,安信证券研究
1343,2018-10-31,"浪潮信息:业绩快速增长,云服务器市场份额全球领先",渤海证券
1344,2018-10-29,浪潮信息：前三季度净利润同比增48.76%,Wind
1345,2018-10-29,计算机行业18Q3仓位分析,--
1346,2018-10-28,【光大计算机】持仓比例上升，持股进一步集中——2018Q3公募基金计算机板块持仓跟踪,微信
1347,2018-10-28,信息科技：云计算是结束还是开始 荐14股,国盛证券
1348,2018-10-25,中移67519台服务器采购：华为52.4亿、浪潮43.4亿,腾讯网
1349,2018-10-25,浪潮信息低开低走重挫9.87%报17.07元 成交8.02亿元,腾讯网
1350,2018-10-25,快讯：科技股早盘集体暴跌 浪潮信息触跌停,新浪
1351,2018-10-25,科技股全线重挫 浪潮信息触及跌停 连续下跌,金融界
1352,2018-10-25,科技股再度跳水，万兴科技、浪潮信息逼近跌停,Wind
1353,2018-10-19,计算机行业：关注三季度业绩确定性强的公司,金融界
1354,2018-10-18,2018计算机三季报前瞻:计算机Q3增速继续较快增长,申万宏源
1355,2018-10-16,信息科技：2018年前三季度我国机器人市场规模同比增18.2%,川财证券
1356,2018-10-15,10月15日A股龙虎榜揭秘，机构最青睐3股,Wind
1357,2018-10-15,龙虎榜：机构的钱去哪了？买入宁德时代1.3亿，卖出浪潮信息3亿！,云掌财经
1358,2018-10-15,龙虎榜|减持力度加大 机构抛浪潮信息超3亿元,金融投资报
1359,2018-10-15,浪潮信息龙虎榜数据（10月15日）,Wind
1360,2018-10-15,浪潮信息放量跌停，五机构席位卖出3亿元,Wind
1361,2018-10-15,[强于大市评级]计算机行业研究周报：AI再获重要进展 三季报预告整体符合预期,中财网
1362,2018-10-14,信息科技：东方财富能否成为中国版嘉信理财 荐17股,国盛证券
1363,2018-10-09,【计算机】预计Q3业绩符合预期，腾讯组织架构调整验证TO B时代到来,天风研究
1364,2018-09-29,计算机行业:十年股市计算机股表现良好,信达证券
1365,2018-09-27,信息科技：国务院印发双创升级版 荐30股,国盛证券
1366,2018-09-25,信息科技：AI芯片迎来重量级玩家 荐4股,国海证券
1367,2018-09-23,信息科技：提高研发费用税前加计扣除比例 微增行业利润,广发证券
1368,2018-09-19,浪潮信息年报点评：服务器存储全面领先 2018乘云直上,中证网
1369,2018-09-18,A股“AI”哪家强？七成人工智能公司研发费用增长,证券时报
1370,2018-09-14,软件板块大跌，机构抛售浪潮信息长亮科技,Wind
1371,2018-09-14,浪潮信息龙虎榜数据（9月14日）,Wind
1372,2018-09-14,CFi收盘揭秘:垃圾股走强 市场感觉有“任务”没完成,中财网
1373,2018-09-13,浪潮信息：公司出口美国业务占公司总营收占比不高,e公司
1374,2018-09-13,看好产业链机会，基金积极布局苹果概念标的,Wind
1375,2018-09-12,"计算机行业:稳健增长,关注业绩持续高增长公司",信达证券
1376,2018-09-12,"计算机行业2018年四季度投资策略报告:基金持仓占比提升,关注云计算、工业互联网",渤海证券
1377,2018-09-11,"浪潮信息：营收高速增长,毛利率企稳回升",广发证券
1378,2018-09-11,28股获券商买入评级，东诚药业目标涨幅达49.40%,Wind
1379,2018-09-10,今日个股推荐：9月10日个股推荐浪潮信息000977 ：9月10日个股推荐浪潮信息000977,南方财富网
1380,2018-09-10,"浪潮信息事件点评:期权授予完成,市场份额持续领先",渤海证券
1381,2018-09-07,两因素提振工业互联网板块 QFII、社保基金同持两股,证券日报
1382,2018-09-07,"浪潮信息2018年中报点评:收入大幅增长,毛利率触底反弹",光大证券
1383,2018-09-03,【商业模式】浪潮信息：牺牲盈利换取规模扩张是把双刃剑,和讯
1384,2018-09-03,上市公司发力自主研发，上半年研发投入逆势增逾两成,中证报
1385,2018-08-31,绩优基金 隐形重仓股曝光,证券时报网
1386,2018-08-30,券商首次关注6股并给予买入评级（8月30日）,Wind
1387,2018-08-30,【新时代计算机 田杰华团队】浪潮信息：2018H1营收同比增长 110.49%，全年销量有望实现新突破,新时代证券研究
1388,2018-08-30,【计算机-浪潮信息(000977)】谢春生：收入继续放量，毛利率提升-20180829,中泰证券研究所
1389,2018-08-30,公募风格转向均衡，下半年“性价比为王”,中证报
1390,2018-08-30,"浪潮信息:Q2收入同比121%,毛利率同比改善",申万宏源
1391,2018-08-29,浪潮信息：调整“18浪潮信息SCP002”发行金额为15亿元,Wind
1392,2018-08-29,"浪潮信息:受益云计算浪潮收入加速成长,实际经营利润率开始稳步提升",正点财经
1393,2018-08-29,浪潮集团董事长孙丕恕：浪潮云要尽快IPO,Wind
1394,2018-08-29,【华创·每日最强音】聚焦个股中报：晨鸣纸业、浪潮信息、华电国际|轻工+计算机+环保（20180830）,华创证券研究
1395,2018-08-28,浪潮信息上半年营收191.55亿元 同比增长110.49%,新浪
1396,2018-08-28,浪潮信息：上半年净利润同比增36.22%,Wind
1397,2018-08-28,8月28日早间行业热点聚焦,中证网
1398,2018-08-27,[强于大市评级]计算机行业研究周报：阿里云延续高增长 继续首推云计算“花开五朵”组合,中财网
1399,2018-08-27,阿里云加码“工业互联网平台” 六股有掘金机会,中财网
1400,2018-08-21,"计算机行业:震荡磨底过程,关注小阶段反弹机会",国联证券
1401,2018-08-20,[强于大市评级]计算机行业研究周报：用友企业服务大会胜利召开 捷顺智慧停车转型突破明显,中财网
1402,2018-08-17,《云计算半月刊》第十期（2018.8.17）,计算机司令部
1403,2018-08-17,看好中国｜数字中国——五天3大利好来袭 相关股票蠢蠢欲动,巨丰财经
1404,2018-08-17,[买入评级]浪潮信息(000977)点评：蓄力服务器全球市场 成长路径渐清晰,中财网
1405,2018-08-16,看好中国｜制造中国——信息消费扩大升级利好5G、云计算、物联网,巨丰财经
1406,2018-08-16,[买入评级]浪潮信息(000977)点评：拟发行票据优化融资结构 成立海外公司实现本地化经营,中财网
1407,2018-08-14,8月14日有28家公司获重要股东增减持 恒瑞医药已被连续减持55次,Wind
1408,2018-08-14,【渤海计算机】浪潮信息孙公司拟600万美元在美国设立全资子公司——每日资讯公告,渤海计算机研究
1409,2018-08-14,【解盘论市】机构：三季度创业板指数大概率会上升,Wind
1410,2018-08-14,政策+基本面催生云计算快速发展 四股机会到来,中证网
1411,2018-08-14,"计算机行业点评:国家大力发展信息消费,云产业腾飞在即",渤海证券
1412,2018-08-14,计算机行业:企业上云是智能制造的必然趋势,申万宏源
1413,2018-08-13,[中性评级]计算机行业周报：企业上云的背后 技术裂变下的大国追赶,中财网
1414,2018-08-13,【新时代计算机田杰华团队周观点0812】信息消费升级、企业上云、科技领导小组成立三大政策利好，继续重点看好云计算、人工智能,新时代计算机田杰华团队
1415,2018-08-12,【太平洋电子刘翔团队】|太平洋证券TMT联合电话会议纪要：信息消费升级三年计划解读会议,刘翔电子研究
1416,2018-08-10,巨丰早评：底部区域越发坚实,巨丰财经
1417,2018-08-09,【解盘论市】A股三大股指全线暴力上涨，这究竟是反弹还是反转？,Wind
1418,2018-08-09,政策底已现！A股普涨科技板块奏响冲锋号角,Wind
1419,2018-08-09,周五机构热点板块及个股解析（附股）,中证网
1420,2018-08-09,巨丰收评：中小创展开报复性反弹,巨丰财经
1421,2018-08-09,巨丰午评：科技股全面启动 紧盯量能是王道,巨丰财经
1422,2018-08-09,[推荐评级]浪潮信息(000977)深度报告：持续受益于云中心建设的服务器龙头,中财网
1423,2018-08-06,每日热点题材：投资机会都在这里！,巨丰财经
1424,2018-08-03,浪潮信息：拟斥资5000万在合肥、西安等5地设立子公司,e公司
1425,2018-08-01,全国在线政务平台建设加快 软件服务需求有望加大(股),金融界
1426,2018-07-31,"计算机行业:电子处方外流持续推进,AWS再次彰显云计算高景气度",国联证券
1427,2018-07-31,"计算机行业:AWS第二季度收入同比增长49%,云计算行业持续高景气",证券之星
1428,2018-07-30,[优于大市评级]计算机行业2018年8月研究框架暨行业跟踪周报：云软件的转型之路：初见端倪,中财网
1429,2018-07-30,[推荐评级]计算机行业周报：结合产业大势 精选优质标的,中财网
1430,2018-07-30,[强于大市评级]计算机行业研究周报：板块增速逐季加快 自主可控路线图逐渐清晰,中财网
1431,2018-07-29,基金中报完毕 那些增仓超过10亿元的票,巨丰财经
1432,2018-07-27,A股共发生57宗大宗交易成交21.67亿元（7月27日）,Wind
1433,2018-07-27,浪潮信息今日大宗交易成交10万股，成交价26.0元折价-1.44%,Wind资讯
1434,2018-07-27,浪潮信息：7月26日融资余额为15.9亿元，较前一日骤增7.40%,Wind资讯
1435,2018-07-25,山东国企国资改革推进 四概念股将有望持续受益,证券时报
1436,2018-07-25,[买入评级]计算机行业周报：基金二季度增配计算机 三季度首推云计算产业链,中财网
1437,2018-07-25,"计算机行业:新规细则显示监管趋缓,有望提升市场风险偏好",国联证券
1438,2018-07-24,行业大会召开叠加业绩靓眼 云计算概念股集体上涨,大众证券报
1439,2018-07-24,第十届中国云计算大会举行 相关概念股股迎投资机会,金融界
1440,2018-07-24,"计算机行业周报:微软第四财季商业云收入增长53%,基金中报持仓集中度提升",证券之星
1441,2018-07-24,计算机行业2018年第30周周报:机构持仓占比继续提升,信达证券
1442,2018-07-22,【光大计算机】计算机板块超配1.2个百分点，个股分化加剧——2018Q2公募基金计算机板块持仓跟踪,计算机国平
1443,2018-07-21,计算机板块企稳现出回暖向上趋势 四股布局良机,中财网
1444,2018-07-20,龙虎榜：金融股暴涨机构却无热情 一股跌停后被游资顶上,巨丰财经
1445,2018-07-20,7月20日A股龙虎榜揭秘，机构抢筹2股,Wind
1446,2018-07-20,龙虎榜：机构今日买入这2股 卖出浪潮信息2819万元,新华网
1447,2018-07-20,浪潮信息龙虎榜数据（7月20日）,Wind
1448,2018-07-20,机构席位抛售浪潮信息，超图软件珈伟股份亦遭卖出,Wind
1449,2018-07-20,鲁股指数7月20日收评 金融股发力圣阳股份领涨鲁股,中金在线
1450,2018-07-16,[推荐评级]计算机设备Ⅱ行业专题报告：八大维度看计算机行业行情 自主可控为先锋 行业云计算为中军主力,中财网
1451,2018-07-15,安信证券：云计算板块将成为中报业绩最强投资主线,金融界
1452,2018-07-13,科技强国开启深蓝大时代 两股将爆发,证券之星
1453,2018-07-11,计算机：不确定中寻找确定 继续推荐云计算,中证网
1454,2018-07-10,今日资金抢入六只强势股一览（2018年7月10日）,中财网
1455,2018-07-10,[强推评级]浪潮信息(000977)重大事项点评：股权激励获得山东国投批复 服务器龙头强者愈强,中财网
1456,2018-07-10,"计算机行业周报:各地加快落实企业上云,云计算发展高歌猛进",安信证券
1457,2018-07-10,"浪潮信息:股权激励批文落地,市场最大疑虑解除",申万宏源
1458,2018-07-09,"浪潮信息:股权激励获山东国投批复,服务器龙头持续成长",证券之星
1459,2018-07-06,浪潮信息2018年股票期权激励计划获山东国投公司批复,金融界
1460,2018-07-06,数据王：科技股成为主力交易主要标的 3只个股吸金超13亿元,巨丰财经
1461,2018-07-04,【申万宏源计算机】AI行业深度：新AI算力，新“安迪-比尔”成长,申万宏源S全民全流量计算机话报
1462,2018-07-04,巨丰早评：科技股带动市场反弹,巨丰财经
1463,2018-07-03,近五日机构最青睐22股,证券时报
1464,2018-07-03,浪潮：傲腾加持的VSAN有什么不一样？,工业电器网
1465,2018-07-03,"计算机行业:反弹模式开启有望,博弈及布局机会两手抓",国联证券
1466,2018-07-03,"计算机行业2018年下半年投资策略:科技创新,向阳而生",华安证券
1467,2018-07-03,计算机行业周报:云计算、自主可控引领成长股反弹,国海证券
1468,2018-07-02,[中性评级]计算机行业周报：参与反弹的三种思路：中报确定性、景气行业、核心公司,中财网
1469,2018-06-30,六行业或引领七月行情 四板块实现抢眼 6股掘金,中财网
1470,2018-06-29,巨丰收评：科技股展开中级反弹,巨丰财经
1471,2018-06-29,巨丰午评：创业板引领反弹 流动性或有缓解,巨丰财经
1472,2018-06-29,工业互联网：政策红利持续释放 市场加速成长,巨丰财经
1473,2018-06-27,五日龙虎榜追踪 机构抢筹这27股,证券时报
1474,2018-06-27,巨丰早评：市场底部探明 短期紧盯创业板,巨丰财经
1475,2018-06-26,6月26日A股龙虎榜揭秘，机构最青睐8股,Wind
1476,2018-06-26,龙虎榜：国内服务器龙头年线位置活机构买入短线将继续走强,巨丰财经
1477,2018-06-26,数据王：主力资金在两板块中轮动切勿追涨,巨丰财经
1478,2018-06-26,软件股大涨，机构席位积极炒作,Wind
1479,2018-06-26,巨丰资金流向：创业板强势反弹 超13亿资金净流入软件服务板块,巨丰财经
1480,2018-06-26,浪潮信息股票分析：服务器王者，云计算和AI打开长期空间,华创证券
1481,2018-06-25,美团点评赴港提交上市申请 关注A股相关上市公司,金融界
1482,2018-06-25,拟授予3800万份股票期权 浪潮信息向136人推激励计划,经济导报
1483,2018-06-22,巨丰早参：增持潮涌动 逾百家A股公司紧急“护盘”,巨丰财经
1484,2018-06-22,美团即将提交香港上市申请 估值拉升至390亿美元(股),金融界
1485,2018-06-15,今日上午主力资金流入哪些个股？,证券时报
1486,2018-06-15,浪潮信息开盘闪崩,证券之星
1487,2018-06-15,快讯：浪潮信息闪崩跌超8% 浪潮软件跟进杀跌,新浪
1488,2018-06-15,浪潮信息闪崩，股价一度触及跌停,Wind
1489,2018-06-13,快评工业互联网测试平台发布！,腾讯网
1490,2018-06-12,"计算机行业:继续重点推荐优质资产,看好工业互联网与智能制造领域",证券之星
1491,2018-06-12,"计算机行业周报:2018机会,云计算与AI的再交集!",申万宏源
1492,2018-06-07,美团再传赴港IPO消息 估值或达600亿美元(受益股),金融界
1493,2018-06-06,美团最快今年九月在港IPO 四股有望借势腾飞,证券时报
1494,2018-06-04,看好中国｜制造中国——国产芯片列入央采项目 国产化进程望加速,巨丰财经
1495,2018-06-04,[强于大市评级]计算机行业研究周报：调整与基本面无关 看好工业互联网等板块,中财网
1496,2018-05-30,深信服飙涨点燃网络安全新机会 四股迎腾飞契机,证券日报
1497,2018-05-30,深信服飙涨点燃网络安全新机会 社保连续5个季度重仓4只概念股,证券日报
1498,2018-05-29,"计算机行业:调整中寻布局,关注云计算、AI、大数据机会",证券之星
1499,2018-05-28,[推荐评级]计算机行业研究周报：2018数博会召开 重点关注大数据、云计算和工业互联网板块,中财网
1500,2018-05-25,浪潮信息：强化自主可控能力 买入评级,安信证券
1501,2018-05-25,浪潮信息：5月24日融资余额为17.13亿元，较前一日骤降5.37%,Wind资讯
1502,2018-05-24,[买入-A评级]浪潮信息(000977)：拟增资基础软件子公司 强化自主可控能力,中财网
1503,2018-05-24,安信证券胡又文：二马重兵云计算 看好两条主线,金融界
1504,2018-05-24,银河证券晨会纪要-180524,银河证券
1505,2018-05-24,巨丰早评：市场短线低点有望出现,巨丰财经
1506,2018-05-23,巨丰收评：强势板块补跌 大盘加速回调,巨丰财经
1507,2018-05-22,"计算机行业:风险偏好有望提升,关注云计算、AI、大数据机会",国联证券
1508,2018-05-22,"计算机行业周报:被低估的AI摩尔定律,关注流量可视+AI服务器",申万宏源
1509,2018-05-21,计算机核心优质资产投资新时代到来 4股望井喷,证券之星
1510,2018-05-21,计算机行业:计算机核心优质资产投资新时代到来,证券之星
1511,2018-05-18,计算机行业:继续看好云计算和信息安全板块,证券之星
1512,2018-05-16,申万宏源晨会纪要-180516,申万宏源
1513,2018-05-14,[中性评级]计算机行业周报：“银税互动”持续深化 普惠金融逐步加码,中财网
1514,2018-05-14,[推荐评级]计算机行业周观点：富士康IPO获得核准 重视工业互联网投资机遇,中财网
1515,2018-05-14,[推荐评级]计算机行业周报：短期震荡不改长期向上趋势 继续看多板块全年行情,中财网
1516,2018-05-14,民生证券晨会纪要-180514,民生证券
1517,2018-05-14,[强于大市评级]计算机行业研究周报：富士康深夜获批有望重燃工业互联网云计算板块 欢迎参加上海TMT策略会,中财网
1518,2018-05-14,软件及服务、技术硬件及设备行业动态：继续关注云趋势的演进及工业互联网主题,中财网
1519,2018-05-12,“太章”算力突破云计算板块升温 六股受益,证券日报
1520,2018-05-09,[增持评级]浪潮信息(000977)跟踪点评：聚焦核心客户 受益云&AI发展,中财网
1521,2018-05-09,[推荐评级]计算机行业周报：重视云计算持续高速成长的投资机会,中财网
1522,2018-05-09,[增持评级]计算机行业2017年报及2018一季报业绩分析：业绩拐点出现 行业景气度上升,中财网
1523,2018-05-08,软件及服务、技术硬件及设备行业动态：云计算仍将是市场关注重点,中财网
1524,2018-05-08,雄安近八成经济贡献将来自高新产业 四股或立风口,e公司
1525,2018-05-08,"计算机行业:阿里云连续12个季度收入翻番,龙头公司有望持续受益于云计算高景气",证券之星
1526,2018-05-07,[强于大市评级]深度*行业*计算机行业2017年年报与2018年一季报总结：净利润增速放缓 大市值企业研发高投入,中财网
1527,2018-05-07,"计算机行业周报:2017年报及2018年一季报总结,营收和毛利率水平持续提升,看好计算机板块全年业绩增长",证券之星
1528,2018-05-07,"计算机行业周报:寒武纪新品上市,AI产业发展迅猛",国海证券
1529,2018-05-06,周末要闻2018年5月6日星期日,Wind
1530,2018-05-06,计算机行业投资策略：年报一季报确认基本面拐点继续看好板块反转,顶尖财经网
1531,2018-05-04,券商首次关注13股并给予买入评级(5月4日),Wind
1532,2018-05-04,浪潮信息:五年利润CAGR65%的硬创新领军(“数据+金融+产业”深度研究之十六),申万宏源
1533,2018-05-03,每日热点题材：投资机会全在这里！,巨丰财经
1534,2018-05-03,巨丰热点前瞻：市场临近变盘时 关注结构性机会,巨丰财经
1535,2018-05-02,巨丰资金流向：节后市场调整依旧 医药板块呈现活跃,巨丰财经
1536,2018-05-02,软件及服务、技术硬件及设备行业动态：FY17/1Q18业绩发布完毕 关注产业趋势与细分子行业,中财网
1537,2018-05-02,"浪潮信息2018年一季报点评:业绩表现优秀,持续深化“计算+”战略",渤海证券
1538,2018-04-28,基金经理们的持股单 仓位变化透露哪些玄机？(附股),新浪
1539,2018-04-28,沪深股通踊跃抄底 白马股遭机构砸盘,投资快报
1540,2018-04-27,浪潮信息：一季度净利润同比减22.65%,Wind
1541,2018-04-26,国产软件板块再度拉升，浪潮软件冲击涨停,Wind
1542,2018-04-25,"计算机行业:超高规格网信会议推进网络强国,自主可控和网络安全重要性突显",证券之星
1543,2018-04-24,"计算机行业网络强国系列报告:上兵伐谋,再论自主可控、网络强国",证券之星
1544,2018-04-23,关于山东辖区2018年上市公司现场检查随机抽查名单的公告,山东证监局
1545,2018-04-23,4月23日A股龙虎榜揭秘，机构最青睐4股,--
1546,2018-04-23,机构买入这4股，抛售浪潮信息1.56亿元,第一财经
1547,2018-04-23,机构席位抛售浪潮信息欧菲科技，深股通买入鱼跃医疗,Wind
1548,2018-04-23,浪潮信息龙虎榜数据(4月23日),Wind资讯
1549,2018-04-23,[推荐评级]强国牛自主可控深度之三谈芯片(计算机行业行业)：自主之芯 飞腾之龙,中财网
1550,2018-04-23,国产芯片概念遭重挫，深南电路等近10股跌停,Wind
1551,2018-04-23,方大炭素浪潮信息等股票资金流速居前,证券时报网
1552,2018-04-23,雄安新区概念股高开低走，跳水明显,Wind
1553,2018-04-20,[推荐评级]强国牛自主可控深度报告之四(计算机行业)：信息安全刻不容缓,中财网
1554,2018-04-20,后市看机构做多决心有多大 芯片替代概念股最吸金,中财网
1555,2018-04-20,机构与游资逆市抄底 芯片替代概念股最吸金,投资快报
1556,2018-04-19,国信证券多行业联合深度 | 自主可控，大势所趋、必由之路,追寻价值之路
1557,2018-04-18,[增持评级]信息服务行业深度报告：大数据产业发展或迎来高峰 应用领域将成主体,中财网
1558,2018-04-18,巨丰早参：央行定向降准1%释放重磅信号,巨丰财经
1559,2018-04-17,[推荐评级]计算机行业研究周报：政策推动资本市场服务网络强国 网络安全和自主可控将直接受益,中财网
1560,2018-04-17,[买入评级]计算机行业专题研究：一季报前瞻 归母净利润同比增速提升明显,中财网
1561,2018-04-17,两利好支撑网络安全板块走强 五股迎腾飞契机,证券日报
1562,2018-04-17,北京资金簇拥浪潮信息 七一二众主力展开自救,投资快报
1563,2018-04-17,机构布局转向人工智能+ 四领域引爆新一轮投资热点,证券日报
1564,2018-04-17,"计算机行业:大市不确定性增加,板块短期关注网信及数字中国",国联证券
1565,2018-04-16,【解盘论市】2018年全球市场是否可以躲过“逢八必乱”金融危机的魔咒？,Wind
1566,2018-04-16,4月16日A股龙虎榜揭秘，机构抢筹7股,--
1567,2018-04-16,龙虎榜：经历近3年的回调 今日获得5家机构疯抢,巨丰财经
1568,2018-04-16,机构席位抛售浪潮信息安妮股份，买入思创医惠中石科技,Wind
1569,2018-04-16,鲁股指数4-16收评 今日沪指跌1.53%海南板块掀涨停潮,中金在线
1570,2018-04-16,16日潜力排行榜居前的板块(附股),证券之星
1571,2018-04-16,巨丰资金流向：两市调整呈现严重分化 海南板块一枝独秀,巨丰财经
1572,2018-04-16,[中性评级]计算机行业周报：数字转型进入深水区 政务云商业模式初步成熟,中财网
1573,2018-04-16,云计算板块尾盘走强，太极股份回封涨停,Wind
1574,2018-04-16,软件及服务、技术硬件及设备行业动态：新经济支持在网信领域落地 自主可控与网络安全有望最先受益,中财网
1575,2018-04-16,政策力推网络强国建设 信息安全产业迎来机遇,证券之星
1576,2018-04-15,[谨慎增持评级]浪潮信息(000977)深度研究：服务器龙头遥遥领先 AI与海外助力加速,中财网
1577,2018-04-12,美国拟巨资造新超级计算机 中美争夺超算领导地位(股),金融界
1578,2018-04-10,[推荐评级]计算机行业研究周报：中美贸易摩擦对计算机板块影响有限 继续看好国产替代、自主可控,中财网
1579,2018-04-09,[买入评级]浪潮信息(000977)年报点评：业绩符合预期 新业务布局进展顺利,中财网
1580,2018-04-09,数据王：兴趣不减！4只科技股被逾8亿场内资金抢购,巨丰财经
1581,2018-04-09,[中性评级]计算机行业周报：东方财富市占率再攀升 再强调三景气主线,中财网
1582,2018-04-09,[推荐评级]计算机行业周报：数字中国吹响政务云冲锋号角,中财网
1583,2018-04-09,[增持评级]计算机行业周报：由挖矿驶向AI彼岸 比特大陆发布ASIC新矿机,中财网
1584,2018-04-08,[中性评级]计算机行业2018年二季度投资策略报告：走势反弹 人工智能、工业互联网仍为重要主线,中财网
1585,2018-04-05,政策红利激发工业互联网业绩成长 六股受益,证券之星
1586,2018-04-04,浪潮信息：营收高速增长 AI计算产品布局领先,中财网
1587,2018-04-03,【主题研究】科技行业观点聚焦：自主可控：IT国产化加速渗透,中财网
1588,2018-04-03,一带一路贸易投资论坛将举行 机构逾20亿增持10只股,证券日报
1589,2018-04-02,微软公司重组加码云计算 浪潮信息等上市公司引关注,中金在线
1590,2018-04-02,浪潮信息：3月30日融资余额为19.83亿元，较前一日骤降5.25%,Wind资讯
1591,2018-03-30,[强推评级]浪潮信息(000977)年报点评：营收高速增长 市占率有望持续提升,中财网
1592,2018-03-30,巨丰热点：网络强国建设加快 概念股呈现走强,巨丰财经
1593,2018-03-30,"浪潮信息深度报告:积极布局AI市场,服务器龙头再起航",渤海证券
1594,2018-03-29,[买入-A评级]浪潮信息(000977)年报点评：业绩增长势头强劲 毛利率触底回升,中财网
1595,2018-03-29,雄安新区一周年渐近，近22亿元大单抢筹16只潜力股,Wind
1596,2018-03-29,雄安新区一周年渐近资金热捧 六股大胆抢筹,证券之星
1597,2018-03-29,"浪潮信息:年报业绩增长48.95%,云计算与JDM模式驱动业务增长",证券之星
1598,2018-03-28,[领先大市-A评级]计算机行业深度分析：2018：中国云计算产业的拐点,中财网
1599,2018-03-28,云计算创年内新高 机构三主线勾勒投资路线 10大概念股,中财网
1600,2018-03-28,云计算概念股|云计算概念板块快速崛起 三主线勾勒投资路线,南方财富网
1601,2018-03-28,[买入评级]浪潮信息(000977)年报点评：营收超预期翻倍增长 全球云计算硬件龙头之路起航,中财网
1602,2018-03-28,浪潮电子信息产业股份有限公司董事会关于募集资金年度存放与使用情况的专项报告,证券日报
1603,2018-03-28,计算机行业进口替代空间大 自主可控面临新机遇,证券时报
1604,2018-03-28,12只云计算概念股创年内新高 三主线勾勒投资路线图,金融界
1605,2018-03-28,"浪潮信息:营收强劲增长,引领AI服务器市场",证券之星
1606,2018-03-27,研报精选：云计算产业面临发展拐点，两条主线看好潜力公司,第一财经
1607,2018-03-27,超级大单动向：9股净流入超2亿元 计算机股占据前三位,证券时报
1608,2018-03-27,浪潮信息去年净赚4.28亿元 同比增近五成,证券日报网
1609,2018-03-27,浪潮信息：2017年净利润同比增48.95%,Wind
1610,2018-03-27,国产化愈演愈烈，自主创新迎高潮，下一场“盛宴”是它,--
1611,2018-03-27,沪深上市公司18年3月28日重大事项交易提示速递,搜狐
1612,2018-03-27,[推荐评级]人工智能行业双周报：“家用机器人第一股”科沃斯即将登陆A股,中财网
1613,2018-03-27,云计算拉动服务器需求 四股或将蓄势待发,证券时报
1614,2018-03-26,安信计算机:继续看好计算机 强调科技龙头与业绩为王,新浪
1615,2018-03-26,机构席位买入卫宁健康神雾节能，美亚柏科浪潮信息现多空分歧,Wind
1616,2018-03-26,涨停板解密：资金抄底，五大板块个股率先反攻！（3月26日）,Wind
1617,2018-03-26,鲁股指数3-26收评 今日股市行情分化创业板指涨逾3%,中金在线
1618,2018-03-26,雄安新区板块午后发力，京汉股份、嘉寓股份、中环装备纷纷涨停,Wind
1619,2018-03-26,雄安新区板块逐步回暖，建科院大涨8%,Wind
1620,2018-03-25,信息科技：影响A股IT几何 荐21股,和讯
1621,2018-03-22,"浪潮信息:浪潮推出POWER9新品服务器,有望实现小型机存量市场替代",证券之星
1622,2018-03-21,27只个股遭融资客疯狂扫货 已现牛股迹象（附表）,大众证券报
1623,2018-03-21,浪潮信息：POWER9将成为IBM与英特尔芯片生态博弈关键 买入评级,和讯
1624,2018-03-21,[买入-A评级]浪潮信息(000977)公司快报：POWER 9将成为IBM与英特尔芯片生态博弈关键,中财网
1625,2018-03-21,云计算两细分领域发展潜力大,中证网
1626,2018-03-20,巨丰资金流向：两市弱势反弹 医药板块成亮点,巨丰财经
1627,2018-03-20,雄安新区板块午后异动，太空板业涨停,Wind
1628,2018-03-20,雄安新区板块探底回升，丝路视觉直线封板,Wind
1629,2018-03-20,【计算机】浪潮信息：乘风破“浪”弄大“潮”，向全球服务器龙头进军,天风研究
1630,2018-03-20,【天风Morning Call】晨会集萃20180320,天风研究
1631,2018-03-20,"计算机行业:再验证过程中,选择基本面优质品种",国联证券
1632,2018-03-19,[强于大市评级]计算机行业研究周报：钢联一季报超预期 继续看好存量“独角兽”,中财网
1633,2018-03-19,"计算机行业周报:2018人工智能两项新突破,翻译和处理器",申万宏源
1634,2018-03-18,信息科技：IT核心公司Q1利润高增 荐21股,国盛证券
1635,2018-03-18,牢牢把握流动性充裕背景下的两大获利主线,巨丰财经
1636,2018-03-15,[推荐评级]计算机行业跟踪报告：国务院机构改革方案披露 政务信息化建设有望提速,中财网
1637,2018-03-14,【解盘论市】周三稍破3300只是序曲，后市还有诡异,Wind
1638,2018-03-13,[推荐评级]计算机行业研究周报：继续看好工业互联网、“独角兽”等新经济、新技术投资机遇,中财网
1639,2018-03-13,"计算机行业:突破性质仍需验证,紧抓个股是王道",国联证券
1640,2018-03-12,周二最具投资价值六大牛股一览（2018年3月12日）,中财网
1641,2018-03-12,牢牢把握流动性充裕背景下的两大获利主线,巨丰财经
1642,2018-03-12,券商评级:沪指三连阳站稳3300 9股蓄势待发,证券之星
1643,2018-03-12,[中性评级]计算机行业周报：“创新”列政府工作报告主旋律 讨论三个产业共振点,中财网
1644,2018-03-12,[强烈推荐评级]浪潮信息(000977)点评：GARTNER数据：浪潮服务器2017出货量增速全球第一 龙头地位进一步巩固,中财网
1645,2018-03-12,巨丰午评：大盘上行空间打开,巨丰财经
1646,2018-03-12,雄安新区板块再受追捧，丝路视觉两连板,Wind
1647,2018-03-12,资金追捧三类科创股，30只业绩翻番股被机构关注,证券日报
1648,2018-03-08,银监会牵头金融机构自建融联易云 六股可关注,证券时报网
1649,2018-03-08,雄安新区板块直线拉升，太空板业强势涨停,Wind
1650,2018-03-07,[看好评级]计算机行业点评：国产AI服务器新进展 推荐曙光浪潮,中财网
1651,2018-03-07,工业互联网与智能制造IT系列报告之五:从工业互联网系列政策中我们读到什么?,证券之星
1652,2018-03-06,科技股成风口！独角兽、四新、创投……没有最牛只有更牛,--
1653,2018-03-06,【计算机】谢春生、陈倩卉（联系人）：持续培育人工智能、大数据、“互联网+”等新动能-2018年政府工作报告点评-20180305,中泰证券研究所
1654,2018-03-06,【晨会聚焦】聚焦两会八大看点,中泰证券研究所
1655,2018-03-05,随机构脚步 找寻“独角兽”潜质股,新快报
1656,2018-03-05,"计算机行业周报:新经济“独角兽”上市获支持,看好新技术投资机遇",证券之星
1657,2018-03-02,巨丰早评：美股下挫或制约A股表现,巨丰财经
1658,2018-03-02,工业互联网“红包”点燃云计算 圈定10只优质潜力股,证券日报
1659,2018-03-01,机构席位买入紫光股份东方网力，深股通净卖出浪潮信息,Wind
1660,2018-03-01,人工智能概念股主力资金净流量一览（3月1日）,证券时报网
1661,2018-03-01,数据王：超40亿资金抢筹14只科技股中小创成资金主战场,巨丰财经
1662,2018-03-01,涨停板解密：去IOE、大数据、工业4.0全线爆发！（3月1日）,Wind
1663,2018-03-01,巨丰资金流向：科技股全线走强带动创业板强势上涨,巨丰财经
1664,2018-03-01,涨停揭秘：创业板再度强势反弹 科技股迎涨停潮,巨丰财经
1665,2018-03-01,国产芯片概念股午后快速拉升 浪潮信息等3股涨停,证券时报网
1666,2018-03-01,人工智能板块全面爆发，华胜天成等5股涨停,Wind
1667,2018-03-01,快讯：软件股午后持续走强 浪潮信息等4股涨停,新浪
1668,2018-03-01,中泰证券3月各行业观点及重点推荐标的-20180228,中泰证券研究所
1669,2018-02-28,机构推荐:周四（3月1日）最具潜力金股,中财网
1670,2018-02-28,[强烈推荐评级]浪潮信息(000977)深度研究：互联网巨头和传统行业需求驱劢业务增长 智能制造带来新变革,中财网
1671,2018-02-27,今日主力资金净流入与净流出个股排名（2月27日）,证券时报网
1672,2018-02-27,巨丰资金流向：创业板强势反弹 航天军工受青睐,巨丰财经
1673,2018-02-27,雄安新区概念尾盘异动，韩建河山四连板,Wind
1674,2018-02-27,浪潮信息：执国企改革之剑 买入评级,安信证券
1675,2018-02-27,雄安新区板块再起波澜，神州长城涨逾7%,Wind
1676,2018-02-27,"计算机行业周报:专项工作组设立,工业互联网迎来发展良机",证券之星
1677,2018-02-26,浪潮信息：深挖海外客户需求拓宽市场 将中国第一的优势扩大到全球,财富动力网
1678,2018-02-26,[看好评级]计算机行业周报：关注苹果智能音箱HOMEPOD带来的投资机会,中财网
1679,2018-02-26,浪潮信息获机构在春节后集体调研，透露服务器业务将发力海外市场,Wind
1680,2018-02-26,机构调研狗年首秀 拜访浪潮信息和艾比森,国际金融报
1681,2018-02-25,狗年机构调研首秀：15家机构造访这家公司，还有一家获独家调研,证券时报网
1682,2018-02-22,券商评级:沪指收盘大涨逾2% 9股腾飞在即,证券之星
1683,2018-02-21,[强烈推荐评级]浪潮信息(000977)点评：股权激励力度空前 服务器龙头未来成长可期,中财网
1684,2018-02-17,50股目标涨幅超两成 70亿主力资金抢筹,证券时报
1685,2018-02-17,305公司利润不断改善 54家步入绩优股行列,证券时报
1686,2018-02-15,28股获券商买入评级 建新股份目标涨幅达80.86%,Wind
1687,2018-02-14,下周四机构一致最看好的十金股,证券之星
1688,2018-02-14,亚马逊将研发AI芯片，行业发展提速,第一财经
1689,2018-02-14,51股获券商买入评级 好想你目标涨幅达69.38%,Wind
1690,2018-02-14,"浪潮信息:股权激励力度空前,服务器龙头未来成长可期",证券之星
1691,2018-02-14,"计算机行业周报:行情走势大幅下挫,优质白马配置机遇凸显",渤海证券
1692,2018-02-13,[买入-A评级]浪潮信息(000977)公司快报：推出重磅股权激励 奏响IT国企改革最强音,中财网
1693,2018-02-13,浪潮电子信息产业股份有限公司第七届董事会第十八次会议决议,证券日报
1694,2018-02-13,"计算机行业周报:业绩为王,继续看好“高成长+低估值”细分龙头",证券之星
1695,2018-02-10,【申万宏源计算机】“商誉危机”的反面是“美誉良机”,申万宏源S全民全流量计算机话报
1696,2018-02-06,"计算机行业:稳健为主择机布局,关注白马及成长确定品种",国联证券
1697,2018-02-05,今日资金抢入六只强势股一览（2月5日）,中财网
1698,2018-02-05,济南上市公司行业分布 浪潮信息等计算机企业最多,中金在线
1699,2018-02-05,信息科技：无人驾驶渐行渐近 荐4股,渤海证券
1700,2018-02-05,[强烈推荐评级]浪潮信息(000977)业绩预告点评：预告增速35%-65% 智能高端服务器工厂产品精度和良率提升,中财网
1701,2018-02-02,【太平洋证券 今日早读】银行业点评|国星光电、恒逸石化、浪潮信息、汉得信息、三一重工公司点评|方大化工深度报告 20180202,太平洋证券研究
1702,2018-02-02,【计算机|王文龙团队太平洋证券】 浪潮信息(000977)：业绩增长显著，JDM助力未来发展,太平洋证券研究
1703,2018-01-31,[买入评级]浪潮信息(000977)点评：业绩预告符合预期 继续看好公司业内领先地位,中财网
1704,2018-01-31,浪潮信息：预计2017年净利润同比增长35%-65%,Wind
1705,2018-01-30,浪潮信息：2017年年度业绩报告预告,深交所
1706,2018-01-30,浪潮信息预计2017年净利增长35%-65%,中证报
1707,2018-01-30,百亿亿次级超级计算机有望2020年研制完成 受益股一览,金融界
1708,2018-01-26,"浪潮信息:卡位智慧计算,服务器龙头迈入成长新时期",证券之星
1709,2018-01-24,平安和浪潮均欲接替万达，成为IBM在中国新的公有云合作伙伴,Wind
1710,2018-01-24,早安！方正最新观点20180124,方正证券研究
1711,2018-01-23,四举措促数字经济发展，相关企业受益,第一财经
1712,2018-01-17,【计算机】谢春生、陈倩卉（联系人）：驭见AI，技术变现回归产品--计算机行业2018年投资策略报告-20180116,中泰证券研究所
1713,2018-01-16,信息科技：技术变现回归产品 荐3股,中泰证券
1714,2018-01-15,信息科技：2018年CES亮点回顾带来哪些投资启示 荐6股,和讯
1715,2018-01-15,区块链概念火热 用于挖矿的显卡涨价山雨欲来(受益股),金融界
1716,2018-01-11,都想掺和区块链，但哪些公司是真布局有些只是蹭热点？,第一财经日报
1717,2018-01-10,《中国标准2035》制定中 参与制定的A股龙头都在这里,金融界
1718,2018-01-10,区块链概念持续火热 这些上市公司回应参与情况,第一财经日报
1719,2018-01-10,区块链概念火爆，华谊嘉信浪潮信息电连技术表态未涉足,Wind
1720,2018-01-08,2018科技金融展望：区块链/支付/保险/供应链金融等,中财网
1721,2018-01-08,今日上午主力资金最青睐个股盘点,证券时报网
1722,2018-01-08,"计算机行业:AI创新公司获关注,云端融合人工智能新趋势",中国网
1723,2018-01-05,A股共发生83宗大宗交易成交18.39亿元（1月5日）,Wind
1724,2018-01-05,浪潮信息今日大宗交易成交78万股，成交价18.54元折价5.79%,Wind资讯
1725,2018-01-04,"软件与服务行业:Intel处理器曝高危漏洞,系统补丁将大幅降低运行速度",中国网
1726,2018-01-03,计算机行业周报：2018产业最新变化在这里!安全、AI/AR等,中财网
1727,2018-01-02,信息技术行业周报:2018信息技术投资主线仍是人工智能、云计算,中国网
1728,2018-01-02,信息科技：2018产业最新变化在这里荐20股,申万宏源
1729,2018-01-01,信息科技：驾乘白马 荐8股,中泰证券
