,2021-12-30,A股资金流向：元宇宙领衔题材多点开花，年末“红包”行情可期,Wind
0,2021-12-30,解盘：人气再次回暖，元宇宙、游戏、存储器、医药领涨,Wind
1,2021-12-30,紫光国微涨停，提振半导体板块,Wind
2,2021-12-30,半导体产业链崛起,Wind
3,2021-12-29,A股资金流向：权重股遭抛售，短线资金继续抱团热门股,Wind
4,2021-12-24,澜起科技：2021年12月21日高管本人或关联人史刚增持股份10000股,资本邦
5,2021-12-23,A股资金流向：“妖股”行情暂告段落，绿电板块重回主线核心,Wind
6,2021-12-23,大数据看新股超募！这些高景气行业最“吸金”,Wind
7,2021-12-22,澜起科技(688008.SH)：27.64万股限制性股票将于12月27日起上市流通,智通财经
8,2021-12-22,A股资金流向：热门股大面积退潮，消费电子转型预期获资金关注,Wind
9,2021-12-20,A股资金流向：赛道股加速遭抛售，低价股成短线“避风港”,Wind
10,2021-12-17,A股资金流向：成长、权重双双熄火，低价股抱团逻辑仍在演绎,Wind
11,2021-12-16,4只科创板股获北向资金增持超3000万元,中证网
12,2021-12-15,澜起科技(603690)系列跟踪报告之三：上修22年津逮CPU 交易额至25亿元 服务器芯片平台型公司趋势渐起,光大证券
13,2021-12-13,A股主力资金流向：电力股获资金抢筹，新能源持续回暖,Wind
14,2021-12-13,77股受青睐，北向资金增持额超亿元,证券时报网
15,2021-12-10,A股资金流向：热门题材炒作升温，新能源集体回暖,Wind
16,2021-12-10,A股早报2021年12月10日星期五,Wind
17,2021-12-09,科创板晚报|工信部下架豆瓣等106款APP 澜起科技披露2022年关联交易预计额度,财联社
18,2021-12-09,澜起科技再提对英特尔关联采购额 明年增幅或近六成 CPU、DDR5双引擎打开成长空间,财联社
19,2021-12-09,澜起科技拟向英特尔公司采购原材料及研发工具,上证报
20,2021-12-09,澜起科技(688008.SH)：拟使用4.775亿元超募资金投入新一代PCIe重定时器芯片研发及产业化项目,格隆汇
21,2021-12-09,澜起科技：投资新一代PCIe重定时器芯片研发及产业化项目,Wind
22,2021-12-09,澜起科技：拟与英特尔公司签署相关采购协议,财联社
23,2021-12-09,澜起科技(688008.SH)：拟就采购原材料及研发工具等事项签署相关协议,格隆汇
24,2021-12-09,澜起科技：拟英特尔公司就采购原材料等事项签署相关协议,Wind
25,2021-12-08,数据|科创板主力资金净流入197股 澜起科技流出率最高,财联社
26,2021-12-08,A股资金流向：市场缩量普涨，价值“茅”走出持续行情,Wind
27,2021-12-08,电子行业2022年投资策略：半导体创新与国产化并重 汽车、VR／AR空间广阔,新浪
28,2021-12-07,A股资金流向：赛道股再度下杀，资金进驻价值蓝筹,Wind
29,2021-12-06,澜起科技：目前公司正在开展PCIe5.0Retimer芯片的研发,Wind
30,2021-12-06,澜起科技：公司产品的主要晶圆代工厂包括台积电和富士通等,Wind
31,2021-12-06,电子周报：车用芯片供给逐步升温；联电将启动新一轮长约涨价,新浪
32,2021-12-06,澜起科技：目前公司车规级（Grade-2）DDR4 RCD芯片产品已小规模出货,财联社
33,2021-12-05,【德邦金工|周报】资金密集流入医药，关注工业富联巨额解禁 20211205 解禁,微信
34,2021-12-03,下周2549亿市值限售股解禁，环比增加697.21% 解禁,Wind
35,2021-12-03,澜起科技：公司的内存接口芯片属于数模混合芯片,每日经济新闻
36,2021-12-03,澜起科技：目前公司车规级（Grade-2）DDR4 RCD芯片产品已小规模出货，但该产品市场整体尚处于早期探索阶段，产生的收入占公司营收比重很小,每日经济新闻
37,2021-12-02,澜起科技(688008.SH)截至11月底已累计回购174.6832万股,格隆汇
38,2021-12-02,9只科创板股获北向资金减仓,证券时报网
39,2021-12-01,A股资金流向：主线不明题材股炒作继续，资金挖掘低位补涨,Wind
40,2021-12-01,澜起临港研发中心项目开工,浦东时报
41,2021-11-30,A股资金流向：新能源分歧加大，外资尾盘被动配置加剧波动,Wind
42,2021-11-29,A股资金流向：赛道股再度大涨“吸金”,Wind
43,2021-11-29,电子行业周报：半导体厂房建设投资创历史新高,新浪
44,2021-11-29,银河电子周观点：国内10月手机出货量大幅增长 看好射频前端国产替代机遇,新浪
45,2021-11-25,澜起科技：约1.13亿股限售股12月6日解禁，占比约9.99% 解禁,每日经济新闻
46,2021-11-25,澜起科技(688008.SH)1.13亿股限售股将于12月6日上市流通 解禁,智通财经
47,2021-11-25,A股资金流向：题材股退潮，资金再度开启高切低模式,Wind
48,2021-11-24,澜起科技(688008.SH)：拟归属限制性股票数量为23.353万股,格隆汇
49,2021-11-23,A股资金流向：板块分化明显，“锂风光”休整储能接棒,Wind
50,2021-11-22,电子周报：手机厂商开拓汽车“下半场” 半导体处于健康的投资周期,新浪
51,2021-11-22,A股资金流向：赛道股爆发重回主线，风格切换苗头显露,Wind
52,2021-11-22,澜起科技涨超10%，科创创业ETF（588360）涨超2%,资本邦
53,2021-11-19,A股资金流向：大金融午后发力，权重股获资金回流,Wind
54,2021-11-18,A股资金流向：题材快速切换，新能源内部分化,Wind
55,2021-11-17,澜起科技(688008.SH)已斥资1.39亿元回购174.68万股,智通财经
56,2021-11-17,澜起科技：首次回购12万股,每日经济新闻
57,2021-11-17,澜起科技(688008.SH)首次回购12万股 耗资887万元,智通财经
58,2021-11-17,澜起科技(688008.SH)：首次回购12万股 涉资887.113万元,格隆汇
59,2021-11-17,海通证券：首予澜起科技(688008.SH)“优大于市”评级 价值区间75.92-79.92元,智通财经
60,2021-11-17,半导体行业：DDR5升级在即 量价齐升打开内存接口芯片新空间,广发证券
61,2021-11-16,A股资金流向：新能源连跌资金持续流出，大消费力扛指数,Wind
62,2021-11-16,光大证券：澜起科技(688008.SH)评级升至“买入” 内存接口及配套芯片打开成长新空间,智通财经
63,2021-11-15,通信周报：英伟达GTC大会OMNIVERSE贯穿始终 元宇宙概念持续火热,华安证券
64,2021-11-15,澜起科技(688008)：DDR5世代扬帆起航 高速互联打开公司成长新空间,光大证券
65,2021-11-15,A股资金流向：新能源遭资金集中抛售,Wind
66,2021-11-13,MSCI“购物车”再添多只科创板股票，今年超三千亿北向资金流入A股,Wind
67,2021-11-12,A股资金流向：权重股回调，题材炒作继续升温,Wind
68,2021-11-12,有资金潜伏，这些低位股偷偷连涨，10股业绩高增长,Wind
69,2021-11-12,电子行业周报：消费电子估值显现吸引力,新浪
70,2021-11-12,北向资金最新持有科创板股明细,证券时报网
71,2021-11-11,中国银河维持澜起科技推荐评级：全球内存接口芯片龙头，公司迎来三大拐点,每日经济新闻
72,2021-11-11,中国银河：给予澜起科技买入评级，目标价位90.0元,证券之星
73,2021-11-11,A股资金流向：权重与题材共振上扬,Wind
74,2021-11-09,A股资金流向：“茅族”表现欠佳，成长股集体走强,Wind
75,2021-11-09,【行情】半导体芯片股午后走强，至纯科技涨停，中芯国际涨近5%，安集科技、神工股份、澜起科技、中微公司跟涨,金十数据
76,2021-11-09,【银河计算机吴砚靖/邹文倩/李璐昕】行业动态丨两大信创央企巨头CEC、CETC资产梳理及近况跟踪,中国银河证券研究
77,2021-11-09,14只科创板股获北向资金减仓,证券时报网
78,2021-11-08,A股资金流向：机构青睐新能源，游资炒作元宇宙,Wind
79,2021-11-08,银河证券每日晨报,新浪
80,2021-11-07,天风证券首予澜起科技买入评级：内存接口芯片龙头，DDR5时代开启迎风而起,每日经济新闻
81,2021-11-07,天风证券：给予澜起科技买入评级，目标价位86.53元,证券之星
82,2021-11-06,澜起科技(688008)：业绩逐季向好 回购彰显信心,新浪
83,2021-11-05,安路科技持续盈利能力遇窘境 董事在外任职涉嫌选择性披露,金融界
84,2021-11-05,澜起科技接受146家机构调研！短期主力资金净流入，市场资金或早已察觉,每日经济新闻
85,2021-11-05,A股资金流向：电力、光伏板块遭批量出货，锂电池板块资金分歧较大,Wind
86,2021-11-05,澜起科技业绩增收不增利，巨额回购计划对股价的提振作用趋于冷静 盈利能力下降,资本邦
87,2021-11-04,马云的私募：汇集史玉柱等大佬 云锋基金如何抱团投资？,凤凰网
88,2021-11-04,澜起科技(688008.SH)拟斥3亿至6亿元回购股份 回购价不超86元/股,智通财经
89,2021-11-04,澜起科技：拟以3亿元-6亿元回购股份,财联社
90,2021-11-04,澜起科技：前三季度归母净利润下降近4成 回购股份期间迎限售股解禁 盈利能力下降,面包财经
91,2021-11-03,A股资金流向：资金高位出逃新能源，隆基股份净卖出超18亿,Wind
92,2021-11-03,澜起科技(688008)：三季度扣非净利润增速转正 未来高成长动能持续,广发证券
93,2021-11-03,澜起科技(688008)：21Q3拐点已现 DDR5内存接口和配套芯片已成功量产,光大证券
94,2021-11-03,科创板月报：三季报收入维持高增 机构持仓持续加码,新浪
95,2021-11-03,和讯SGI公司|澜起科技SGI指数最新评分93分，营收结构过于单一，股价下滑41% ，CPU能拯救公司吗 盈利能力下降,和讯
96,2021-11-03,DDR5风口下的“最大受益者”，就藏在科创板之中,36氪
97,2021-11-03,国内芯片公司利润大增，半导体设备企业的新动态,Ofweek
98,2021-11-02,A股资金流向：主要行业主力资金悉数出逃，光伏股遭大幅抛售,Wind
99,2021-11-01,A股资金流向：新能源板块冲高回落，资金分歧较大,Wind
100,2021-11-01,低位盘整后迎布局良机？澜起科技涨超11%，科创创业50ETF（588390）强势震荡,资本邦
101,2021-11-01,澜起科技前三季度净利润下滑超四成，拟大手笔回购为哪般？ 盈利能力下降,资本邦
102,2021-11-01,聚辰股份：公司与澜起科技合作开发的产品已量产,每日经济新闻
103,2021-10-31,科创板最大规模回购出炉 这些公司今年也出手兜底 释放何种信号？,财联社
104,2021-10-30,翱捷科技子公司两名来自“阿里系”董事突击退出 昔日合作信披现疑云,中金在线
105,2021-10-30,东方证券给予澜起科技买入评级：业绩逐季向好，回购彰显信心,每日经济新闻
106,2021-10-30,东方证券：给予澜起科技买入评级，目标价位75.66元,证券之星
107,2021-10-30,津逮业务终迎爆发，公司欲数亿元回购，澜起科技里的“聪明钱”,中证报
108,2021-10-30,巨头扩产缓解芯片荒，存储市场价格松动,Wind
109,2021-10-29,国金证券维持澜起科技买入评级：津逮出货爆量，营收可期，但获利贡献低,每日经济新闻
110,2021-10-29,澜起科技：DDR5内存接口芯片量产 推出3亿-6亿元回购计划,中证网
111,2021-10-29,A股资金流向：主线和题材共振反弹，宁王、隆基联手爆发,Wind
112,2021-10-29,10只科创板股获北向资金减仓,证券时报网
113,2021-10-29,【国金晨讯】上调芯朋微、广信股份、金禾实业、福斯特盈利预测；下调招商蛇口、尚品宅配、澜起科技、山鹰国际、博汇纸业盈利预测,国金证券研究所
114,2021-10-28,澜起科技量产DDR5内存接口芯片,上证报
115,2021-10-28,毛利率下降 澜起科技(688008.SH)前三季度归母净利同比降41.62%至5.12亿元,智通财经
116,2021-10-28,澜起科技：第三季度营收同比增长129% 拟3亿元至6亿元回购股份,e公司
117,2021-10-28,澜起科技：第三季度净利2.05亿元 同比下降26%,财联社
118,2021-10-28,澜起科技(688008.SH)：第三季度净利降25.93%至2.05亿元,格隆汇
119,2021-10-28,澜起科技公布三季报 前三季净利减少41.62%,新浪
120,2021-10-28,澜起科技：2021年第三季度净利润约2.05亿元，同比下降25.93%,每日经济新闻
121,2021-10-28,澜起科技：拟以3亿元-6亿元回购股份,财联社
122,2021-10-28,澜起科技：前三季度净利润同比减少41.62% 盈利能力下降,Wind
123,2021-10-28,澜起科技：拟以3亿元-6亿元回购股份,Wind
124,2021-10-28,上海两成“独角兽”集聚临港集团,--
125,2021-10-26,A股资金流向（10月26日）：新能源板块遭获利盘打压，超跌TMT成为避风港,Wind
126,2021-10-25,华西股份20年转型维艰,证券市场周刊
127,2021-10-21,沪股通昨日减持14只科创板股 减持股份,证券时报
128,2021-10-20,沪股通昨日加仓16只科创板股,证券时报
129,2021-10-18,澜起科技：DDR5第一子代内存模组配套芯片暂未应用于手机,财联社
130,2021-10-15,澜起科技：根据JEDEC的定义，目前DDR5第一子代内存模组配套芯片（SPD、PMIC、TS）主要用于服务器、普通台式机及笔记本电脑内存模组，暂未应用于手机,每日经济新闻
131,2021-10-13,2只科创板股获北向资金减持超千万元 减持股份,证券时报
132,2021-10-12,A股资金流向（10月12日）：市场热点匮乏，资源股再成杀跌主力,Wind
133,2021-10-11,A股资金流向（10月11日）：资金延续避高就低态势，大金融板块获青睐,Wind
134,2021-10-11,前三季度机构调研热情高涨，迈瑞医疗被“翻牌”最多,Wind
135,2021-10-09,澜起科技：公司内存接口芯片目前的市场份额保持基本稳定,Wind
136,2021-10-09,澜起科技：DDR5第一子代内存接口及模组配套芯片预计年底之前正式进入量产爬坡阶段,Wind
137,2021-10-08,澜起科技：法国巴黎银行于9月7日调研我司,证券之星
138,2021-10-08,澜起科技接受2家机构调研！短期主力资金净流出，或存在资金分歧,每日经济新闻
139,2021-09-28,澜起科技董监高换届 女性占比提升彰显企业ESG价值,上证报
140,2021-09-28,澜起科技(688008.SH)选举杨崇和为董事长,智通财经
141,2021-09-27,ZStack与沃趣科技iRDS、澜起芯片、泛微OA完成互认证,凤凰网
142,2021-09-27,电子周观点：创维发布Q72电视 MINILED商用进一步加速,新浪
143,2021-09-17,澜起科技：公司2021年上半年互连类芯片产品线（报告期内主要是内存接口芯片）实现营业收入6.87亿元人民币（约合1.06亿美元）,每日经济新闻
144,2021-09-17,澜起科技：公司DDR5第一子代内存接口及模组配套芯片预计在2021年底之前正式进入量产爬坡阶段,每日经济新闻
145,2021-09-15,半导体行业研究：存储器结构性分道篇-重内存,国金证券股份有限公司
146,2021-09-12,上海“专精特新”企业有多牛？数量超过3000家,Wind
147,2021-09-09,澜起科技：内存接口芯片今年上半年收入下降主要有三个因素 盈利能力下降,Wind
148,2021-09-08,澜起科技：有知名机构正圆投资参与的，共169家机构于8月27日调研我司,中金在线
149,2021-09-08,聚辰股份：公司与澜起科技合作开发的SPD5 EEPROM、SPD5+TS EEPROM产品己通过部分下游内存模组厂商的测试认证，在该细分领域建立起了领先优势,每日经济新闻
150,2021-09-08,澜起科技：基于市场调研了解的情况，公司内存接口芯片目前的市场份额保持基本稳定,每日经济新闻
151,2021-09-08,A股资金流向（9月8日）：券商股内部轮动加快，白酒、光伏龙头被抛售,Wind
152,2021-09-07,A股资金流向（9月7日）：资源、金融双轮驱动，追高资金享受溢价,Wind
153,2021-09-07,上海证券电子行业日报：《“十四五”工业绿色发展规划》有望加快发布,新浪
154,2021-09-06,和讯SGI指数半年报TOP30榜单出炉 金山办公、迈瑞医疗、澜起科技位列前三,和讯
155,2021-09-03,中银证券维持澜起科技增持评级：产品代际更换业绩承压，Q2环比改善,每日经济新闻
156,2021-09-03,持仓市值骤增，科创板获外资大举加仓,Wind
157,2021-09-02,澜起科技：将努力在DDR5世代保持市场领先地位,e公司
158,2021-09-01,澜起科技(688008)2021年半年报点评：业绩迎拐点 多产品可期,新浪
159,2021-08-31,A股资金流向（8月31日）：券商股大涨中信证券获抢筹，新能源龙头股集体遭抛售,Wind
160,2021-08-31,韦尔股份(603501)：以先进CIS为基石 构建全球领先平台型芯片设计公司,新浪
161,2021-08-30,开源证券维持澜起科技买入评级，近期获3份券商研报关注，目标均价涨幅46.99%,每日经济新闻
162,2021-08-30,A股资金流向（8月30日）：新能源持续吸金，“盐皇”遭大幅抛售,Wind
163,2021-08-30,澜起科技(688008)公司信息更新报告：数据中心核心供应商 静待DDR5时代到来,新浪
164,2021-08-30,国金证券维持澜起科技买入评级：服务器IC符合我们预期复苏，但低于市场期待,每日经济新闻
165,2021-08-30,电子行业行业周报：闻泰科技趋势渐起 澜起科技引领DDR5代际替换,光大证券
166,2021-08-30,科创板、创业板中报业绩增长强劲，双创基金涨超1%成交活跃,Wind
167,2021-08-27,澜起科技(688008.SH)半年度扣非净利润1.78亿元 同比下降65.93% 盈利能力下降,格隆汇
168,2021-08-27,澜起科技(688008.SH)上半年归母净利润同比下降48.82%至3.08亿元 盈利能力下降,智通财经
169,2021-08-27,澜起科技：上半年实现净利润3.08亿元，同比下降48.82%。 盈利能力下降,新浪
170,2021-08-27,澜起科技：上半年净利润同比减少48.82% 盈利能力下降,Wind
171,2021-08-26,重磅信号！万亿巨头突然全面涨价，4万亿赛道又要飞？,Wind
172,2021-08-24,A股资金流向（8月24日）：赛道股连获资金回流，大市值券商集体“吸金”,Wind
173,2021-08-19,科创板战略配售硕果累累，三大产业高成长造就翻倍收益,Wind
174,2021-08-19,科创板半年报陆续出炉：半导体、新能源火热，北向资金大举加仓,Wind
175,2021-08-18,A股资金流向（8月18日）：近150亿资金加码非银金融行业,Wind
176,2021-08-17,A股资金流向（8月17日）：超900亿资金离场，权重股多数遭抛售,Wind
177,2021-08-12,澜起科技(688008.SH)第一大股东将变更为中电安芯 控制人变化,智通财经
178,2021-08-12,澜起科技：第一大股东中电投资拟进行存续分立,Wind
179,2021-08-11,东方证券维持澜起科技买入评级：津逮服务器持续超预期,每日经济新闻
180,2021-08-10,A股资金流向（8月10日）：白酒龙头“旧神归来”，盐湖股份遭主力减仓超百亿,Wind
181,2021-08-09,电子信息行业月报：受益政策推动 网络安全行业将持续高景气发展,新浪
182,2021-08-09,澜起科技(688008.SH)：拟使用额度不超16亿元暂时闲置募集资金进行现金管理,格隆汇
183,2021-08-09,澜起科技(688008.SH)拟聘任安永华明为2021年度财务及内部控制审计机构,智通财经
184,2021-08-09,澜起科技(688008.SH)拟用不超16亿元闲置募集资金进行现金管理,智通财经
185,2021-08-09,澜起科技股价腰斩 董事长总经理2000万火速“护盘”？,新浪
186,2021-08-09,A股资金流向（8月9日）：市场复刻上周一行情，资金青睐大金融板块,Wind
187,2021-08-05,8只科创板股获北向资金加仓,证券时报网
188,2021-08-04,【银河科创板吴砚靖/邹文倩/李璐昕】行业动态 2021.7丨硬科技属性坚挺，掘金“科创牛”正当时,中国银河证券研究
189,2021-08-03,A股资金流向（8月3日）：高切低趋势日渐明朗，新能源产业链集体遭抛售,Wind
190,2021-08-02,A股资金流向（8月2日）：高切低痕迹明显，资金转战超跌价值股,Wind
191,2021-08-02,银河电子周观点：晶圆代工拟继续涨价 关注板块估值修复机会,新浪
192,2021-07-30,A股资金流向（7月30日）：白酒“信仰崩塌”连遭抛售,Wind
193,2021-07-30,制造业王者归来？基金加大配置！4大维度揭秘,Wind
194,2021-07-30,制造业王者归来？IPO占比提升、基金加大配置、机构积极调研、顶级风投也有所行动…4大维度揭秘,证券时报
195,2021-07-30,制造业越来越香？ 四大维度证实确有苗头,证券时报
196,2021-07-28,二季度机构大幅增持半导体板块,方正证券
197,2021-07-26,A股资金流向（7月26日）：“茅族”、“宁族”集体遭抛售，芯片龙头获青睐,Wind
198,2021-07-22,310多家科创板董事长画像：超6成为硕/博学历 平均薪酬超百万,每日经济新闻
199,2021-07-22,从5500亿到4.9万亿，科创板开市两周年，为A股带来了什么,每经头条
200,2021-07-22,澜起科技：走向平台型企业,中证网
201,2021-07-20,电子周报：台积电上修全年半导体展望；小米Q2全球份额首次第二,新浪
202,2021-07-20,重磅机会！机构罕见扎堆调研，这一策略胜率高达八成,Wind
203,2021-07-20,硬科技底色初现，科创投资方兴未艾,Wind
204,2021-07-20,机构调研跑断腿，科创板股票春天将至？,Wind
205,2021-07-19,电子行业周报：后摩尔时代 看好第三代半导体战略发展机遇,新浪
206,2021-07-17,下周1549亿市值限售股解禁，环比增加51.33% 解禁,Wind
207,2021-07-16,A股资金流向（7月16日）：新能源龙头连遭抛售，军工股获避险资金青睐,Wind
208,2021-07-15,10只科创板股获北向资金减仓,证券时报网
209,2021-07-14,澜起科技：约338.94万股将于7月22日解禁 解禁,每日经济新闻
210,2021-07-14,澜起科技(688008.SH)：约338.94万股限售股将于7月22日上市流通 解禁,格隆汇
211,2021-07-14,A股资金流向（7月14日）：新能源产业链集体退潮,Wind
212,2021-07-14,8只科创板股获北向资金加仓,证券时报网
213,2021-07-13,电子行业2021中报前瞻：5G手机、远程需求、汽车电子仍为2021三大主轴,新浪
214,2021-07-13,A股资金流向（7月13日）：业绩成为市场“试金石”，芯片股“掉队”遭抛售,Wind
215,2021-07-12,第九届西部电博会7月15日与您相约成都,电子产品世界
216,2021-07-11,澜起科技：基于市场调研了解的情况，公司内存接口芯片目前的市场份额保持基本稳定,每日经济新闻
217,2021-07-09,澜起科技：Intel Icelake可以支持PCIe 4.0及八内存通道，其逐步上量会推动PCIe 4.0 行业生态的逐步普及，并提升每颗CPU可搭配的内存模组数量上限,每日经济新闻
218,2021-07-09,澜起科技：目前，公司与主要客户均维持良好的合作关系,每日经济新闻
219,2021-07-09,澜起科技：公司是一家专注于数据处理及互连领域创新的国际化芯片设计公司,Wind
220,2021-07-08,百亿私募动向追踪：哪些公司最受关注？迈瑞医疗、澜起科技被扎堆调研,21财闻汇
221,2021-07-08,百亿私募集中关注15家上市公司，扎堆调研迈瑞医疗等,Wind
222,2021-07-08,百亿私募动向追踪：集中关注15家上市公司，扎堆调研迈瑞医疗、澜起科技,21世纪经济报道
223,2021-07-08,科创板首例！欧林生物上市不满20天即抛增持计划这些公司股东正在增持路上,财联社
224,2021-07-08,【安信策略·经典重温】科创板：阴霾散去，初露峥嵘,陈果A股策略
225,2021-07-08,幻方上半年备案夺冠，高毅、灵均、九坤也发力！下半年如何掘金？,私募排排网
226,2021-07-08,幻方上半年备案夺冠，高毅、灵均、九坤也发力！下半年如何掘金？,新浪
227,2021-07-06,A股与港股行业首选：2021年7月,新浪
228,2021-07-06,A股资金流向（7月6日）：超160亿元资金撤离医药、半导体行业,Wind
229,2021-07-05,澜起科技(688008.SH)董事长及总经理分别增持18万股 增持实施完毕,智通财经
230,2021-07-05,澜起科技(688008.SH)：董事长、总经理双双完成增持 共耗资2033.71万元增持36万股,格隆汇
231,2021-07-05,澜起科技：主要产品晶圆加工及封装测试均正常运行,财联社
232,2021-07-05,80家科创板公司预告上半年业绩 近六成报喜,中证网
233,2021-07-04,半导体行业月度深度跟踪：行业景气业绩兑现 关注AIOT智能化浪潮,新浪
234,2021-07-02,券商：下半年坚守业绩稳健+高景气主线,Wind
235,2021-07-01,47家被调研公司股价翻番！谁是券商心头好？,Wind
236,2021-06-29,超千家机构调研这家公司，多只机构调研股涨幅翻倍,Wind
237,2021-06-29,机构扎堆调研造就另类牛股,Wind
238,2021-06-25,聚辰股份：公司芯片产品已顺利通过了三星、海力士等内存模组厂商的测试认证,Wind
239,2021-06-25,5只科创板股获北向资金增持超3000万元,证券时报网
240,2021-06-24,未实现销售的定制化产品是否全额计提减值？安路科技回科创板二轮问询,资本邦
241,2021-06-23,高毅、高瓴等“前脚”走、股价“后脚”“开涨” 芯片行情在高景气度中催化前行,红周刊
242,2021-06-22,中国银河维持电子行业推荐评级：行业复苏叠加MiniLED爆发LED将迎来新一轮景气周期,每日经济新闻
243,2021-06-22,2只科创板股获北向资金减持超千万元 减持股份,证券时报网
244,2021-06-22,【银河电子傅楚雄/王恺】行业周报丨行业复苏叠加Mini LED爆发，LED将迎来新一轮景气周期,中国银河证券研究
245,2021-06-21,上海交通大学与澜起科技共建 “集成电路设计前沿技术联合实验室”,TechWeb
246,2021-06-18,半导体行情归来，这些公司的门槛早已被机构踏破,Wind
247,2021-06-16,澜起科技(688008.SH)：2020年度权益分派10派3元股权登记日6月24日,格隆汇
248,2021-06-16,澜起科技(688008.SH)每股派0.3元 股权登记日为6月24日,智通财经
249,2021-06-16,海外机构密集调研A股，北上资金积极加仓,Wind
250,2021-06-16,海外机构密集调研A股，电子、医药生物、机械设备、化工和计算机行业最受关注,Wind
251,2021-06-16,海外机构密集调研A股北上资金积极加仓,证券时报
252,2021-06-14,市场大机会要来了？最新外资密集调研股曝光，人气股竟是它，超300多家海外机构盯上它，北上资金抢先埋伏这些概念股（附名单）,e公司
253,2021-06-11,澜起科技：目前，包括新华三、长城超云、宝德、联想等在内的多家服务器厂商已导入津逮?CPU并研发出了相应的服务器机型,每日经济新闻
254,2021-06-11,晨会聚焦210611重点关注涂鸦智能的关键问题解析,国信研究
255,2021-06-10,社保基金海外投资“金手指”曝光！接下来看好这些领域,Wind
256,2021-06-10,晨会聚焦210610重点关注固定收益专题,国信研究
257,2021-06-10,上调评级至买入策略选股（6月10日）,Wind
258,2021-06-10,23股获券商买入评级，中远海控目标涨幅达67.03%,Wind
259,2021-06-10,10只科创板股获北向资金加仓,证券时报网
260,2021-06-09,东方证券上调澜起科技评级至买入：津逮服务器业务发展超预期,每日经济新闻
261,2021-06-09,半导体景气风向标：旺季将至 景气持续,新浪
262,2021-06-09,科创50指数早盘涨超1%,Wind
263,2021-06-09,晨会聚焦210609重点关注培育钻石行业、再生铝行业、元宇宙专题、机械行业,国信研究
264,2021-06-09,澜起科技(688008)：津逮服务器业务发展超预期,新浪
265,2021-06-09,险资一个月调研235家A股上市公司,Wind
266,2021-06-08,澜起科技(688008.SH)拟与关联方英特尔签署相关采购协议,智通财经
267,2021-06-08,A股资金流向（6月8日）：白酒股巨量杀跌，资金大幅出逃,Wind
268,2021-06-07,半导体板块飙涨，有芯片价格涨至5倍，行业供需格局或仍趋紧丨牛熊眼,第一财经
269,2021-06-07,中金：高质量发展大潮中的科创板,中金点睛
270,2021-06-04,传媒&通信行业“数字未来”系列一：元宇宙 未来数字绿洲入口已打开,华安证券
271,2021-06-02,晨会聚焦210602重点关注现代牙科、商贸零售、机械、海外教育、港股、房地产、白酒、拓邦股份、洋河股份、美团,国信研究
272,2021-06-02,晶圆厂资本开支上行，关注设备和材料国产化机会,招商证券
273,2021-06-01,三大指数5月全线收红，科技创新主线持续升温,Wind
274,2021-05-31,5月31日晚间重要行业研究汇总(附股),中金在线
275,2021-05-31,电子周观点：自动驾驶提升算力需求 SOC芯片是主要增量市场,新浪
276,2021-05-30,板块拾金|一天一个样！新能源、半导体、金融...轮动市到底看谁？策略收好！,第一财经
277,2021-05-29,【天风策略】MSCI首次纳入科创板个股背后有哪些信息？,分析师徐彪
278,2021-05-28,【银河晨报】5.28丨电子：硬件、生态持续升级，VR设备有望加速渗透,中国银河证券研究
279,2021-05-27,大盘站上3600点！国君高呼：蓝筹空间打开,Wind
280,2021-05-27,北向资金四日抢筹A股近500亿，格力电器净买超7亿,Wind
281,2021-05-27,什么信号？茅台1笔被砸4.35亿！外资猛灌470亿,Wind
282,2021-05-27,发生了什么？多股尾盘急剧拉升，北向资金3分钟“涌入”逾10亿，科创板“入摩”生效！,证券时报
283,2021-05-27,抢抢抢！百亿北向资金尾盘卡秒流入，一批个股应声异动,Wind
284,2021-05-27,今日MSCI再迎重要时间点,Wind
285,2021-05-26,北向资金连续三日抢筹A股超300亿，贵州茅台再获净买入超11亿元,Wind
286,2021-05-26,A股资金流向（5月26日）：沪强深弱态势明显，创蓝筹遭资金抛售,Wind
287,2021-05-26,外资天量抢筹，买了哪些股票？,Wind
288,2021-05-26,【银河电子傅楚雄/王恺】行业周报丨硬件、生态持续升级，VR设备有望加速渗透,中国银河证券研究
289,2021-05-24,5月24日晚间重要行业研究汇总(附股),中金在线
290,2021-05-24,A股资金流向（5月24日）：券商股持续获资金流入，华为汽车龙头被抛售,Wind
291,2021-05-24,中国银河--电子行业：硬件、生态持续升级，VR设备有望加速渗透【行业研究】,金融界股吧
292,2021-05-24,长期主义、赋能生态 英特尔资本两年收获6个IPO,投中网
293,2021-05-24,北向资金加仓7只科创板股,证券时报
294,2021-05-24,晨会聚焦210524重点关注社会服务、海外银行、传媒、医药、卓胜微,国信研究
295,2021-05-22,【银河周知】看好大宗商品和消费相关行业的投资机会,中国银河证券研究
296,2021-05-21,2021年中国半导体行业投融资现状及市场竞争格局分析 投融资市场再创新历史新高,前瞻研究院
297,2021-05-21,A股资金流向（5月21日）：医药龙头集体遭抛售,Wind
298,2021-05-21,光大证券--半导体4月跟踪报告：半导体2020及21Q1业绩靓丽，景气高企【行业研究】,金融界股吧
299,2021-05-21,澜起科技：获第十二届“天马奖”科创板“最佳董事会”及“最佳董秘”,e公司
300,2021-05-19,银河电子周观点：功率半导体景气度向上 国内厂商扩产趋势明显,新浪
301,2021-05-19,轻资产、高毛利，聚辰股份真的做到“小而美”吗？丨实地调研,第一财经
302,2021-05-19,晨会聚焦210519重点关注华测导航、银行理财、汽车汽配、房地产、纺织服装、扬农化工、中兵红箭、华峰化学、中国移动,国信研究
303,2021-05-18,银河证券：5G终端及汽车电动化需求旺盛，电子行业盈利端将加速增长,证券时报网
304,2021-05-18,通信行业周报：民航明确5G+ATG路径 “517电信日”强调数字化转型,新浪
305,2021-05-17,A股资金流向：盘面较为混乱，小金属龙头获青睐,Wind
306,2021-05-17,电子行业：新封装、新材料、新架构驱动后摩尔时代集成电路发展,新浪
307,2021-05-16,"广发策略：科创板北向资金""再扩容"" 今年净流入1557.76亿元",新浪
308,2021-05-16,【广发策略|科创板】科创板北向资金“再扩容”,戴康的策略世界
309,2021-05-14,澜起科技：已基本完成DDR5第一子代RCD及DB芯片量产版本研发,证券时报网
310,2021-05-13,电子行业2020年年报暨2021年一季报总结：淡季不淡 高景气下电子行业表现亮眼,新浪
311,2021-05-13,科技硬件周报(5/1)：A股年报季收官 苹果业绩会广受关注,新浪
312,2021-05-13,半导体年报&Q1总结：中短期看量价齐升 中长期看需求和格局,新浪
313,2021-05-13,A股资金流向（5月13日）：资金各自为战，有色龙头连续被抛售,Wind
314,2021-05-13,黑色系集体重挫，铁矿石跌6%，千亿白马逼近跌停,Wind
315,2021-05-13,【行情】科创板半导体板块早盘异动，安集科技涨超19%，澜起科技涨超6%，寒武纪、成都先导、中微公司、沪硅产业等个股快速跟涨,金十数据
316,2021-05-13,科创50指数涨幅超过1.2%，芯片股全线发力,Wind
317,2021-05-13,科创50指数率先翻红，寒武纪大涨8%,Wind
318,2021-05-12,A股资金流向（5月12日）：市场迎久违普涨，汽车股获资金追捧,Wind
319,2021-05-12,电子行业4月动态报告：半导体景气度向上 华为引领汽车智能化,新浪
320,2021-05-12,2只科创板股获北向资金增持超千万元,证券时报网
321,2021-05-12,刚刚，MSCI公布最新调整！5只科创板股票进入旗舰指数系列,Wind
322,2021-05-11,澜起科技：公司内存接口芯片目前的市场份额保持基本稳定,每日经济新闻
323,2021-05-11,A股资金流向（5月11日）：周期股遭抛售，茅台重获资金青睐,Wind
324,2021-05-11,北向资金持有科创板股全名单，加仓这5股,证券时报
325,2021-05-11,东方财富证券维持澜起科技增持评级，2020年报及2021年一季报：新老产品交替，DDR5接口芯片蓄势待发,每日经济新闻
326,2021-05-11,银河证券：2021年电子行业盈利端将加速增长，维持行业“推荐”评级,证券时报网
327,2021-05-10,A股资金流向（5月10日）：有色龙头再获资金加仓，白酒龙头遭抛售,Wind
328,2021-05-10,电子行业周报：21Q1业绩向好 行业景气度持续旺盛,新浪
329,2021-05-10,【牛人重仓】澜起科技:前复权价创历史新低，今日资金流入-2101.44万元，北向资金持股1519.87万股，融资余额64001.45万元；前3个交易日，北向资金增持-182.26万股，融资额增加3851.38万元，主力资金净流入-4759.0万元,每日经济新闻
330,2021-05-10,【电子】澜起科技— Q1业绩承压，期待新品量产 盈利能力下降,中银证券研究
331,2021-05-09,A股半导体公司Q1业绩排行榜：120家公司合计营收2029亿元，超9成公司实现增长,搜狐
332,2021-05-09,上海区域股市周报：澜起科技市值缩水最多复星医药进入上海股市值前10强 连续下跌,每日经济新闻
333,2021-05-08,深度*公司*澜起科技(688008)：Q1业绩承压 期待新品量产 盈利能力下降,新浪
334,2021-05-07,A股资金流向（5月7日）：有色龙头持续获资金青睐,Wind
335,2021-05-07,韦尔股份逼近跌停，芯片板块持续低迷,Wind
336,2021-05-06,东方证券维持澜起科技增持评级：内存接口缓存芯片持续升级,每日经济新闻
337,2021-05-06,A股资金流向（5月6日）：消费、疫苗龙头遭资金抛售,Wind
338,2021-05-06,民生证券维持澜起科技推荐评级：DDR5箭在弦上，看好公司引领新世代,每日经济新闻
339,2021-05-06,中国银河--电子行业4月动态报告：半导体景气度向上，华为引领汽车智能化【行业研究】,金融界股吧
340,2021-05-06,【牛人重仓】澜起科技:前复权价创历史新低，今日资金流入-276.45万元，北向资金持股1649.11万股，融资余额61830.3万元；前3个交易日，北向资金增持-53.93万股，融资额增加991.89万元，主力资金净流入-17068.74万元,每日经济新闻
341,2021-05-06,Q1净利跌49%，澜起科技30日收盘价创历史新低 盈利能力下降,维库电子市场
342,2021-05-06,A股早报2021年5月6日星期四,Wind
343,2021-05-06,481股获券商买入评级 宇信科技目标涨幅达145.25%,Wind
344,2021-05-06,科创板交出“硬核答卷”，盈利质量稳步提升,Wind
345,2021-05-05,澜起科技：部分董事及高级管理人员增持公司股份,每日经济新闻
346,2021-05-04,科创板半导体Q1大扫描：景气度提升驱动多公司业绩高增长晶圆短缺态势下行业格局或遇重塑,证券之星
347,2021-05-03,澜起科技(688008)：1Q21业绩低于预期 看好下半年需求复苏 全年业绩高增长,新浪
348,2021-05-01,澜起科技(688008)2020年及21Q1财报：内存接口芯片龙头 新产品可期,新浪
349,2021-04-30,澜起科技(688008.SH)：2名董事及高管累计增持20.8万股,格隆汇
350,2021-04-30,澜起科技(688008.SH)董事长及总经理已合计增持20.8万股,智通财经
351,2021-04-30,A股主力资金流向（4月30日）：医药股获资金爆买,Wind
352,2021-04-30,Q1净利跌49%，澜起科技30日收盘价创历史新低 盈利能力下降,国际电子商情
353,2021-04-30,津逮服务器平台兑现收入 澜起科技2020年净利增长18%,上证报
354,2021-04-30,国金证券维持澜起科技买入评级：服务器内存接口芯片，衰退周期近尾声,每日经济新闻
355,2021-04-30,印度疫情爆发A股生物医药股突然引爆！这只股“成妖”收获9连板,中国基金报
356,2021-04-30,世卫严厉警告、吴尊友发声！A股生物医药股突然引爆,Wind
357,2021-04-30,客户需求下降等影响澜起科技今年一季度营利齐降,资本邦
358,2021-04-30,国联证券给予澜起科技增持评级，DDR5放量在即，带动公司业绩稳步增长,每日经济新闻
359,2021-04-30,掘金科创板，QFII现身50只股前十大流通股东榜,证券时报网
360,2021-04-30,【行情】半导体及元件板块短线下挫，澜起科技跌超13%，生益电子、世运电路、科翔股份跟跌,金十数据
361,2021-04-30,成绩单！澜起科技：2021年第一季度净利润约1.34亿元，同比下降49.00% 盈利能力下降,每日经济新闻
362,2021-04-29,澜起科技(688008.SH)首季净利润降49%至1.34亿元 盈利能力下降,智通财经
363,2021-04-29,澜起科技(688008.SH)年度净利润增18.31%至11.04亿元 拟每10股派3元,智通财经
364,2021-04-29,澜起科技：一季度净利润1.34亿元同比下降49% 盈利能力下降,科创板日报
365,2021-04-29,澜起科技年度报告：2020年度净利润同比增长18%拟10派3元,科创板日报
366,2021-04-29,晚间重要公告2021年4月29日星期四,Wind
367,2021-04-29,澜起科技(688008.SH)2020年度扣非净利润降9.01%至7.6亿元 拟10派3元 盈利能力下降,格隆汇
368,2021-04-29,澜起科技(688008.SH)一季度净利润降49%至1.34亿元 盈利能力下降,格隆汇
369,2021-04-29,澜起科技：2020年净利润同比增长18.31%,Wind
370,2021-04-29,澜起科技：一季度净利润同比减少49.0% 盈利能力下降,Wind
371,2021-04-28,A股资金流向（4月28日）：医药板块持续获资金流入，消费电子被抛售,Wind
372,2021-04-27,A股资金流向（4月27日）：医疗板块多个细分龙头获青睐，券商股遭抛售,Wind
373,2021-04-27,澜起科技深度分析：为什么PCIe总线是未来的趋势？,Ofweek
374,2021-04-27,QFII一季度加码科创板品种,Wind
375,2021-04-26,国元证券维持澜起科技买入评级，澜起科技系列研究报告：PCIeRetimer是个什么样的市场？,每日经济新闻
376,2021-04-23,A股主力资金流向（4月23日）：机构抱团股重获追捧，中国平安连续7日遭抛售,Wind
377,2021-04-21,A股资金流向（4月21日）：医美龙头获青睐，华为汽车概念遭抛售,Wind
378,2021-04-20,澜起科技相继在海南成立两家公司聚焦IC、创业投资等,科创板日报
379,2021-04-19,半导体动态分析：关注半导体龙头成长机会、全面扩产带来国产机遇,新浪
380,2021-04-15,A股资金流向（4月15日）：有色龙头获资金青睐，一线白酒股被抛售,Wind
381,2021-04-14,A股资金流向（4月14日）：新能源龙头获资金回流，银行股遭抛售,Wind
382,2021-04-14,澜起科技3月份接待200多家机构调研 表示相关芯片研发顺利,上证报
383,2021-04-13,A股资金流向（4月13日）：短线热门题材熄火，中国中免遭抛售,Wind
384,2021-04-12,TCL百亿定增建8.6代产线，IT面板竞争格局影响几何,吉森电子研究
385,2021-04-11,【中信建投电子|刘双锋&雷鸣团队】周报：存储需求高涨价格上扬；华为发布智能家居解决方案,中信建投电子研究
386,2021-04-09,A股资金流向（4月9日）：新股上市首日遭爆炒，白马股再遭抛售,Wind
387,2021-04-09,澜起科技杨崇和：很多人希望赚快钱 这不适应中国科技的发展,新浪
388,2021-04-09,中信证券：半导体板块当前景气复苏，后续国产替代逻辑加强,Wind
389,2021-04-08,澜起科技发布全新第三代“津逮”CPU,TechWeb
390,2021-04-08,芯片、5G是亮点，重要博览会马上召开！A股已有反应,中财网
391,2021-04-07,科创板机构持股路线图：大部头公司受热捧、朱雀 “霸榜”金达莱,Wind
392,2021-04-07,CITE 2021来了！芯片、信创、数据存储、5G成亮点,Wind
393,2021-04-07,A股资金流向（4月7日）：资金潜伏一季报预期行业，白马股再遭抛售,Wind
394,2021-04-07,电子行业深度：中国半导体 牛角峥嵘,新浪
395,2021-04-06,广发科创板一周全景(4月第1期)：中长线资金有何增量信息？,广发证券
396,2021-04-06,A股资金流向（4月6日）：碳中和明星股获回流，白马股遭抛售,Wind
397,2021-04-06,电子行业周报：半导体厂商Q2再次调价；小米正式立项智能汽车,新浪
398,2021-04-06,电子行业-行业周报：华为2020年业绩出炉，数字化智能化带来行业新机遇,国信研究
399,2021-04-05,电子产业景气度：再次涨价进行时,新浪
400,2021-04-02,A股资金流向（4月2日）：成长与价值齐飞，机构抱团股连续获资金抢筹,Wind
401,2021-04-02,中芯国际为留人，送CEO一套2000万住房，更有薪水涨4倍,Wind
402,2021-04-01,A股资金流向（4月1日）：白马股齐反弹，科技龙头获资金抢筹,Wind
403,2021-04-01,产业链涨价潮持续，芯片概念股爆发，士兰微等涨停,证券之星
404,2021-03-31,A股资金流向（3月31日）：部分业绩不及预期白马股遭抛售,Wind
405,2021-03-31,【银河晨报】3.31丨石化：油价21Q1大幅上涨，看好行业单季度业绩表现,中国银河证券研究
406,2021-03-30,张江十年｜澜起科技：大张江在科技企业名不见经传时托了一把,澎湃新闻
407,2021-03-30,走出浦东的张江：“一区22园”发展格局，覆盖上海16个区,澎湃新闻
408,2021-03-30,A股资金流向（3月30日）：机构抱团股表现不俗，光伏龙头获抢筹,Wind
409,2021-03-30,中国银河--电子行业：汽车缺芯再发酵，半导体设备需求持续旺盛【行业研究】,金融界股吧
410,2021-03-29,半导体行业周报：MAGNACHIP与智路资本达成私有化收购协议 建议关注行业格局变化,新浪
411,2021-03-29,A股资金流向（3月29日）：板块效应较弱，资金精做个股,Wind
412,2021-03-29,要么增持，要么回购，这些公司不甘于股价低迷,Wind
413,2021-03-27,科创板机构持仓曝光 社保基金、QFII共同持有2家公司,大众证券报
414,2021-03-26,澜起科技：目前公司车规级（Grade-2）DDR4 RCD芯片产品有小规模出货，但该产品目前产生的收入占公司营收比重很小,每日经济新闻
415,2021-03-26,A股主力资金流向：周五大幅流入本周仍净流出千亿,Wind
416,2021-03-25,A股主力资金流向（3月25日）：资金加速逃离面板、碳中和概念股,Wind
417,2021-03-23,A股主力资金流向（3月23日）：面板、电子烟板块遭抛售,Wind
418,2021-03-22,半导体动态：水泥厂也搞芯片！电子板块估值已回调至十年均值之下,新浪
419,2021-03-22,A股主力资金流向（3月22日）：面板、碳中和概念股受追捧,Wind
420,2021-03-22,银河电子周观点：自动驾驶加速渗透 关注汽车传感器投资机会,新浪
421,2021-03-22,中国银河--电子行业：自动驾驶加速渗透，关注汽车传感器投资机会【行业研究】,金融界股吧
422,2021-03-21,【东吴电子王平阳团队】半导体周报：存储器市场供不应求，本土产业链蓄势待发,东吴电子研究
423,2021-03-21,半导体周报：SEMI预测中国IC晶圆产能今年将至少增长17%,新浪
424,2021-03-20,【银河周知】强化国家战略科技力量，把握新一轮科技股布局良机,中国银河证券研究
425,2021-03-19,一批A股尾盘突然放量异动！发生了什么？,Wind
426,2021-03-19,A股主力资金流向（3月19日）：机构抱团股再遭抛售,Wind
427,2021-03-19,澜起科技：3月19日获主力资金净流入1.40亿元,每日经济新闻
428,2021-03-18,A股主力资金流向（3月18日）：市场轮动加快，资金各自为战,Wind
429,2021-03-18,科技及智能设备产业链日报：通信和半导体产品与设备板块涨幅领先,新浪
430,2021-03-18,澜起科技部分董事及高管拟斥资合计不超4000万增持股份,资本邦
431,2021-03-18,澜起科技两高管计划最高100元/股增持不超过4000万元股份,上证报
432,2021-03-17,晚间重要公告2021年3月17日星期三,Wind
433,2021-03-17,澜起科技：董事长和总经理拟增持2000万-4000万元,第一财经
434,2021-03-17,出手了！澜起科技：两位董事计划增持公司股份合计不低于2000万元,每日经济新闻
435,2021-03-17,澜起科技(688008.SH)董事长及总经理拟合计斥2000万至4000万元增持股份,智通财经
436,2021-03-17,澜起科技(688008.SH)：两名董事及高管拟合计增持2000万元-4000万元股份,格隆汇
437,2021-03-17,澜起科技：部分高管拟2000万元至4000万元增持公司股份,Wind
438,2021-03-17,芯片传来大消息，大资金杀入，看低估值高增长股名单,Wind
439,2021-03-17,A股主力资金流向（3月17日）：科技股获资金回流，金融、碳中和被抛售,Wind
440,2021-03-17,【银河电子傅楚雄/王恺】行业周报丨“十四五”规划坚持创新驱动发展，目标2035年进入创新型国家前列,中国银河证券研究
441,2021-03-16,银河证券：电子行业估值水平已回调至中长期水平，存在一定的修复空间,证券时报网
442,2021-03-15,益客食品IPO：中信证券“直投+保荐”,搜狐
443,2021-03-12,A股主力资金流向：本周累计净流出1439亿，东方财富、比亚迪净流出额居前,Wind
444,2021-03-12,汽车“缺芯”带来国产化机遇 这几家科创板公司正悄然布局,科创板日报
445,2021-03-11,板块传重大利好，半导体行情将卷土重来？近期机构密集调研这只芯片龙头股,第一财经
446,2021-03-11,A股主力资金流向（3月11日）：抱团股、周期股重获青睐,Wind
447,2021-03-11,澜起科技：已成功研发车规级DDR4 RCD芯片产品,e公司
448,2021-03-10,澜起科技：已成功研发车规级（Grade-2）DDR4 RCD芯片产品，并有小规模出货,每日经济新闻
449,2021-03-10,A股主力资金流向（3月10日）：24个二级行业无一获净流入,Wind
450,2021-03-10,中概股回A迎最好时机，跨市场溢价交易来临,Wind
451,2021-03-10,半导体行业点评报告：信越硅片提价 全球半导体景气度持续攀升,新浪
452,2021-03-09,电子行业周报：被动元器件、硅片涨价 SMIC续约ASML光刻机,新浪
453,2021-03-09,电子元器件行业动态跟踪：光刻机助力中芯国际产业链产能快速扩张,新浪
454,2021-03-08,A股主力资金流向（3月8日）：机构抱团股持续遭抛售,Wind
455,2021-03-08,科创板双周报(2021年第3期)：市场大幅波动 科创50受挫,国海证券
456,2021-03-08,科技行业通信设备周报：政府工作报告强调数字化 中兴SPN采购份额提升,新浪
457,2021-03-07,澜起科技：公司2020年已开始进行人工智能芯片的研发设计工作,e公司
458,2021-03-05,澜起科技：去年下半年，行业下游客户大多处于消化库存状态,每日经济新闻
459,2021-03-04,科创板会计年度盘点：“硬科技”属性凸显，已形成一股“长三角力量”和一座“上海高地”,科创板日报
460,2021-03-04,3月4日晚间重要行业研究汇总(附股),中金在线
461,2021-03-04,A股主力资金流向（3月4日）：330亿资金逃离中小创,Wind
462,2021-03-04,举牌出牛股，平均涨超15%：这些获“内部人”买买买,Wind
463,2021-03-04,为何是它们？A股三大“茅”纳入富时中国A50指数,Wind
464,2021-03-03,A股主力资金流向（3月3日）：超百亿资金抢筹金融股,Wind
465,2021-03-03,3月3日晚间重要行业研究汇总(附股),中金在线
466,2021-03-03,银河证券：两会即将召开，科技创新与产业升级仍将是重点,证券时报网
467,2021-03-02,科创板2020年业绩抢先看，净利润增速60%,Wind
468,2021-03-02,策略 | 北上资金 “活水”进行时,广发香港
469,2021-03-02,半导体行业深度跟踪报告：多维数据框架详解半导体产业链景气趋势,新浪
470,2021-03-02,电子行业2月动态报告：两会即将召开 关注科技创新与产业升级,新浪
471,2021-03-01,A股主力资金流向（3月1日）：近40亿资金重新杀入材料行业,Wind
472,2021-03-01,信达证券给予澜起科技买入评级，公司深度报告：服务器CPU升级，内存接口随风起波澜,每日经济新闻
473,2021-02-28,【中信建投电子|刘双锋&雷鸣团队】周报：MCU及存储器市场或再度迎来涨价潮，折叠屏、Mini-LED等新技术将激活存量市场,中信建投电子研究
474,2021-02-27,科创板持仓解码之三：纳入沪深港通和富时罗素指数之后，外资加仓了哪些个股？【天风策略·科创掘金】,分析师徐彪
475,2021-02-26,委员建议“紧急修订上市条件”？证监会：稳定确定的上市标准符合长远发展需要,第一财经
476,2021-02-26,证监会：将对注册制实施情况适时总结评估，进一步提高相关板块包容性,Wind
477,2021-02-26,澜起科技节后7天市值蒸发218亿 月初中国银河研报推荐 连续下跌,中国经济网
478,2021-02-26,A股主力资金流向（2月26日）：主力资金连续8日净流出,Wind
479,2021-02-26,澜起科技(688008)：业绩符合预期 行业景气度逐步回升,新浪
480,2021-02-26,国元证券给予澜起科技买入评级，年度业绩快报点评：业绩符合预期，行业景气度逐步回升,每日经济新闻
481,2021-02-26,澜起科技(688008)：最糟已过 今年营收大幅增长可期,国金证券股份有限公司
482,2021-02-26,澜起科技(688008)：4Q20业绩预告低于预期 看好2021服务器市场复苏,新浪
483,2021-02-26,澜起科技（688008.SH）：4Q20业绩预告低于预期，看好2021服务器市场复苏,微信
484,2021-02-26,澜起科技(688008)：实际业绩大增 DDR5贡献未来增长新动能,新浪
485,2021-02-25,晚间重要公告2021年2月25日星期四,Wind
486,2021-02-25,富瀚微(300613)公司深度研究：AI赋能智慧视频监控 新兴应用打开成长空间,新浪
487,2021-02-25,澜起科技2020年净利润11亿 同比增长18.31%,TechWeb
488,2021-02-25,数据|科创板主力资金净流出160股澜起科技流出率最高,科创板日报
489,2021-02-25,澜起科技(688008.SH)业绩快报：2020年度净利升18.31%至11.04亿元,格隆汇
490,2021-02-25,澜起科技(688008.SH)披露2020年度业绩快报 归母净利增18.31%至11亿元,智通财经
491,2021-02-25,澜起科技：2020年度净利润11.04亿元同比增长18.13%,格隆汇
492,2021-02-25,澜起科技：2020年净利润同比增长18.31%（业绩快报）,Wind
493,2021-02-25,A股主力资金流向（2月25日）：房地产获逾50亿元资金抢筹,Wind
494,2021-02-25,澜起科技跌6.6%：中信证券持股 月初中国银河研报推荐,中国经济网
495,2021-02-24,A股”抄底”资金来了！又有多只爆款基金狂卖300亿,中国基金报
496,2021-02-24,A股主力资金流向（2月24日）：材料行业两日净流出超300亿,Wind
497,2021-02-23,富时罗素3月首度纳入11家科创板公司，1亿美元增量资金上路,第一财经
498,2021-02-23,电子周观点：1月手机出货量大幅增长 关注半导体材料国产替代机会,新浪
499,2021-02-22,富时罗素：将科创板股票纳入富时中国A股指数系列和富时GEIS,Wind
500,2021-02-22,半导体周报：美国德州恶劣天气加剧全球半导体紧缺 高景气周期延续,新浪
501,2021-02-22,每日理财观察：科创板公司首次纳入国际指数，将带来超6亿增量资金,Wind
502,2021-02-22,澜起科技：入选JEDEC董事会,e公司
503,2021-02-22,北上资金罕见同时悄悄重仓，业绩高增长股仅10只,证券时报网
504,2021-02-22,港股盘前必读：携程已于春节前正式向港交所提交了第二上市的申请,Wind
505,2021-02-20,粤开策略：富时罗素纳入科创板影响几何,新浪
506,2021-02-20,首次！11只科创板股票“入富”，更大调整5月开始,证券时报网
507,2021-02-20,科创板公司首次纳入国际指数，将带来超6亿增量资金,Wind
508,2021-02-20,外资摩拳擦掌！科创板“入富”再获进展这些个股节后已被率先抢筹,科创板日报
509,2021-02-20,富时罗素解答下一步“纳A”安排,中证网
510,2021-02-20,富时罗素季度调整结果公布 11只科创板个股进入旗舰指数,上证报
511,2021-02-20,富时罗素季度调整结果公布，速看新增A股标的全名单！,上证报
512,2021-02-18,2天750亿元，40股将解禁！1只流通盘增4.6倍,中证报
513,2021-02-18,北向资金节前“备货”，新加仓科创板品种,Wind
514,2021-02-16,【银河电子傅楚雄/王恺】两会前瞻丨前瞻两会风向，关注科技创新与产业升级,中国银河证券研究
515,2021-02-14,下周操盘攻略：春节档票房已破40亿，牛基再次被“限购”,Wind
516,2021-02-10,"澜起科技现2笔大宗交易 共成交5,730.40万元",新浪
517,2021-02-10,澜起科技今日大宗交易成交65万股，成交价88.16元折价5.6%,Wind
518,2021-02-10,上交所：自2月18日起，将康希诺、君实生物等纳入上证沪股通指数样本,Wind
519,2021-02-08,电子行业：临近春节市场震荡 逢低布局高成长优质标的,新浪
520,2021-02-08,点金科创板 | 红包行情值得期待，澜起科技可逢低关注,重庆商报
521,2021-02-08,"澜起科技现1笔大宗交易 共成交1,339.20万元",新浪
522,2021-02-08,澜起科技今日大宗交易成交15万股，成交价89.28元折价6.51%,Wind
523,2021-02-08,电子行业《周观点》系列：电子周报 龙头公司业绩亮眼 行业回调迎布局良机,新浪
524,2021-02-08,A股收盘综述：沪指缩量涨逾1%，进入假期模式,Wind
525,2021-02-08,电子行业：2021E存储芯片或将增长迅速 半导体设备开支大年,新浪
526,2021-02-08,【A股午盘综述】上证指数涨逾1%，创业板指涨逾2%,Wind
527,2021-02-08,中金王汉锋：MSCI指数2月调整，哪些可能被纳入,中金策略
528,2021-02-08,私有化回A股IPO趋多！美埃科技二轮问询透露重点共性问题,科创板日报
529,2021-02-08,中金：金龙鱼、澜起科技等12支A股或符合MSCI指数2月调整纳入条件,Wind
530,2021-02-08,中金：MSCI指数2月调整，12支A股或符合此次被纳入指数要求,中金点睛
531,2021-02-08,中金公司：MSCI季度调整 初步筛选或有18只股票或符合纳入条件,证券时报网
532,2021-02-07,广发科创板一周全景(2月第1期)：北上资金进场首周复盘,广发证券
533,2021-02-06,北上资金逆势抄底 调仓力度明显加大,证券时报
534,2021-02-05,什么信号？A股尾盘突然跳水！“聪明钱”单周爆买250亿，惊现激烈调仓：近40亿杀入8000亿巨头，净卖茅台16亿！,证券时报网
535,2021-02-05,澜起科技(688008.SH)：121.65万股限制性股票将于2月18日起上市流通,智通财经
536,2021-02-05,澜起科技(688008.SH)：121.6452万股归属股票将上市流通,格隆汇
537,2021-02-04,【银河晨报】2.4丨流动性收紧与转债新规下，转债投资谨慎为先,中国银河证券研究
538,2021-02-03,2月3日晚间重要行业研究汇总(附股),中金在线
539,2021-02-03,澜起科技(688008)：全球内存接口芯片龙头 数字化转型核心受益标的,新浪
540,2021-02-02,中国银河--电子行业1月动态报告：基金重仓比例下降，行业高景气持续验证【行业研究】,金融界股吧
541,2021-02-02,【银河电子傅楚雄/王恺】行业动态 2021.1丨基金重仓比例下降，行业高景气持续验证,中国银河证券研究
542,2021-01-31,2020年中国半导体行业投融资回顾 IC设计为投资热门领域,前瞻研究院
543,2021-01-30,回调或许现更佳买点 半导体军工人工智能高景气仍在,金融投资报
544,2021-01-29,三招透视上市公司的“原力”：资本开支,锦缎
545,2021-01-28,【半导体投资日报】6图看懂今年芯片投资主线 基金梭哈投资引关注,新浪
546,2021-01-28,重磅！首份科创板股权激励深度报告发布：高科技龙头是怎么做激励的？（附报告链接）,第一财经
547,2021-01-28,【兴证电子】Q4电子持仓分析：电子超配比例降低，半导体备受青睐,兴证电子谢恒团队
548,2021-01-27,多家半导体公司业绩预喜，大基金减持不改行业高景气度丨牛熊眼,第一财经
549,2021-01-27,DDR5时代加速来临 三星宣布217亿美元投资计划 下半年有望开启量产,科创板日报
550,2021-01-26,银河证券每日晨报,新浪
551,2021-01-26,重磅信号！果然大调仓！明星基金经理行动了,中国基金报
552,2021-01-26,明星基金经理大举调仓，谢治宇加仓银行板块,Wind
553,2021-01-25,电子行业2020Q4基金重仓分析专题：半导体/光学板块重仓规模增长 消费电子环比下降 重仓个股集中度提升,新浪
554,2021-01-25,富时罗素：科创板股票最快3月22日进入旗舰指数,Wind
555,2021-01-25,科技硬件行业周报：南下资金大幅流入 港股科技板块广受关注,新浪
556,2021-01-24,科创板13只股票将纳入沪股通，北上南下资金怎么投？,第一财经
557,2021-01-23,中国半导体的三个阶段,半导体风向标
558,2021-01-23,沪深股通扩容科创板12股中哪些有牛股相？,科创板日报
559,2021-01-22,12只科创板个股将于2月1日纳入沪股通,Wind
560,2021-01-22,1月22日晚间重要行业研究汇总(附股),中金在线
561,2021-01-22,电子行业：从CES2021看电子科技网联智能发展新趋势,新浪
562,2021-01-22,聚辰股份：EEPROM国内龙头，行业成长确定性明确,Ofweek
563,2021-01-21,聚辰股份四大看点,半导体风向标
564,2021-01-20,电子：台积电2021E资本开支将达250亿～280亿美金带动新一轮半导体设备景气周期,新浪
565,2021-01-20,科创板系列研究(四十)-科创板信号：风险偏好可能是扩散而非下降,新浪
566,2021-01-19,数据|科创板主力资金净流出128股澜起科技流出率最高,科创板日报
567,2021-01-19,抱团白马股走弱，沪深300指数日内跌幅达1%,Wind
568,2021-01-19,什么情况？科技巨头涨停，4大千亿白马股却集体崩了,中国基金报
569,2021-01-19,半导体板块迎来上涨 券商认为高景气度将继续维持（附股）,第一财经
570,2021-01-19,中信建投：半导体板块高景气度将继续维持 涨价趋势或将进一步蔓延,Wind
571,2021-01-14,解盘：题材股反弹，光刻胶、IDC、摄像头、高铁领涨,Wind
572,2021-01-14,半导体板块回暖，机构：抱团资金流入低位超跌大科技,第一财经
573,2021-01-14,半导体板块拉升，韦尔股份、中芯国际-U、三安光电、卓胜微、中微公司等普涨,Wind
574,2021-01-12,国信证券：数字化浪潮驱动下，看好各环节龙头企业,证券时报网
575,2021-01-12,【银河晨报】1.12丨1季度CPI仍然负增长—2020年12月通胀点评,中国银河证券研究
576,2021-01-11,国信证券-数字化大浪潮，科技硬件创新大升级,国信研究
577,2021-01-11,半导体投资日报：车企芯片短缺啥时候解决？这家公司透露最新信号,新浪
578,2021-01-11,电子元器件行业数字浪潮系列之电子科技硬件：数字化大浪潮 科技硬件创新大升级,新浪
579,2021-01-08,澜起科技(688008.SH)2019年限制性股票激励计划首次授予部分第一个归属期符合归属条件,智通财经
580,2021-01-08,澜起科技(688008)点评报告：行业数据跟踪 服务器上游需求加速恢复,新浪
581,2021-01-08,【银河晨报】1.8丨房地产：全年销售表现靓丽，长效机制逐步成形,中国银河证券研究
582,2021-01-07,芯片板块下挫逾2%，中芯国际、中兴通讯、兆易创新、北方华创、中微公司普跌,Wind
583,2021-01-06,板块周报：退市新规正式发布 推动市场形成优胜劣汰机制,新浪
584,2021-01-06,芯片股局部活跃，韦尔股份、中芯国际-U、中微公司、寒武纪-U走强,Wind
585,2021-01-04,68只科创板股融资余额环比增加,证券之星
586,2021-01-04,电子行业-半导体：厉兵秣马 迈入“芯”征程,新浪
587,2021-01-03,全市场科技产业策略报告第九十一期-2021年科创板半导体行业投资前瞻：成长为体 稀缺为魂,新浪
588,2021-01-03,2021年科创板半导体行业投资前瞻：成长为体 稀缺为魂-全市场科技产业策略报告第九十一期,新浪
589,2021-01-01,银河证券：5G对经济带来全新驱动电子行业盈利有望超预期增长,36氪
590,2020-12-30,澜起科技(688008.SH)：嘉兴宏越及关联方所持表决权比例降至6.99%,格隆汇
591,2020-12-28,【电子50揭秘】12月新纳入了哪些电子龙头股？,魔都资产管理人
592,2020-12-27,【民生研究】周观点汇总：关注景气度触底而估值承压的板块投资机会,MS研究
593,2020-12-25,电子行业2021年投资策略报告：经济复苏创新驱动 电子行业景气上行,新浪
594,2020-12-22,【兴证策略|科创板】近期科创板优质公司纳入主要指数情况汇总——科创板系列研究,XYSTRATEGY
595,2020-12-22,129只科创板股融资余额环比增加,证券时报网
596,2020-12-21,【研报掘金】中芯国际被列入实体清单叠加税务优惠 半导体国产替代有望加速,证券时报网
597,2020-12-18,芯片关键技术获重大突破！集成电路全名单出炉,证券时报网
598,2020-12-16,周期、科技、消费……热门板块明年怎么买？银河证券分析师：这些机会值得关注！,中证报
599,2020-12-15,电子周报：部分芯片缺货影响镜头放量 半导体芯芯向荣,新浪
600,2020-12-14,澜起科技拟与英特尔产生关联交易1亿元 2020年因消化库存采购大降,GPLP犀牛财经
601,2020-12-14,电子投资新机遇：新时代、新格局,新浪
602,2020-12-14,【银河电子】2021年度策略：新时代、新格局、电子投资新机遇,中国银河证券研究
603,2020-12-12,科创板公司下周一纳入核心指数 有望迎来内外资金携手增配,大众证券报
604,2020-12-11,盛视早参：防御可能重于进攻,新浪
605,2020-12-11,A股早报2020年12月11日星期五,Wind
606,2020-12-10,数据|科创板主力资金净流入74股澜起科技流入率最高,科创板日报
607,2020-12-09,澜起科技(688008)：台厂数据验证行业拐点 DDR5涨价或超预期,新浪
608,2020-12-08,上调评级至买入策略选股（12月8日）,Wind
609,2020-12-08,15股获券商买入评级 中孚信息目标涨幅达44.91%,Wind
610,2020-12-07,中金料九只科创板股纳入沪股通，中微被动资金流入最多,Wind
611,2020-12-07,中金：沪深港通标的扩容及其影响,中金点睛
612,2020-12-07,中金：科创板企业将被纳入主要指数及互联互通,中金点睛
613,2020-12-07,科创板公司增至200家，“硬科技”受外资青睐,Wind
614,2020-12-06,手握中国优质芯片资产，盐城国资溢价增持立霸股份,凤凰网
615,2020-12-03,A股共发生193宗大宗交易成交43.98亿元（12月3日）,Wind
616,2020-12-03,"澜起科技现1笔大宗交易 共成交1,366.02万元",新浪
617,2020-12-03,澜起科技今日大宗交易成交18万股，成交价75.89元折价4.99%,Wind
618,2020-12-02,科创板公司纳入A股主要指数影响巨大，为投资者提供优质回报助力A股史上首轮长牛,21世纪经济报道
619,2020-12-02,越跌越买，资金看好科创50ETF长配价值,Wind
620,2020-11-30,金融股突然大跳水，平安茅台工行尾盘被砸，发生了什么？,中国基金报
621,2020-11-30,资金持续注入科创板 未来钱从哪里来？居民存款和外资或成重要增量,科创板日报
622,2020-11-29,半年度指数成分调整对资本市场影响点评：指数成分新增科创板标的 科创板互联互通箭在弦上,新浪
623,2020-11-28,科创板纳入多条指数，将带来多少买盘？,--
624,2020-11-28,科创板周报20201120：首批科创50ETF上市交易，科创板被动投资时代开启,科创TMT靖观其变
625,2020-11-27,晚间要闻2020年11月27日星期五,Wind
626,2020-11-27,上交所及中证指数公司将调整沪深300等指数样本,Wind
627,2020-11-27,【国金晨讯】半导体投资展望：关注哪六个趋势？Q3货币政策执行报告：稳健的货币政策灵活适度，逐步回归常态化,国金证券研究所
628,2020-11-27,中金：沪深港通标的扩容及其影响,中金点睛
629,2020-11-27,陆家嘴财经早餐2020年11月27日星期五,Wind
630,2020-11-26,国资支持邂逅“半导体”风口，立霸股份业绩未来可期,中投网
631,2020-11-24,澜起科技(688008.SH)向164名激励对象授予300万股限制性股票,格隆汇
632,2020-11-22,A股百家半导体厂商平均获政府补贴5500万，前10家公司合计获政府补贴37.4亿,搜狐
633,2020-11-17,锦囊｜科创50竞争情报（澜起科技、柏楚电子）,锦缎
634,2020-11-14,“现金奶牛”澜起科技的诡异撒币 增资去哪儿了？,证券市场周刊
635,2020-11-14,澜起科技(688008)三季报点评：2020Q3短期业绩承压 新产品开启新成长周期 盈利能力下降,国海证券
636,2020-11-14,晨会纪要2020年第193期,国海证券
637,2020-11-14,半导体产业空间巨大 细分龙头加速成长,金融投资报
638,2020-11-12,策略专题：MSCI中国A股调整报告,新浪
639,2020-11-12,每日理财观察：《智能网联汽车技术路线图 2.0》发布,Wind
640,2020-11-12,期市投资参考：国药集团疫苗Ⅲ期临床顺利推进，铁矿石连续四连涨,Wind
641,2020-11-12,港股盘前必读：港交所第三季度股东应占溢利33.5亿港元同比增52%,Wind
642,2020-11-11,金融街下午茶2020年11月11日星期三,Wind
643,2020-11-11,国元早安直通车,新浪
644,2020-11-11,MSCI重磅！这些A股公司刚被纳入,中国基金报
645,2020-11-11,数据| “金手铐”频现！科创板52家公司推股权激励 考核条件“大起底”,科创板日报
646,2020-11-11,每日理财观察：证监会全面启动上市公司治理专项行动,Wind
647,2020-11-11,外资又有新动作！MSCI公布成分股调整结果！30日收盘后生效,上证报
648,2020-11-11,明晟公司（MSCI）：MSCI中国A股在岸指数增加58只成分股，剔除23只,Wind
649,2020-11-10,深度*公司*澜起科技(688008)：短期业绩承压不改长期趋势 新产品陆续推出 盈利能力下降,新浪
650,2020-11-10,科创板：公募基金Q3加持科创板 新一代信息技术领域备受关注,新浪
651,2020-11-10,科技-通信设备周报：贸易摩擦情绪压力受美大选影响释放,新浪
652,2020-11-04,科创板：科创板Q3整体业绩环比反弹明显 蚂蚁网上申购户数创纪录,新浪
653,2020-11-04,【公司点评】澜起科技：2020Q3短期业绩承压，新产品开启新成长周期,吉森电子研究
654,2020-11-04,兆易创新(603986)：Q3业绩超预期 行业呈现高景气状态,广发证券
655,2020-11-03,A股大爆发！中金上市次日封住涨停,中国基金报
656,2020-11-03,科创50指数涨超3%，澜起科技、中微公司均涨近8%,Wind
657,2020-11-03,【中金科技】澜起科技（688008.SH）：3Q20业绩不达预期，服务器市场10月企稳,乐平科技视角
658,2020-11-03,319股获券商买入评级，星期六目标涨幅达58.55%,Wind
659,2020-11-02,澜起科技(688008)：前三季度主业稳健成长 未来高成长动能持续,广发证券
660,2020-11-02,澜起科技（688008）2020年三季报点评：短期库存消化结束，看好云端需求持续,国信研究
661,2020-11-02,【澜起科技|国信电子】财报点评：短期库存消化结束，看好云端需求持续,国信电子研究
662,2020-11-01,长三角科创板上市企业数量达91家，储备库企业5017家,Wind
663,2020-10-30,【安信电子|季报点评】澜起科技：业绩符合预期，静待服务器需求拐点和新品量产上市,晓说电子
664,2020-10-30,【国元电子】澜起科技：短期扰动不改长期增势，同心多元全面发展,茂飞电子研究
665,2020-10-29,澜起科技：前三季度净利润同比增长18.06%,Wind
666,2020-10-29,27支芯片股霸榜科创板，谁赚谁亏？,36氪
667,2020-10-22,胡祖六式的利益输送，中融信托也干了？,环球老虎财经
668,2020-10-20,科创板周报：科创板三季报业绩预告四成预喜,新浪
669,2020-10-20,芯片板块快速下滑，中芯国际-U、韦尔股份、中兴通讯、澜起科技、中微公司普跌,Wind
670,2020-10-18,国盛策略：“十四五”规划是阶段性主线,尧望后势
671,2020-10-17,澜起科技估值大涨引爆矛盾 投资人指责中融信托过早清算有猫腻,新浪
672,2020-10-14,澜起科技(688008)：五大动力推动 微澜将成波涛,国金证券股份有限公司
673,2020-10-13,神州数码(000034)深度报告：鲲鹏生态核心成员 “云+信创”成为公司主要增量,新浪
674,2020-10-12,半导体板块发力走高 沪硅产业中芯国际等涨逾10%,证券时报网
675,2020-10-09,芯片板块高位运行，中芯国际-U、韦尔股份、澜起科技、兆易创新、汇顶科技领涨,Wind
676,2020-09-29,A股共发生154宗大宗交易成交31.04亿元（9月29日）,Wind
677,2020-09-29,澜起科技今日大宗交易成交239.75万股，成交价74.58元折价7.0%,Wind
678,2020-09-29,"澜起科技现4笔大宗交易 共成交17,880.50万元",新浪
679,2020-09-29,A股异动 | 澜起科技(688008.SH)涨逾6% 股东提前终止减持计划,格隆汇
680,2020-09-28,澜起科技(688008.SH)遭股东萚石一号等累计减持1129.81万股 减持计划提前终止 减持股份,智通财经
681,2020-09-28,澜起科技：萚石一号等三股东提前终止减持计划，累计减持1%股份 拟减持股份,Wind
682,2020-09-28,澜起科技(688008.SH)：萚石一号等股东提前终止前持计划累计减持1%股份 减持股份,格隆汇
683,2020-09-27,疯狂接盘医药股！机构借道大宗交易一周狂买近60亿元,上证报
684,2020-09-26,“巨无霸”接连登陆A股，千亿市值公司增至108家,Wind
685,2020-09-25,A股收盘综述：上证指数、创业板综指本周均下挫超3%，北向资金净卖出247亿元,Wind
686,2020-09-24,澜起科技：公司目前合作晶圆代工厂商为台积电和富士通电子,Wind
687,2020-09-24,高瓴、高盛、红杉、施罗德等知名外资 扎堆调研医药、科技股,红周刊
688,2020-09-24,A股早报2020年9月24日星期四,Wind
689,2020-09-23,"澜起科技现10笔大宗交易 共成交30,412.00万元",新浪
690,2020-09-23,【中金电子与通信】云计算资本开支观察（4Q19）：反弹趋势明确，看好存储器/IDC设备,乐平科技视角
691,2020-09-23,科创板股权激励新规解读,36氪
692,2020-09-21,澜起科技PCIe 4.0 Retimer芯片实现量产,电子信息产业网
693,2020-09-21,A股早报2020年9月21日星期一,Wind
694,2020-09-20,电子行业每周市场动态追踪：苹果发布IWATCH及IPAD新机 持续引领IOT创新,新浪
695,2020-09-18,澜起科技现13笔大宗交易合计成交400万股,证券时报网
696,2020-09-18,澜起科技现13笔折价大宗交易 机构买入3亿元,e公司
697,2020-09-18,澜起科技(688008.SH)遭三名股东累计减持1229.2万股 减持比例超1% 减持股份,智通财经
698,2020-09-18,澜起科技(688008.SH)：萚石一号等股东合计减持1.09%股份持股跌出5% 减持股份,格隆汇
699,2020-09-18,澜起科技：萚石一号等三股东累计减持1229万股，合计持股比例降至5%以下 减持股份,Wind
700,2020-09-18,"澜起科技现13笔大宗交易 共成交30,400.00万元",新浪
701,2020-09-17,A股收盘综述：创业板综指收涨0.41%，半导体概念炒作聚拢人气,Wind
702,2020-09-17,A股午盘综述：创业板综指半日跌0.72%，资金热炒半导体和注册制次新股,Wind
703,2020-09-17,芯片股多数走升，中芯国际-U、沪硅产业-U、寒武纪-U集体飘红,Wind
704,2020-09-17,澜起科技：从芯片细分冠军走向平台型公司,上证报
705,2020-09-16,澜起科技：公司的PCIe4.0Retimer系列芯片已成功量产,格隆汇
706,2020-09-16,澜起科技接口芯片新品类PCIe 4.0 Retimer实现量产,上证报
707,2020-09-15,A股收盘综述：创业板综指缩量收升0.34%，成交金额连续两日超沪市,Wind
708,2020-09-15,澜起科技：世界领先的内存接口芯片供应商,南方财经网
709,2020-09-14,科创板话题：澜起科技,科创板日报
710,2020-09-14,A股收盘综述：创业板综指放量升3%超80股涨超10%，成交金额再超沪市,Wind
711,2020-09-14,发生了什么？科创板突然大涨，增量资金要买？,中国基金报
712,2020-09-14,A股午盘综述：创业板综指半日升3.08%共71股涨超10%，成交金额再超沪市,Wind
713,2020-09-14,芯片板块连续拉升，韦尔股份、沪硅产业-U、中微公司、寒武纪-U、芯原股份-U等集体上涨,Wind
714,2020-09-14,澜起科技：世界领先的内存接口芯片供应商,财富动力网
715,2020-09-12,科创板71家TMT公司半年报解密！芯片股爆发 中芯研发下血本,凤凰网
716,2020-09-09,澜起科技拟购买昆仑保险名下不动产资产 蒙万实业拟购买上海奚泰100%股权,资本邦
717,2020-09-09,【A股收盘综述】低价股放量溃退，创业板综指收跌4.71%成交金额首超4000亿元,Wind
718,2020-09-09,午盘收盘综述：创业板综指半日跌2.27%仍有11股涨停，成交金额2405亿元再超沪市,Wind
719,2020-09-09,澜起科技及子公司拟花费9.46亿，在上海购买总部及研发办公用房等,资本邦
720,2020-09-09,银河证券每日晨报,新浪
721,2020-09-09,每日理财观察：年内新成立基金数突破千只，信托年化收益率低至5字头,Wind
722,2020-09-09,上市公司正负面新闻2020年9月9日星期三,Wind
723,2020-09-08,澜起科技拟收购上海奚泰100%股权及上海部分不动产,上证报
724,2020-09-08,澜起科技(688008.SH)拟在上海购买总部及研发办公用房,格隆汇
725,2020-09-08,澜起科技：全资子公司拟购买鼎和国际持有的上海奚泰100%的股权,Wind
726,2020-09-08,A股收盘综述：创业板全天成交额首超沪市，创业板综指收涨1.2%个股继续爆炒,Wind
727,2020-09-08,【A股午盘综述】创业板综指半日跌0.61%，成交额1971亿元再超上证指数,Wind
728,2020-09-08,闻泰科技盘中闪崩，半导体产业板块跌幅继续扩大,Wind
729,2020-09-06,电子行业每周市场动态追踪：持续看好行业Q3表现 中美科技分叉倒逼长期发展,新浪
730,2020-09-04,券商跟投科创板浮盈超142亿元，31家另类投资子公司上半年大赚42亿元,Wind
731,2020-09-03,"澜起科技现8笔大宗交易 共成交23,700.00万元",新浪
732,2020-09-03,巨·个股｜机构扎堆调研！两大方向受大资金青睐 十大人气股出炉（附股）,巨丰财经
733,2020-09-03,2020年9月投资策略：A股风格趋柔和 增配机械设备、建筑材料,新浪
734,2020-09-03,基金大佬调研路径曝光，瞄准了哪些新机会？,Wind
735,2020-09-01,科创板公司上半年净利124亿增长42%,Wind
736,2020-08-31,上交所：上半年科创板上市公司持股基金数量比一季度增长10倍,Wind
737,2020-08-31,A股早报2020年8月31日星期一,Wind
738,2020-08-30,科创板半年报盘点：有的创下百倍业绩奇迹，有的窟窿太大钱不够“烧”,砍柴网
739,2020-08-28,"澜起科技现6笔大宗交易 共成交23,451.00万元",新浪
740,2020-08-28,电子行业日报：二季度NANDFLASH产业营收增长6.5%,新浪
741,2020-08-26,算力需求爆炸时代，半导体产业的国产化征程,21世纪经济报道
742,2020-08-26,A股最励志芯片股：17亿撬动379亿并购，市值飙50倍,新财富
743,2020-08-21,澜起科技半年报：AI芯片战场迎战巨头,亿邦动力
744,2020-08-20,紫光国微(002049)2020年半年报点评：20H1和20Q3业绩大增 中国特种芯片之王步入快速成长通道,光大证券
745,2020-08-19,澜起科技(688008)中报点评：业绩符合预期 持续看好内存接口芯片龙头,新浪
746,2020-08-18,【安信电子|中报点评】澜起科技：业绩符合预期，持续看好内存接口芯片龙头,晓说电子
747,2020-08-18,大市值芯片股整体表现不振，中芯国际-U、中兴通讯、韦尔股份、中微公司等普跌,Wind
748,2020-08-18,【每日晨报】0818丨电力丨用电量短期承压，回暖态势仍会持续,中国银河证券研究
749,2020-08-17,科创板晚报|天准科技拟推科创板首份回购特宝生物等公司披露半年报,科创板日报
750,2020-08-17,电子行业日报：长江存储128层QLC3DNAND正式亮相,新浪
751,2020-08-17,数据|投资价值被低估？13家科创板公司大手笔回购股票,财联社
752,2020-08-17,澜起科技(688008)：2Q20业绩超预期 看好DDR5时代接口芯片量价齐升,新浪
753,2020-08-17,澜起科技：合计持股6.0880%股东拟减持不超2%公司股份 拟减持股份,格隆汇
754,2020-08-17,澜起科技(688008.SH)：萚石一号、萚石二号、萚石三号拟减持不超2%股份 拟减持股份,格隆汇
755,2020-08-17,澜起科技(688008)公司信息更新报告：2020H2 DDR5、PCIE接口芯片量产版本将完成研发,新浪
756,2020-08-17,芯片股大多跟随大市走升，中兴通讯、澜起科技、紫光国微、中科曙光涨幅居前,Wind
757,2020-08-17,【国元电子】澜起科技：服务器重回高景气，DDR5时代到来将助力新增长,茂飞电子研究
758,2020-08-17,【面包财报】澜起科技：2020年上半年归母净利润6.02亿元，同比增长33.43%,面包财经
759,2020-08-17,【财报智读】澜起科技：2020年上半年归母净利润6.02亿元，同比增长33.43%,面包财经
760,2020-08-17,【电子】澜起科技：H1业绩稳步增长， DDR5接口及配套芯片研发持续推进,中银证券研究
761,2020-08-17,澜起科技今年上半年盈利6.02亿元，同比上升33.43%,资本邦
762,2020-08-17,【澜起科技|国信电子】财报点评：疫情刺激下游需求，业绩超预期,国信电子研究
763,2020-08-17,澜起科技(688008)20中报点评：服务器需求旺盛带动公司业绩高增长,新浪
764,2020-08-16,【华西电子孙远峰团队-持续推荐澜起科技】服务器驱动高增长，技术升级&品类扩张并行,远峰电子
765,2020-08-15,澜起科技上半年净利润6亿元 已开始AI相关芯片研发,TechWeb
766,2020-08-15,澜起科技公布半年报 上半年净利增加33.43%,新浪
767,2020-08-14,澜起科技(688008.SH)：拟使用额度不超24亿元暂时闲置募集资金进行现金管理,格隆汇
768,2020-08-14,科创板晚报|蚂蚁集团进入上市辅导期澜起科技上半年净利润增长33.43%,科创板日报
769,2020-08-14,澜起科技半年报稳步增长QFII、公募大举增持重磅产品下半年进展可期,科创板日报
770,2020-08-14,晚间重要公告2020年8月14日星期五,Wind
771,2020-08-14,澜起科技(688008.SH)半年度净利润升33.43%至6.02亿元,格隆汇
772,2020-08-14,澜起科技：上半年净利润同比增长33.43%,Wind
773,2020-08-14,年底科创板 4000 亿市值将解禁，一级市场哪些机构手里持有的项目最多？ 解禁,36氪
774,2020-08-13,电子行业日报：板块持续轮动 短期震荡调整,新浪
775,2020-08-12,20家上市公司获海外机构调研 澜起科技最受关注,证券时报网
776,2020-08-10,乐鑫科技成长遇挫,和讯
777,2020-08-06,电子设备行业动态点评：集成电路板块再迎政策支持 全产业链或将受益,新浪
778,2020-08-06,涨停复盘 | 军工成市场最强主线，北斗星通强势四连板,第一财经
779,2020-08-06,科技行业日报：集成电路系列政策利好产业长期发展,新浪
780,2020-08-06,科创板“国产芯片”龙头：威胜信息、澜起科技等18家或迎重磅利好,和讯
781,2020-08-06,澜起科技中标东方证券计算资源升级改造项目,上证报
782,2020-08-06,集成电路板块未如期强劲，主因主力兑现意愿强烈,Wind
783,2020-08-05,海外机构调研股名单澜起科技最受关注,证券时报网
784,2020-08-05,澜起科技：计划今年完成第一代DDR5芯片量产版本研发,Wind
785,2020-08-05,半导体行业研究：全产业链加大扶持力度 分级优惠鼓励做强,国金证券股份有限公司
786,2020-08-05,国务院出手：3万亿芯片板块迎超重磅利好，细分龙头全梳理,证券时报网
787,2020-08-05,中信证券：集成电路产业促进新政利好整体集成电路板块,Wind
788,2020-08-05,国务院出手 3万亿芯片板块迎超重磅利好,金融界
789,2020-08-05,新经济龙头纷至沓来，科创板迎来多赢局面,Wind
790,2020-08-04,澜起：日新月异，澜起领跑芯片行业1,维库电子市场
791,2020-08-03,2020年8月投资策略：震荡中蕴含机遇 布局消费升级、科技创新,新浪
792,2020-08-02,国盛策略：8月科创板将成主战场,Wind
793,2020-07-31,澜起科技大宗交易成交46.89万股成交额3786.64万元,证券时报网
794,2020-07-31,"澜起科技现1笔大宗交易 共成交3,786.64万元",新浪
795,2020-07-31,澜起科技今日大宗交易成交46.89万股，成交价80.75元折价8.64%,Wind
796,2020-07-31,存储芯片研究系列十二：旺宏：NOR FLASH涨价带动Q2毛利率提升 预计Q3价格平稳,广发证券
797,2020-07-30,芯片股大多走软，韦尔股份、中兴通讯、兆易创新、澜起科技、汇顶科技、紫光国微普跌,Wind
798,2020-07-29,科创板：科创50正式登陆A股科创板公司减持压力持续 减持股份,新浪
799,2020-07-28,蚂蚁、京东、吉利抢着来这上市！中国版纳斯达克创下了哪些纪录,中国经济周刊
800,2020-07-28,芯片股普涨，韦尔股份、兆易创新、中兴通讯、澜起科技、沪硅产业-U集体走强,Wind
801,2020-07-26,科技硬件周报(7/25)：关注市场波动和美股业绩期,新浪
802,2020-07-26,电子行业每周市场动态追踪：消费终端需求回暖 看好三季度机会,新浪
803,2020-07-26,跟投科创板一周年！券商大赚135亿,中国基金报
804,2020-07-24,科创板9公司拟被甩卖93亿，投资者该不该慌？,Wind
805,2020-07-24,【A股午盘综述】上证指数半日下滑2.25%，创业板指、科创50均跌超4%,Wind
806,2020-07-24,芯片股多数跟随大市下滑，韦尔股份跌超3%,Wind
807,2020-07-24,中国长城(000066)：发布多路服务器芯片腾云S2500 打开行业应用市场,新浪
808,2020-07-24,科创板9公司公布减持计划，首现询价转让,Wind
809,2020-07-23,争相在科创板上市的47家半导体企业，下一步是并购吗？,雷锋网
810,2020-07-23,数据|科创板主力资金净流出109股澜起科技净流出率最高,科创板日报
811,2020-07-23,【A股收盘综述】上证指数探底回升收跌0.24%，机构抱团股涨势依旧如火如荼,Wind
812,2020-07-23,科创板一周年了，半导体产业唱大戏，未来拿什么抗衡纳斯达克？,时代在线
813,2020-07-23,券商热议科创板个股解禁：短期冲击有限，长期前景乐观,Wind
814,2020-07-22,CITE2020 领军企业鉴赏,电子工程世界
815,2020-07-22,科创板一年之变 指数出炉解禁潮起,时代在线
816,2020-07-22,科创50来了最高涨幅70%！4只ETF已上报，每天涨跌可达20%,中国基金报
817,2020-07-22,股民必看！这一重要指数发布！编制方法、样本股特征大揭秘,央视
818,2020-07-22,科创板系列跟踪之二十二：创新引领 无惧大考,新浪
819,2020-07-22,今天，上证综指变了！大盘冲击4000点？科创板1800亿天量解禁来袭，对市场有何影响？,21世纪经济报道
820,2020-07-22,科创板一周年：诞生6家千亿公司，89家股价翻倍,经济观察报
821,2020-07-22,《科创板白皮书2020》正式发布,上证报
822,2020-07-22,【科创板一周年】数说科创板上市企业TOP10：中芯国际研发投入最多 财富趋势营业利润率最高,新华网
823,2020-07-22,不同的经历，相同的“硬核” 它们站上了科创板舞台,上证报
824,2020-07-22,A股超级重磅：新版上证综指、科创板1800亿解禁,Wind
825,2020-07-22,重磅！科创板今日迎巨量解禁！ 解禁,国盛证券
826,2020-07-22,41家券商同享科创板盛筵，平均每家跟投浮盈超3.6亿元,Wind
827,2020-07-21,科技行业日报：美国扩容实体清单 个股影响较小,新浪
828,2020-07-21,城市|科创板之地理分布：长三角地区“三高” 上海集苏、京、粤产业之所长,科创板日报
829,2020-07-21,1803亿！明天，巨额解禁洪峰来袭！A股迎来大考 解禁,投资家
830,2020-07-21,科创板将迎近2000亿市值解禁大关，A股会砸出“黄金坑”还是被砸懵？ 解禁,中国经济周刊
831,2020-07-21,科创板周年大考！1825亿解禁潮来袭，明天科创板怎么走,中证报
832,2020-07-21,美光启动技术赋能计划，加速DDR5普及,电子信息产业网
833,2020-07-21,科技行业日报：中报业绩陆续披露 关注优质个股,新浪
834,2020-07-21,A股解禁洪峰将至 哪些股压力大？ 解禁,中证报
835,2020-07-20,科创板第一波解禁潮来袭：9家半导体/手机产业企业解禁市值达1200亿元！ 解禁,搜狐
836,2020-07-20,电子行业周报：台积电Q2业绩超预期 关注H1业绩优异企业,新浪
837,2020-07-20,本周迎下半年最大解禁高峰 3000亿解禁影响几何？,经济观察报
838,2020-07-20,科创板千亿市值公司不断扩充 中芯国际、金山办公等6家超过千亿市值,资本邦
839,2020-07-20,A股周三迎大考！监管祭出四层“缓冲垫”,券商中国
840,2020-07-20,本周2500亿巨额解禁来袭！A股会受多大影响？,21世纪经济报道
841,2020-07-20,年内第二大解禁“洪峰”到来 两只千亿市值明星股解禁市值最大 解禁,每经牛眼
842,2020-07-20,科创板1800亿解禁洪峰将至，监管祭出四层“缓冲垫”,Wind
843,2020-07-19,科创板首批解禁洪流来袭 券商策略：有惊无险，影响有限 解禁,中国基金报
844,2020-07-19,科创板领衔 A股迎下半年最大解禁周 解禁,北京商报
845,2020-07-19,近5万股民心悬悬：两只千亿市值明星股下周解禁市值最大(名单) 解禁,每经网
846,2020-07-19,A股重磅！就在下周，2500亿巨额解禁来袭！200万股东惊心：股价会大跌么？券商首席们这么看！ 解禁,中国基金报
847,2020-07-19,下周操盘攻略：超2500亿元限售股解禁，12只新股迎来申购,Wind
848,2020-07-19,国盛证券：调整机会是稀缺的，胜利属于乐观者,Wind
849,2020-07-19,下周限售股解禁市值达2588.81亿元，中微公司、澜起科技榜上有名（附名单） 解禁,每日经济新闻
850,2020-07-19,【科创板开市周年】数说：募资近2000亿 85股较发行价翻倍 四类公司受青睐,经济观察网
851,2020-07-19,就在下周！A股解禁洪峰将至，这两家半导体明星公司“鸭梨山大” 解禁,中证报
852,2020-07-19,数说科创板周年,经济观察报
853,2020-07-18,警惕！超2500亿解禁将至 两大芯片迎考验（名单）,证券时报
854,2020-07-18,警惕！超2500亿解禁将至，两大芯片迎重大考验，十倍牛股赫然在列 解禁,搜狐
855,2020-07-18,警惕！超2500亿解禁将至，十倍牛股赫然在列，7股解禁比超五成（名单） 解禁,证券时报网
856,2020-07-18,A股“千亿俱乐部”，北京、广东各晋9家占鳌头,Wind
857,2020-07-17,芯片企业将成为科创板最好招牌,上观
858,2020-07-17,中芯国际上市大涨背后，折射出科创板三个新趋势,上观
859,2020-07-17,证券时报头版：中芯国际刮起“情感估值”，投资者需兼顾产业规律,Wind
860,2020-07-16,美光启动技术赋能计划，加速 DDR5 普及,电子产品世界
861,2020-07-16,电子行业2020年中期策略：寻找疫情冲击和贸易摩擦变局下的投资机会,新浪
862,2020-07-16,【每日晨报】0716丨出口韧性仍然较强，3季度面临订单减少压力—2020年6月进出口点评,中国银河证券研究
863,2020-07-16,科创板两千亿解禁市值压顶，业界称影响“有惊无险” 解禁,Wind
864,2020-07-16,世界半导体投资巨头华登国际：33年投出一个半导体帝国,证券时报网
865,2020-07-15,澜起科技：公司内存接口芯片可支持ARM架构CPU,科创板日报
866,2020-07-14,3只科创板个股主力资金净流入超亿元,证券时报网
867,2020-07-14,银河科创板周报20200712：科创板将迎解禁潮 预计对市场影响度有限,科创TMT靖观其变
868,2020-07-14,芯片股整体低迷，韦尔股份、兆易创新逆市上涨,Wind
869,2020-07-14,3400点之上，这四个消息要重视,Wind
870,2020-07-13,电子行业周报：半导体行业再迎春风 5G手机出货占比提升,新浪
871,2020-07-13,芯片股走升分化，韦尔股份、中微公司、兆易创新、澜起科技、汇顶科技逆市下跌,Wind
872,2020-07-13,澜起科技行业领跑市值1年增长1000亿 专注内存接口芯片净利连续三年高增长,长江商报
873,2020-07-11,科创板2200亿解禁来袭，业界称市场承压有限,Wind
874,2020-07-10,周五机构一致看好的七大金股（07.10）,中金在线
875,2020-07-10,澜起科技(688008)：深耕服务器优质赛道 受益数据中心扩建,新浪
876,2020-07-09,澜起科技：约3.41亿股限售股7月22日解禁 解禁,科创板日报
877,2020-07-09,科技行业日报：国内首款中国芯DDR4内存条大规模量产,新浪
878,2020-07-09,澜起科技：占总股本30.492%限售股将于7月22日上市流通 解禁,Wind
879,2020-07-09,国际资管巨头高呼增持中国股票，看看海外机构调研了哪些标的,上证报
880,2020-07-08,科技行业日报：半年报业绩陆续出炉 优质个股涌现,新浪
881,2020-07-08,睿财看市场：数据宝,新浪
882,2020-07-08,寒武纪募资不及预期，AI芯片第一股上市临考,21世纪经济报道
883,2020-07-07,中一签或赚10万！又有新股大肉签 每股64.39元！,中国基金报
884,2020-07-07,深度*行业*电子行业周点评：SEMI预测晶圆厂设备支出温和复苏 2021年有望创纪录,新浪
885,2020-07-07,每日理财观察：股票ETF单日成交额创历史第三高，爆款基金再现,Wind
886,2020-07-07,陆家嘴财经早餐2020年7月7日星期二,Wind
887,2020-07-07,逾2000只公募产品参与中芯国际打新，半导体龙头或扛起牛市大旗,Wind
888,2020-07-07,存储器巨头推动NAND布局投资 五股蓄势待发,证券时报
889,2020-07-06,寒武纪科创板上市发行价格为64.39元/股,Wind
890,2020-07-06,科技行业日报：中芯国际将申购 利好半导体设备与材料,新浪
891,2020-07-06,金融街下午茶2020年7月6日星期一,Wind
892,2020-07-06,电子行业点评：旺季来临 看好三季度表现,新浪
893,2020-07-06,半导体板块持续拉升，沪硅产业-U涨停,Wind
894,2020-07-06,“意念”涨停？13只中芯国际影子股名单来了！,中证报
895,2020-07-06,中芯国际确定27.46元发行价，7月7日打新！大基金获配35亿元,Wind
896,2020-07-06,多家上市公司间接参与中芯国际战略投资,Wind
897,2020-07-06,紫光国微(002049)：中国特种集成电路平台型王者,光大证券
898,2020-07-06,陆家嘴财经早餐2020年7月6日星期一,Wind
899,2020-07-05,澜起科技：2亿元参与中芯国际科创板IPO战略配售,中国证券网
900,2020-07-05,晚间重要公告2020年7月5日星期日,Wind
901,2020-07-05,中芯国际7月7日申购，A股多家上市公司参股,Wind
902,2020-07-03,科创板千亿解禁洪峰将至，上交所发减持细则,Wind
903,2020-07-03,QFII集中调研澜起科技 全球市占率46%的存储芯片龙头,巨丰财经
904,2020-07-03,【兴证海外TMT】全面拆解存储行业，前瞻供求关系与景气,张忆东策略世界
905,2020-07-02,电子行业中报展望专题：电子行业2020年中报业绩展望,新浪
906,2020-07-01,电子行业2020年中报业绩展望：电子行业中报展望专题,新浪
907,2020-06-30,芯片产业链暴涨，外资重金杀入！看活跃资金重点加仓股,证券时报网
908,2020-06-29,电子行业研究周报：SIC材料将助力汽车行业新变革,新浪
909,2020-06-29,睿财看市场：结构性慢牛行情持续！注册制提供更多动力！,恒泰睿财
910,2020-06-29,解禁洪峰第二波！科创板与医药成主力(附名单),证券时报网
911,2020-06-28,电子行业周报：电视面板进入上涨周期 苹果电脑将使用自研芯片,新浪
912,2020-06-28,睿财看市场：数据宝,新浪
913,2020-06-27,"瑞幸退市！将于29日停牌；马云孙正义互退董事会，不存在任何分歧；小米拟回购不超过公司10%的股份，涉资305亿港元|科技股周报
重大事项停牌",创业邦
914,2020-06-24,澜起科技：更换持续督导保荐代表人,Wind
915,2020-06-24,上证综指温和收升0.3%创业板指连涨9日，明星股继续批量刷新新高,Wind
916,2020-06-24,上证综指半日升0.15%，半导体概念板块大涨稳定市场,Wind
917,2020-06-24,【行情】半导体板块持续走高，扬杰科技涨停，澜起科技涨9%,金十数据
918,2020-06-24,半导体板块持续拉升，澜起科技、汇顶科技、紫光国微等大涨,Wind
919,2020-06-24,澜起科技出2019分红方案：每10股分红3元，合计派发现金3.39亿元,资本邦
920,2020-06-23,澜起科技(688008.SH)年报推10派3元股权登记日7月3日,格隆汇
921,2020-06-22,解盘：科技股走强，IGBT、国家大基金、次新股领涨,Wind
922,2020-06-21,【安信电子|每周观点】LCD面板价格六月份拐点确立，继续坚定看好面板行业的投资机会,晓说电子
923,2020-06-21,科创50成份股扫描：总市值过万亿 平均净利2.75亿元,北京商报
924,2020-06-21,A股4600亿解禁洪峰7月来袭，11股超百亿 解禁,证券时报
925,2020-06-19,上证科创板50指数成分股总市值突破万亿,Wind
926,2020-06-19,科创板50指数来了！这些股票入选,Wind
927,2020-06-19,上交所：7月23日正式发布“科创50”指数实时行情,Wind
928,2020-06-19,中邮证券晨会纪要,新浪
929,2020-06-19,掘金科创板：拉萨顺盈错失千倍收益 谁是科创板VC/PE赢家,投资者网
930,2020-06-17,6月逾200亿减持，4千亿巨量解禁下月将至,Wind
931,2020-06-17,科创板：科创板迎来首例并购重组中芯国际将火速完成过会,新浪
932,2020-06-16,【东方电子】澜起科技：内存接口芯片持续高增长，新产品打开长期空间,电子论剑
933,2020-06-16,逾半数科创板公司股价翻倍,Wind
934,2020-06-10,科创板这一年： 标的股扩容三倍 3股市值破千亿,北京商报
935,2020-06-10,“融资+融智+融技+投资” “浦发模式”助力上海科创中心建设,中国金融新闻网
936,2020-06-10,20余家科创板公司推出股票激励计划 低于市价五折授权助企业留住人才,长江商报
937,2020-06-03,8家科创板企业去年披露股权激励计划 偏爱设置更灵活的考核体系,证券日报
938,2020-06-03,小心，清仓减持又来了！注意，1天4家公司被举牌（附名单）,Wind
939,2020-06-03,科创板AI芯片第一股来了：300亿估值！,中国基金报
940,2020-06-02,5月450亿减持创年度新高，科技医疗抛售居前,Wind
941,2020-06-02,半导体清洗设备龙头盛美股份叩门科创板 增资估值超50亿,新浪
942,2020-06-02,电子行业2020中期策略报告：5G创新持续 半导体国产空间大,新浪
943,2020-05-29,科技行业日报：震荡调整下防御为主,新浪
944,2020-05-23,民生证券：持续看好5G创新及半导体国产化大趋势(股),新浪
945,2020-05-21,融资+融智+融技+投资，金融助力上海科创中心建设的“浦发模式”,和讯
946,2020-05-21,年度减持1400亿科技股承压，将再迎解禁高峰,Wind
947,2020-05-21,银河证券每日晨报,新浪
948,2020-05-20,澜起科技现1笔大宗交易 共成交662.67万元,新浪
949,2020-05-20,澜起科技今日大宗交易成交6.64万股，成交价99.77元溢价0.0%,Wind
950,2020-05-20,华为芯片牵动人心科技龙头反扑 六股迎新生,证券时报
951,2020-05-19,资金汇集白马股，A股千亿市值军团扩至近百家,Wind
952,2020-05-19,34家券商跟投科创板实现浮盈超64亿元，加码布局另类子公司,Wind
953,2020-05-18,科创板收评 | 两只新股登陆科创板，上市首日涨幅均逾90%,第一财经
954,2020-05-18,A股千亿市值扩容至近百家，牛股这些特征你看清了吗？,上证报
955,2020-05-18,澜起科技：东方飘来5G的云，云中有颗澜起的“芯”,证券时报网
956,2020-05-18,投资就是赌国运 半导体核心逻辑可看十年 这些产业链个股有望崛起,证券时报
957,2020-05-08,国产芯片服务器大规模招标 六股迎腾飞契机,证券时报网
958,2020-05-06,中芯国际拟登陆科创板，科技股“满血复活”,Wind
959,2020-05-06,47家上市公司员工年薪超50万，科技行业增幅高,证券时报网
960,2020-05-02,安信国际│美股私有化专题一：中概股私有化核心要点,安信国际
961,2020-05-01,券商首次关注5股并给予买入评级（5月1日）,Wind
962,2020-04-30,【安信电子|季报点评】澜起科技：深耕内存接口芯片，服务器平台静待放量,晓说电子
963,2020-04-30,科创板年报|半导体板块：澜起科技净利润最高中微公司增速最快,科创板日报
964,2020-04-30,澜起科技：2020年津逮服务器平台毛利将转正,上证报
965,2020-04-30,澜起科技：今年完成第一代DDR5芯片量产版本研发,金融界
966,2020-04-30,科创板上市满百家，8张图看清市场动态,Wind
967,2020-04-30,【行情】科创板板块早盘大涨，聚辰股份涨停，沪硅产业涨9%，华特气体涨7.53%，中微公司、澜起科技跟涨。,金十数据
968,2020-04-29,科创板迎来第100家上市企业，近两成公司研发投入占比20%以上,Wind
969,2020-04-28,晨会聚焦200428重点关注立讯精密、传艺科技、宋城演艺、柏楚电子、澜起科技、传音控股、卓胜微、恒生电子,国信研究
970,2020-04-28,澜起科技（688008）财报点评：一季度实现开门红，反转进行中,国信研究
971,2020-04-26,【中银电子研究】澜起科技：Q1环比提升明显，DDR5升级将带动价值量提升,ZQtechnology
972,2020-04-26,澜起科技2020一季度盈利2.63亿元，2019盈利9.33亿元,资本邦
973,2020-04-25,【安信电子|每日观点】Intel Q1营收超预期；DCG收入同比大增43%，上年同期下滑6%,晓说电子
974,2020-04-25,澜起科技去年净利9.3亿寻找产业链投资及并购机会,证券时报
975,2020-04-24,服务器及DRAM市场疲软澜起科技2019年营收小幅下滑这一情况需警惕 盈利能力下降,科创板日报
976,2020-04-24,澜起科技：将继续推进在研项目的研发工作目标,科创板日报
977,2020-04-24,科创板晚报|澜起科技一季度净利增16.5%山东首家独角兽企业拟赴科创板IPO,科创板日报
978,2020-04-24,澜起科技2019年净利增长27% 一季度净利增长17%,金融界
979,2020-04-24,澜起科技2019年净利突破9亿元 将寻找产业投资及并购机会,e公司
980,2020-04-24,澜起科技年报：2019年净利同比增26.6%一季度增16.5%,科创板日报
981,2020-04-24,澜起科技：2019年净利润同比上涨26.6% 拟10派3元,金融界
982,2020-04-24,澜起科技：2019年净利9.33亿元 同比增27%,e公司
983,2020-04-24,澜起科技(688008.SH)：2019年度净利润升26.6%至9.33亿元 拟10派3元,格隆汇
984,2020-04-24,澜起科技：2019年净利润同比增长26.6%,Wind
985,2020-04-24,澜起科技(688008.SH)：一季度净利升16.5%至2.63亿元,格隆汇
986,2020-04-24,澜起科技：一季度净利润同比增长16.5%,Wind
987,2020-04-23,卓易信息董事长谢乾：将为联想、华为、中科曙光、澜起科技等加强服务器产品开发,科创板日报
988,2020-04-22,阿里云两千亿加码新基建，产业链亟待爆发,证券时报网
989,2020-04-15,36氪专访 | 英特尔资本：每年投资5-8家公司，最快尽调只要2周,36氪
990,2020-04-03,挖掘交易数据，看懂科创板行情。,科创板日报
991,2020-04-02,科创板收评 | 6只个股涨幅超10%，仅有博瑞医药、东方生物收跌,第一财经
992,2020-04-01,42只科创板股融资余额环比增加,证券时报网
993,2020-03-31,解码科创板｜26股飘红 澜起科技收涨3.66%,上游新闻
994,2020-03-27,华为P40发布 A股受益公司一览,中财网
995,2020-03-21,电子板块安全边际凸显，机构推荐三大主线22只个股,Wind
996,2020-03-19,晨会聚焦200319重点关注腾讯控股、电子行业、哔哩哔哩、冀东水泥,国信研究
997,2020-03-17,科创板收评 | 个股涨跌互现 紫晶存储和安恒信息涨超10%,第一财经
998,2020-03-15,科创板第三十三周交易大复盘：新鲜事有趣事创纪录的事一应俱全,新浪
999,2020-03-13,晨会聚焦200313重点关注前沿科技、基础化工、国防军工、长安汽车、汤臣倍健、友邦保险,国信研究
1000,2020-03-11,晨会聚焦200311重点关注通信、新能源、汉钟精机、长安汽车、汽车行业、鼎龙股份、华为HMS、传媒、运达科技,国信研究
1001,2020-03-10,科创板收评 | 科创板重现普涨格局 芯源微涨停,第一财经
1002,2020-03-10,中国澜起DDR4架构被国际标准采纳，能参与DDR5内存标准的制定,唯样资讯
1003,2020-03-10,澜起科技表示正参与DDR5内存标准的制定,唯样资讯
1004,2020-03-10,晨会聚焦200310重点关注中公教育,国信研究
1005,2020-03-09,科创板企业“露富”收红包 谨防政府补助依赖症,资本邦
1006,2020-03-09,中金：行稳致远的科创板（科创板系列17）,中金策略
1007,2020-03-06,晨会聚焦200306重点关注通信、钢铁、房地产、纺织服装、医保改革,国信研究
1008,2020-03-06,澜起科技：上市以来累计获得政府补助7678.04万元,金融界
1009,2020-03-05,澜起科技：过去12个月获政府补助7835.86万元,中证网
1010,2020-03-05,澜起科技：累计获得7836万元政府补助,e公司
1011,2020-03-05,澜起科技(688008.SH)：累计获得政府补助款项共7835.86万元,格隆汇
1012,2020-03-05,【行情】半导体及元件板块小幅回升，兴森科技涨5%，华正新材、澜起科技、铜峰电子等跟涨。,金十数据
1013,2020-03-05,晨会聚焦200305重点关注珀莱雅、建筑行业、内蒙一机、长盈精密,国信研究
1014,2020-03-05,外资配置A股或提速！富时罗素最新目录公布（附全名单）,Wind
1015,2020-03-04,富时罗素宣布对富时中国A50指数等多个指数季度审核变更,Wind
1016,2020-03-04,晨会聚焦200304重点关注直播电商行业,国信研究
1017,2020-03-04,【科新先声】科创板公司上市首份年度快报，TMT行业公司表现如何？【安信诸海滨团队】,诸海滨科新先声
1018,2020-03-03,安信证券：5G网建号角吹响 数据中心产业成长可期,金融界
1019,2020-03-03,【电子-马良】数据中心产业链梳理：CPU平台升级，DRAM周期反转，PCB量价齐升,安信证券研究
1020,2020-03-02,SK海力士、三星为大客户，澜起科技称暂未收到停产通知 经营问题,观察者网
1021,2020-03-02,韩国三星停产？澜起科技：目前暂未接到客户停产通知 经营问题,资本邦
1022,2020-03-02,澜起科技回应韩国疫情影响:暂未接到三星等停产通知 经营问题,网易
1023,2020-03-02,澜起科技：暂未接到韩国客户停产通知，对公司的经营暂未产生重大影响 经营问题,第一财经
1024,2020-02-28,3只科创板个股主力资金净流入超亿元,证券时报网
1025,2020-02-28,【中金电子与通信】澜起科技（688008.SH）：业绩快报符合预期，2020年行业上行带动收入成长,乐平科技视角
1026,2020-02-28,晨会聚焦200228重点关注立讯精密、顺网科技、宁德时代、中公教育、德赛西威、深信服,国信研究
1027,2020-02-27,澜起科技（688008）财报点评：盈利能力大幅提升，5G周期持续成长,国信研究
1028,2020-02-27,晨会聚焦200227重点关注云视讯行业、澜起科技,国信研究
1029,2020-02-27,【国信电子|点评】澜起科技：盈利能力大幅提升，5G周期持续成长,国信电子研究
1030,2020-02-27,43家科创板公司披露业绩快报，逾八成去年净利增长,Wind
1031,2020-02-27,【中银电子研究】澜起科技:营收平稳，净利润持续增长,ZQtechnology
1032,2020-02-26,澜起科技：2019年净利润同比增26.60%（业绩快报）,Wind
1033,2020-02-26,澜起科技业绩快报：2019年净利9.33亿元，同比增长26.6%,第一财经
1034,2020-02-26,澜起科技业绩快报：2019年实现净利润9.33亿元 同比增长26.6%,金融界
1035,2020-02-26,澜起科技(688008.SH)业绩快报：2019年度净利润升26.6%至9.33亿元,格隆汇
1036,2020-02-26,澜起科技业绩快报：2019年净利9.33亿元 同比增27%,e公司
1037,2020-02-26,晨会聚焦200226重点关注湿电子化学品行业、亿联网络、食品饮料、化工、凯利泰,国信研究
1038,2020-02-24,晨会聚焦200224重点关注特斯拉、电子、半导体、车路协同行业、银行、智能网、医疗信息化行业、申洲国际,国信研究
1039,2020-02-21,2月21日科创板主力资金净流出7.69亿元,证券时报网
1040,2020-02-21,沪指历次“带量”站上3000点,Wind
1041,2020-02-19,晨会聚焦200219重点关注社会服务、化妆品、电力设备新能源、苏试试验,国信研究
1042,2020-02-19,机构游资节后狂扫货 过亿大单力撑10股（名单）,投资快报
1043,2020-02-18,千亿“半导体”的投资“图景”,环球老虎财经
1044,2020-02-17,如何复制快速崛起的半导体“春秋五霸”？,慧聪电子网
1045,2020-02-14,科创板午后明显走弱，道通科技、安恒信息跌超8%,Wind
1046,2020-02-13,晨会聚焦200213重点关注半导体、食品饮料、锂电,国信研究
1047,2020-02-12,【行情】芯片股继续走强，深康佳A、上海新阳、兴森科技、杨杰科技等多股涨停，捷捷微电、澜起科技、华微电子等涨逾6%。,金十数据
1048,2020-02-12,晨会聚焦200212重点关注医药生物、国防军工、意华股份,国信研究
1049,2020-02-11,科创板午后异动，虹软科技冲击涨停,Wind
1050,2020-02-11,存储芯片新一轮涨价周期开启，关注半导体各细分领域龙头,第一财经
1051,2020-02-10,科创板收评 | 科创板个股涨跌互现 “天价”新股明日申购,第一财经
1052,2020-02-09,数据〡节后科创板异动频现 机构入手医疗、信息技术个股 这家公司被抢筹逾4亿元,科创板日报
1053,2020-02-09,华峰测控：产品与销售双引擎 实现可持续发展,挖贝网
1054,2020-02-07,芯片概念爆发 环保板块大幅拉升 6股引关注,证券时报
1055,2020-02-07,科创板收评：个股涨跌互现虹软科技、澜起科技涨停优刻得四天三板,科创板日报
1056,2020-02-07,解码科创板｜澜起科技等9只个股涨超10%！,上游新闻
1057,2020-02-07,澜起科技股价涨停,科创板日报
1058,2020-02-07,科创板澜起科技涨停，市值超1200亿元，为科创板第一大市值公司,腾讯网
1059,2020-02-07,芯片、半导体再度走强 澜起科技大涨近20%,每日经济新闻
1060,2020-02-05,科创板收评 | 科创板股民赚嗨了！14股涨逾10%，东方生物首日涨587%,第一财经
1061,2020-01-23,中微之后，科创板第二家破千亿市值的半导体公司诞生！,国际电子商情
1062,2020-01-22,科创板午后集体爆发，芯源微涨停,Wind
1063,2020-01-21,澜起科技：专注“印刷”中国芯,上证报
1064,2020-01-18,仅用123天！科创板首家千亿市值企业诞生，半导体龙头股价半个月翻倍，机构高位减持 减持股份,华夏时报
1065,2020-01-16,【东吴电子王平阳团队】周报: 本土主流存储器产业链投资机遇,东吴电子研究
1066,2020-01-16,科创板首轮36亿市值限售股松绑来袭 下半年将迎解禁高峰 解禁,21世纪经济报道
1067,2020-01-16,科创板22日迎首批解禁限售股投资者别太担心 解禁,重庆商报
1068,2020-01-16,科创板首轮36亿市值限售股松绑来袭下半年将迎解禁高峰 解禁,21世纪经济报道
1069,2020-01-15,首批25家科创板限售股下周三解禁 业内人士：对二级市场冲击有限 解禁,重庆商报
1070,2020-01-14,数据|科创板首轮1.24亿限售股解禁来袭！机构账面浮盈19亿，这家公司解禁市值最大 解禁,科创板日报
1071,2020-01-14,澜起科技：本次解禁主要是机构 是否会减持目前不清楚 丨公司问答 解禁,第一财经
1072,2020-01-13,澜起科技(688008.SH)：470.3973万股限售股22日解禁 解禁,格隆汇
1073,2020-01-13,澜起科技：占总股本0.4163%限售股将于1月22日上市流通 解禁,Wind
1074,2020-01-09,专题：中国上市公司高质量发展在行动,证券时报网
1075,2020-01-08,科创板澜起科技：已完成第一子代工程版芯片流片及功能验证,科创板日报
1076,2020-01-08,澜起科技(688008.SH)向304名激励对象首次授予1350万股限制性股票,格隆汇
1077,2020-01-08,33只科创板股融资余额环比增加,证券时报网
1078,2020-01-06,A股2019：十大IPO科创板占4席谁是“募资王”,新京报
1079,2020-01-03,"金山办公领涨科创板,澜起科技总市值809亿封王,券商揽入佣金8亿",华夏时报
1080,2020-01-02,澜起科技等公司产品入围2019年上海市创新产品首购产品清单,Wind
1081,2019-12-31,科创板开局之年盘点 202家公司受理 109家通过 新一代信息技术占比最高 合计拟募资1750亿元,中证报
1082,2019-12-27,8家科创板公司股权激励解码：打破五折限价“带期”上市可期,Wind
1083,2019-12-23,2019年这十大热门概念 你抓住了几个？,中证报
1084,2019-12-19,解读科创板 | 股权激励政策灵活度提升，6企大破“50%”价格限制,时代在线
1085,2019-12-17,澜起科技（688008）深度：东海明珠还，科创波澜起,国信研究
1086,2019-12-16,6家科创板企业推股权激励：最低仅2.9折 二级市场浮盈最高近4倍,挖贝网
1087,2019-12-16,澜起科技：上市后公司具备更好的资金支持和融资渠道,证券时报网
1088,2019-12-16,澜起科技：先做强再做大 将着重发力服务器市场,证券时报网
1089,2019-12-16,澜起科技：正积极参与DDR5国际标准制定,e公司
1090,2019-12-16,【高管面对面】澜起科技：为云计算和人工智能提供高性能芯片解决方案,证券时报网
1091,2019-12-16,6家科创板企业推股权激励计划 激励对象覆盖率最高者达96.8%,证券日报
1092,2019-12-13,中国芯上市公司平均工资榜：澜起科技人均年薪121万元居首,科创板日报
1093,2019-12-13,有的几乎全员变股东 有的授予价格更灵活 科创板公司股权激励尺度很诱人,上证报
1094,2019-12-04,科创板走势分化，中微公司大涨9%,Wind
1095,2019-11-29,科创板家族里的“单项冠军”都是谁？,Wind
1096,2019-11-28,谁是“专利王”？谁是“牛学霸”？盘点科创板家族里的“NO.1”,上证报
1097,2019-11-27,腾讯、华为要来了！CITE2020人工智能展区十大AI焦点推荐,慧聪电子网
1098,2019-11-27,中国电子信息博览会CITE2020 集成电路展区 十大半导体领军企业推荐,慧聪电子网
1099,2019-11-20,【科新先声】科创板TMT公司三季报数据大揭秘【安信诸海滨团队】,微信
1100,2019-11-05,科创板公司三季报业绩分化 10家公司净利增速超过100% 盈利能力下降,羊城晚报
1101,2019-11-05,科创板一周年：14只个股较发行价翻倍 整体步入冷静期,新京报
1102,2019-11-05,制度创新经受住市场检验,新京报
1103,2019-11-04,全球公有云市场预计突破2000亿美元，高景气周期下关注云计算产业链,第一财经
1104,2019-11-03,科创板公司前三季成绩单出炉！10家盈利翻倍,券商中国
1105,2019-10-29,澜起科技前三季净利增长32%,金融界
1106,2019-10-29,澜起科技公布三季报 前三季净利增加31.99%,新浪
1107,2019-10-29,科创板澜起科技：前三季净利同比增31.99%,第一财经
1108,2019-10-29,澜起科技(688008.SH)前三季度净利润升31.99%至7.44亿元,格隆汇
1109,2019-10-29,科创板澜起科技：前三季度净利润同比增31.99%,Wind
1110,2019-10-29,11只科创板股票为保荐券商带来跟投浮盈均超5000万元,Wind
1111,2019-10-26,成长股为矛蓝筹股为盾 基金大幅提升科技股配置,红周刊
1112,2019-10-22,科创板又一家，澜起科技拟推限制性股票激励计划，覆盖超九成员工,环球老虎财经
1113,2019-10-22,科创板｜澜起科技拟向306名激励对象授予1650万股限制性股票,TechWeb
1114,2019-10-22,几乎全员参与!澜起科技拟推限制性股票激励,上证报
1115,2019-10-22,公司发“红包”，只有10人没领到 澜起科技股权激励方案出炉,每日经济新闻
1116,2019-10-21,澜起科技向全员“发红包”：拟推1650万股股权激励，每股价格25元,21世纪经济报道
1117,2019-10-21,澜起科技推限制性股票激励计划 授予价格为25元/股,e公司
1118,2019-10-21,澜起科技(688008.SH)拟向306名激励对象首次授予1350万股限制性股票,格隆汇
1119,2019-10-21,科创板澜起科技：拟推出1650万股股权激励计划,Wind
1120,2019-10-21,科创板澜起科技：拟推1650万股股权激励,e公司
1121,2019-10-20,【广发策略|科创板】北上资金 “活水”进行时,戴康的策略世界
1122,2019-10-20,【广发策略|科创板】北上资金进场首周复盘,戴康的策略世界
1123,2019-10-17,上海产业转型升级发展专项资金（人工智能）拟支持单位公示 澜起科技等在列,e公司
1124,2019-10-02,科创板70天：33家上市公司26家独角兽 总市值6000亿元,挖贝网
1125,2019-09-29,英特尔投资第四家冲科创板 芯原股份营收现负增长,新浪
1126,2019-09-27,科创收盘28涨2跌 1股涨幅超10%,中财网
1127,2019-09-26,半导体产业链：自主替代，A股特色公司介绍(下篇),Wind
1128,2019-09-25,跟投科创板收益榜单出炉，15家券商浮盈逾22亿元,Wind
1129,2019-09-24,科创板第一股争夺战：中国通号跌破1000亿澜起科技迅速逼近,挖贝网
1130,2019-09-24,科创板股票全线飘红,Wind
1131,2019-09-24,科创板表现活跃，中微公司涨超6%,Wind
1132,2019-09-19,【科新先声】详解科创板14家TMT公司中报，细探其发展态势如何？【安信诸海滨团队】,微信
1133,2019-09-16,澜起科技止跌回升 今日小幅上涨0.07%,TechWeb
1134,2019-09-11,澜起科技:动作涛澜起 只为中国芯,经济日报
1135,2019-09-10,澜起科技上半年净利4.5亿 研发费1.5亿占营收超17%,新浪
1136,2019-09-09,澜起科技：上半年津逮服务器平台产品处于市场推广阶段,Wind
1137,2019-09-09,[互动]澜起科技：上半年津逮服务器平台产品处于市场推广阶段,全景网
1138,2019-09-09,科创板跟盘丨20只个股飘红 澜起科技领涨,第一财经
1139,2019-09-05,半年报解密谁是打工皇帝，“高薪区地图”再现,21世纪经济报道
1140,2019-09-05,【山证两融】融资融券周报(20190826-20190830) 2019年第34期,山西证券研究所
1141,2019-09-03,资本市场改革试验田科创底色扫描：近四成公司净利过亿 技术驱动高增长,时代周报
1142,2019-09-01,科创板中报首交成绩单 看看哪家公司最赚钱？,重庆商报
1143,2019-09-01,澜起科技半年报压轴收尾，近九成科创板企业业绩增长,新浪
1144,2019-08-31,科创板交出首份“中考”成绩单28家公司营收集体增长,证券时报
1145,2019-08-30,科创板｜澜起科技今年上半年营收8.79亿元 同比增长24%,TechWeb
1146,2019-08-30,乐视网中报巨亏百亿 再敲退市警钟 重大损失,财富动力网
1147,2019-08-29,澜起科技登陆科创板首份财报：上半年净利4.51亿,新京报
1148,2019-08-29,澜起科技上半年净利润同比增长42.38%,中证网
1149,2019-08-29,澜起科技(688008.SH)半年度净利润升42.38%至4.51亿元 研发费用升59.57%,格隆汇
1150,2019-08-29,澜起科技：上半年净利4.51亿元 同比增42%,第一财经
1151,2019-08-29,科创板澜起科技：上半年净利润4.51亿元，同比增长42.38%,Wind
1152,2019-08-29,科创板午后集体走高，瀚川智能大涨11%,Wind
1153,2019-08-29,金融创新构建逾百亿元“护城河” 华西股份开启产融结合新征程,证券日报
1154,2019-08-27,【山证两融】融资融券周报(20190819-20190823) 2019年第33期,山西证券研究所
1155,2019-08-26,科创收盘25涨3跌 1股涨幅超10%,中财网
1156,2019-08-21,科创板“满月”全景图：平均上涨170%，交易回归理性,Wind
1157,2019-08-21,科创收盘1涨27跌 1股跌幅超10%,中财网
1158,2019-08-19,澜起科技：拟出资10亿元支持子公司实施募投新一代内存接口芯片研发及产业化项目,Wind
1159,2019-08-16,科创板第四周数据秀,Wind
1160,2019-08-16,"电子行业:5G推动换机潮来临,产业链多环节机遇将至",东吴证券
1161,2019-08-09,科创板第三周行情走低 平均周跌幅11.55%,新京报
1162,2019-08-07,科创收盘16涨9跌 1股涨幅超10%,中财网
1163,2019-08-07,科创板现上市以来最大调整 融券余额持续上升,证券时报
1164,2019-08-06,【山证两融】融资融券周报(20190729-20190802) 2019年第30期,山西证券研究所
1165,2019-08-05,澜起科技：内存接口芯片全球龙头再起航,红周刊
1166,2019-08-05,"澜起科技:内存接口芯片全球龙头,津逮服务器CPU未来可期",证券之星
1167,2019-08-04,一文看懂科创板受理149家企业,中信建投证券研究
1168,2019-08-02,科创板第二周总结：成交额1417.65亿 通号市值破千亿,新浪
1169,2019-08-02,科创板第二周渐趋平稳 8月新股上市或“断档”,新京报
1170,2019-08-02,科创板第二家千亿企业：澜起科技股价再次突破1000亿元,挖贝网
1171,2019-08-01,科创板涨幅重新排序，2股涨停，5股创上市新高,Wind
1172,2019-08-01,科创收盘25涨 1股涨幅超20%,中财网
1173,2019-08-01,科创板融券渐向个人开放，多股融券余额跻身全A前20名,Wind
1174,2019-07-31,科创收盘23涨2跌 1股涨幅超10%,中财网
1175,2019-07-31,澜起科技：第一代DDR5内存接口芯片正在研发中,e公司
1176,2019-07-30,20%涨跌幅限制首日科创板25只股全线飘红,新京报
1177,2019-07-29,科创板25股今日全部上涨 安集科技股价依旧最高沃尔德涨幅居首,TechWeb
1178,2019-07-29,海天瑞声上会前夕撤退 审计机构瑞华旗下29家IPO项目中止 IPO融资异常,长江商报
1179,2019-07-29,科创板“保荐+跟投”制衡券商“一锤子买卖”,国际金融报
1180,2019-07-28,瑞华所39项IPO、再融资被叫停 审计机构再遭信任危机 IPO融资异常,第一财经
1181,2019-07-28,科创板首周战报①|25股总市值近5200亿，18股股价翻倍，中国通号市值突破千亿,重庆商报
1182,2019-07-28,科创板5天涨多少？涨幅最多相当15个一字板 25股稳赚,新浪
1183,2019-07-27,科创板首周记：谁最具赚钱效应？谁最受融资客青睐？（表）,经济观察网
1184,2019-07-26,"科创板首批个股""无限制""结束:你是不是赚钱的那70%？",新浪
1185,2019-07-26,科创板首周：4只百元股2股累计成交额破百亿,挖贝网
1186,2019-07-26,科创板个股首周表现：7成个股有赚钱效应、小盘股炒作热情高,每日经济新闻
1187,2019-07-26,科创板下一批新股已在路上 一年后解禁潮规模不小,第一财经
1188,2019-07-25,开板涨跌三日 做芯片的有前途,和讯
1189,2019-07-25,科创板开市次日理性回调 25股总市值回撤逾500亿元,新浪
1190,2019-07-25,太平洋电子刘翔团队|科创硬科技系列之十二：澜起科技——内存接口芯片龙头，具备长期竞争力,太平洋证券研究
1191,2019-07-25,细数科创板开市前三交易日“五宗最”,北京商报网
1192,2019-07-24,福光股份股价翻番一骑绝尘，打新首日卖出的肠子都悔青了,21世纪经济报道
1193,2019-07-24,澜起科技等止跌翻红 科创板全线上涨,中证网
1194,2019-07-24,太平洋电子|科创板：一张图看懂澜起科技,太平洋证券研究
1195,2019-07-23,科创板个股走势分化：乐鑫科技收盘涨14%中国通号重挫18%,搜狐
1196,2019-07-23,仅仅一个交易日，科创板公司两融余额已突破20亿元,Wind
1197,2019-07-23,科创板澜起科技翻红 涨2.47%报76.77元,新浪
1198,2019-07-23,融资客青睐10股，大湖股份买入占比高达58.51%,Wind
1199,2019-07-23,炒新者请注意 科创板战略配售出借信息首出炉 你看的换手率是错的,证券时报网
1200,2019-07-23,科创板开门红 个股全线上扬交投热情高涨,新华网
1201,2019-07-23,科创板首日表现亮眼 后市面临个股分化,中证报
1202,2019-07-23,鸣锣开市当日个股全线上涨 科创板将引领股市估值体系重塑,中证报
1203,2019-07-23,科创板25只个股全线上涨 平均涨幅达139.55%,中证报
1204,2019-07-23,231只私募产品投中首批科创板公司，41只厚爱西部超导,证券日报
1205,2019-07-23,"电子行业:科创板开市在即,关注半导体优质企业",国联证券
1206,2019-07-22,科创板开市首日全线飘红 平均涨幅约140% 高波动下建议理性参与,大众证券报
1207,2019-07-22,华泰证券深圳益田路荣超商务中心今日买入中国通号等4只科创板新股,Wind
1208,2019-07-22,科创板火热开市，创投机构迎退出盛宴...给人民币基金带来这四大启示,证券时报
1209,2019-07-22,深创投4家投资企业科创板首批上市 董事长倪泽望表示要坚持价值投资,证券日报
1210,2019-07-22,科创板首日4只个股涨幅超200% 背后硬核股东：张江创投、云锋基金、聚源资本,经济观察网
1211,2019-07-22,澜起科技董事长杨崇和：备受鼓舞，将持续研发创新为芯片产业助力,每日经济新闻
1212,2019-07-22,科创板首批25家公司共发行27.8亿股 净募集资金接近350亿元,TechWeb
1213,2019-07-22,科创首日交易数据出炉，像极了十年前的创业板,格隆汇
1214,2019-07-22,东吴证券：澜起科技系内存接口芯片冠军，专注创新再次启航,挖贝网
1215,2019-07-22,科创板火爆:25股全涨首家千亿市值股诞生 明天如何？,21世纪经济报道
1216,2019-07-22,科创板首日VS创业板首日：成交额、涨幅、总市值均大幅领先,挖贝网
1217,2019-07-22,芯片企业成科创板开市首日大赢家，安集最高涨至520%,第一财经
1218,2019-07-22,科创板首日大数据汇总，总成交近500亿元最高涨幅400%,Wind
1219,2019-07-22,科创板首日：16个股涨幅翻倍 仅一家换手率低于70%,新京报
1220,2019-07-22,科创板疯了，股价全部翻番！个股最高涨4倍，这家市值1236亿,腾讯网
1221,2019-07-22,科创板火热开市：半导体股全翻倍，中微安集成“新贵”,虎嗅网
1222,2019-07-22,科创板首日投资者群像：中签者“大喜”、抢筹者“小忐忑”、围观者“兴叹”,21世纪经济报道
1223,2019-07-22,科创板收获“520” 两家千亿市值公司横空出世,每日经济新闻
1224,2019-07-22,三家半导体公司闯关科创板 半日涨幅均超过200%,新京报
1225,2019-07-22,科创板半日成交近380亿 安集科技暴涨超四倍,第一财经
1226,2019-07-22,科创板“新秀”首日直击：25只股票齐翻倍 首家千亿市值股诞生,21世纪经济报道
1227,2019-07-22,上市首日惊心动魄！VC/PE渗透率达96%，本土创投迎来退出盛宴,投资界
1228,2019-07-22,澜起科技破千亿元市值 第二只科创板“千亿元市值股”诞生,证券日报
1229,2019-07-22,首批科创板公司午盘全部翻番，最高涨幅400%,Wind
1230,2019-07-22,澜起科技换手率突破50%，交易额超28亿,挖贝网
1231,2019-07-22,科创版正式开市：首批25家公司全线上涨，安集科技暴涨328.68%,DoNews
1232,2019-07-22,中国通号、澜起科技成交额双双突破20亿元,中证网
1233,2019-07-22,N澜起:券商定位区间均值为28.68-36.99元,Wind
1234,2019-07-22,新股发行与上市一览（7月22日）,Wind
1235,2019-07-22,《科创板首批上市公司/交易制度解读电话会议纪要》,太平洋证券研究
1236,2019-07-22,"澜起科技:内存接口芯片行业龙头,科创板全新优质标的",申万宏源
1237,2019-07-21,科创先锋巡礼,东吴财经通
1238,2019-07-21,25只科创板新股热门指数排行榜：股价预测等一网打尽,第一财经
1239,2019-07-21,科创板明日开市！首批25家公司掌门人信心满满……回报投资者、打造世界级科创企业！,e公司
1240,2019-07-21,首批25家科创板企业高管薪酬值多少？,华夏时报
1241,2019-07-20,科创板首批25家公司弃购之谜,每日经济新闻
1242,2019-07-20,科创板25朵金花下周来了 哪朵会开得最美,钱江晚报
1243,2019-07-20,科创板最全交易手册来了哪只会涨最猛,中财网
1244,2019-07-20,澜起科技：全球内存接口芯片“独角兽”创新“硬核”引领未来,红周刊
1245,2019-07-19,科创板首发25股上市在即！哪只会涨最猛？哪些是游资最爱？,券商中国
1246,2019-07-19,科创板倒计时首批公司走势大猜想,投资快报
1247,2019-07-18,科创板｜澜起科技披露融资状况 净募集超过27亿元是华兴源创3倍多,TechWeb
1248,2019-07-18,安信策略陈果：科创板询价结果背后的六大看点,金融界
1249,2019-07-18,上交所：澜起科技7438.48万股A股7月22日于科创板上市交易,Wind
1250,2019-07-18,国资委力挺科创板 15家央企国企旗下科创公司积极赶考,上证报
1251,2019-07-18,“芯片独角兽”澜起科技的做空往事 股票卖空,阿尔法工场
1252,2019-07-17,从芯片设计到高端设备 透视科创板首批5家半导体企业,第一财经
1253,2019-07-16,科创板保荐跟投制度已是“进行时” 保荐机构把关责任明显加重了,证券日报
1254,2019-07-15,上交所：本周六和下周六进行科创板通关测试,中国发展网
1255,2019-07-15,逾八成科创板星宿股超募,北京商报
1256,2019-07-14,【国盛郑震湘】科创板之澜起科技：内存接口芯片行业翘楚厂商,湘评科技
1257,2019-07-13,"注意！这5只科创板股""先上场"" 记住5个简称和代码",券商中国
1258,2019-07-13,这5只科创板股“先上场” 记住5个简称和代码 注意这只是“测试” ！就在本周六,券商中国
1259,2019-07-12,打新火热竟屡现弃购！不按时缴款后果可能很严重,中财网
1260,2019-07-11,打新火热竟屡现弃购！打新盛宴勿忘按时缴款，否则后果可能很严重（附明日科创板7只新股申购要点）,中证报
1261,2019-07-11,澜起科技发行结果出炉：投资者弃购2.95万股 弃购金额73万元,挖贝网
1262,2019-07-11,澜起科技：投资者弃购量为29541股 弃购金额73.19万,新浪
1263,2019-07-11,澜起科技发行结果：网上投资者弃购金额73.19万元,e公司
1264,2019-07-11,科创板开市在即 身后VC/PE渗透率逾九成,网易
1265,2019-07-11,科创板定价盘点 澜起科技:市盈率38.02倍 超募5.02亿,新浪
1266,2019-07-11,公募基金打新科创板热情高,证券时报
1267,2019-07-10,澜起科技科创板上市倒计时 云锋基金、英特尔参投,新浪
1268,2019-07-10,澜起科技战略配售比例接近30% 英特尔大连获配2.8亿元,e公司
1269,2019-07-10,科创板｜澜起科技网上摇号中签结果出炉 47453个号码中签,TechWeb
1270,2019-07-10,澜起科技战略配售比例30%：科创板第一 英特尔获配金额2.8亿元,挖贝网
1271,2019-07-10,科创板｜中国通号今日申购 拟发行18亿股融资105亿元,TechWeb
1272,2019-07-10,科创速递 | 本周科创板新股21连发！,国元证券订阅号
1273,2019-07-09,科创板澜起科技中签号出炉 共47453个,e公司
1274,2019-07-09,科创板澜起科技：中签号码共有47453个,Wind
1275,2019-07-09,迄今最高！澜起科技中签率达0.0613%,证券时报
1276,2019-07-09,科创板承销保荐账单出炉：平均承销费率7.76% 中国通号保荐费高达1.6亿,21世纪经济报道
1277,2019-07-09,IPO每日动态 | 澜起科技科创板申购，宏晟光电科创板递交招股书，江行智能完成A轮3000万人民币融资（附2019 IPO名单）,IPO早知道
1278,2019-07-09,7月8日新股丨澜起科技（科创板）,国盛证券
1279,2019-07-08,康得新连环炸：瑞华被调查 5家科创板申报公司踩雷 其他违规处罚,中证报
1280,2019-07-08,[快讯]新股申购结果：澜起科技公布中签率,中财网
1281,2019-07-08,科创板澜起科技：网上发行最终中签率为0.06125237%,新浪
1282,2019-07-08,科创板澜起科技：回拨机制启动后，网上发行最终中签率0.06%,Wind
1283,2019-07-08,每日科创板之708：澜起科技申购 海天瑞声和国盾量子已问询,TechWeb
1284,2019-07-08,市场辩论会：科创板“打新黄金周” 主板缩量现资金分流？,第一财经
1285,2019-07-08,中国芯片新巨头诞生：跻身全球内存芯片前三，让三星英特尔都折服,搜狐
1286,2019-07-08,科创板|澜起科技今日申购 每股24.8元网上申购上限15500股,TechWeb
1287,2019-07-08,【科创新股】澜起科技今日发行,国信证券融资融券部
1288,2019-07-08,今日新股申购：澜起科技,中国经济网
1289,2019-07-08,首批科创板公司7月22日上市！一文看懂科创板受理142家企业,中信建投证券研究
1290,2019-07-08,新股消息：澜起科技今日申购指南,财富动力网
1291,2019-07-08,【新股提示】科创板澜起科技今日申购，发行价24.8元,Wind
1292,2019-07-08,东北证券【新股】7月8日移远通信缴款、澜起科技申购、环境转债上市,东北证券金融世界
1293,2019-07-08,今日可申购科创板新股澜起科技,e公司
1294,2019-07-08,科创板本周发21只新股 周三有9只新股扎堆申购,新京报
1295,2019-07-07,科创板首批上市确定，一周22连发创IPO新纪录,第一财经
1296,2019-07-07,史无前例！下周21只科创板新股扎堆申购，打新有4点要注意,澎湃新闻
1297,2019-07-07,【新股信息】7月8日 澜起科技(688008)申购,银河股票资讯
1298,2019-07-07,科创板5只股发行市盈率高达40、50倍，会有什么风险？,TechWeb
1299,2019-07-06,科创板鸣锣倒计时 影子股会再度狂欢吗？,重庆商报
1300,2019-07-06,科创板打新：下周21股集中发行最高一天9股同发,证券时报网
1301,2019-07-06,41.08倍、79.09倍……科创板开板在即 “三高”再现A股,经济观察网
1302,2019-07-06,科创板敲定7月22日开市交易,新京报
1303,2019-07-05,科创板首批企业市盈率高低分化 澜起科技38倍被称“估值留有空间”,第一财经
1304,2019-07-05,7月22日！历时259天的科创板将正式挂牌！,格隆汇
1305,2019-07-05,下周有18只科创板新股可申购 包括中国通号澜起科技,TechWeb
1306,2019-07-05,周一1新股申购 收益4.72-7.43%,中财网
1307,2019-07-05,科创板新股澜起科技7月8日申购宝典,金融界
1308,2019-07-05,弃购科创板新股！这家券商在给散户上“打新风险课”吗,上观
1309,2019-07-05,申万宏源：估值区间55%-70%分位,申万宏源
1310,2019-07-05,【国元资讯早班车】银保监会：提高险企证券投资比重,国元证券订阅号
1311,2019-07-05,【东吴七点半】3000点关口反复震荡，摆脱盘局还需蓝筹发力（07.08）,东吴财经通
1312,2019-07-05,澜起科技确定发行价24.8元,证券时报
1313,2019-07-04,澜起科技(688008.SH)发行价确定为24.8元/股 7月8日申购,格隆汇
1314,2019-07-04,澜起科技发行价公布：24.80 元/股 市盈率不足A股可比公司1/2,挖贝网
1315,2019-07-04,澜起科技发行价确定为24.80元/股 有效报价投资者190家,中证网
1316,2019-07-04,澜起科技：科创板发不超1.13亿股 发行价格为24.80元,新浪
1317,2019-07-04,科创板澜起科技：发行价格确定为24.80元/股,e公司
1318,2019-07-04,科创板澜起科技：7月8日进行网上和网下申购，发行价24.8元,Wind
1319,2019-07-04,9只科创板新股将同日登台 更有顶格申购100%中签,中国基金报
1320,2019-07-04,【电子】澜起科技：全球内存接口芯片领军企业 持续增长可期,天风研究
1321,2019-07-04,澜起科技:内存接口芯片的世界引领,西南证券
1322,2019-07-04,澜起科技:世界领先的内存接口芯片供应商,东莞证券
1323,2019-07-03,澜起科技科创板IPO 将于7月5日网上路演,资本邦
1324,2019-07-03,数说首批科创板拟挂牌企业：高管人均薪酬差距28倍,金融界
1325,2019-07-03,科创板打新“盛宴”下周开席！同一天9股待申购，谁是最大“肉签”？,每日经济新闻
1326,2019-07-03,科创板过会率100% 注册生效企业存共性,证券时报
1327,2019-07-01,从房地产，转型半导体 l A股再添集成电路装备平台,半导体风向标
1328,2019-07-01,【兴证电子 谢恒团队】澜起科技：全球领先的服务器内存接口芯片供应商,兴证电子谢恒团队
1329,2019-07-01,科创板即将挂牌，高估值发行背后A股同业公司迎机遇,Wind
1330,2019-07-01,新股发行与上市一览（7月1日）,Wind
1331,2019-06-30,证监会同意2家企业科创板IPO注册，获批企业总数增至8家,澎湃新闻
1332,2019-06-30,科创板新股下周二打新！久违新股超募再现，中一签能赚多少？,e公司
1333,2019-06-30,79.09倍、57.48倍市盈率！刚刚两家科创板公司确定发行价，久违超募再现,证券时报
1334,2019-06-29,【重磅财经前瞻】这些降费新规下周实施科创板再迎三股打新,中新经纬
1335,2019-06-29,券商火力全开推科创板打新 一线营业部投资者风险教育不松懈,证券日报
1336,2019-06-28,掘金科创板独角兽澜起科技：内存接口芯片技术世界领先,大众证券报
1337,2019-06-28,每日科创板之628：世纪空间沃尔德过会 中国通号注册生效,TechWeb
1338,2019-06-28,证监会同意中国通号IPO注册 将成科创板首家A+H股公司,e公司
1339,2019-06-28,28日公司新闻聚焦：合众思壮实控人将变更为国资,证券时报网
1340,2019-06-28,澜起科技7月3日询价8日申购,中证报
1341,2019-06-28,澜起科技7月8日打新 顶格申购需市值15.5万,每经网
1342,2019-06-28,一天新增10家创新高 科创板受理企业达141家,证券时报
1343,2019-06-28,科创板第一股打新 275万投资者抢购,新京报
1344,2019-06-28,688008，给了上海首家科创板企业！7月8日打新，顶格申购需市值15.5万,e公司
1345,2019-06-27,"火爆！""科创板第一股""中签率0.059%！275万投资者参与打新",全景网
1346,2019-06-27,澜起科技(688008.SH)拟发行1.13亿股 7月8日进行申购,格隆汇
1347,2019-06-27,科创板澜起科技7月8日网上申购,e公司
1348,2019-06-27,科创板澜起科技：网上发行申购时间为7月8日,Wind
1349,2019-06-27,澜起科技一张图,半导体风向标
1350,2019-06-27,澜起科技注册生效后 科创板注册生效企业已增至5家,TechWeb
1351,2019-06-27,澜起科技：中国芯片业少数能拿得出手的企业,阿尔法工场
1352,2019-06-26,每经小强快讯：注册生效！澜起科技股份有限公司科创板挂牌只等“这一天”了,每日经济新闻
1353,2019-06-26,上交所：澜起科技科创板注册生效,Wind
1354,2019-06-26,每经小强快讯：瑞华会计师关于澜起科技发行注册环节反馈意见落实函的回复,每日经济新闻
1355,2019-06-26,科创板第一股华兴源创确定发行价 27日进行申购,央视
1356,2019-06-26,科创板真正“芯片”第一股诞生！澜起科技：15年耕耘5.7亿美元市场终成行业龙头,中证报
1357,2019-06-26,澜起科技获准注册 新光光电、利元亨过会,中证报
1358,2019-06-26,第5家！澜起科技IPO申报获证监会批准注册,中金在线
1359,2019-06-25,谁将是科创板新股收益率之王？打新一族赶紧了解,新浪
1360,2019-06-25,24.26元、41倍市盈率！科创板第一股发行价敲定，周四打新688001，还有更多科创板新股在路上（附攻略）,证券时报网
1361,2019-06-25,澜起科技注册申请获证监会同意 科创板第5家企业获批,中国经济网
1362,2019-06-25,证监会同意澜起科技科创板IPO注册,Wind
1363,2019-06-25,谁会是科创板新股收益率之王？创业板、中小板首批打新有启示,每日经济新闻
1364,2019-06-25,【华泰电子团队】电子元器件: 借科创之力，迎5G之机，铸中国之芯,华泰证券研究所
1365,2019-06-25,中微半导体过会 3年累计研发投入超10亿元,证券日报
1366,2019-06-25,电子行业周观点:5月北美半导体设备额同比减少23.6%,万联证券
1367,2019-06-24,净利润暴涨221倍，两次创业成功，澜起科技冲击科创板芯片第一股,和讯
1368,2019-06-24,冲刺科创板 拥有“中国芯”的澜起科技估值几何,证券时报
1369,2019-06-23,【最佳分析师点兵科创板】正积极参与DDR5相关标准制定，拥有“中国芯”的澜起科技估值几何？,e公司
1370,2019-06-23,【云掌财经早报】2019/6/23/星期日,云掌财经
1371,2019-06-23,陆家嘴财经早餐2019年6月23日星期日,Wind
1372,2019-06-22,国字头基金相中7家科创板“入围”企业 平均投资比例超10%,证券日报
1373,2019-06-21,拟IPO企业加速进“考场” 科创板过会率百分百,大众证券报
1374,2019-06-21,澜起科技：高端内存接口芯片领先企业,格隆汇
1375,2019-06-21,【科创板】通信 190620丨澜起科技,中国银河证券研究
1376,2019-06-20,安信证券：前三批9家公司成功过会 4家半导体产业链公司跻身其中,安信证券
1377,2019-06-19,应对技术封锁，芯片、AI等战略行业迎爆发增长,第一财经
1378,2019-06-19,半导体板块掀涨停潮，机构建议关注这些优质龙头标的,第一财经
1379,2019-06-19,澜起科技等三公司申请注册 今将首现一天两场上会审议,中财网
1380,2019-06-19,巨丰早评：双重利好加持 A股有望强反弹,巨丰财经
1381,2019-06-19,华兴源创睿创微纳科创板注册生效 三家企业提交注册,中证报
1382,2019-06-19,开板在即公募密集调研申报企业 “差异化估值”掘金科创板盛宴,21世纪经济报道
1383,2019-06-19,科创板迎来首批2家注册生效企业 从提交注册到生效用时仅5天,证券日报
1384,2019-06-18,【中投早知道】2019-06-19,赢家之星
1385,2019-06-18,澜起科技、杭可科技、天宜上佳完成科创板注册 目前共9家企业注册成功,TechWeb
1386,2019-06-18,浙江杭可科技等三家公司提交科创板注册申请,新浪
1387,2019-06-18,上交所：澜起科技等三家公司提交科创板注册申请,Wind
1388,2019-06-18,最高净利润37亿，但也有0收入企业，最快59天就能上会|这就是科创板,读懂财经
1389,2019-06-18,科创板开板 55家机构潜伏过会企业,时代周报
1390,2019-06-17,储能产业今日6大要闻一览,Ofweek
1391,2019-06-17,科创板拟上会及过会企业相关影子股名单,国都证券
1392,2019-06-16,信息科技：计算机公司有望迎来价值重估 荐12股,西南证券
1393,2019-06-15,科创板一周情报丨“星”征程开启，两家企业火速领IPO注册“通行证”,第一财经
1394,2019-06-15,沪指反弹受挫跌破2900点 IPO牵动市场神经,大众证券报
1395,2019-06-14,本周科创板6家过会、10家上会，百余家VC/PE机构一览,每日经济新闻
1396,2019-06-14,澜起科技过会：科创板获批第7家 中信证券过2单,中国经济网
1397,2019-06-14,AMD中止对中国合资公司授权新IP，影响几何？,观察者网
1398,2019-06-14,科创板再添三家！天宜上佳、杭可科技、澜起科技均过会 第三批科创基金也来了,资本邦
1399,2019-06-13,科创板正式开板！早期蛰伏创投机构迎来收获期,证券时报
1400,2019-06-13,科创板第三批上会企业全部通过 澜起科技拟募资23亿,挖贝网
1401,2019-06-13,科创板第三批3家企业天宜上佳、杭可科技、澜起科技首发全部过会,证券时报
1402,2019-06-13,全通过！第三批科创板过会名单出炉,搜狐
1403,2019-06-13,科创板第三批上会企业澜起科技、天宜上佳等三家过会,新浪
1404,2019-06-13,科创板上市委：科创板第三批3家企业首发全部过会,Wind
1405,2019-06-13,大浪淘沙见真金—科创板TMT行业2020中报总结深度解析专题【安信诸海滨团队】,诸海滨科新先声
1406,2019-06-13,澜起科技董事长杨崇和：打造充满生机的科创资本生态体系,第一财经
1407,2019-06-13,科创板上会节奏提速 发行注册程序正式启动,金融投资报
1408,2019-06-12,大众公用：将继续坚持公用事业和创投双轮驱动,证券时报网
1409,2019-06-12,澜起科技高增长持续性遭质疑 与Intel三重关系备受关注,中国网
1410,2019-06-06,科创板IPO首批企业“赶考” 三家企业全部过会,中新网
1411,2019-06-06,内存芯片领军者澜起科技冲刺科创板 存在产品结构单一等风险 经营问题,中证报
1412,2019-06-05,创投机构狂欢夜！科创板首批3家过会公司均获VC支持,华夏时报
1413,2019-06-05,IPO每日动态 | 美二手奢品电商招股，中烟国际定价（附2019 IPO最全名单）,IPO早知道
1414,2019-06-05,首批拟上会企业今日“闯关”科创板 三批9家企业涉及A股影子股23只,长江商报
1415,2019-06-05,透过澜起科技看芯片市场游戏规则 不迭代就淘汰,第一财经
1416,2019-06-04,科创板上市委将迎首批三位“赶考者”，预上会企业背后的“影子股”全曝光！（名单）,每日经济新闻
1417,2019-06-04,科创板上市委：13日审议天宜上佳、澜起科技、杭可科技上市申请,资本邦
1418,2019-06-04,第三批“上会卡”发放，证监会发布“原始股”警示,中金在线
1419,2019-06-04,第三批科创板拟上市企业6月13日上会,中证报
1420,2019-06-04,财政部间接持股 安集微电子争夺科创板第一股,时代周报
1421,2019-06-03,科创板上市审核快马加鞭！ 仅隔一个交易日第三批上会企业就来了！,21世纪经济报道
1422,2019-06-03,上交所：6月13日审议澜起科技、天宜上佳等首发申请,新浪
1423,2019-06-03,科创板上市委：澜起科技等3家公司首发申请6月13日上会,Wind
1424,2019-06-03,每经小强快讯：澜起科技股份有限公司科创板首次公开发行股票招股说明书（上会稿）,每日经济新闻
1425,2019-06-03,第三批科创板上会公司出炉,e公司
1426,2019-06-03,第三批3家科创板拟上市公司披露上会稿,Wind
1427,2019-06-02,透视科创板信息技术企业：从芯片设计“隐形冠军”说起,第一财经
1428,2019-05-29,半导体板块盘中走强，机构看好产业链投资机会,第一财经
1429,2019-05-28,中芯国际会回归A股吗？,金融投资报
1430,2019-05-27,澜起科技回复二轮问询：核心产品价格下滑 高增长是否可持续,面包财经
1431,2019-05-22,无形资产、对赌协议、用词不够浅白、避重就轻......科创板问询企业的各色问题,钛媒体
1432,2019-05-21,澜起科技遭上交所问询：被要求客观使用事实描述性语言 问询,挖贝网
1433,2019-05-21,连轴测试开始 微芯生物或成首个“科创板上市公司”,中金在线
1434,2019-05-16,澜起科技，325页干货来了,半导体风向标
1435,2019-05-16,【IPO】第六、第七家携带“三类股东”过会案例 ——新化股份、朗进科技IPO点评【安信诸海滨团队】,诸海滨新三板
1436,2019-05-13,真相！科创板选手不得不说的秘密 11家“复读生”回炉再造,网贷之家
1437,2019-05-12,【有声|公司】日兴生物—染料中间体价格上涨，公司 18年归母净利达8942万元【安信诸海滨团队】,诸海滨新三板
1438,2019-05-07,募资确定是投向科创？玻尿酸第一股遭上交所灵魂拷问,新浪
1439,2019-04-30,神工股份申报科创板：研发人员仅15人 年薪不足5万？,新浪
1440,2019-04-28,【深度】乐鑫科技：IoT到AIoT，物联网芯片龙头冲刺科创板【安信诸海滨团队】,诸海滨科新先声
1441,2019-04-26,"早评：""Pre-科创板""受热捧 两融与主力资金谁胜出",中金在线
1442,2019-04-26,“Pre-科创板”受热捧 创投急寻公司标的,中证报
1443,2019-04-26,是“心虚”还是“担忧”？独角兽没有现身科创板受理企业名单的原因竟是这些！,证券时报
1444,2019-04-24,半导体、电子设备：澜起科技 内存接口蕊片设计公司,万联证券
1445,2019-04-22,巨丰数据赢|近一周机构调研数据 多家上市公司获资金关注,巨丰财经
1446,2019-04-21,又一巨头5G进展提速，5G手机换机潮正在路上——电子行业周报（20190421）,杨明辉电子
1447,2019-04-20,"高通中国合资公司要关闭？ 华芯通CEO称""一言难尽"" 经营问题",第一财经
1448,2019-04-19,年净利逾7亿的澜起科技 也是靠996冲击科创板？,新浪
1449,2019-04-19,科创板受理开闸满月｜中金抢到最大单，中信建投保荐数领跑,澎湃新闻
1450,2019-04-18,科创板受理企业问询问题公布在即，81家企业全扫描,券商中国
1451,2019-04-18,科创速递 | 科创板提速，A股概念炒作明显降温,国元证券订阅号
1452,2019-04-15,数据赢：揭秘百家机构调研 这家公司被踏破门槛,巨丰财经
1453,2019-04-15,政府引导基金募资规模已近4万亿元,中国基金报
1454,2019-04-13,澜起科技等8家科创板受理公司“已问询”,资本邦
1455,2019-04-12,国信证券：半导体行业政策利好点燃板块热情，布局龙头,证券时报网
1456,2019-04-11,科创板 | 芯片行业竞争对手排排站 乐鑫科技营收能力远逊澜起科技,华夏时报
1457,2019-04-11,科创板发行定价须理性，防止利益输送,中财网
1458,2019-04-11,科创板保荐跟投政策出台前夜： 11家企业隐现直投“潜伏”身影,21世纪经济报道
1459,2019-04-10,科创板受理企业员工收入比拼：有的人均年薪过百万 有的不足10万,证券时报网
1460,2019-04-09,"计算机行业创板系列专题报告:澜起科技,内存接口芯片龙头,业绩迎来加速释放期",山西证券
1461,2019-04-08,52家科创板获受理企业成色如何？28家去年研发费用占比逾10%，这13家投入过亿！,e公司
1462,2019-04-08,10家科创板半导体申报企业一览：市盈率普遍高于国外对手 最高106倍,挖贝网
1463,2019-04-08,扫描50家科创板受理企业“明星”股东 雷军、王思聪他们投了谁？,每日经济新闻
1464,2019-04-08,8日早新闻丨超三成新增贷款流向房地产；中国外汇储备五连升,21世纪经济报道
1465,2019-04-08,澜起科技前五大客户销售占比超90% 曾被质疑财务造假遭做空从美股退市 股票卖空,长江商报
1466,2019-04-07,华泰TMT王林团队|电子：澜起科技,华泰证券研究所
1467,2019-04-04,半导体行业科创板系列·六:澜起科技,正点财经
1468,2019-04-04,“硬科技”为科创板增色 申报企业主要集中在半导体等行业,中证报
1469,2019-04-04,“保荐+跟投”制度下“保荐+直投”现身 科创板如何防范利益输送？,新京报
1470,2019-04-03,澜起科技——内存接口解决方案龙头，聚焦云计算与AI,全景网
1471,2019-04-03,"""故宫口红""带流量华熙生物1个月火速完成上市辅导",中财网
1472,2019-04-03,已有37家企业科创板申请受理 券商预计最快6月开板,新浪
1473,2019-04-03,"""故宫口红""也要上科创板？华熙生物1个月火速完成上市辅导，科创板受理37家，行业渐欲迷人眼",券商中国
1474,2019-04-03,科创速递 | 最牛集成电路设计公司已获提前参股！,国元证券订阅号
1475,2019-04-03,半导体产业链公司科创板上市申请频获受理 多股有望受益,证券时报网
1476,2019-04-03,科创板受理企业增至37家，A股相关公司一览,Wind
1477,2019-04-03,云计算公司优刻得科创板上市获受理 奇高市盈率很“特别”,证券日报
1478,2019-04-03,充分掘金科创板红利 中信证券承销和参股双管齐下,证券日报
1479,2019-04-02,赚7亿分3亿！闯关科创板的澜起科技成色几何？,格隆汇
1480,2019-04-02,2019年 半导体的三次上车机会,格隆汇
1481,2019-04-02,看！第五批科创板受理企业“有来头”,中金在线
1482,2019-04-02,巨丰收评：大盘冲高回落 3200点压力逐步化解,巨丰财经
1483,2019-04-02,科创板受理企业全梳理：沪苏粤各5家 计算机行业最多,第一财经
1484,2019-04-02,【国盛郑震湘团队】澜起科技—科创板深度系列,湘评科技
1485,2019-04-02,巨丰视角：新高下风险和机会并存,巨丰财经
1486,2019-04-02,巨丰午评：大盘高位整理 强势板块回归,巨丰财经
1487,2019-04-02,科创板再添三家受理企业：市盈率最高246倍，市值最高230亿元,挖贝网
1488,2019-04-02,科创板受理企业再添三家——道达早评,每日经济新闻
1489,2019-04-02,【东方电子】科创系列二——澜起科技： 全球内存接口芯片领先厂商,剑指电子
1490,2019-04-02,科创板受理企业透析｜澜起科技：去年分红近3亿，毛利率七成,澎湃新闻
1491,2019-04-02,巨丰早评：远离短期涨幅过大品种,巨丰财经
1492,2019-04-02,【中证盘前】一季报预增30倍！这家公司炒股厉害了；一汽夏利三连板停牌核查；国美系称无黄光裕出狱信息；道指涨逾300点创近半年新高,中证报
1493,2019-04-02,早评：4月A股迎来开门红 两融余额上新台阶,中金在线
1494,2019-04-02,31家科创板受理企业中有5家已获保荐机构提前参股,证券时报
1495,2019-04-02,陆家嘴财经早餐2019年4月2日星期二,Wind
1496,2019-04-02,国内财经媒体头版2019年4月2日星期二,中证报
1497,2019-04-02,澜起科技等3公司科创板申报获受理,证券时报
1498,2019-04-01,科创板受理企业扩至31家，计算机通信和电子设备占据11席(影子股),证券时报网
1499,2019-04-01,晚间要闻2019年4月1日星期一,Wind
1500,2019-04-01,科创板上市申请受理企业增至31家：澜起科技、优刻得入列,澎湃新闻
1501,2019-04-01,澜起科技等3家企业科创板上市申请获受理，总数升至31家,Wind
1502,2019-03-28,重大信号！这一板块已提前成为科创板大热门(名单),中财网
1503,2019-03-28,科创板备战名单大扩容、至少6公司更换“赛道”上科创 券商很忙：上市辅导提速,券商中国
1504,2019-03-28,第二批新增8家 北京迎首家科创板受理企业,新京报
1505,2019-03-27,金融街下午茶2019年3月27日星期三,Wind
1506,2019-03-27,上海证监局:澜起科技完成上市辅导 拟登陆科创板,第一财经
1507,2019-03-27,独家！芯片独角兽澜起科技计划本周提交科创板上市申请,中证网
1508,2019-03-27,芯片独角兽澜起科技完成上市辅导，拟登陆科创板,Wind
1509,2019-03-27,【计算机】眺望估值水平共振中的A股国际化,微信
1510,2019-03-22,晚间重要公告2019年3月22日星期五,Wind
1511,2019-03-22,重磅出炉！科创板首批9家受理企业名单来了，预计募资总额110亿，平均预估市值73亿（附影子股名单）,证券时报网
1512,2019-03-22,科创板里程碑一天：中信等6券商中头彩 看五大答疑,新浪
1513,2019-03-22,完成辅导上市工作 澜起科技拟在科创板上市,新浪
1514,2019-03-22,中信证券：已完成对澜起科技科创板上市辅导工作,Wind
1515,2019-03-22,首批科创板企业或于今晚出炉！新三板企业热情高涨，独角兽企业略显犹豫,Wind
1516,2019-03-21,3.21晚间复盘：百股涨停，注意高位股风险,中金在线
1517,2019-03-18,光大证券：聚焦半导体+5G终端当前时点更应重视优质成长标的,光大证券
1518,2019-03-15,上海本地股迎风口，集万千宠爱于一身（附科创影子股）,Wind
1519,2019-03-14,地方政府积极服务对接 备战科创板企业陆续揭开面纱,中证报
1520,2019-03-12,半导体、电子设备：集成电路的两次戴维斯双击 荐25股,和讯
1521,2019-03-12,科创板将重构成长股估值 半导体定义核心资产,金融界
1522,2019-03-11,"电子行业:科创板叠加增值税减税,自主可控仍是大方向",证券之星
1523,2019-03-08,独角兽概念股午后逆市拉升 独角兽概念股龙头一览,至诚财经
1524,2019-03-06,科创板来了 哪些川股有望搭上“顺风车”,金融投资报
1525,2019-03-06,已有公司明确宣布：上科创板这个概念怎么追？,中财网
1526,2019-03-05,科创板火速开闸 哪些企业“喝头啖汤”？,投资快报
1527,2019-03-04,又一个4万亿！4K先行、兼顾8K，机构看好核心环节,Wind
1528,2019-03-04,一图看懂科创板潜在名单及其影子股,21世纪经济报道
1529,2019-03-04,4K超高清视频产业规划出炉 显示面板等4大板块存投资机遇,证券时报网
1530,2019-03-02,科创板制度落地 企业即日起可申报(潜力企业百强榜),新浪
1531,2019-03-01,科创板概念股一览易会满首秀聚焦科创板那些股值得关注概念股36分钟前不感兴趣,股城网
1532,2019-02-27,科创板概念股有哪些?上海科创板概念股龙头一览,至诚财经
1533,2019-02-22,国运！科创板半导体投资机会前瞻,维库电子市场
1534,2019-02-16,科创板征求意见倒计时：抓紧完善规则,Wind
1535,2019-02-16,科创板征求意见倒计时：抓紧完善规则,证券时报
1536,2019-02-13,创投和券商燃情备战科创板：正筛选储备项目，做申报前期准备,中证报
1537,2019-02-13,投行和科技企业燃情备战科创板,Wind
1538,2019-01-31,超重磅！科创板、注册制来了！投资门槛50万、不盈利也可上市、最严退市制度,全景网
1539,2019-01-30,证监会发布科创板系列文件 上市“明星”都有谁？哪些概念股能受益？,每日经济新闻
1540,2019-01-30,科创板系列文件发布 最全独角兽概念股名单在此,金融界
1541,2019-01-29,1月29日异动股点评：业绩地雷层出不穷 盘点四牛与四熊,山东神光
1542,2019-01-29,独角兽概念全线下行 新华文轩连续两日跌停,格隆汇
1543,2019-01-28,1月28日异动股点评：强势股“变脸”大揭秘 盘点四牛与四熊,山东神光
1544,2019-01-28,科创板渐行渐近，哪只“独角兽”将拔得头筹？,全景网
1545,2019-01-28,三安集团子公司中科生物计划在科创板上市,Ofweek
1546,2019-01-28,科创板首批72家企业名单曝光？谁将成为最大赢家？,金融界
1547,2019-01-28,科创板的速度与激情,国际金融报
1548,2019-01-25,1月25日异动股点评：谁在炒作全柴动力 盘点四牛与四熊,山东神光
1549,2019-01-25,A股上涨，老外抄底！ 绝大部分人醒来太晚！！,--
1550,2019-01-25,科创板来了 最全独角兽概念股名单奉上(受益股),投资快报
1551,2019-01-24,澜起科技上市辅导冲刺科创板？曾与纳斯达克“不欢而散”,读懂财经
1552,2019-01-24,1月24日异动股点评：新年跌幅最惨医药股诞生 盘点四牛与四熊,山东神光
1553,2019-01-24,重磅：科创板方案昨日获批，五大行业百家企业获益，2019最重大改革来了！,创业邦
1554,2019-01-24,独角兽概念再迎炒作 新华文轩连续3日涨停,格隆汇
1555,2019-01-24,谁会成为科创板率先上市企业？上海证监局公示的正在辅导企业能给我们启示,挖贝网
1556,2019-01-24,重磅！上交所科创板试点注册制超预期提速,Wind
1557,2019-01-24,科创板与试点注册制呼之欲出 澜起科技央企大股东背景助力“喝头啖汤”,投资快报
1558,2019-01-24,设立科创板总体实施方案通过 相关公司受关注,中金在线
1559,2019-01-24,电子行业日报:澜起科技提交ipo辅导备案,上海证券
1560,2019-01-23,某大型券商投行人士预计，2019年上半年科创板推出的概率很大,中证报
1561,2019-01-23,智通港股公告精选︱(1.23)招商银行2018年股东应占净利增14.84%至805.6亿元,智通财经
1562,2019-01-23,格隆汇港股聚焦(1.23)︱招商银行2018年净利润升14.84%至805.6亿元,格隆汇
1563,2019-01-23,科创板、注册制终于来了！中央会议通过实施方案,中国基金报
1564,2019-01-23,新华文轩(00811.HK)A股异常波动 间接持天下秀约1.30%股权及澜起科技0.49%的股权,格隆汇
1565,2019-01-23,又一独角兽上市提上日程 背后多家A股影子股应声大涨,中财网
1566,2019-01-23,陆家嘴财经早餐2019年1月23日星期三,Wind
1567,2019-01-22,金融街下午茶2019年1月22日星期二,Wind
1568,2019-01-22,芯片独角兽澜起科技提交A股IPO辅导备案,Wind
1569,2019-01-15,科创板首批与市场预期差距大！五大行业潜力标的名单一览,Wind
1570,2019-01-14,科创板最新部署来了！五大行业入围，潜力标的名单出炉,Wind
1571,2019-01-10,2018年中国集成电路行业发展机遇与挑战并存 预测2019年发展势头依然强劲,前瞻研究院
1572,2019-01-07,中国科创板呼之欲出,和讯
1573,2019-01-07,集成电路：整体提升 仍有后劲,中国电子报
1574,2019-01-04,集成电路：整体提升 仍有后劲,中国电子报
1575,2019-01-03,上海市委书记李强调研部分科创型企业：全力攻坚关键核心技术,Wind
1576,2018-12-05,新华文轩(00811)A股异常波动 持有天下秀1.3%股权及澜起科技0.49%股权,智通财经
1577,2018-11-30,魏少军：盘点2018年IC设计业“困”与“进”,DIGITIMES
1578,2018-11-29,科创板紧锣密鼓 上海密集调研欲拔头筹,华夏时报
1579,2018-11-13,【安信电子孙远峰每日观点&资讯】（2018-11-14）,远峰电子
1580,2018-11-08,马云马化腾雷军等大佬都来了！这15个科技成果剑指互联网下半场,Wind
1581,2018-11-05,加码投资新兴产业 华西股份与赢合科技筹建产业基金,e公司
1582,2018-10-25,“芯聚双流·赋能未来” 2018两岸半导体与光电产业沙龙,维库电子市场
1583,2018-09-11,Video++获投7.21亿人民币,亿邦动力
1584,2018-08-16,华西集团董事长吴协恩：华西人坚持五种价值才有今天的成绩,金融界
1585,2018-08-07,转型集成电路产业链 万业企业详解发展规划,全景网
1586,2018-07-03,【川财研究所*专题报告】科创板上市公司全景概览之二：杭可科技、光峰科技、澜起科技、中国通号,川财研究
1587,2018-06-20,2018中国（成都）电子信息博览会7月来袭 领略未来科技,维库电子市场
1588,2018-06-05,2018年中国IC 设计、封测和制造业的增长动力是什么？,元器件交易网
1589,2018-05-17,一村资本半导体投资战略,维库电子市场
1590,2018-05-16,1亿美元D轮融资后 酷家乐成立3亿产业投资基金,财经网
1591,2018-05-12,开银行 做芯片 天下第一村要搞大事情,中财网
1592,2018-05-10,专访华西股份董事长汤维清：投资宁德时代时它没有现在这么火,澎湃新闻
1593,2018-05-10,投资界首发|电流传感器芯片供应商“兴工微”获一村资本千万投资,投资界
1594,2018-05-03,华西股份：澜起科技与英特尔和清华合作开发安全芯片模组,中证网
1595,2018-04-20,高精度智能工业传感器洛丁森获GGV纪源资本数千万元A轮融资,腾讯网
1596,2018-04-20,华西股份：持有芯片独角兽澜起科技2.11%股权,e公司
1597,2018-04-20,[传闻求证]宁德时代新产品所需特殊工艺由科达洁能生产？,全景网
1598,2018-04-18,华西股份汤维清：我们是这样捕获“独角兽”的,中财网
1599,2018-04-16,探索中国IC产业价值洼地 “IC中国”评选结果正式揭晓,无线通信世界
1600,2018-04-12,调研干货|华西股份：2018做优做强传统业务 深化产融结合战略,机会宝
1601,2018-04-12,新余国科：人影装备产品种类齐全 覆盖气象探测设备,财富动力网
1602,2018-04-12,华西股份：开发第二颗搭载新型存储技术芯片 推动AI在终端的使用,财富动力网
1603,2018-04-10,华西股份：2018年继续深化产融结合战略,证券时报
1604,2018-04-10,华西股份：依托一村资本投资能力 培育上市公司主营业务,中证网
1605,2018-04-10,华西股份：立足产业投资优势 深化产融结合战略,金融投资报
1606,2018-04-04,一村资本首个IPO项目诞生 动力电池“独角兽”宁德时代成功过会,金融界
1607,2018-04-03,[增持评级]新华文轩(601811)年报点评：夯实主业、稳步扩张,中财网
1608,2018-04-02,36氪首发 | 颠覆储存器行业？磁宇信息获华西股份千万级人民币B轮融资,36氪
1609,2018-03-13,宁德时代IPO概念股全梳理：谁真投了，谁撇清了干系,澎湃新闻
1610,2018-03-03,全球芯片业大并购浪潮下，“中国芯”逆袭还需要多久？,搜狐
1611,2018-01-11,AI初创企业GTI在CES上展示AI计算棒，性能比英特尔强90倍,SEMI
