,2021-12-31,广东省境内外上市公司数量突破1100家,Wind
0,2021-12-30,鹏鼎控股、生益科技、深南电路……谁将会是成长能力最强的PCB企业？,Ofweek
1,2021-12-30,国金证券：给予生益科技买入评级,证券之星
2,2021-12-30,【国金晨讯】航空机场2022：疫情可控下的需求复苏主线；配置季利率走势特征和投资机会分析,国金证券研究所
3,2021-12-29,生益科技：公司覆铜板年产能是1亿平方米,财联社
4,2021-12-16,鹏鼎控股、生益科技、深南电路……谁是盈利能力最强的印制电路板企业？,Ofweek
5,2021-12-09,市场有多追捧锂电？一个项目，一字涨停！,Wind
6,2021-12-08,PCB行业深度：通讯／消费电子／汽车齐发力 FPC替代传统线束前景可期,新浪
7,2021-12-07,生益科技：2021年11月16日至2021年11月23日，伟华电子通过集中竞价方式累计减持其所持有的公司股份约817万股，本次减持计划已实施完毕,每日经济新闻
8,2021-12-07,生益科技(600183.SH)股东伟华电子累计减持817.41万股 减持实施完毕 减持股份,智通财经
9,2021-12-07,生益科技(600183.SH)：伟华电子以集中竞价累计减持817.4095万股 减持股份,格隆汇
10,2021-12-07,生益科技：伟华电子累计减持0.35%股份，完成减持计划 拟减持股份,Wind
11,2021-12-06,生益科技(600183.SH)：生益资本与生益集团管理层拟向星顺公司合计投资1亿元,智通财经
12,2021-12-06,生益科技(600183.SH)向子公司生益资本增资8000万元,智通财经
13,2021-12-06,【机会挖掘】第二批智能网联汽车试点城市出炉 车联网是增长最快的细分场景,证券时报网
14,2021-12-03,注意！生益科技：科创金融集团计划减持不超过约796万股 拟减持股份,每日经济新闻
15,2021-12-03,生益科技：科创金融集团拟减持不超过公司总股本的0.3444% 拟减持股份,Wind
16,2021-12-03,生益科技(600183.SH)：科创金融集团拟减持不超0.34%股份 拟减持股份,智通财经
17,2021-12-03,生益科技(600183.SH)：科创金融集团拟减持不超795.61万股 拟减持股份,格隆汇
18,2021-12-01,北向资金12月首个交易日加仓A股30亿，紫光国微净买入超6亿元,Wind
19,2021-12-01,井松智能与股东年报数据“打架”，销售合同披露玩“双标” 欺诈造假,中金在线
20,2021-11-22,北向资金今日净买入14.35亿元，宁德时代再获大幅净买入近17亿,Wind
21,2021-11-22,铜冠铜箔招股书频被“揭底”，数据异常谁的锅？,中金在线
22,2021-11-18,北向资金今日净卖出44.53亿元，传统核心资产集体遭抛售,Wind
23,2021-11-18,北向资金抛售白酒，买入电子元件！锂电池板块“王者归来”，这些个股受青睐（名单）,21世纪经济报道
24,2021-11-17,高端印制电路板供需缺口扩大 行业迎持续复苏,证券时报
25,2021-11-16,2022年半导体投资策略报告：2022-2023年投资策略应用篇 汰弱留强,国金证券股份有限公司
26,2021-11-16,缺货严重，龙头公司股价两年飙涨12倍！,Wind
27,2021-11-15,圣泉集团：公司未申报5G大功率功放用高频电子基材项目,Wind
28,2021-11-11,生益科技：公司是全方位覆盖的产品战略，产品广泛用于家电、消费类终端、汽车电子、航天航空工业、工业电子、通讯以及各种中高档电子产品中,每日经济新闻
29,2021-11-11,生益科技：公司三季度经营情况正常，订单饱满,每日经济新闻
30,2021-11-11,生益科技：公司是对万江厂区和陕西生益老厂区的土地资产进行盘活增值，以盘活存量资产和缓释效益为目的,每日经济新闻
31,2021-11-11,生益科技：公司目前未建立财务共享中心,Wind
32,2021-11-11,生益科技：公司目前在建的3个项目预计明年下半年投产,Wind
33,2021-11-11,生益科技：公司目前在建的3个项目 年产能约2000万平方米,财联社
34,2021-11-10,印制电路板的内资时代,每日财报
35,2021-11-10,电子行业2021年三季报回顾：板块分化 回调为主,新浪
36,2021-11-09,最全！2021年中国覆铜板行业上市公司市场竞争格局分析 三大方面进行全方位对比,前瞻研究院
37,2021-11-09,生益科技(600183)：乘汽车新三化东风 覆铜板龙头再起航,新浪
38,2021-11-09,台资覆铜板复盘，内资接力下个十年 | 开源证券电子,开源证券研究所
39,2021-11-08,电子元件行业周报：PCB短期景气复苏 长期优选成长,新浪
40,2021-11-08,26股获重要股东增持 生益科技获增持金额最多,证券时报网
41,2021-11-07,四会富仕：公司上游为以生益科技为代表的CCL生产商，下游为以EMS为代表的PCBA或终端厂商,每日经济新闻
42,2021-11-05,A股早报2021年11月5日星期五,Wind
43,2021-11-04,A股共发生255宗大宗交易成交58.52亿元（11月4日）,Wind
44,2021-11-04,生益科技(600183.SH)：全资孙公司咸阳地产拟投资开发公司旧址土地,格隆汇
45,2021-11-04,生益科技(600183.SH)：广新集团及伟华电子权益变动达1%,格隆汇
46,2021-11-04,生益科技(600183.SH)拟向子公司东莞地产增资3.5亿元,智通财经
47,2021-11-04,生益科技(600183.SH)：向全资子工资东莞地产增资3.5亿元,格隆汇
48,2021-11-04,生益科技今日大宗交易成交2309.95万股，成交价24.7元溢价4.31%,Wind
49,2021-11-02,北向资金连续4日净买入累计扫货近150亿，新能源龙头股集体获抢筹,Wind
50,2021-10-31,开源金股11月推荐；2022年CPI通胀形势的展望丨一周重点研究报告,开源证券研究所
51,2021-10-29,生益科技：生益科技关于董事及独立董事辞职的公告 董监高成员变化,新浪
52,2021-10-29,生益科技：董事朱丹、独立董事李军印辞职 董监高成员变化,Wind
53,2021-10-29,QFII投资路径曝光：布局龙头，青睐科技+成长,Wind
54,2021-10-29,【招商电子】生益科技：覆铜板驱动业绩高增，仍望把握行业结构性增长机会,招商电子
55,2021-10-28,民生证券：给予生益科技买入评级,证券之星
56,2021-10-28,民生证券维持生益科技推荐评级：Q3归母同比高增，需求提振成长可期,每日经济新闻
57,2021-10-28,天风证券维持生益科技买入评级：业绩持续超预期，持续关注产品高端化+扩产,每日经济新闻
58,2021-10-28,招财日报2021.10.28｜看好广联达 / 生益科技景气度持续,招银国际
59,2021-10-28,A股早报2021年10月28日星期四,Wind
60,2021-10-28,【国金电子】生益科技：Q3仍涨价且保持高溢价，有望率先走出周期,国金电子研究
61,2021-10-27,QFII最新动向！这只“新宠”大牛股，年内涨超两倍,Wind
62,2021-10-27,生益科技公布三季报 前三季净利增加79.56%,新浪
63,2021-10-27,生益科技(600183.SH)：第三季度净利润升93.88%至9.25亿元,格隆汇
64,2021-10-27,图解生益科技三季报：第三季度单季净利润同比增93.88%,证券之星
65,2021-10-27,生益科技：前三季度净利润23.39亿元 同比增长79.56%,中证网
66,2021-10-27,成绩单！生益科技：2021年第三季度净利润约9.25亿元，同比增长93.88%,每日经济新闻
67,2021-10-27,生益科技最新公告：第三季度净利同比增长93.88% 覆铜板需求旺盛,证券之星
68,2021-10-27,生益科技：第三季度净利同比增长93.88%,证券时报网
69,2021-10-27,生益科技：第三季度净利同比增近94% 覆铜板需求旺盛,e公司
70,2021-10-27,生益科技：第三季度净利同比增93.88%,格隆汇
71,2021-10-27,生益科技：前三季度净利润同比增长79.56%,Wind
72,2021-10-26,开源刘翔团队|行业深度报告：台资覆铜板复盘：高阶化升级，内资接力下个十年,刘翔电子研究
73,2021-10-26,科创板话题：联瑞新材,科创板日报
74,2021-10-25,机构、股东、高管争相买入这些业绩暴增股,证券时报网
75,2021-10-23,回撤近20%！摩根士丹利发出预警，科技股拐点在哪，这一指标暗藏玄机！机构密集调研且估值下降的科技股名单出炉,证券时报
76,2021-10-22,生益科技(600183.SH)：减持期过半 伟华电子未减持股份,格隆汇
77,2021-10-22,生益科技：股东伟华电子减持时间过半，尚未减持公司股份,每日经济新闻
78,2021-10-22,【招商电子】生益科技：前三季度业绩高增，仍望把握结构性增长机会,招商电子
79,2021-10-20,干货！2021年中国覆铜板行业竞争格局及市场份额分析 龙头企业业务能力较为领先,前瞻研究院
80,2021-10-20,机构、股东、高管争相买入这些业绩暴增股,证券时报网
81,2021-10-20,"【国金晨讯】大消费专题：美妆""双11""备战+消费三季报前瞻；迈瑞医疗：医疗新基建拉动稳健增长；上调生益科技盈利预测",国金证券研究所
82,2021-10-20,生益科技前三季净利预增81%远超同行 三年半投22亿研发攻关抓住市场机遇,长江商报
83,2021-10-19,A股异动 | 生益科技(600183.SH)涨逾4% 预计三季度扣非归母净利润同比增77%至85%,格隆汇
84,2021-10-19,开源证券维持生益科技买入评级，公司信息更新报告：2021Q3土地收储影响非经损益，下游需求景气分化,每日经济新闻
85,2021-10-19,开源证券：给予生益科技买入评级,证券之星
86,2021-10-19,【国金电子】生益科技：扣非归母保持高位水平，长期量价利仍可期,国金电子研究
87,2021-10-18,生益科技三季报净利预增81%，覆铜板产销大幅提升,阿尔法工场
88,2021-10-18,生益科技：2021年前三季度净利润预计增长79%-81%,中证网
89,2021-10-18,晚间重要公告2021年10月18日星期一,Wind
90,2021-10-18,生益科技：前三季度预计净利润同比增长79.0%~81.0%,Wind
91,2021-10-18,生益科技：预计前三季度实现净利润23.3亿元-23.6亿元，同比增加79%,新浪
92,2021-10-18,生益科技：预计前三季度净利同比增长79%-81%,财联社
93,2021-10-18,生益科技：预计前三季度净利润同比增长79%-81%,Wind
94,2021-10-15,电子行业2021年四季度投资策略：消费电子环比改善 布局低估值龙头半导体持续关注国产替代,新浪
95,2021-10-15,北向资金恢复交易后首日净买入近27亿，再度大手笔加仓新能源股,Wind
96,2021-10-14,行业深度！一文了解2021年中国覆铜板行业产业链现状、市场竞争格局及发展前景,前瞻研究院
97,2021-10-13,生益科技：孙公司10.84亿元竞得土地使用权 有利于公司对土地使用权资产进行盘活增值,发布易
98,2021-10-13,生益科技(600183.SH)孙公司以10.84亿元竞得咸阳地块,智通财经
99,2021-10-12,生益科技(600183.SH)：孙公司以10.84亿元竞得陕西咸阳一宗地块,格隆汇
100,2021-10-11,电子行业周报：台股营收透露曙光、先蹲后跳静待佳音,新浪
101,2021-10-09,和讯SGI公司|联瑞新材净利润增长85.1%！关联交易的“黑历史”引发股价滑坡？,和讯
102,2021-10-08,北向资金今日净卖出25.72亿元，贵州茅台遭大幅净卖出超11亿元,Wind
103,2021-10-08,电子行业北上资金月报,新浪
104,2021-10-08,电子行业2021年三季报业绩展望：消费电子环比业绩改善 半导体国产替代持续,新浪
105,2021-10-04,原材料紧缺，下游需求依旧旺盛，覆铜板“涨声”一片,财联社
106,2021-10-01,生益电子(688183)首次覆盖报告：行业领先数通领域PCB供应商 受益于扩产+通信PCB需求回暖,新浪
107,2021-09-30,[专精特新TOP100]南亚新材：高速覆铜板技术优势突出 新厂投产高端陆续放量,新浪
108,2021-09-30,生益科技：公司目前经营情况正常，订单饱满,每日经济新闻
109,2021-09-23,嗅到牛市味道？这家海外巨头连续3月大笔买入券商股,Wind
110,2021-09-22,电子行业周报：留意消费放缓对物联网影响,新浪
111,2021-09-17,电子行业深度报告：MINILED商业化开启 相关产业链迎来机遇,新浪
112,2021-09-15,A股共发生198宗大宗交易成交51.37亿元（9月15日）,Wind
113,2021-09-15,生益科技(600183.SH)：广新集团增持股份达1.85%、国弘投资减持股份达1% 减持股份,格隆汇
114,2021-09-15,生益科技(600183.SH)股东广新集团持股比例增至23.85%,智通财经
115,2021-09-15,透视大宗交易：9月15日共成交198笔，生益科技成交5.83亿元,每日经济新闻
116,2021-09-15,生益科技今日大宗交易成交2302.47万股，成交价25.3元溢价11.65%,Wind
117,2021-09-10,电子行业2021年中报总结：板块增速分化 自下而上关注细分龙头,新浪
118,2021-09-08,北向资金结束连续12日净买入，中国平安、歌尔股份净卖出均超6亿元,Wind
119,2021-09-02,电子行业北上资金月报,新浪
120,2021-08-31,新基建加码，重磅大会开幕，5G厂商业绩迎爆发,Wind
121,2021-08-26,北向资金连续4日净买入，中国铝业获大幅加仓近12亿元,Wind
122,2021-08-26,当前时点，为什么我们再度重视新基建及5G应用的投资机会？,金融界
123,2021-08-24,以政策加法培育“创新雨林”,南方日报
124,2021-08-23,二季度QFII青睐医药医疗器械行业公司,Wind
125,2021-08-23,二季度QFII青睐 医药医疗器械行业公司,中国基金报
126,2021-08-23,茅指数与宁组合同台竞技 数据剖析谁更技高一筹,证券时报
127,2021-08-22,景旺电子：利润增长遇瓶颈,证券市场周刊
128,2021-08-20,【铜箔周报】铜箔企业中报业绩普遍向好,中国电池网
129,2021-08-19,【天风电子】生益科技：21H1业绩超预期，持续看好CCL龙头成长性,科技伊甸园
130,2021-08-18,A股异动 | 生益科技(600183.SH)跌逾5% 股东伟华电子拟减持不超1%公司股份 拟减持股份,格隆汇
131,2021-08-18,109股获券商买入评级，万盛股份目标涨幅达93.28%,Wind
132,2021-08-17,生益科技：股东拟减持不超过2302.47万股 拟减持股份,中证网
133,2021-08-17,生益科技：伟华电子拟减持公司不超1%股份 拟减持股份,e公司
134,2021-08-17,生益科技(600183.SH)：持股14.17%的伟华电子拟减持不超2302.4743万股,格隆汇
135,2021-08-17,生益科技：股东伟华电子拟减持不超过1% 拟减持股份,财联社
136,2021-08-17,生益科技：伟华电子拟减持不超过总股本1%,Wind
137,2021-08-17,社保基金+QFII重仓25股，北上资金盯上5股,Wind
138,2021-08-17,四大恶人搞砸了A股?任泽平:该醒醒了-更新中,中财网
139,2021-08-17,生益科技：公司载板项目已动工 预计2022年下半年可建成投产,Wind
140,2021-08-17,生益科技：公司目前订单饱满，下游需求旺盛,每日经济新闻
141,2021-08-17,西南证券给予生益科技买入评级：全球覆铜板龙头迎量价齐升，目标价36.50元,每日经济新闻
142,2021-08-17,订单排到年底！覆铜板迎高景气，龙头公司业绩爆发,Wind
143,2021-08-17,生益科技：公司载板项目预计2022年下半年可建成投产,Wind
144,2021-08-17,生益科技：目前公司覆铜板的年产能是1亿平方米,Wind
145,2021-08-17,覆铜板三季度价格持续上涨，龙头公司业绩爆发,证券时报网
146,2021-08-17,提价已在路上，订单排到年底！覆铜板迎高景气，龙头公司业绩爆发,e公司
147,2021-08-16,生益科技(600183)：全球覆铜板龙头迎量价齐升,西南证券
148,2021-08-16,通信电子行业周报：高精度位导龙头华测导航迈入自动驾驶时代,光大证券
149,2021-08-16,生益科技毛利率连续八年半增长 半年净利增71%有望赶超行业龙头,长江商报
150,2021-08-16,财信证券2021年8月半导体行业月度报告：中报陆续披露，扩产打开设备成长空间,财信证券研究
151,2021-08-15,开源证券维持生益科技买入评级：2021Q2 盈利加速，细分高端覆铜板材料出货,每日经济新闻
152,2021-08-15,【招商电子】生益科技：营收增速超预期，产品高端化打开长期空间,招商电子
153,2021-08-14,上市公司正负面新闻2021年8月14日星期六,Wind
154,2021-08-14,生益科技上半年营收近百亿,中证报
155,2021-08-13,晚间重要公告2021年8月13日星期五,Wind
156,2021-08-13,生益科技：半年度净利润同比增71% 覆铜板市场行情迅猛增长,e公司
157,2021-08-13,生益科技：上半年净利润同比增长71.3%,Wind
158,2021-08-13,生益科技：2021年半年度净利润约14.15亿元，同比增加71.3%,每日经济新闻
159,2021-08-13,覆铜板行情迅猛增长 生益科技(600183.SH)上半年归母净利增71.3%至14.15亿元,智通财经
160,2021-08-13,生益科技(600183.SH)：上半年净利增71.30%至14.15亿元,格隆汇
161,2021-08-09,北向资金今日净买入44.66亿元，光伏股逆势遭大幅抛售,Wind
162,2021-08-09,【窥业绩】上半年业绩飙增大超预期，生益科技（600183.SH）能否续写成长故事？,财华社
163,2021-08-09,生益科技(600183)：21H1业绩超预期 行业景气持续,光大证券
164,2021-08-09,【生益科技（600183.SH）】21H1业绩超预期，行业景气持续——跟踪报告之一（刘凯/石崎良）,光大证券
165,2021-08-06,（独家）井松智能IPO之谜：关联关系错综复杂，采销数据打架，转贷行为存疑 欺诈造假,时代在线
166,2021-08-05,58股获券商买入评级，明新旭腾目标涨幅达85.74%,Wind
167,2021-08-04,国金证券维持生益科技买入评级：如何看待生益科技的周期性和成长性,每日经济新闻
168,2021-08-04,【国金电子】生益科技：如何看到其周期性和成长性,国金电子研究
169,2021-08-03,生益科技(600183)深度报告：如何看待生益科技的周期性和成长性,国金证券股份有限公司
170,2021-08-02,北向资金7月动向：重点进攻高景气成长制造主线，周期性行业遭抛售,Wind
171,2021-08-02,电子行业北上资金月报,新浪
172,2021-08-02,电子行业周报：半导体估值接近历史高点,新浪
173,2021-07-30,上海证券维持生益科技增持评级：涨价带动业绩弹性产能优化加码成长,每日经济新闻
174,2021-07-30,生益科技(600183)半年报预告点评：涨价带动业绩弹性产能优化加码成长,新浪
175,2021-07-30,北向资金今日净买入22.47亿元，对白酒股态度分化,Wind
176,2021-07-30,【铜箔周报】航天科技源动力公司签订5亿铜箔成套设备合同,中国电池网
177,2021-07-30,40股受青睐，北向资金增持额超亿元,证券时报网
178,2021-07-29,38股获券商买入评级，一心堂目标涨幅达71.22%,Wind
179,2021-07-28,华创证券：维持生益科技(600183.SH)“强推”评级 目标价33.25元,智通财经
180,2021-07-28,A股早报2021年7月28日星期三,Wind
181,2021-07-28,强势股补跌沪指失守3400点，机构称下跌带来优质股布局机会,Wind
182,2021-07-27,生益科技(600183)：2021Q2利润同比 76-80% 覆铜板涨价盈利大超预期,新浪
183,2021-07-27,生益电子上半年业绩预降近六成 关联采购占比大五成营收靠华为 盈利能力下降,GPLP犀牛财经
184,2021-07-27,生益科技龙虎榜数据（7月27日）,Wind
185,2021-07-27,涨停复盘 | 全面杀跌！涨停个股不足30只 PCB概念罕见爆发,第一财经
186,2021-07-27,A股、港股双双跳水，发生了什么？,Wind
187,2021-07-27,涨停板解密：资金抢筹，电子股逆市火爆！（7月27日）,Wind
188,2021-07-27,安信证券：维持生益科技(600183.SH)“买入”评级 目标价27.83元,智通财经
189,2021-07-27,生益科技(600183)2021年上半年业绩预增点评：中报预告超预期 覆铜板景气持续,新浪
190,2021-07-27,安信证券给予生益科技买入评级，业绩超预期，高频高速需求助力覆铜板持续升级,每日经济新闻
191,2021-07-27,生益科技：预计上半年实现净利润14亿元-14.2亿元 同比增长70%-72%,中证网
192,2021-07-27,中芯国际带动芯片行情，电子50ETF（515320）强势上涨超4%,Wind
193,2021-07-27,罕见！中芯国际冲击20CM涨停，平安市值跌破万亿,Wind
194,2021-07-27,招商证券：维持生益科技(600183.SH)“强烈推荐-A”评级 目标价30.75元,智通财经
195,2021-07-27,A股午盘综述：科创50大涨近4%，芯片股全线爆发,Wind
196,2021-07-27,PCB概念股早盘大幅拉升，明阳电路（20%）、生益科技、世运电路涨停，奥士,新浪
197,2021-07-27,国金证券：给予生益科技(600183.SH)“买入”评级 Q2业绩超预期 盈利提升+高端布局释放弹性,智通财经
198,2021-07-27,生益科技(600183.SH)封涨停板 Q2业绩超预期,格隆汇
199,2021-07-27,国金证券维持生益科技买入评级：Q2业绩超预期，盈利提升+高端布局释放弹性,每日经济新闻
200,2021-07-27,【国金电子】生益科技： Q2业绩超预期，盈利提升+高端布局释放弹性,国金电子研究
201,2021-07-27,财信证券晨会20210727,财信证券研究
202,2021-07-26,覆铜板行情火爆 印制电路板公司业绩预增中显分化,e公司
203,2021-07-26,晚间重要公告2021年7月26日星期一,Wind
204,2021-07-26,晚间公告｜7月26日这些公告有看头,第一财经
205,2021-07-26,生益科技：上半年净利同比预增70%-72%,Wind
206,2021-07-26,生益科技：上半年净利预增70%-72% 覆铜板产品量价齐升,e公司
207,2021-07-26,生益科技(600183.SH)半年度净利润预增70%-72%,格隆汇
208,2021-07-14,生益科技：与铜陵有色签署战略合作协议,e公司
209,2021-07-14,业绩大增超3倍，建滔积层板（01888）一体化布局毛利优势明显,智通财经
210,2021-07-13,电子行业2021中报前瞻：5G手机、远程需求、汽车电子仍为2021三大主轴,新浪
211,2021-07-13,62家公司获海外机构调研,证券时报网
212,2021-07-12,69股获海外机构调研 生益科技最受关注,证券时报网
213,2021-07-12,【招商电子】PCB月度深度跟踪：覆铜板Q2量价齐升，下半年关注IC载板、通信板及苹果链,招商电子
214,2021-07-07,76家公司获海外机构调研,证券时报网
215,2021-07-07,139家公司获机构调研（附名单）,证券时报网
216,2021-07-07,海外机构关注生益科技,财富动力网
217,2021-07-06,海外机构扎堆调研，北上资金加仓的调研股名单来了,证券之星
218,2021-07-06,上半年北上资金累计净买入2237亿元 这些上市公司获海外机构扎堆调研,金融投资网
219,2021-07-06,北向资金抢买的海外机构调研股来了（附名单）,第一财经
220,2021-07-06,突发黑天鹅，大白马股遭证监会立案调查！北上资金抢买的海外机构调研股来了（附名单）,e公司
221,2021-07-05,74股获海外机构调研生益科技最受关注,第一财经
222,2021-07-05,调研记录|生益科技（600183.SH）：预计明年Q2可建成投产260万平方米/年产能载板项目,智通财经
223,2021-07-05,153家公司获机构调研（附名单）,证券之星
224,2021-07-02,电子行业2021年中报业绩展望：半导体持续景气 消费电子阶段承压,新浪
225,2021-07-01,电子行业2021年三季度投资策略：半导体持续重点推荐 消费电子看好下半年苹果链确定性,新浪
226,2021-06-28,两市融资余额创近6年新高 90股获连续加仓,证券时报
227,2021-06-26,融资余额突破1.6万亿，90股获融资客连续加仓5周以上,证券时报网
228,2021-06-26,重磅信号，牛市风向标动了！1.6万亿资金罕见大动作，牛股扎堆行业首夺冠军，“周期之王”被连续爆买，滞涨科技股来了,证券时报网
229,2021-06-25,【最全】2021年中国覆铜板行业上市公司全方位对比(附业务布局、业绩对比、业务规划等),前瞻研究院
230,2021-06-22,2021下半年电子行业投资策略：5G产业强者恒强 聚焦国产化,新浪
231,2021-06-18,科技题材发威，杠杆资金猛加仓，看低估值超跌股名单,Wind
232,2021-06-16,通用机械行业先进制造：PCB需求持续景气 把握中游设备投资机会,新浪
233,2021-06-14,生益科技：2019年度股票期权激励计划首次授予第二个行权期符合行权条件,发布易
234,2021-06-14,生益科技：股票期权拟行权数量为2523.2902万份,财联社
235,2021-06-14,生益科技(600183.SH)：2523.29万份股票期权可行权,智通财经
236,2021-06-11,高斯贝尔：【行业深度】洞察2021中国覆铜板行业竞争格局及市场份额,前瞻研究院
237,2021-06-09,【繁微另类数据】基于移动大数据的上市公司金融活动指数的选股应用,东证衍生品研究院
238,2021-06-09,预见2021：《2021年中国覆铜板行业全景图谱》(附市场现状、竞争格局、发展前景等),前瞻研究院
239,2021-06-09,中信证券晨会,新浪
240,2021-06-09,中信证券：2021年生益科技有望迎业绩大年 给予目标价30元评级“买入”,e公司
241,2021-06-09,生益科技（600183）：产能扩张、结构优化支撑长期成长，涨价助推短期盈利回升,中信证券研究
242,2021-06-09,注册制下券商投行业务大比拼：IPO项目翻倍，马太效应加剧,Wind
243,2021-06-08,粤开策略：每日数据跟踪,新浪
244,2021-06-03,生益科技：公司载板项目已动工，预计2022年第二季度可建成投,每日经济新闻
245,2021-06-03,生益科技：公司覆铜板主要供制作单、双面及多层线路板,每日经济新闻
246,2021-06-03,生益科技：整体铜箔供应紧张，价格处于高位,每日经济新闻
247,2021-06-03,生益科技：公司覆铜板年产能约1亿平方米,每日经济新闻
248,2021-06-01,中金行业首选：2021年6月,新浪
249,2021-05-28,【国金晨讯】电子专场：关注中京电子，联想集团，覆铜板涨价周期性研究及未来判断，比亚迪电子，杉杉股份，传音控股,国金证券研究所
250,2021-05-25,逾60家公司拟“A拆A”，母公司盈利能力或是成败关键,Wind
251,2021-05-21,新材料 成第三大先进制造业,南方日报
252,2021-05-20,生益科技(600183)：生益科技2020年年度权益分派实施，每10股派发现金红利4元（含税）,发布易
253,2021-05-20,生益科技(600183.SH)拟注销45.2619万份股票期权,智通财经
254,2021-05-20,生益科技(600183.SH)5月28日分红 拟每股派0.4元,智通财经
255,2021-05-20,生益科技(600183.SH)2020年度权益分派10派4元 股权登记日为5月27日,格隆汇
256,2021-05-19,[路演]生益科技：目前公司订单饱满，下游需求旺盛,全景网
257,2021-05-18,2021 年中国高频高速覆铜板技术市场现状及发展趋势分析 国产化技术追赶国际水平,ZAKER
258,2021-05-13,科技硬件周报(5/1)：A股年报季收官 苹果业绩会广受关注,新浪
259,2021-05-13,会议纪要|生益科技（600183.SH）：主动备货应对原材料涨价 2025年前覆铜板产能继续扩张30%,智通财经
260,2021-05-09,一周概念股：A股半导体公司年度业绩大盘点，CCL开启新一轮涨价周期,搜狐
261,2021-05-09,电子行业周报：缺货涨价现象依旧,新浪
262,2021-05-07,财报暴涨，大族激光难掩“尴尬”,网易
263,2021-05-06,开源证券维持生益科技买入评级，公司信息更新报告：净息差同比下降,每日经济新闻
264,2021-05-05,A股大佬年薪比拼：迈瑞医疗李西廷日进6.9万，地产老板平均薪酬最高,第一财经
265,2021-05-04,【周末特辑】国金研究十大热门研报,国金证券研究所
266,2021-05-03,外资一季度持仓路径解析：32公司被重仓超3年，4月重启加仓,Wind
267,2021-05-03,生益电子(688183)公司首次覆盖报告：国内数通领域PCB第一梯队 分拆上市巩固优势,新浪
268,2021-04-30,国金证券给予生益科技买入评级，短期看子公司盈利改善，长期看产品层次提升,每日经济新闻
269,2021-04-30,开源刘翔团队|生益电子：国内数通领域PCB第一梯队，分拆上市巩固优势,刘翔电子研究
270,2021-04-30,长线资金持仓路线图曝光：QFII、社保基金青睐业绩确定性高的企业,中证网
271,2021-04-30,生益科技刘述峰： 念好电子材料经 做好一张电路板,长江商报
272,2021-04-29,生益科技：一季度净利润同比增长60.45%,Wind
273,2021-04-29,生益科技(600183.SH)一季度归母净利同比增60.45%至5.44亿元,智通财经
274,2021-04-29,生益科技：一季度净利5.44亿元 同比增60%,e公司
275,2021-04-26,【招商电子】生益科技：投资者接待日展望积极，2021大年可期,招商电子
276,2021-04-20,机构强烈推荐40只个股-更新中,中财网
277,2021-04-20,【招商电子】生益科技：一季度业绩超预期，覆铜板盈利弹性体现,招商电子
278,2021-04-20,生益科技股价异动首季净利润增长59.00%-62.00%,证券之星
279,2021-04-20,A股异动|生益科技(600183.SH)涨4.58%一季度净利预增59%到62%,格隆汇
280,2021-04-20,上市公司正负面新闻2021年4月20日星期二,Wind
281,2021-04-19,晚间重要公告2021年4月19日星期一,Wind
282,2021-04-19,生益科技：预计一季度净利增长59%-62%,中证网
283,2021-04-19,生益科技：一季度预计净利润同比增长59.0%~62.0%,Wind
284,2021-04-19,生益科技(600183.SH)一季度归母净利润同比增长59%到62%,智通财经
285,2021-04-14,覆铜板景气获验证内资小龙头一季报暴增,科创板日报
286,2021-04-13,78股获券商买入评级 长盈精密目标涨幅达87.34%,Wind
287,2021-04-12,QFII投资图谱徐徐揭开面纱，四季度新进93股,Wind
288,2021-04-12,QFII投资图谱徐徐揭开面纱 四季度新进93股,证券时报
289,2021-04-11,周期的力量，覆铜板为何两月股价翻倍？,格隆汇
290,2021-04-08,电路板板块逆势走强，丹邦科技4连板,Wind
291,2021-04-06,科技硬件行业周报：“小米造车”广受关注,新浪
292,2021-04-05,电子产业景气度：再次涨价进行时,新浪
293,2021-04-02,生益科技：参考历史信用损失经验，计提了坏账准备 资产异常,每日经济新闻
294,2021-04-02,"生益科技：2021年2月26日的股东人数是156,408",每日经济新闻
295,2021-04-02,生益科技：公司在春节期间按照排产计划生产，目前覆铜板订单饱满,每日经济新闻
296,2021-04-02,新时代证券--生益科技年报点评：行业景气度高企下游需求向好，产品结构持续优化【公司研究】,金融界股吧
297,2021-04-02,227股获券商买入评级，鹏鼎控股目标涨幅达81.52%,Wind
298,2021-04-02,社保QFII持股路径曝光，化工电子板块各有所爱,Wind
299,2021-04-01,生益科技(600183)：预计原材料涨价影响降低 后市景气度有望上行,新浪
300,2021-04-01,社保QFII最新调仓！两类资金分歧巨大,Wind
301,2021-04-01,社保QFII最新调仓！两类资金分歧巨大,中证报
302,2021-04-01,覆铜板涨价？生益科技：公司产品已经涨价丨公司问答,第一财经
303,2021-04-01,财信证券--生益科技：短期盈利波动逐步消退，行业步入景气区间【公司研究】,金融界股吧
304,2021-03-31,明天起一批电子行业涨价函将生效 涉及这些A股公司,新浪
305,2021-03-31,生益科技(600183)：供需景气带动公司业绩高速增长,新浪
306,2021-03-31,193股获券商买入评级，宇通客车目标涨幅达83.49%,Wind
307,2021-03-31,【兴业证券晨会聚焦0331】2020年报点评：化工-扬农化工；汽车-福耀玻璃；电子-生益科技；食饮-恒顺醋业；金属-华友钴业,兴证研究
308,2021-03-30,【招商电子】生益科技：新五年计划开局，Q2及全年上行趋势望延续,招商电子
309,2021-03-30,产品需求逐渐回暖 生益科技2020年净利16.81亿元增长16%,上证报
310,2021-03-30,5G特种光缆第一股 中天科技分拆谜团,搜狐
311,2021-03-30,生益科技(600183.SH)拟以7000万元闲置募集资金暂时补充流动资金,格隆汇
312,2021-03-30,太平洋--生益科技：短期价格扰动影响渐低，高端板卡发力开辟全新通途【公司研究】,金融界股吧
313,2021-03-29,生益科技：2020年净利润16.81亿元 同比增16%,e公司
314,2021-03-29,生益科技(600183.SH)年度归母净利同比增16%至16.81亿元 拟10股派4元,智通财经
315,2021-03-29,生益科技(600183.SH)：2020年度净利升16%至16.81亿元 拟10派4元,格隆汇
316,2021-03-29,生益科技：2020年净利同比增16%拟10派4元,格隆汇
317,2021-03-29,生益科技：2020年净利润同比增长16.0%,Wind
318,2021-03-29,电子元器件周报：年报陆续披露 关注业绩超预期,新浪
319,2021-03-29,科技硬件行业周报：关注英特尔“IDM2.0”愿景,新浪
320,2021-03-29,电子行业动态点评：上游材料持续紧缺 覆铜板主升浪来临,新浪
321,2021-03-28,开源刘翔团队|金安国纪：FR-4覆铜板步入提价周期，有望释放盈利弹性,刘翔电子研究
322,2021-03-28,水泥迎来“涨价潮”，鸡价格上涨确定性增强丨明日主题前瞻,第一财经
323,2021-03-24,生益科技成立科技新公司，注册资本1.5亿,企查查
324,2021-03-24,电子行业研究：覆铜板已进入溢价阶段 中短期受益确定性强,国金证券股份有限公司
325,2021-03-23,化工行业新材料板块周观点：市场供应紧缺 有机硅、电石价格强劲上涨,新浪
326,2021-03-22,银河电子周观点：自动驾驶加速渗透 关注汽车传感器投资机会,新浪
327,2021-03-22,中国银河--电子行业：自动驾驶加速渗透，关注汽车传感器投资机会【行业研究】,金融界股吧
328,2021-03-21,科技硬件行业周报：SEMICON CHINA于上海召开 受到广泛关注,新浪
329,2021-03-10,生益科技(600183.SH)因陕西生益老厂土地被收储将获收购款3.28亿元,智通财经
330,2021-03-10,生益科技(600183.SH)：陕西生益老厂土地拟被收储预计实现资产处置收益约2.6亿元,格隆汇
331,2021-03-09,生益科技跌5.52% 上月初招商证券强烈推荐目标价36元,中国经济网
332,2021-03-08,科技硬件行业周报(3／6)：投资人关注中芯国际批量采购协议变化,新浪
333,2021-03-07,【招商电子】PCB月度深度跟踪：需求景气复苏，CCL引领行业上行周期,招商电子
334,2021-03-03,电子元器件：当前时点PCB产业链怎么看？,新浪
335,2021-03-02,通信行业点评：大宗涨价潮下 通信行业有哪些投资机会？,新浪
336,2021-03-02,国盛证券--通信行业：大宗涨价潮下，通信行业有哪些投资机会【行业研究】,金融界股吧
337,2021-02-26,野村：5G用户迁移趋势良好，吁买入中移动及中联通,Wind
338,2021-02-25,生益电子摘得首家“A拆A”，A股分拆上市空间多大,第一财经
339,2021-02-25,“A拆A”第一股成功登陆科创板 生益电子盘中涨超76%,金融界
340,2021-02-25,今日新股上市：冠中生态、生益电子,中国经济网
341,2021-02-23,生益科技控股子公司生益电子将于2月25日在科创板上市,上证报
342,2021-02-23,生益科技(600183.SH)：生益电子2月25日起上市交易,格隆汇
343,2021-02-23,生益科技(600183.SH)：生益电子将于2月25日在上交所科创板上市,智通财经
344,2021-02-22,电子行业周报：《周观点》系列 汽车电子空间巨大 天灾加剧半导体短缺,新浪
345,2021-02-19,半年赚了2.9亿！华为、三星、富士康的供应商准备上市了,21商评网
346,2021-02-16,【银河电子傅楚雄/王恺】两会前瞻丨前瞻两会风向，关注科技创新与产业升级,中国银河证券研究
347,2021-02-08,节前最后“新股红包”来了！中一签有望赚5万,上证报
348,2021-02-08,今日新股申购：生益电子,中国经济网
349,2021-02-08,本周七只新股申购 首单“A拆A”成功案例将诞生,金融界
350,2021-02-08,新股提示：生益电子今日申购,Wind
351,2021-02-08,生益电子将成A股分拆上市第一股 华为系最大“金主”,北京商报
352,2021-02-07,生益电子申购在即A股将迎分拆上市第一股,北京商报
353,2021-02-05,开源证券--生益科技：Q4单季度成本承压，预计2021盈利逐季改善【公司研究】,金融界股吧
354,2021-02-04,“A拆A”上市提速：生益电子或夺首单，接力者会是谁？,第一财经
355,2021-02-04,新能源车！这些细分领域值得研究,搜狐
356,2021-02-04,生益科技(600183)：4Q20低于预期 5G放缓及成本承压；预计2021下半年毛利率恢复,新浪
357,2021-02-03,中泰证券--生益科技：上游材料涨价侵蚀利润，2021年盈利能力有望恢复【公司研究】,金融界股吧
358,2021-02-03,睿智投资｜生益科技 (600183 CH) – 4Q20低于预期， 5G放缓及成本承压；预计2021下半年毛利率恢复,招银国际
359,2021-02-02,招银国际--生益科技：4Q20miss on slower 5G and cost pressure;Expect gradual GPM recovery in 1H21E【公司研究】,金融界股吧
360,2021-02-02,生益科技(600183)：收入稳健提升 高端产品突破刺激新成长,新浪
361,2021-02-01,生益科技跌8.5% 招商证券今刚喊强烈推荐目标价36元,中国经济网
362,2021-01-31,【招商电子】生益科技：Q4受成本及PCB影响，21Q1及全年望迎涨价弹性,招商电子
363,2021-01-30,本周北上资金逆市加仓电子股,Wind
364,2021-01-29,2020中国合同物流企业100强发布,中国贸易新闻网
365,2021-01-29,生益科技业绩快报：2020年净利润16.63亿元 同比增14.77%,e公司
366,2021-01-29,生益科技：2020年净利润同比增长14.77%（业绩快报）,Wind
367,2021-01-26,中英科技首日涨120% 2019净利降高新企业认证未通过 盈利能力下降,中国经济网
368,2021-01-26,生益科技(600183)：内资覆铜板龙头开启新一轮五年扩张规划,新浪
369,2021-01-26,70股获券商买入评级 爱施德目标涨幅达83.56%,Wind
370,2021-01-26,开源晨会0127丨不可贪胜；胜利者的“陷阱”；城市住房问题，值得提到更高位置,开源证券研究所
371,2021-01-25,科技硬件行业周报：南下资金大幅流入 港股科技板块广受关注,新浪
372,2021-01-25,【国金电子】生益科技：常熟二期项目启动，投资节奏匹配行业发展,国金电子研究
373,2021-01-23,上市公司正负面新闻2021年1月23日星期六,Wind
374,2021-01-22,生益科技拟9.45亿元投建年产1140万平方米高性能覆铜板及3600万米粘结片项目,上证报
375,2021-01-22,晚间重要公告2021年1月22日星期五,Wind
376,2021-01-22,联瑞新材：拟1000万元受让生益科技专利技术,上证报
377,2021-01-22,生益科技(600183.SH)：拟投建常熟生益年产1140万平方米高性能覆铜板及3600万米粘结片项目,格隆汇
378,2021-01-22,联瑞新材(688300.SH)子公司拟受让生益科技四项专利技术,格隆汇
379,2021-01-21,电子行业：台积电21年资本开支大幅增长 全球车用芯片供给紧张,新浪
380,2021-01-20,生益科技(600183.SH)：苏锡公司减持完毕 累计减持273.91万股 减持股份,格隆汇
381,2021-01-20,上市公司掀“A拆A”小高潮，生物医药等新兴行业公司成“高发地”,Wind
382,2021-01-18,生益电子：首家“A拆A”上市公司 “科创”含量明显不足,新浪
383,2021-01-18,中泰证券：原材料价格坚挺叠加供需格局改善 CCL企业利润有望上行,证券时报网
384,2021-01-15,PCB行业月度深度跟踪：Q1苹果/CCL高增长可期 数通下游望逐步回暖,新浪
385,2021-01-15,生益科技(600183.SH)：苏锡公司减持数过半累计减持155万股 减持股份,格隆汇
386,2021-01-13,中富电路的原材料采购价格低到不合理，环保问题屡教不改,新浪
387,2021-01-12,物联网行业加速发展，相关产业链迎黄金发展期丨牛熊眼,第一财经
388,2021-01-12,电子周报：智能车步入新时代 汽车电子迎来高速成长期,新浪
389,2021-01-12,国信证券：数字化浪潮驱动下，看好各环节龙头企业,证券时报网
390,2021-01-12,【银河晨报】1.12丨1季度CPI仍然负增长—2020年12月通胀点评,中国银河证券研究
391,2021-01-11,国信证券-数字化大浪潮，科技硬件创新大升级,国信研究
392,2021-01-11,电子元器件行业数字浪潮系列之电子科技硬件：数字化大浪潮 科技硬件创新大升级,新浪
393,2021-01-11,周一机构一致看好的七大金股（1.11）,中金在线
394,2021-01-10,4股获买入评级 最新:宏和科技,中财网
395,2021-01-09,A股资本地图东莞篇：38家公司上市，超七成为细分领域龙头,澎湃新闻
396,2021-01-08,“A拆A”首单再进一步 生益科技子公司科创板IPO注册获批,第一财经
397,2021-01-07,生益科技子公司科创板IPO注册获批 将成首单A股分拆上市案例,e公司
398,2021-01-07,【周末特辑】国金研究十大热门研报,国金证券研究所
399,2021-01-07,“A拆A”首单落地，监管问询重点关注三大问题,Wind
400,2021-01-06,生益科技：证监会同意生益电子在科创板首次公开发行股票的注册申请,e公司
401,2021-01-06,生益科技：子公司生益电子科创板上市获批,格隆汇
402,2021-01-06,生益科技(600183.SH)：生益电子在科创板首次公开发行股票获中国证监会注册,智通财经
403,2021-01-05,科技行业-通信安防月报(1月)：视频物联行业需求明确 光模块确定性增强,新浪
404,2021-01-04,开源证券：12月金股组合亏损2.16% 1月荐股名单出炉 亏损,新浪
405,2021-01-04,【国君产研|新材料系列五】FPC上游材料知多少,国产研究中心
406,2021-01-04,消费电子行业：结构性创新+平台型布局引领全球供应链重塑,新浪
407,2021-01-01,中英科技创业板注册申请获通过 一边贷款一边理财现金流遭疑,中华网
408,2020-12-31,电子行业研究：PCB全年承压 高确定下估值有安全边际,国金证券股份有限公司
409,2020-12-31,午评丨市场情绪高涨 金融股爆发,21世纪经济报道
410,2020-12-31,直奔2000元/股！刚刚，贵州茅台股价又创新高了！,上游新闻
411,2020-12-31,投资策略专题：开源金股 1月推荐,新浪
412,2020-12-29,【中金科技】2021展望：择机布局云网/5G，重视物联网、统一通信和安防机会,乐平科技视角
413,2020-12-28,电子周报：快充和激光雷达步入快车道 半导体景气度高昂,新浪
414,2020-12-28,【中金科技】通信设备周报：广电完成实缴,乐平科技视角
415,2020-12-22,通信行业周报：中央经济工作会议强调产业链自主可控 我国建成全球最大5G网络,新浪
416,2020-12-21,生益科技(600183.SH)拟向东莞生益资本增资1亿元,格隆汇
417,2020-12-21,生益科技：向全资子公司东莞生益资本投资有限公司增资1亿元,Wind
418,2020-12-16,生益科技今日大宗交易成交18.13万股，成交价26.75元溢价0.0%,Wind
419,2020-12-15,电子周报：部分芯片缺货影响镜头放量 半导体芯芯向荣,新浪
420,2020-12-14,电子投资新机遇：新时代、新格局,新浪
421,2020-12-14,通信设备行业周报：光纤光缆集采价格发生边际改善,新浪
422,2020-12-14,【银河电子】2021年度策略：新时代、新格局、电子投资新机遇,中国银河证券研究
423,2020-12-09,牛出没！黑色系、化工品开始“翩翩起舞”,Wind
424,2020-12-09,交易所一问询就跌停：金安国纪怎么了？此前连拉四个涨停板 问询,中国基金报
425,2020-12-09,交易所一问询，就跌停！这只科技股怎么了？此前连拉四个涨停板 问询,中国基金报
426,2020-12-09,生益科技(600183)：景气度向上 新场景拓展高速CCL提升空间,新浪
427,2020-12-08,15股获券商买入评级 中孚信息目标涨幅达44.91%,Wind
428,2020-12-07,周一机构一致看好的七大金股（12.7）,中金在线
429,2020-12-07,【国金晨讯】A股一周策略：明年资管新规过渡期到期对市场有何影响；PCB全年预增4.4%，长期应关注高端布局,国金证券研究所
430,2020-12-07,【国金电子】PCB行业回顾及展望：PCB全年预增4.4%，长期应关注高端布局,国金电子研究
431,2020-12-06,电子行业研究：PCB全年预增4.4% 长期应关注高端布局,国金证券股份有限公司
432,2020-12-06,生益科技(600183)事件点评：碳氢国标提案过论证 公司前瞻性和执行力强,国金证券股份有限公司
433,2020-12-06,投资入魔：科技洪流中的“清泉”，看好覆铜板的跨年机会,新浪
434,2020-12-05,涨价潮无休止，覆铜板谁成王？,智通财经
435,2020-12-04,【兴证固收·转债】PCB-CCL领先制造商——超声转债投资价值分析,兴证固收研究
436,2020-12-04,银行行业：《系统重要性银行评估办法》意义与影响，维持“买入”评级,广发证券
437,2020-12-04,电子行业研究：涨价已部分转移 长期仍需关注高端产品布局,国金证券股份有限公司
438,2020-12-04,【国金电子】覆铜板行业：下游客户接受部分涨价，长期仍需关注高端产品布局,国金电子研究
439,2020-12-03,【招商电子】PCB月度深度跟踪：苹果链景气度高企，详解覆铜板涨价周期,招商电子
440,2020-12-01,12月各行业观点及重点推荐标的,新浪
441,2020-12-01,中泰证券：12月风格可能会延续11月 配置上可以更加均衡（附十大金股）,证券时报网
442,2020-11-24,开源刘翔团队|年度投资策略系列之一：PCB：需求复苏，把握HDI及汽车PCB投资机遇,刘翔电子研究
443,2020-11-24,【中金科技】通信设备周报：光纤光缆集采价格发生边际改善,乐平科技视角
444,2020-11-24,开源刘翔团队|年度投资策略系列之一：PCB — 需求复苏，把握HDI及汽车PCB投资机遇,刘翔电子研究
445,2020-11-24,世界5G大会26日召开，8成公司盈利，资金悄然买入,Wind
446,2020-11-24,化工行业-新材料板块周观点：有机硅全线大涨 可降解塑料概念走强,新浪
447,2020-11-22,“招工难”还是“找工难”？,经济日报
448,2020-11-19,覆铜板龙头再提价，产业链标的持续受益（附股）丨牛熊眼,第一财经
449,2020-11-19,新能源汽车迎“最强风口”，植物油价格创下7年多新高丨明日主题前瞻,第一财经
450,2020-11-19,生益科技(600183.SH)：股东伟华电子的一致行动人苏锡公司拟减持不超273.91万股 拟减持股份,格隆汇
451,2020-11-19,生益科技：股东一致行动人计划减持不超过0.1196%股份 拟减持股份,Wind
452,2020-11-18,开源晨会1125丨2021年，国内温和通胀的微观基础；重述看多有色转债的逻辑；中控技术,开源证券研究所
453,2020-11-12,分拆上市板块中有牛股 | 操盘工作室（财经纪实小说）,东方网
454,2020-11-11,电子行业研究：20Q3电子股持仓维持高位 消费电子、安防配置热度上升,新浪
455,2020-11-11,超50家A股公司拟分拆上市 国企领头民企紧随，业务集中于战略新兴领域,Wind
456,2020-11-11,分拆上市规则落地11月记,Wind
457,2020-11-11,分拆上市规则落地11月记：11家子公司IPO获受理 成大生物有望饮“头啖汤”,21世纪经济报道
458,2020-11-10,分拆上市规则落地11月记：11家子公司IPO获受理，成大生物有望饮“头啖汤”,Wind
459,2020-11-10,分拆上市规则落地11月记：11家子公司IPO获受理 成大生物有望饮“头啖汤”,21世纪经济报道
460,2020-11-10,科技-通信设备周报：贸易摩擦情绪压力受美大选影响释放,新浪
461,2020-11-10,中泰证券：受上游原材料影响 CCL价格上涨势在必行（附股）,证券时报网
462,2020-11-09,【通信】机构持仓低位，基本面向上趋势不改,天风研究
463,2020-11-08,半导体上游品种覆铜板半年三度涨价，聪明资金刚刚埋伏，有望受益的概念股出炉,证券时报
464,2020-11-06,北向资金火力全开！芯片、5G、新能源一个都不能少！,证券时报网
465,2020-11-05,覆铜板半年三度涨价，有何底气？,格隆汇
466,2020-10-28,"生益科技现1笔大宗交易 共成交2,375.00万元",新浪
467,2020-10-28,生益科技今日大宗交易成交95万股，成交价25.0元溢价6.52%,Wind
468,2020-10-27,生益科技(600183)：业绩稳健增长 静待CCL价格弹性和通信订单恢复,新浪
469,2020-10-27,【中金科技】生益科技（600183.SH）：3Q20业绩符合预期，5G基站/服务器基建持续成为中长期利好,乐平科技视角
470,2020-10-27,220股获券商买入评级，荣盛发展目标涨幅达82.68%,Wind
471,2020-10-27,【通信-彭虎】三大运营商均获eSIM服务批文，我国累计建设5G基站达69万个,安信证券研究
472,2020-10-26,【中信建投电子|刘双锋&雷鸣团队】生益科技(600183)：Q3增速略有放缓，Q4汽车和消费类将提供增长动力,中信建投电子研究
473,2020-10-26,机构强烈推荐15只个股-更新中,中财网
474,2020-10-26,【安信电子|季报点评】生益科技：业绩符合预期，覆铜板景气提升，通讯业务短期承压,晓说电子
475,2020-10-26,生益科技(600183)：3Q20业绩符合预期 5G基站/服务器基建持续成为中长期利好,新浪
476,2020-10-26,生益科技(600183)：Q3增速放缓 产品结构升级不改,新浪
477,2020-10-26,社保基金三季度重仓股揭秘：8股社保基金持股比例超5%,证券时报网
478,2020-10-26,【早安新时代】晨会早读2020/10/26：今日关注万华化学、生益科技、信捷电气,新时代证券研究
479,2020-10-26,【新时代电子 毛正团队】生益科技：Q3净利润增速较快，5G招标助力全年稳健增长,新时代证券研究
480,2020-10-25,【招商电子】生益科技：业绩符合预期，覆铜板业务逆势增长,招商电子
481,2020-10-25,周末要闻2020年10月25日星期日,Wind
482,2020-10-24,上市公司正负面新闻2020年10月24日星期六,Wind
483,2020-10-23,生益科技：前三季度净利润同比增长24.99%,格隆汇
484,2020-10-23,生益科技：前三季度净利13.03亿元 同比增25%,e公司
485,2020-10-23,生益科技(600183.SH)：前三季度净利升24.99%至13.03亿元,格隆汇
486,2020-10-19,生益电子科创板IPO过会，上市委要求公司说明如何建立有效的内部控制,智通财经
487,2020-10-19,四过四！生益电子、华锐工具、翔宇医疗、壹石通科创板IPO过会,资本邦
488,2020-10-19,生益电子：今年科创板过会第144家 东莞证券过3单,中国经济网
489,2020-10-19,【通信-彭虎】三大运营商均获eSIM服务批文，我国累计建设5G基站达69万个,安信证券研究
490,2020-10-16,【中金科技】科技硬件周报（10/17）：投资人关注半导体贸易摩擦及iPhone 12,乐平科技视角
491,2020-10-16,生益科技：生益电子科创板上市申请通过上市委审议,证券时报网
492,2020-10-16,生益科技(600183.SH)：生益电子IPO申请通过上市委审议,格隆汇
493,2020-10-14,壹石通冲科：核心业务依赖宁德时代，主要供应商屡遭处罚 经营问题,云掌财经
494,2020-10-13,新股排查丨生益电子或难维持高增长，专利技术数量少于可比公司,21世纪经济报道
495,2020-10-13,通信行业点评报告：科技龙头出台大比例股票期权激励计划 彰显行业长期发展信心,新浪
496,2020-10-13,覆铜板老大“儿子”分拆上市，生益电子“断奶”有点难,新浪
497,2020-10-09,开源证券：9月金股组合亏损5.2% 10月荐股名单出炉 亏损,新浪
498,2020-10-09,10月金股有哪些？券商看好2大主线（名单）,21世纪经济报道
499,2020-09-29,开源金股，10月推荐,开源证券研究所
500,2020-09-25,通信行业：运营商加速布局“G+工业互联网”,财富动力网
501,2020-09-22,《周观点》系列：电子周报：华为芯片供应迎转机助力预期改善 PCB预期修复毛正,新浪
502,2020-09-19,5GETF(159994)：配置性价比再现,新浪
503,2020-09-18,8月以来险资密集调研近700次，消费等板块被险资“锁定”,Wind
504,2020-09-17,电路板指数猛涨，沪电股份率先涨停,Wind
505,2020-09-17,PCB板块大幅异动，沪电股份直线涨停,Wind
506,2020-09-14,生益科技(600183.SH)：发行中票申请获中国银行间市场交易商协会注册,格隆汇
507,2020-09-11,天启新材2020年净利润可达5000万净利润：步履不停 高速增长,Ofweek
508,2020-09-10,开源晨会0910丨昊华科技(600378.SH)、新凤鸣(603225.SH)、生益科技(600183.SH),开源证券研究所
509,2020-09-09,生益科技(600183)公司首次覆盖报告：精于业、专于研 覆铜板龙头有望穿越周期,新浪
510,2020-09-09,券商首次关注3股并给予买入评级（9月9日）,Wind
511,2020-09-06,通信行业周报：全国已建成5G基站48万个 中国广电部署5G 700MHZ试验网,新浪
512,2020-09-01,电子行业周报：苹果产业链持续向好 半导体韧性依旧,新浪
513,2020-08-28,创业板16股涨停，一指标达开板以来历史新高,Wind
514,2020-08-27,公募权益类基金仓位连升两月，8月调研聚焦五行业,Wind
515,2020-08-25,生益科技：公司挠性覆铜板2020年的销量预计是900多万平方米,格隆汇
516,2020-08-23,电子行业周报：中报陆续披露 关注绩优龙头,新浪
517,2020-08-23,科技硬件周报：投资人关注半导体板块调整与中报业绩,新浪
518,2020-08-21,广东PCB企业上半年增收更增利 紧锣密鼓备战下半年,证券日报
519,2020-08-21,生益科技：公司整体订单饱和,Wind
520,2020-08-21,生益科技：公司整体订单饱和,e公司
521,2020-08-21,PCB概念股快速下挫 生益科技、沪电股份跌逾5%,e公司
522,2020-08-20,生益科技：家电订单增长处于爆发性反弹期 汽车订单逐步回暖,中国证券网
523,2020-08-19,比尔盖茨基金、澳门金管局等QFII“扫货”的这些股 三季度以来持续“领跑”大市,红周刊
524,2020-08-19,【读财报】PCB行业中报解读：业绩普遍向好集中度有望提升,面包财经
525,2020-08-18,盖茨基金、澳门金管局等QFII扫货这些股 三季度以来“领跑”大市,红周刊
526,2020-08-18,生益科技上半年存货增四成偿债压力巨大 拟分拆子公司科创板融资40亿元,GPLP犀牛财经
527,2020-08-17,二季末社保险资QFII共同现身5股,中国基金报
528,2020-08-14,生益科技(600183)：拟收购广东绿晟 业务互补性强,新浪
529,2020-08-14,【早安新时代】晨会早读2020/08/14：今日关注生益科技,新时代证券研究
530,2020-08-14,2020半年报业绩超预期个股TOP50,中信建投证券研究
531,2020-08-13,生益科技关联收购溢价107%蹊跷：收购标的连续亏损，子公司股权全质押给二股东 投资失误,和讯
532,2020-08-13,“毛利率显著高于同行”被否，5G同业巨头前中英科技难“翻身”,云掌财经
533,2020-08-13,生益科技(600183)：产品结构持续优化 受益行业加速成长,新浪
534,2020-08-13,A股早报2020年8月13日星期四,Wind
535,2020-08-13,生益科技(600183)：新基建助业绩逆势增长 龙头抗周期能力凸显,新浪
536,2020-08-13,【东北电子张世杰/程雅琪】生益科技（600183）中报点评：产品结构优化，业绩逆势增长,东北证券研究所
537,2020-08-12,生益科技(600183.SH)拟收购广东绿晟27%股份,格隆汇
538,2020-08-12,生益科技(600183.SH)：拟向全资子公司东莞生益资本增资1.5亿元,格隆汇
539,2020-08-12,2020半年报业绩超预期个股TOP30,中信建投证券研究
540,2020-08-12,126股获券商买入评级 江苏神通目标涨幅达91.89%,Wind
541,2020-08-11,拆财报丨生益科技发力“新基建”：上半年净利同比增31%，分拆生益电子冲刺科创板利润增速正常回落,21世纪经济报道
542,2020-08-11,生益科技(600183)：5G驱动盈利能力新高 高速、封装基板基材是未来看点,新浪
543,2020-08-11,生益科技(600183)：中报业绩增长强劲 高端产品占比提升,西南证券
544,2020-08-11,外资A股持仓更新，高盛、小摩、瑞银重仓名单抢先看,Wind
545,2020-08-11,生益科技(600183)：H1稳健成长毛利率提升 结构升级推动全年业绩继续向上,新浪
546,2020-08-11,【生益科技|国信电子】财报点评：Q2业绩创新高，研发持续加强,国信电子研究
547,2020-08-11,【招商电子】生益科技：上半年逆势成长，CCL结构升级/PCB高增长,招商电子
548,2020-08-11,【中信建投电子|刘双锋&雷鸣团队】生益科技(600183)点评：上半年业绩符合预期，覆铜板产品结构优化盈利提升,中信建投电子研究
549,2020-08-11,【国金电子】生益科技：毛利率继续高企，高端渗透逻辑持续带动成长,国金电子研究
550,2020-08-11,【兴业证券晨会聚焦0811】宏观-7月通胀数据点评；金融-银行Q2监管数据点评；食饮-五个维度解析疫情后今世缘；电子-生益科技,兴证研究
551,2020-08-11,生益科技(600183)：CCL产品结构改善盈利能力提升 PCB持续放量 上半年逆势高增长,新浪
552,2020-08-10,生益科技(600183.SH)半年度净利润升31.33%至8.26亿元,格隆汇
553,2020-08-10,生益科技：上半年净利润8.26亿元 同比增31%,e公司
554,2020-08-10,生益科技：上半年净利8.16亿元同比增31%,格隆汇
555,2020-08-10,生益科技：全国社保基金一零四组合新进十大股东行列,Wind
556,2020-08-10,生益科技：上半年净利润同比增长31.33%,Wind
557,2020-08-10,生益科技今日大宗交易成交76.30万股，成交价27.9元溢价0.0%,Wind
558,2020-08-10,开启“造富”盛宴，分拆上市魔力何在？,Wind
559,2020-08-07,"生益科技现1笔大宗交易 共成交1,513.60万元",新浪
560,2020-07-31,电子行业周报：创新层出不穷 持续关注消费电子,渤海证券
561,2020-07-31,53股昨日获机构买入评级 12股上涨空间超20%,证券时报网
562,2020-07-31,82股获券商买入评级，创源文化目标涨幅达92.86%,Wind
563,2020-07-31,“新基建”二级市场走俏幕后：公募REITs百日扬帆遇何梗阻？,Wind
564,2020-07-31,机构加减仓变动方向：25家公司现国家队身影,21世纪经济报道
565,2020-07-30,生益科技(600183)公司点评：中报业绩强劲 5G景气催化高端产品占比提升,新浪
566,2020-07-30,64股获券商买入评级，永创智能目标涨幅达49.55%,Wind
567,2020-07-30,【朝闻国盛0730】为何保持乐观一：外部已非主要矛盾,国盛证券研究所
568,2020-07-30,生益科技抢抓5G机遇半年净利超8亿 上市22年盈利百亿现金分红60亿,长江商报
569,2020-07-30,【早安新时代】晨会早读2020/07/30：今日关注生益科技、中芯国际,新时代证券研究
570,2020-07-29,生益科技(600183)公司研究：持续优化结构 盈利再次高增长,新浪
571,2020-07-29,生益科技(600183)：上半年业绩符合预期 覆铜板产品结构优化盈利提升,新浪
572,2020-07-29,生益科技上半年营业总收入同比增15.16% 净利润同比增逾30%,生益科技
573,2020-07-29,生益科技(600183)：20H1业绩快报符合预期 受益5G高景气,新浪
574,2020-07-28,【招商电子】生益科技：业绩符合预期，主因通信景气+新产能释放,招商电子
575,2020-07-28,晚间重要公告2020年7月28日星期二,Wind
576,2020-07-28,生益科技：生益电子盈利能力持续提升 上半年净利同比增逾三成,发布易
577,2020-07-28,生益科技：上半年净利润8.3亿元同比上涨31.49%,格隆汇
578,2020-07-28,生益科技业绩快报：上半年净利8.27亿元，同比增长31.49%,第一财经
579,2020-07-28,生益科技(600183.SH)业绩快报：上半年净利升31.49%至8.27亿元,格隆汇
580,2020-07-28,生益科技业绩快报：上半年净利润8.27亿元，同比增长31.49%,Wind
581,2020-07-27,中证指数公司：8月6日发布中证兴业证券ESG盈利100指数,Wind
582,2020-07-26,【华西电子孙远峰团队-Q2持仓分析】Q2电子重仓配比提升，半导体配置创新高,远峰电子
583,2020-07-24,本周跌宕起伏的A股，透露出后市两大机会,Wind
584,2020-07-21,下半年核心：板块轮动加剧，逃不过这三大逻辑,Wind
585,2020-07-16,科技板块连续三日重挫！从估值出发，这个细分领域机会来了！,Wind
586,2020-07-16,生益科技(600183.SH)：拟使用1亿元闲置募集资金暂时补充流动资金,格隆汇
587,2020-07-15,科技硬件：PCB/CCL需求走软 5G板块转持谨慎态度,新浪
588,2020-07-15,电子行业2020中报前瞻：半导体国产替代持续兑现 消费电子景气分化,新浪
589,2020-07-14,杠杆牛还是真牛？两融余额7月增逾2100亿,Wind
590,2020-07-14,融资客青睐12股，长虹华意买入占比高达47.17%,Wind
591,2020-07-13,生益科技：优质赛道前景广阔 布局全面向纵深发展,证券时报网
592,2020-07-11,【招商电子】PCB月度深度跟踪：苹果/通信Q2需求景气，关注中报及备货节奏,招商电子
593,2020-07-03,打造一流电力营商环境全力护航广东东莞经济发展,广州日报
594,2020-07-03,“A拆A”上市公司增至31家，首单有望9月份发行上市,Wind
595,2020-06-29,PCB电子行业深度报告：5G、云计算催生PCB高景气 头部厂商充分受益,新浪
596,2020-06-24,44股获券商买入评级，长源电力目标涨幅达62.20%,Wind
597,2020-06-23,电子行业2020年下半年投资策略：一个世界两套系统 创新重启加速替代,光大证券
598,2020-06-23,电子行业2020年中期策略：5G推动消费电子持续创新 国产替代大潮势不可挡,新浪
599,2020-06-23,通信行业第25周周报：通信行业数据向好 流量潜力深度挖掘,广发证券
600,2020-06-22,沪电股份(002463)：股权激励即将推出 流量龙头王者归来,新浪
601,2020-06-22,联瑞新材打破日本垄断 机构持股30%仓位,巨丰财经
602,2020-06-22,兴证张忆东：风格再平衡，“硬科技”吸引力提升,张忆东策略世界
603,2020-06-19,【早安新时代】2020/06/19：今日关注生益科技、三全食品,新时代证券研究
604,2020-06-19,20股获券商买入评级 雄塑科技目标涨幅达39.50%,Wind
605,2020-06-18,生益科技(600183)：生益科技 覆铜板涨价 笑看周期波动,新浪
606,2020-06-17,需求向好带动覆铜板供需两旺，龙头率先提价有啥看点？,格隆汇
607,2020-06-16,主力资金：暴涨17倍的芯片龙头突然崩了，2亿资金蜂拥出逃,中财网
608,2020-06-16,通信行业第24周周报：自主可控企业迎发展契机,广发证券
609,2020-06-16,国网发布“数字新基建”十大重点建设任务 预计拉动社会投资约1000亿元（附股）,证券时报
610,2020-06-14,生益科技(600183.SH)：股票期权拟行权数量1521.955万份,格隆汇
611,2020-06-12,生益电子冲刺科创板：营收净利高歌猛进，毛利率稳步提升,凤凰网
612,2020-06-10,生益科技现1笔大宗交易 共成交217.60万元,新浪
613,2020-06-10,生益科技今日大宗交易成交8万股，成交价27.2元溢价0.0%,Wind
614,2020-06-10,5G产业链之PCB透析,金融界
615,2020-06-08,南亚新材冲关IPO：研发投入偏低、重要产品尚未产业化,投资者网
616,2020-06-08,【新时代电子团队】 生益科技： 5G及汽车电子催化高端放量，高频覆铜板护航龙头成长,新时代证券研究
617,2020-06-08,【早安新时代】晨会早读：2020/06/08今日关注：生益科技,新时代证券研究
618,2020-06-07,生益科技分拆控股子公司科创板上市 有人欢喜有人愁,经济观察网
619,2020-06-06,2019年度A股董事长薪酬平均值95.16万元,Wind
620,2020-06-06,新证券法实施百日：注册制改革稳步推进,Wind
621,2020-06-05,生益电子IPO：原料涨价存货翻倍，应收账款攀升流动资金承压,中金在线
622,2020-06-04,生益科技现1笔大宗交易 共成交277.70万元,新浪
623,2020-06-04,22股获券商买入评级，万科A目标涨幅达67.66%,Wind
624,2020-06-02,电子行业2020中期策略报告：5G创新持续 半导体国产空间大,新浪
625,2020-06-02,生益科技分拆控股子公司生益电子到科创板上市 有人欢喜有人愁,经济观察网
626,2020-06-01,华为概念股集体井喷，一文看清发生了什么？,Wind
627,2020-06-01,沪电股份(002463)深度研究报告：新基建扬帆起航 品牌老厂风头正劲,新浪
628,2020-06-01,ETF基金净份额变动揭示资金动向，芯片、5G和电子等受青睐,证券日报
629,2020-05-28,哪些科技股破了2015年新高？,新浪
630,2020-05-28,生益科技控股子公司生益电子科创板IPO获受理 拟募资39.61亿元,上证报
631,2020-05-28,生益科技(600183.SH)：生益电子科创板IPO获上交所受理,格隆汇
632,2020-05-28,生益科技：拟分拆上市的的子公司生益电子IPO在科创板上市申请获上交所受理,Wind
633,2020-05-28,电子股持仓比例小幅下滑 基金偏好配置细分领域龙头、新基建,金融界
634,2020-05-28,银河证券：未来我国电子信息产业将率先复苏 关注生益科技等,证券时报网
635,2020-05-25,生益科技现1笔大宗交易 共成交215.92万元,新浪
636,2020-05-22,5G+汽车电子市场需求带动 国内高频覆铜板产能陆续开出,上海有色
637,2020-05-21,移动广电“联姻”，5G关注点落向生态圈,Wind
638,2020-05-21,生益科技每股派发现金红利0.4元，5月29日除权发放,资本邦
639,2020-05-21,生益科技(600183.SH)年报推10派4元股权登记日5月28日,格隆汇
640,2020-05-21,高频PCB板块跌幅扩大,Wind
641,2020-05-21,通信行业点评报告：移动广电合作共享 加快高质量5G网络建设节奏 持续看好5G和数据中心优质绩优股,新浪
642,2020-05-20,【安信电子|每日观点】三星韩国新晶圆代工产线开建，聚焦5nm，计划2021年投产,晓说电子
643,2020-05-20,华为芯片牵动人心科技龙头反扑 六股迎新生,证券时报
644,2020-05-19,生益科技现1笔大宗交易 共成交211.26万元,新浪
645,2020-05-19,华为芯片牵动人心 两大投资客重金押注这些科技股,网易
646,2020-05-15,复工潮、供给短缺，一大波产品迎来涨价潮,Wind
647,2020-05-08,生益科技(600183.SH)：1529.455万份股票期权符合行权条件,格隆汇
648,2020-05-08,生益科技(600183.SH)拟将万江不动产作价增资注入生益地产并再增资15.5亿元,格隆汇
649,2020-05-07,A股“嗨了”！央行放出超级大招！,中国基金报
650,2020-05-06,2019年年报2020年一季报总结：业绩整体承压，TWS/基站高频PCB/国产替代高景气，结构性增长突出,晓说电子
651,2020-05-06,一季报虽“暗淡”却不乏“亮点”， 通信业靠“5G”逆袭？,Wind
652,2020-05-03,【兴证电子】Q1电子板块持仓分析：半导体大幅超配，科技基建龙头成基金“新宠”,兴证电子谢恒团队
653,2020-05-03,A股13大PCB厂商业绩盘点：5G加速PCB成“一超多强”的产业格局,C114通信网
654,2020-04-30,【中金电子与通信】生益科技（600183.SH）：1Q20业绩符合市场预期，5G通信、服务器CCL/PCB前景可期,乐平科技视角
655,2020-04-30,QFII一季度青睐白马股，重仓银行医药电子,Wind
656,2020-04-29,【中信建投电子|刘双锋&雷鸣团队】生益科技20Q1业绩点评：一季度逆势增长，毛利率环比同比提升,中信建投电子研究
657,2020-04-29,【生益科技|国信电子】财报点评：Q1加速增长，业绩超越预期,国信电子研究
658,2020-04-29,晨会聚焦200429重点关注中国生物制药、立思辰、中公教育、安车检测、丸美股份、联创电子、长安汽车、爱尔眼科、周大生、生益科技,国信研究
659,2020-04-29,生益科技（600183）财报点评：Q1加速增长，业绩超越预期,国信研究
660,2020-04-29,生益科技(600183)：一季度逆势增长，毛利率环比 同比提升,中信建投证券研究
661,2020-04-28,【招商电子】生益科技：Q1逆势超预期，产品结构优化盈利能力大幅提升,招商电子
662,2020-04-28,【国金电子】生益科技：Q1扣非归母+53%，毛利率达上市以来最高水平,国金电子研究
663,2020-04-28,生益科技一季度净利同比增长36%,金融界
664,2020-04-28,生益科技(600183.SH)一季度净利升36.09%至3.39亿元,格隆汇
665,2020-04-28,生益科技：一季度净利润同比增长36.09%,Wind
666,2020-04-28,生益科技：一季度净利润3.39亿元，同比增长36.09%,Wind
667,2020-04-27,【华西电子孙远峰团队-Q1持仓分析】电子行业重仓占比下降，半导体逆势增长,远峰电子
668,2020-04-27,4G已然落幕，5G按下“快进键”,Wind
669,2020-04-26,一季度基金重点加仓新基建股,财富动力网
670,2020-04-24,一季度大幅调仓：买入方向分布在这四个领域,中投网
671,2020-04-24,说干就干，一季度基金重点加仓新基建个股名单来了！,证券时报网
672,2020-04-23,最赚钱基金经理Q1大幅调仓：低估值地产股被大力度加仓,新浪
673,2020-04-23,信息技术产业链全面复苏,经济日报
674,2020-04-17,生益科技今日大宗交易成交13.50万股，成交价28.96元溢价0.0%,Wind
675,2020-04-17,华为叫板苹果！潜伏概念股来了，20股低估值高增长,证券时报网
676,2020-04-16,生益科技(600183.SH)拟变更经营范围变更后不包括印制线路板 业务变化,格隆汇
677,2020-04-15,最新科技龙头回调榜出炉！北上资金抄底股曝光,证券时报网
678,2020-04-11,国内VS国外：电子板块核心公司2020Q1业绩展望对比,吉森电子研究
679,2020-04-10,社保与QFII去年四季度共同现身37家公司 斥资逾40亿联袂加仓11股,证券日报
680,2020-04-09,电路板板块走强,Wind
681,2020-04-07,43股去年四季度获社保基金扎堆持有,证券时报
682,2020-04-06,【安信通信每周观点】工信部计划2020年底全国5G基站超60万个，增加700MHz频谱用于5G,通信投研汪
683,2020-04-06,【国盛郑震湘团队】业绩+政策+新基建，国内电子产业全球地位提升,湘评科技
684,2020-03-29,【招商电子】生益科技跟踪报告：产品升级与精益管理，打造全球电子电路材料龙头,招商电子
685,2020-03-29,巨丰原创：受益5G发展浪潮 履铜板龙头生益科技值得关注,巨丰财经
686,2020-03-27,“抄外资作业”啦！QFII重仓股名单揭晓（附图）,证券时报
687,2020-03-27,【东北电子张世杰/程雅琪】生益科技（600183）年报点评：盈利能力显著改善，看好5G时代成长,东北证券研究所
688,2020-03-26,【国盛郑震湘团队】生益科技：5G带动CCL、PCB升级不间断,湘评科技
689,2020-03-26,仅13席，比黄金还珍贵！2020年财务预算抢鲜看,Wind
690,2020-03-26,生益科技：毛利率全面提升，新产能蓄势待发,证券时报网
691,2020-03-26,南亚新材IPO诊断报告：研发投入落后于同行，客户依赖度高企,时代在线
692,2020-03-26,生益科技（600183）财报点评：5G成长周期，公司将继续高歌猛进,国信研究
693,2020-03-26,35股获买入评级 最新:华电国际,中财网
694,2020-03-26,【国金电子】生益科技：全年增收增利，新产能蓄势待发,国金电子研究
695,2020-03-26,社保基金现身66只股前十大流通股东榜,证券时报
696,2020-03-25,生益科技2019年净利同比增长45%,上证报
697,2020-03-25,拆财报｜5G带动生益科技净利增速创5年新高，亮丽业绩能否在“战疫年”持续？,21世纪经济报道
698,2020-03-25,【面包财报】生益科技：2019年营业总收入132.41亿元，归母净利润14.49亿元,面包财经
699,2020-03-25,生益科技：2019年营业总收入132.41亿元，归母净利润14.49亿元,面包财经
700,2020-03-25,生益科技(600183.SH)董事会通过5G用高频高速基材研发及产业化、高密度封装载板用基板材料项目,格隆汇
701,2020-03-25,生益科技(600183.SH)2019年度净利润升44.81%至14.49亿元 拟10派4元,格隆汇
702,2020-03-25,生益科技(600183.SH)拟改聘任华兴为公司2020年度的审计机构,格隆汇
703,2020-03-25,生益科技(600183.SH)：可转债募投项目延期 项目问题,格隆汇
704,2020-03-25,生益科技(600183.SH)：可转债募投项目实施主体拟使用部分闲置募集资金暂补流动资金,格隆汇
705,2020-03-25,生益科技(600183.SH)：拟申请注册发行不超30亿的中期票据,格隆汇
706,2020-03-25,【中金电子与通信】生益科技（600183.SH）：2H19覆铜板价格止跌回升，2020年5G和云计算有望带动业绩成长,乐平科技视角
707,2020-03-25,生益科技拟发行30亿元票据，2019盈利14.49亿,资本邦
708,2020-03-25,【招商电子】生益科技（600183）年报点评：逆势高成长的背后，结构、效率、成本等全面优化,招商电子
709,2020-03-25,广东生益科技股份有限公司,中证报
710,2020-03-24,生益科技：2019年净利润同比增长44.81%,Wind
711,2020-03-24,暴增337.62%！三大运营商加码5G资本开支，5G盛宴即将开启,中财网
712,2020-03-24,5G驱动PCB产业千亿市场 行业龙头业绩大幅增长,长江商报
713,2020-03-24,【朝闻国盛0326】底部区域：港股的黄金买点,国盛证券研究所
714,2020-03-23,【安信通信每周观点】中国移动预计2020年5G投资约1000亿元，继续重点推荐5G和IDC产业链,通信投研汪
715,2020-03-21,电子板块安全边际凸显，机构推荐三大主线22只个股,Wind
716,2020-03-19,PCB板块集体走强,Wind
717,2020-03-19,【中金电子与通信】生益科技（600183.SH）：中国“新基建”核心标的，受益于5G和云计算建设周期,乐平科技视角
718,2020-03-13,南亚新材转道冲科创板 3年内发生两起安全事故 安全事故,每日经济新闻
719,2020-03-12,只远观不近玩，南亚新材料真会挑时机上市,财华社
720,2020-03-11,A股早报2020年3月11日星期三,Wind
721,2020-03-10,生益科技关于董事辞职的公告 董监高成员变化,新浪
722,2020-03-10,生益科技：董事魏高平因个人原因辞职 董监高成员变化,Wind
723,2020-03-10,PCB板块持续大涨,Wind
724,2020-03-10,PCB板块大涨,Wind
725,2020-03-10,PCB板块走强,Wind
726,2020-03-09,5G建设全年还剩96%，PCB利润依旧“独霸”基站产业链？,Wind
727,2020-03-04,A股六家公司拟分拆上市四家瞄准科创板 业务均衡发展及拓宽融资渠道成主因,长江商报
728,2020-03-03,334股创年内新高 六成业绩报喜,北京商报
729,2020-03-03,安信证券：5G网建号角吹响 数据中心产业成长可期,金融界
730,2020-03-03,【电子-马良】数据中心产业链梳理：CPU平台升级，DRAM周期反转，PCB量价齐升,安信证券研究
731,2020-03-02,5G板块20只涨停背后：基站同比增长362%，但估值已高,Wind
732,2020-03-02,【行情】半导体及元件板块午后走强，深南电路、生益科技先后涨停，沪电股份触板，崇达技术、华正新材涨8%。,金十数据
733,2020-02-28,【安信电子|季报点评】生益科技：一季报业绩超预期，5G和云经济带动PCB&CCL同步升级，国产龙头成长可期,晓说电子
734,2020-02-28,电报|生益电子25亿PCB项目原计划今年3季度试生产,科创板日报
735,2020-02-28,【中金电子与通信】生益科技（600183.SH）：拟分拆子公司至科创板上市，有望提升5G时代综合竞争实力,乐平科技视角
736,2020-02-28,【招商电子】生益科技（600183）跟踪报告：拟分拆生益电子至科创板上市，PCB业务潜能将进一步释放,招商电子
737,2020-02-27,生益科技：拟分拆所属子公司生益电子至科创板上市,Wind
738,2020-02-26,电路板行业年报前瞻:5G驱动增长 产业更迭防资产减值,面包财经
739,2020-02-26,A股再现深V走势科技题材成反弹主力,证券时报
740,2020-02-25,沪港通十大成交活跃股排名（2月25日）,Wind
741,2020-02-25,【国盛郑震湘团队】5G基建全力加速，产业链受益将快速放量,湘评科技
742,2020-02-25,近两万元华为折叠屏手机！这些公司是供应商,e公司
743,2020-02-24,生益科技(600183.SH)：副总经理董晓军完成减持 集中竞价方式减持16万股,格隆汇
744,2020-02-24,生益科技：高级管理人员董晓军减持16万股 减持股份,Wind
745,2020-02-24,2月24日午后主力巨资抢筹四大板块(附股),金融界
746,2020-02-24,A股异动|生益科技一度涨停创新高绩后股价累升获多家机构积极唱多,格隆汇
747,2020-02-24,【中信建投电子】生益科技业绩快报点评—营收净利逐季向好，5G周期下成长逻辑清晰,中信建投电子研究
748,2020-02-24,53股获券商买入评级 荣盛发展目标涨幅达49.60%,Wind
749,2020-02-23,【国金电子】联瑞新材：硅微粉龙头拥抱景气，19-21年复合增长47%,国金电子研究
750,2020-02-21,生益科技：2019快报符合预期，2020看好高频高速PCB需求,证券时报网
751,2020-02-21,【中金电子与通信】生益科技（600183.SH）：2019快报符合预期，2020看好高频高速PCB需求,乐平科技视角
752,2020-02-21,【招商电子】生益科技业绩快报点评：19年业绩超市场预期，20年望迎周期成长共振,招商电子
753,2020-02-21,【国信电子|财报点评】生益科技：业绩符合预期，看好5G周期公司的持续增长,国信电子研究
754,2020-02-21,国信证券：生益科技买入评级,国信证券
755,2020-02-21,【国金电子】生益科技：业绩符合预期，强需求与扩产效应将共振,国金电子研究
756,2020-02-21,A股异动|生益科技涨6.6%绩后获券商唱好,格隆汇
757,2020-02-21,5G板块普遍走高,Wind
758,2020-02-21,电鳗快报|搭乘5G东风 生益科技扣非后净利润加速上涨,电鳗快报
759,2020-02-21,5股获买入评级 最新:中科创达,中财网
760,2020-02-20,【安信电子|快报点评】生益科技：业绩符合预期，云经济和5G硬科技带动PCB&CCL同步升级，国产龙头成长可期,晓说电子
761,2020-02-20,生益科技(600183.SH)向激励对象授予370.56万份预留股票期权,格隆汇
762,2020-02-20,生益科技业绩快报：2019年净利同比增长46%,金融界
763,2020-02-20,生益科技(600183.SH)披露业绩快报2019年度净利升45.73%至14.58亿元,格隆汇
764,2020-02-20,生益科技业绩快报：2019年净利同比增45.73%,e公司
765,2020-02-20,生益科技：2019年净利润同比增45.73%（业绩快报）,Wind
766,2020-02-16,【安信电子|每周观点】再融资松绑，看好5G电子硬科技,晓说电子
767,2020-02-11,生益科技2月10日全面复工,e公司
768,2020-02-09,天风通信团队：抗击疫情，建议积极关注云计算基建及相关应用（周专题：短期长期需求共振，重视流量侧的投资机遇）,海陆清风
769,2020-02-05,生益科技现1笔大宗交易 共成交215.00万元,新浪
770,2020-02-05,生益科技今日大宗交易成交10.75万股，成交价20.0元折价6.28%,Wind
771,2020-01-29,开源晨会0202丨经济的高点或已出现；神火股份、晶盛机电、中国长城等,开源证券研究所
772,2020-01-22,华为大牛股出自这里,财富动力网
773,2020-01-17,东莞：工业经济创新驱动指数增幅领跑珠三角,南方网
774,2020-01-13,【安信电子】CES 2020总结：光学应用广泛拓展，智能汽车迎接电子赛道接力棒,晓说电子
775,2020-01-13,【国信电子|投资策略】2019年电子行业回顾及2020年预期,国信电子研究
776,2020-01-08,【兴证电子】CCL行业深度：FR4具备价格弹性，高频高速打开覆铜板成长空间,兴证电子谢恒团队
777,2020-01-02,电路板题材尾盘冲高，生益科技、沪电股份双双冲击涨停,Wind
778,2019-12-31,【安信电子|每日观点】笔电与平板需求提升，台郡Q2环比和同比有望实现双位数增长,晓说电子
779,2019-12-30,科技股集体翻车！黄金坑还是真摔，谁能起死回生？（附股）,e公司
780,2019-12-30,【安信电子】再看VR：脱离故事，回归本质，B端应用不容忽视,晓说电子
781,2019-12-28,天风通信团队：移动启动SPN大规模集采，5G赋能泛在电力物联网（周专题：5G承载网投资机会浅析）,海陆清风
782,2019-12-27,铝基覆铜板公司集体上调报价 六股蓄势待发,证券时报
783,2019-12-23,【安信电子|每周观点】TWS耳机将与手机搭配销售？智能可穿戴势不可挡,晓说电子
784,2019-12-23,生益科技单日市值蒸发超20亿 私募：或与资金落袋为安有关,每日经济新闻
785,2019-12-22,【光大固收】质优中高端PCB龙头，建议积极申购——深南转债（128088.SZ）新券定价报告,EBS固收研究
786,2019-12-22,生益科技：股东详式权益变动报告书更正,Wind
787,2019-12-18,【招商电子】生益科技：五问五答，详解市场疑虑与投资价值,招商电子
788,2019-12-15,【安信电子|每周观点】5G手机下探至两千元以下，渗透率有望持续超预期（本周专题：可穿戴趋势渐起，重点关注智能手表产业链）,晓说电子
789,2019-12-14,【天风通信】云计算持续发展，交换机、光模块需求持续向上（周专题基站电源的市场空间）,海陆清风
790,2019-12-12,同属中证500，信息技术为何大幅领先医药卫生？,养基司令
791,2019-12-12,融资客青睐18股，华孚时尚买入占比高达82.27%,Wind
792,2019-12-08,【安信电子|每周观点】高通发力移动计算，智能终端将迎来百花齐放（附：十三年电子行业复盘）,晓说电子
793,2019-12-06,【招商电子】生益科技跟踪报告：通信招标与股东减持落地，周期成长共振望推动超预期表现 减持股份,招商电子
794,2019-12-02,融资客青睐14股，海亮股份买入占比高达56.82%,Wind
795,2019-11-28,股东抛售意愿依旧强烈，11月以来67家公司超亿元减持,Wind
796,2019-11-27,关注5G增量及国产替代投资机会，一文详解十大投资标的（附股）,云掌财经
797,2019-11-27,【安信电子|每日观点】5G手机价格持续下探，渗透率或将超预期,晓说电子
798,2019-11-27,【华西电子孙远峰-每日观点&资讯】（2019-11-28）,远峰电子
799,2019-11-27,生益科技(600183.SH)：省开发拟将公司6.14%的股份无偿划转至广新集团 资产异常,格隆汇
800,2019-11-27,生益科技(600183.SH)：省外贸完成减持计划 减持2276.184万股 拟减持股份,格隆汇
801,2019-11-27,生益科技：省外贸减持1%公司股份，减持计划已实施完毕 减持股份,Wind
802,2019-11-27,元器件涨价周期在即，这些品类无一幸免！,慧聪电子网
803,2019-11-15,业绩不断超预期的高增长股，24股翻倍，逆市下跌股仅1只（附股）,证券时报
804,2019-11-14,生益科技：大股东省外贸减持0.64%公司股份 减持股份,Wind
805,2019-11-14,生益科技(600183.SH)：省外贸减持1460.254万股 减持股份,格隆汇
806,2019-11-13,联瑞新材(688300.SH)11月15日上市 生益科技既是股东又是主要客户之一,格隆汇
807,2019-11-12,电路板概念午后异动，龙头沪电股份大涨7%,Wind
808,2019-11-11,联瑞新材：IPO前夕机构突击入股 会计师事务所及审计机构均有污点,中金在线
809,2019-11-07,【安信电子|每周观点】华为产业链高潮迭起，全球半导体行业风云变幻，国产替代迎来高光时刻（附：外资对A股电子板块配置分析）,晓说电子
810,2019-11-04,中泰电子刘翔团队|生益科技2019Q3点评：持续验证高频业务成长属性，供需缺口下看好传统CCL价格趋势,刘翔电子研究
811,2019-11-04,胜宏科技(300476.SZ)领涨港A两地覆铜板概念股 龙头大厂发涨价令,格隆汇
812,2019-11-04,MSCI迎第三次扩容 外资动向大揭秘（名单）,证券时报
813,2019-11-04,年内最后一波大反弹要来？175只MSCI中盘股哪些最有潜力（名单）,证券时报网
814,2019-11-03,【安信电子|电子三季报总结】电子制造和PCB热度不减，半导体Q3显著改善,晓说电子
815,2019-11-03,北上资金杀向家电龙头 机构席位抛售科技软件,南方财经网
816,2019-11-01,【安信通信】Q3公募基金通信板块持仓提升，持续向核心公司聚焦,通信投研汪
817,2019-11-01,【生益科技点评】Q3净利润同比49%，新老产品需求均上行,申万宏源电子研究
818,2019-11-01,白马股“爆雷”部分基金提前出逃,金融投资报
819,2019-11-01,【安信电子|基金三季报持仓分析】业绩改善筑底，5G与国产替代加持，Q3电子板块获大幅加仓,晓说电子
820,2019-11-01,信息科技：Q3公募基金通信板块持仓提升 荐6股,安信证券
821,2019-11-01,半导体、电子设备：行业配置比例环比大幅提升 消费电子加仓明显,广发证券
822,2019-11-01,【国盛郑震湘团队】生益科技：涡轮增压多轮驱动，多产品线相继发力,湘评科技
823,2019-10-31,上调评级至买入策略选股（10月31日）,Wind
824,2019-10-31,白马抱团终结？核心蓝筹业绩未超预期，创业板单季飙升，要调仓？,券商中国
825,2019-10-31,427股获券商买入评级 华侨城A目标涨幅达75.75%,Wind
826,2019-10-31,"到底发生了什么多只大牛股集体跌停!刚刚,又有白马股业绩""爆雷""",中国基金报
827,2019-10-31,【东北电子张世杰/程雅琪】生益科技（600183）三季报点评：盈利能力逐步提升，5G驱动业绩上涨,东北证券研究所
828,2019-10-30,10月30日A股龙虎榜揭秘，机构抛售10股,Wind
829,2019-10-30,数据复盘｜12股主力资金净流入超亿元 北上资金连续5日净流入,证券时报网
830,2019-10-30,生益科技龙虎榜数据（10月30日）,Wind
831,2019-10-30,业绩增长持续性存疑，三季报公布后，生益科技股价跌停！,环球老虎财经
832,2019-10-30,白马股也大跌？ 这几类风险需要注意,新浪
833,2019-10-30,生益科技（600183）2019年三季报点评：5G驱动，高频材料龙头起航,国信研究
834,2019-10-30,晨会聚焦191030重点关注半导体、光环新网、珀莱雅、中国国旅、中信特钢、森马服饰、五洋停车、中国汽研、深南电路、生益科技等,国信研究
835,2019-10-30,生益科技10月30日盘中跌停,证券时报网
836,2019-10-30,半导体板块下挫 生益科技、博通集成双双跌停,金融界
837,2019-10-30,快讯：半导体板块早盘下挫 生益科技等多股跌停,新浪
838,2019-10-30,生益科技闪崩跌停，前三季度净利同比增28%,Wind
839,2019-10-30,【招商电子】生益科技：覆铜板盈利弹性确认，进入双引擎驱动期,招商电子
840,2019-10-29,生益科技前三季净利增长29%,金融界
841,2019-10-29,生益科技公布三季报 前三季净利增加28.66%,新浪
842,2019-10-29,生益科技(600183.SH)前三季度净利润升28.66%至10.42亿元,格隆汇
843,2019-10-29,生益科技：前三季实现净利10.42亿 同比增长28.66%,新浪
844,2019-10-29,生益科技：前三季度净利润同比增28.66%,Wind
845,2019-10-29,中英科技二度冲击创业板败北 毛利率差异缩小靠“手动调整”,21世纪经济报道
846,2019-10-28,中英科技再度折戟创业板 高毛利率的坑咋就绕不过去？,时代在线
847,2019-10-25,逾300股年内创历史新高，60股自高点回撤幅度超40%,Wind
848,2019-10-23,中英科技二次闯关IPO，重选可比公司以免“重蹈覆辙”,中金在线
849,2019-10-23,生益科技：5G概念股价翻三倍 研发数据存瑕疵,新浪
850,2019-10-22,生益科技：可转债募投项目预计明年3季度达到可使用状态,第一财经
851,2019-10-16,做好战斗准备，调整到这短线可加仓,德邦证券微资讯
852,2019-10-16,131股获券商买入评级 温氏股份目标涨幅达58.40%,Wind
853,2019-10-15,北向资金逆势净流入近37亿元，中国平安获净买入超5亿元,Wind
854,2019-10-14,10月14日有15家公司获重要股东增减持 方盛制药已被连续减持8次 减持股份,Wind
855,2019-10-14,【兴证电子 谢恒】深度：格局优化，5G和云计算带动通信板持续爆发,兴证电子谢恒团队
856,2019-10-13,生益科技：第一大股东的一致人广东省外贸开发有限公司拟减持不超过1%公司股份 减持股份,Wind
857,2019-10-13,生益科技(600183.SH)：省外贸拟减持不超2276.19万股 拟减持股份,格隆汇
858,2019-10-13,生益科技：第一大股东的一致行动人拟减持不超1%股份 拟减持股份,证券时报网
859,2019-10-11,10月11日午盘两市板块龙虎榜排名(名单),金融界
860,2019-10-11,PCB概念股开盘表现强势,Wind
861,2019-10-11,审核节奏加快 三公司科创板IPO申请过会,中证报
862,2019-10-11,5G基站用PCB价量双增 龙头公司今年以来景气度提升,财富动力网
863,2019-09-25,正中珠江客户联瑞新材将上会 上会前夕变更实控人 控制人变化,新京报
864,2019-09-25,大幅上调目标价策略（9月25日）,Wind
865,2019-09-25,科技股全线跳水，沪电股份逼近跌停,Wind
866,2019-09-25,科技蓝筹股集体调整 生益科技跌逾5%,证券时报网
867,2019-09-23,[快讯]生益科技:高级管理人员减持股份结果 减持股份,中财网
868,2019-09-23,生益科技：总会计师何自强减持38万股 减持股份,Wind
869,2019-09-23,生益科技(600183.SH)：何自强减持计划实施完毕 已减持38万股 拟减持股份,格隆汇
870,2019-09-22,半导体、电子设备：华为新机发布 持续关注产业链投资机会,川财证券
871,2019-09-20,611亿资金争夺20股：主力资金重点出击10股(名单),新浪
872,2019-09-20,PCB板块再度活跃 生益科技涨逾4%,新浪
873,2019-09-20,北上资金继续加仓白酒银行股,Wind
874,2019-09-19,行业景气提升叠加国产替代加速 电子行业进入硬核资产黄金时代,证券网
875,2019-09-19,PCB板块卷土重来，天津普林强势封板,Wind
876,2019-09-17,54只连涨股3日吸金近35亿元 机构+资金锁定14只强势股,证券日报
877,2019-09-16,PCB板块午前异动，龙头生益科技大涨7%,Wind
878,2019-09-15,方正策略:科技股估值提升空间有限 将切换到业绩主导,金融界
879,2019-09-11,覆铜板市场需求持续爆发 超华科技等上游产业链将率先受益,证券之星
880,2019-09-10,一批热门科技股被上调评级 21股获机构扎堆推荐（名单）,证券时报
881,2019-09-09,44股获券商买入评级 松芝股份目标涨幅达73.47%,Wind
882,2019-09-07,PCB为何能成为时下最闪耀的热点,金融投资报
883,2019-09-05,9377亿！两融余额创近4个月新高！融资盘最青睐哪类股？,重庆商报
884,2019-09-05,A股涨声一片！大金融发威，科技、世界铜王、5G妖股逞强,Wind
885,2019-09-04,议市厅丨科技股盛宴，赵老哥1.2亿打板！沪电股份业绩爆表，东方通信之后会否复制十倍神话？,和讯
886,2019-09-04,三大角度择选“成长新星” 谁将复制十倍神话？,证券时报
887,2019-09-04,PCB概念股一路狂飙，这些“小而美”的股票还未动,证券时报
888,2019-09-03,东方通信之后，疯狂的PCB接棒：“三剑客”成科技股发动机，会否复制十倍神话？,中证报
889,2019-09-03,电子元器件行业半年报盘点:通信PCB龙头公司发生了什么,国信证券
890,2019-08-31,生益科技(600183.SH)：副总经理董晓军完成减持集中竞价方式减持16万股 减持股份,格隆汇
891,2019-08-31,生益科技(600183.SH)：高管董晓军减持期过半尚未实施减持,格隆汇
892,2019-08-30,生益科技：副总经理董晓军拟减持不超过16.53万股 减持股份,Wind
893,2019-08-29,生益科技投资者会议：PCB厂家很多但能做好的不多,维库电子市场
894,2019-08-28,正业科技：公司向生益科技提供PCB等相关设备,e公司
895,2019-08-27,生益科技：5G基材全面布局，高频高速PCB盈利高增长,证券时报网
896,2019-08-23,生益科技(600183.SH)：总会计师何自强拟减持不超38.1791万股 拟减持股份,格隆汇
897,2019-08-23,[快讯]生益科技:高级管理人员减持股份计划 拟减持股份,中财网
898,2019-08-23,生益科技：总会计师何自强拟减持不超38.2万股 减持股份,Wind
899,2019-08-23,一文看后市：有效突破2900点需要时间，下周看题材唱戏！,腾讯网
900,2019-08-23,PCB板块再次活跃 生益科技涨逾7%,证券时报网
901,2019-08-22,生益科技今日大宗交易成交8.41万股，成交价23.8元溢价2.9%,Wind
902,2019-08-22,生益科技：受益于5G商用，公司迈入成长新阶段,证券时报网
903,2019-08-21,“国家队”持股路线图曝光！社保基金、证金、汇金大手笔买入这些股票,中证报
904,2019-08-21,百亿级明星私募持股揭秘：王亚伟减仓三聚环保，高毅、景林、淡水泉坚守独门股,Wind
905,2019-08-20,[快讯]生益科技:董事减持股份结果 减持股份,中财网
906,2019-08-20,生益科技(600183.SH)董事陈仁喜减持38.06万股 减持股份,格隆汇
907,2019-08-20,生益科技：董事陈仁喜减持实施完毕，累计减持0.02%股份 减持股份,Wind
908,2019-08-19,PCB板块持续拉升 生益科技涨停明阳电路逼近涨停,金融界
909,2019-08-17,"国元证券：将生益科技评级调高为""买入""",Wind
910,2019-08-17,二季度QFII新进增持29只个股 电子等四行业成最爱,金融界
911,2019-08-16,A股658份中报曝光聪明钱布局密码：QFII、社保新进这些股！,21世纪经济报道
912,2019-08-15,快讯：覆铜板板块领跌两市 生益科技大跌6% 连续下跌,新浪
913,2019-08-14,【中金电子与通信】生益科技(600183.SH)：业绩符合市场预期，5G推动产品毛利率增长,乐平科技视角
914,2019-08-13,【点评|生益科技】中报净利润增速抬头，PCB业务提价超预期,申万宏源电子研究
915,2019-08-13,业绩和股价普遍齐飞 大机构资金继续加码5G细分龙头,大众证券报
916,2019-08-13,5G时代PCB买什么？,半导体风向标
917,2019-08-13,生益科技：2019年半年度主要财务指标,上交所
918,2019-08-13,生益科技：第九届董事会第十八次会议决议公告,上交所
919,2019-08-13,大幅上调目标价策略（8月13日）,Wind
920,2019-08-13,【国信电子|点评】生益科技-5G高频材料龙头，开启新成长周期,国信电子研究
921,2019-08-13,5G概念如火如荼！谁才是核心资产？2图全看懂,证券时报网
922,2019-08-13,生益科技（600183）2019年半年度报告：5G高频材料龙头，开启新成长周期,国信研究
923,2019-08-13,生益科技：成长超预期，加码显雄心,证券时报网
924,2019-08-13,科技股集体大涨 华为概念霸屏A股涨停榜,证券时报
925,2019-08-13,A股早报2019年8月13日星期二,Wind
926,2019-08-12,生益科技2019年上半年净利6.29亿 及时调整销售策略,挖贝网
927,2019-08-12,华为概念掀涨停潮 聪明钱重仓了哪些股？,火山财富
928,2019-08-12,科技股龙头掀涨停潮：如何把握未来市场主线？,格隆汇
929,2019-08-12,生益科技(600183.SH)上半年净利润升18.02%至6.29亿元,格隆汇
930,2019-08-12,生益科技：上半年净利6.29亿元 同比增18%,e公司
931,2019-08-12,生益科技：上半年净利润同比增18.02%,Wind
932,2019-08-12,涨停板复盘丨科技趋势股走势强劲、三大股指全面爆发,格隆汇
933,2019-08-12,涨停板解密：电子元器件相关股掀涨停潮！（8月12日）,Wind
934,2019-08-12,北上资金连续三天抄底，A股大涨沪指站上2800点,Wind
935,2019-08-09,北向资金今日净流入13.94亿元，中国平安逆市再遭抛售逾3亿元,Wind
936,2019-08-08,别纠结大盘扭捏了一年涨了近6倍的股到底是啥基因,火山财富
937,2019-08-07,[快讯]生益科技:董事减持股份进展 减持股份,中财网
938,2019-08-07,生益科技：董事陈仁喜累计减持15.36万股 减持股份,Wind
939,2019-08-07,生益科技(600183.SH)：减持时间过半 董事陈仁喜减持15.36万股 减持股份,格隆汇
940,2019-08-07,业绩超预期股逆势抗跌 9股获北上资金大手笔加仓,证券时报
941,2019-08-06,生益科技系列研究之一：罗杰斯对标研究，高频基材进口替代为时代趋势,中信建投电子研究
942,2019-08-05,【点评|生益科技】投资吉安生益电子，PCB产值2年目标35亿 20190805,申万宏源电子研究
943,2019-08-05,生益科技（600183）快评：乘胜追击，优质5G龙头继续加码高端通信PCB,国信研究
944,2019-08-02,生益科技(600183.SH)董事会通过吉安生益电子项目(一期)投资可行性分析报告 规划总投资25亿元,格隆汇
945,2019-08-02,连跌几个月后 这些股票获机构看好 7股预测上涨空间超30%,证券时报网
946,2019-08-01,射频接棒PCB？逻辑上已成立,Wind
947,2019-07-31,半导体市场向消费导向型发展 市场空间进一步增长,证券网
948,2019-07-31,45股获券商买入评级，星网锐捷目标涨幅达48.79%,Wind
949,2019-07-31,半年报业绩高增长，这些股票开启月线连涨模式（名单）,证券时报
950,2019-07-30,机构又有新玩法！生益科技3天大涨24%背后的套利机会,金融界
951,2019-07-30,生益科技（600183.SH）：股价屡创新高，触发可转债强赎条款,格隆汇
952,2019-07-30,覆铜板五日涨幅16.17%，电子主题如何挑选？,养基司令
953,2019-07-30,生益科技：上半年业绩超预期，高频高速基材快速增长,中信建投证券研究
954,2019-07-30,A股早报2019年7月30日星期二,Wind
955,2019-07-29,7月29日A股龙虎榜揭秘，机构最青睐7股,Wind
956,2019-07-29,生益科技：连续大涨股价异动，无应披露而未披露事项,Wind
957,2019-07-29,生益科技龙虎榜数据(7月29日）,Wind
958,2019-07-29,生益科技三日涨超20%，机构资金买入逾6亿元,Wind
959,2019-07-29,龙虎榜：生益科技三日涨超20% 机构资金买入逾6亿元,e公司
960,2019-07-29,华为概念股多数上涨，生益科技(600183.SH)涨超6%,格隆汇
961,2019-07-26,生益科技(600183.SH)：“生益转债”将被提前赎回并于8月1日停止交易和转股 可转债提前赎回,格隆汇
962,2019-07-26,科技股引领新高潮 这11股看点十足,红周刊
963,2019-07-26,生益科技提前赎回“生益转债”,挖贝网
964,2019-07-26,券商首次关注9股并给予买入评级（7月26日）,Wind
965,2019-07-26,A股早报2019年7月26日星期五,Wind
966,2019-07-26,52股获券商买入评级 一心堂目标涨幅达76.13%,Wind
967,2019-07-26,借科创板东风 科技股成市场新主线,财富动力网
968,2019-07-26,"生益科技:特材创新生机遇,稳健领航益价值",申万宏源
969,2019-07-25,产业景气度持续攀升，这一板块业绩亮眼，多只个股创新高！,证券时报网
970,2019-07-25,生益科技：持续高端材料布局进一步支撑估值,证券时报网
971,2019-07-25,生益科技：2019年目标市值495.8亿 给予买入评级,证券时报网
972,2019-07-25,涨停板解密：电子板块继续受资金抢筹！（7月25日）,Wind
973,2019-07-25,生益科技：“生益转债”赎回提示,Wind
974,2019-07-25,【中金电子与通信】生益科技（600183.SH）：5G驱动二季度盈利超预期，重申“跑赢行业”评级,乐平科技视角
975,2019-07-25,覆铜板概念大涨 金安国纪、生益科技涨停,金融界
976,2019-07-25,生益科技：关于“生益转债”赎回的公告,上交所
977,2019-07-25,快讯：铜箔板块开盘活跃 生益科技大涨8%,新浪
978,2019-07-25,A股异动 | 生益科技涨近9% 股价刷新历史新高,格隆汇
979,2019-07-25,生益转债大幅跳空高开、快速上行，盘初刷新上市新高至148，现报145.12涨8.35%，正股生益科技涨9.39%。,中国金融信息网
980,2019-07-25,生益科技高开逾5%，上半年业绩大超预期,Wind
981,2019-07-25,生益科技：“生益转债”终止上市 退市,Wind
982,2019-07-25,生益科技：业绩大超预期，5G推动新成长周期,证券时报网
983,2019-07-24,太平洋电子刘翔团队|生益科技业绩快报点评：PCB子公司二季度业绩暴增，高频CCL前景无限光明,刘翔电子研究
984,2019-07-24,生益科技：上半年净利6.29亿元 同比增18%,e公司
985,2019-07-24,生益科技(600183.SH)披露业绩快报 上半年净利润升17.99％至6.29亿元,格隆汇
986,2019-07-24,生益科技：匠心铸造优秀，5G时代公司从周期走向成长,证券时报网
987,2019-07-22,生益科技子公司东莞事故死亡3人 事发俩月仍未见公告 关联方问题,中国经济网
988,2019-07-21,信息科技：或对运营商+主设备商均有利 荐11股,广发证券
989,2019-07-19,【申万宏源有色】嘉元科技（688388）新股分析：技术领先的超薄锂电铜箔龙头,申万有色公众平台
990,2019-07-19,有机硅价格持续上涨 四只个股腾飞在即掘金良机,证券时报
991,2019-07-17,生益科技(600183)公告称，因可转债赎回条款被触发，将提前赎回全部“赎回登记日”登记在册的“生益转债”。,中国金融信息网
992,2019-07-16,电子行业19年7月份投资策略及中报业绩前瞻：布局中报行情结构性机会,国信证券
993,2019-07-15,生益科技（600183）深度：匠心铸造优秀，5G时代公司从周期走向成长,国信研究
994,2019-07-12,环保加码，A股迎来涨价主题！谁是黄磷第二？,Wind
995,2019-07-05,生益科技：5G带来增长新机遇 增持评级,中银国际
996,2019-07-01,生益科技已有37.35%可转债已转股,证券之星
997,2019-06-27,A股进入中报时间！行业回暖成关键词，5要素透露玄机,Wind
998,2019-06-25,"通信行业周报:中国电信试水光模块全新集采模式,中兴通讯在西班牙建立5G SA试验网",安信证券
999,2019-06-24,23股获券商买入评级 美联新材目标涨幅达80.79%,Wind
1000,2019-06-16,信息科技：华为领跑全球5G订单 荐5股,联讯证券
1001,2019-06-14,29股获券商买入评级 中设集团目标涨幅达72.84%,Wind
1002,2019-06-13,天风国际：华为今年手机出货料优于市场预期,Wind
1003,2019-06-09,半导体、电子设备：5G牌照发放 关注基站设备相关公司,德邦证券
1004,2019-06-06,【方正策略】科技龙头身在何处,策略研究
1005,2019-06-06,58股逆市创历史新高 医药等大消费公司最多,投资快报
1006,2019-06-05,浙商证券：生益科技买入评级,浙商证券
1007,2019-06-04,券商首次关注5股并给予买入评级（6月4日）,Wind
1008,2019-05-29,生益科技(600183.SH)拟每10股派3.5元 股权登记日为6月5日,格隆汇
1009,2019-05-29,"通信事件点评:不屈的华为,大浪淘沙方显英雄本色",联讯证券
1010,2019-05-28,生益科技（600183.SH）：股价7年涨10倍 业绩下滑为何股价却频创新高？,格隆汇
1011,2019-05-27,上市公司从控股股东到老二、第一大客户利益输送?,新浪
1012,2019-05-27,基岩资本范波：5G时代终端应用广阔，带动上游覆铜板需求增量,和讯
1013,2019-05-27,"通信行业周观点:短期扰动不改5G长期趋势,逢低布局相关标的",联讯证券
1014,2019-05-24,生益科技(600183)公告称，生益转债(110040 )自5月29日至权益分派股权登记日间将停止转股。,中国金融信息网
1015,2019-05-23,生益科技：实施2018年年度权益分派时“生益转债”转股将连续停牌 重大事项停牌,Wind
1016,2019-05-23,分拆上市政策出台前夜 科创板隐现“类分拆”申报企业,21世纪经济报道
1017,2019-05-22,沪港通十大成交活跃股排名（5月22日）,Wind
1018,2019-05-22,陆股通今日净流出A股45亿元：海康威视、美的抛售额超10亿，五粮液获净买入,每日经济新闻
1019,2019-05-21,【中信建投 海外TMT】海外TMT行业周报：美国对华为出口管制加速供应链国产替代，看好关键领域自主可控机会,建投海外研究
1020,2019-05-21,审计机构被查 联瑞新材IPO恐生变 其他违规处罚,时代周报
1021,2019-05-20,分拆上市细则在路上！多家主板公司表达科创板分拆上市意愿，上交所问询严把关,券商中国
1022,2019-05-17,多家公司被问会不会更换审计机构,信息时报
1023,2019-05-16,生益科技：2019年第一次临时股东大会决议公告,上交所
1024,2019-05-16,【华泰策略|问道产业】为5G而生，华为周期有望开启——策略问道产业系列之华为产业链,华泰策略研究
1025,2019-05-11,5G迎来重要时间窗口期 近10亿元大单涌入15只概念股,证券日报
1026,2019-05-10,[快讯]15:00生益科技、卫士通等6只股票封涨停,中财网
1027,2019-04-28,"生益科技2019年1季报点评:Q1业绩符合预期,5G产品加速起航",国信证券
1028,2019-04-27,【国信证券】生益科技(600183)：Q1业绩符合预期，5G产品加速起航,国信电子研究
1029,2019-04-26,生益科技：5G产品加速起航 给予“增持”评级,证券时报网
1030,2019-04-26,生益科技一季度净利2.5亿元同比下滑0.03% 现金流量净额为4.8亿元 盈利能力下降,挖贝网
1031,2019-04-25,生益科技(600183.SH)一季度净利润降0.03%至2.49亿元 盈利能力下降,格隆汇
1032,2019-04-25,生益科技：一季度净利润同比减0.03% 盈利能力下降,Wind
1033,2019-04-21,【科创板专题：联瑞新材 | 高端硅微粉领跑企业】国君有色刘华峰团队,峰刘解色
1034,2019-04-18,生益科技：2018年年度股东大会决议公告,上交所
1035,2019-04-18,联瑞新材料是高科技？恐怕全化工行业都不答应,新浪
1036,2019-04-15,【天风研究·固收】转债日报（4月15日）,固收彬法
1037,2019-04-15,科创板进程加快投顾专家助你寻找短线“牛股”,重庆商报
1038,2019-04-13,联瑞新材创业板IPO终止，转战科创板，上市公司生益科技持股超三成 IPO融资异常,IPO日报
1039,2019-04-12,公告精选：生益科技联营公司科创板上市申请获受理；南都电源、卫星石化涉足氢能领域,每日经济新闻
1040,2019-04-12,生益科技：对联瑞新材股权投资账面余额1亿元，对公司不构成重大影响,Wind
1041,2019-04-12,生益科技：联营公司联瑞新材科创板上市申请获受理,Wind
1042,2019-04-12,生益科技：联营公司联瑞新材科创板上市申请获受理,e公司
1043,2019-04-12,生益科技：董事计划减持38.17万股 减持股份,Wind
1044,2019-04-12,科创板受理企业透析｜联瑞新材：中央汇金、东方红间接持股,澎湃新闻
1045,2019-04-11,3家企业科创版上市申请今日获受理-更新中,中财网
1046,2019-04-11,联瑞新材科创板上市申请获上交所受理 生益科技持股比例31%,e公司
1047,2019-04-10,"电子行业:短期面板供过于求,长期看好国内面板企业",东北证券
1048,2019-04-05,最新重仓股大曝光！高毅、重阳、淡水泉等超一流私募牛市买买买（名单）,Wind
1049,2019-04-04,【电子-生益科技(600183)】谢春生、胡杨（研究助理）：CCL周期属性淡化，高频高速打开成长空间-20190403,中泰证券研究所
1050,2019-04-03,半导体、电子设备：5G投资景气持续 荐12股,和讯
1051,2019-04-02,券商首次关注11股并给予买入评级（4月2日）,Wind
1052,2019-04-02,【朝闻国盛0402】能源革命创新先行，聚焦各板块一季报稳增长公司,国盛证券研究所
1053,2019-04-01,生益科技：深度受益5G，高频高速板迎曙光,证券时报网
1054,2019-03-28,生益科技（600183）2018年年报深入分析：业绩小幅低于预期，5G应用正在起航,国信研究
1055,2019-03-28,生益科技去年净利10亿同比减7% 董事长刘述峰年薪814万元 盈利能力下降,挖贝网
1056,2019-03-27,"通信行业:三大运营商年报公布,移动生态助推经济增长",东吴证券
1057,2019-03-26,生益科技(600183.SH)2018年净利润降6.9%至10亿元 拟10派3.5元 盈利能力下降,格隆汇
1058,2019-03-26,生益科技：2018年净利润同比减6.90% 盈利能力下降,Wind
1059,2019-03-25,"电子行业:面板需求强劲,关注相关产业链",东北证券
1060,2019-03-22,天风通信团队：中国移动计划千亿5G资本开支，持续围绕新基建布局（周专题：网络工程规划，5G基建先行者）,海陆清风
1061,2019-03-19,半导体、电子设备：偏光片维持高景气 荐15股,中信建投
1062,2019-03-18,"电子行业:华为5G芯片提速,关注相关产业链",东北证券
1063,2019-03-12,【太平洋电子刘翔团队】5G系列报告之综述篇：5G商用临近，关注产业链投资机会,刘翔电子研究
1064,2019-03-07,半导体、电子设备：PCB覆铜板产业升级 进口替代大幕开启,广发证券
1065,2019-03-05,52股猪年以来创历史新高 电子元器件等三行业公司最多,投资快报
1066,2019-02-28,"生益科技2019年跟踪点评:新产能即将投放,全年稳步增长",浙商证券
1067,2019-02-27,"通信行业:MWC召开在即,5G折叠屏手机、设备商端到端解决方案和5G商用案例等值得期待",安信证券
1068,2019-02-26,"电子行业:OLED利好消息频出,继续关注相关产业链",东北证券
1069,2019-02-25,MWC抢“鲜”看！除了华为、小米、中兴，还有哪些亮点,Wind
1070,2019-02-25,电路板材料年内2次涨价 相关受益股有哪些？,格隆汇
1071,2019-02-21,5G板块直线拉升，龙头东方通信大涨6%,Wind
1072,2019-02-21,覆铜板迎来年内第二波涨价潮行业 六股即将大牛,证券时报
1073,2019-02-19,电子行业每周专题:从MWC创新方向看产业链投资机会,正点财经
1074,2019-02-19,电子行业周报:关注新机发布潮带动消费电子板块估值修复,上海证券
1075,2019-02-19,"通信行业:运营商招标动作频频,看好5g网络建设先于5g应用萌芽",东吴证券
1076,2019-02-18,"电子行业:三星率先推出折叠手机,关注OLED相关标的",正点财经
1077,2019-02-11,81股获券商买入评级：中粮地产目标涨幅达94.83%,Wind
1078,2019-02-01,【中信建投电子|深度报告】5G商用开启，通信PCB与基材率先受益宏基站规模建设,中信建投电子研究
1079,2019-01-31,【国信电子】生益科技(600183)-2018年业绩快报点评,国信电子研究
1080,2019-01-31,生益科技（600183）2018年业绩快报点评：18年业绩低于预期，高频高速值得期待,国信研究
1081,2019-01-31,【中金电子与通信】生益科技（600183.SH）：业绩快报符合预期，静待5G推动行业复苏,乐平科技视角
1082,2019-01-30,生益科技2018年营收119.81亿 较上年同期增长11.45%,挖贝网
1083,2019-01-30,生益科技2018年实现未经审计净利润10.04亿元,金融界
1084,2019-01-30,生益科技：2018年净利润同比减6.53%（快报） 盈利能力下降,Wind
1085,2019-01-22,"通信行业:5g电话首拨,商用进程加速",东吴证券
1086,2019-01-15,"通信行业跟踪周报:我国今年将发放5G临时牌照,商用进程加速",东吴证券
1087,2019-01-15,"电子行业周报:华为可穿戴业务增速迅猛,5G临时牌照今年下发",上海证券
1088,2019-01-12,天风通信团队：中移动开启5G SA核心网设备集采，广电加速5G布局（周专题：5G时代，Wi-Fi 6将成为重要接入技术）,海陆清风
1089,2019-01-07,"电子行业:苹果下注可折叠手机,关注相关产业链标的",东北证券
1090,2019-01-04,"电子行业:5g投资景气持续,关注基站终端基材及汽车电子渗透",中证网
1091,2019-01-03,中信建投TMT一周投资策略,中信建投证券研究
1092,2019-01-03,电子行业周报:欧菲科技车载光学业务再夯实,上海证券
1093,2019-01-01,半导体、电子设备：国内半导体设备建设加速 荐19股,东北证券
1094,2018-12-29,生益科技董事何自强减持50万股 套现508万元 减持股份,挖贝网
1095,2018-12-27,"通信行业:5G首次写入中央工作会议,产业链有望加速推进",正点财经
1096,2018-12-27,"通信行业:中央经济工作会议要求加快5G商用步伐,5G商用持续推进",东吴证券
1097,2018-12-19,半导体、电子设备：中微突破5NM核心刻蚀技术,上海证券
1098,2018-12-19,电子行业日报:三安光电发布澄清公告,上海证券
1099,2018-12-18,电子行业日报:一加5G手机2019年5月前上市,上海证券
1100,2018-12-14,电子行业日报:台积电、联电11月营收逆势增长,上海证券
1101,2018-12-11,"电子行业:苹果发布快冲新产品,关注手机存量替换技术",东北证券
1102,2018-12-10,"通信行业:频率使用许可下放,移动大会聚焦5g新发展",东吴证券
1103,2018-12-04,"通信行业:5G临近,各国商用逐步落地",东吴证券
1104,2018-12-03,2018年国家技术创新示范企业名单公布，多家上市公司入选,Wind
1105,2018-11-29,国盛通信 | 运营商密集集采，SPN开启承载5G承载网新时代,吉时通信
1106,2018-11-29,国盛通信 | 国网+广电有望共建5G，增量资金落地在即,吉时通信
1107,2018-11-26,"通信行业周报:5G时代的内求外需,联动前行",东吴证券
1108,2018-11-23,5G最受益产业PCB，绩优上市公司抢先分享600亿蛋糕,证券之星
1109,2018-11-21,生益科技股东增持344万股 耗资约3300万元,挖贝网
1110,2018-11-19,生益科技：可转换公司债券付息公告,上交所
1111,2018-11-14,电子行业周报:iPhone或采用新天线技术12寸硅晶圆价格有望持续走高,上海证券
1112,2018-11-12,覆铜板概念表现活跃，金安国纪、华正新材携手涨停,Wind
1113,2018-11-07,生益科技:三季度盈利能力小幅下滑产能释放保障未来成长,上海证券
1114,2018-11-02,【中金电子与通信】生益科技(600183.SH)：3Q18：产能提升市场竞争压力加剧，盈利承压,乐平科技视角
1115,2018-11-02,生益科技三季报点评:只待厚积薄发来临时,浙商证券
1116,2018-10-31,【通信-夏庐生】生益科技三季报业绩点评：三季报符合预期，高频覆铜板龙头地位稳固，静待5G到来,安信证券研究
1117,2018-10-30,银河证券：上调生益科技评级至推荐,Wind
1118,2018-10-29,生益科技：前三季度净利润同比增0.43%,Wind
1119,2018-10-28,半导体、电子设备：关注5G带来的投资机会,川财证券
1120,2018-10-27,生益科技：子公司生益电子与井冈山经管会签订15亿元投资合同,中证网
1121,2018-10-26,告别东莞移师井冈山 生益科技15亿“砸”向革命圣地,e公司
1122,2018-10-26,[快讯]生益科技:子公司生益电子与井冈山经济技术开发区管理委员会签订项目投资合同,中财网
1123,2018-10-24,生益科技股东增持612万股 权益变动后持股比例为12.33%,挖贝网
1124,2018-10-22,生益科技：大股东拟增持公司股份金额1000万元至3000万元,中证网
1125,2018-10-22,生益科技：股东广新集团拟增持1000万元-3000万元,Wind
1126,2018-10-19,公告精选：海康威视前三季度净利润74亿元， 同比增20.2%；王忠磊拟减持华谊兄弟375万股,每日经济新闻
1127,2018-10-19,多家公司发布增持公告：兰生股份等获得力捧,Wind
1128,2018-10-19,生益科技：第一大股东持股增至20%,e公司
1129,2018-10-16,[买入评级]电子行业周报：苹果链龙头9月营收发布 Q4将迎下游模组及终端备货高峰,中财网
1130,2018-10-15,[增持评级]通信行业周报：国家政策与技术齐头并驱 5G版图强劲扩展,中财网
1131,2018-10-15,[推荐评级]电子行业周报：政策暖风频吹 5G仍是核心主线,中财网
1132,2018-10-11,"联讯电子行业深度PCB企业五年财报分析:行业整体持续增长,领先厂商各有优势",联讯证券
1133,2018-10-10,半导体、电子设备：行业整体持续增长 领先厂商各有优势,联讯证券
1134,2018-09-30,通信行业“科技风向标”系列深度报告之三:5G进入商用冲刺阶段,正点财经
1135,2018-09-28,"通信行业2018年第39周周报:三部委推出研发投入税前加计扣除政策,通信板块受益明显",光大证券
1136,2018-09-25,生益科技：高频高速产品布局5G开启新周期,金融界
1137,2018-09-25,"通信行业:国家政策扶持,5G技术加速发展",东吴证券
1138,2018-09-19,"生益科技:二季度业绩企稳回升,期待下半年产品量价齐增",中证网
1139,2018-09-18,信息科技：收入增速放缓 市场份额加速集中 盈利能力下降,中信建投
1140,2018-09-10,"通信行业2018年第37周周报:光博会热度高企,持续看好5G光通信",光大证券
1141,2018-09-09,信息科技：SPN渐成5G传送网主流技术 荐3股,东吴证券
1142,2018-09-03,"通信行业:中报看行业发展平稳有升,5G承载大周期有望最先启",东吴证券
1143,2018-08-28,社保基金最新建仓股、减持股、增持股！,中国基金报
1144,2018-08-28,PCB强势上涨的原因已找到，行业增速提升5倍,Wind
1145,2018-08-28,生益科技：8月27日融资余额为4.74亿元，较前一日骤降5.04%,Wind资讯
1146,2018-08-28,电子行业:云计算和5G基站成为PCB需求新拉动,东吴证券
1147,2018-08-28,"PCB行业专题报告:PCB迎产业新格局,龙头企业开启加速成长周期",国信证券
1148,2018-08-27,[买入评级]通信行业周报：5G频谱计划9月发布 关注频谱分配事件性催化,中财网
1149,2018-08-20,[推荐评级]电子行业周报：科技立国 看好5G投资主线,中财网
1150,2018-08-19,[推荐评级]通信行业深度研究：5G频谱即将发放 带来产业全新机遇,中财网
1151,2018-08-18,下周增减持重要公告,中证网
1152,2018-08-17,生益科技：总会计师何自强拟减持不超过50万股,金融界
1153,2018-08-17,【中金电子与通信】生益科技（600183.SH）：1H18：原材料价格上涨拖累盈利,乐平科技视角
1154,2018-08-16,太平洋电子|生益科技点评：下游景气产销两旺，关注旺季涨价和高频基材,刘翔电子研究
1155,2018-08-16,[买入评级]生益科技(600183)中报点评：上半年增长稳健 高端材料放量值得期待,中财网
1156,2018-08-16,[推荐评级]生益科技(600183)中报点评：1H18：原材料价格上涨拖累盈利,中财网
1157,2018-08-16,[买入评级]生益科技(600183)中报点评：胶着期已过 新周期开始,中财网
1158,2018-08-15,[买入评级]生益科技(600183)半年报点评：加快产能建设 迎接5G起航,中财网
1159,2018-08-15,生益科技（600183）2018年半年报：加快产能建设，迎接5G起航,国信研究
1160,2018-08-15,[增持评级]生益科技(600183)中报点评：成本短期承压 新产品放量在即,中财网
1161,2018-08-14,生益科技：上半年净利润同比减1.25%,Wind
1162,2018-08-14,半导体、电子设备：消费电子板块业绩展望较好 荐10股,国信证券
1163,2018-08-14,生益科技：公司上半年实现净利5.33亿元,中证网
1164,2018-08-13,[推荐评级]电子行业周报：科技立国 看好5G、自主可控、AI三条投资主线,中财网
1165,2018-08-12,【太平洋电子刘翔团队】|太平洋证券TMT联合电话会议纪要：信息消费升级三年计划解读会议,刘翔电子研究
1166,2018-08-10,[买入评级]电子行业深度研究：掘金高频覆铜板基材新蓝海,中财网
1167,2018-07-31,"电子行业:价格企稳出货乐观,电子行业迎来旺季",国联证券
1168,2018-07-30,【太平洋证券 今日早读】非银：金融去杠杆系列报告之三|木林森深度报告|水井坊、生益科技、柳药股份、雷科防务点评 20180730,太平洋证券研究
1169,2018-07-29,[买入评级]生益科技(600183)中报点评：下游景气拉动营收快速增长 期待新项目放量,中财网
1170,2018-07-27,71股获券商买入评级 博威合金目标涨幅达63.82%,Wind
1171,2018-07-26,今日资金抢入六只强势股一览（2018年7月26日）,中财网
1172,2018-07-26,56股获券商买入评级 潞安环能目标涨幅达69.88%,Wind
1173,2018-07-26,"生益科技半年报预告点评:淡季不淡,潜力在后",浙商证券
1174,2018-07-25,[买入评级]生益科技(600183)半年度业绩快报：Q2收入端超预期 坚定看好高频高速材料发展前景,中财网
1175,2018-07-25,生益科技（600183）2018年半年报业绩快报：PCB需求持续稳定成长，原材料成本上升导致净利率承压,国信研究
1176,2018-07-24,太平洋电子|生益科技半年报业绩预告点评：下游景气拉动营收快速增长，期待新项目放量,刘翔电子研究
1177,2018-07-24,生益科技：上半年净利润同比减1.25%（快报）,Wind
1178,2018-07-24,生益科技：2018年半年度业绩快报公告,Wind
1179,2018-07-24,【国信电子】生益科技—动态更新：覆铜板龙头市占率稳步提升，高频高速产品布局5G开启新周期。,国信电子研究
1180,2018-07-24,生益科技：7月23日融资余额为5.35亿元，较前一日骤降5.08%,Wind资讯
1181,2018-07-23,[买入评级]电子行业动态点评：台积电Q3营收展望乐观 下半年中高端智能机需求持续景气,中财网
1182,2018-07-19,[买入评级]生益科技(600183)动态更新：覆铜板龙头市占率稳步提升 高频高速产品布局5G开启新周期,中财网
1183,2018-07-18,[领先大市-A评级]5G系列报告之六：新空口、新格局 MASSIVE MIMO重构天线产业链,中财网
1184,2018-07-18,铜箔板块开盘活跃，金安国纪再度涨停,Wind
1185,2018-07-17,[买入评级]电子行业周报：6月营运数据继续向好 看好优质电子白马贯穿全年机会,中财网
1186,2018-07-14,安信研究|TMT向新力·第二十一期 20180714,安信证券研究
1187,2018-07-13,[领先大市-A评级]5G热点问题详解系列之五：5G基站CU-DU到底是分离还是会合设,中财网
1188,2018-07-12,90股获券商买入评级 依顿电子目标涨幅达107.31%,Wind
1189,2018-07-10,[买入评级]电子行业动态分析：大立光等6月营收及5月半导体销售再创新高 验证电子板块基本面拐点,中财网
1190,2018-07-10,[领先大市-A评级]5G热点问题详解系列之四：为什么5G基站会用64通道天线?,中财网
1191,2018-07-08,[强于大市评级]通信行业研究简报：风雨之后 坚定看好5G的投资价值,中财网
1192,2018-07-07,5G深度跟踪九：风雨之后依然坚定长期看好5G的投资价值【天风通信唐海清团队】,微信
1193,2018-07-06,"通信行业:5G频谱,你想知道的都在这里",中证网
1194,2018-07-03,生益科技今日大宗交易成交171.15万股，成交价9.04元折价3.73%,Wind资讯
1195,2018-07-03,[增持评级]电子行业周报：消费电子黎明将至 半导体维持涨价主旋律,中财网
1196,2018-07-03,[买入评级]电子行业周报：关注受益于人民币贬值的电子细分领域 继续看好消费电子等基本面拐点,中财网
1197,2018-07-02,【安信通信每周观点】MWC 2018上海开幕，5G成为最热话题,通信投研汪
1198,2018-07-02,[优于大势评级]电子行业周报：手机技术屡攀高峰 国产品牌份额上升,中财网
1199,2018-06-29,[领先大市-A评级]5G热点问题详解系列之二：NSA架构对终端带来的挑战,中财网
1200,2018-06-27,[领先大市-A评级]通信行业周报：IMT-2020(5G)峰会在深圳召开 我国NB-IOT商用进程全球领先,中财网
1201,2018-06-26,电子行业动态周报：国产手机屡攀创新高峰 智能手机行业继续回暖,中财网
1202,2018-06-20,生益科技：6月19日融资余额为6.16亿元，较前一日骤降6.12%,Wind资讯
1203,2018-06-20,"生益科技:高频覆铜板龙头启动第一条智能制造生产线,5G商用加速引领增长新空间",安信证券
1204,2018-06-19,"通信行业:3GPP冻结5G独立组网标准,工信部明确基站技术指标为5G扫除障碍",安信证券
1205,2018-06-18,35股获券商买入评级 蓝盾股份目标涨幅达79.24%,Wind
1206,2018-06-15,6月15日有67家公司获重要股东增减持 宗申动力已被连续增持38次,Wind
1207,2018-06-13,[买入评级]电子行业动态周报：5月数据继续验证消费电子景气 维持Q2基本面拐点判断,中财网
1208,2018-06-07,首款可量产彩色电子纸面世 龙头股被海外机构密集调研,证券日报
1209,2018-06-04,【通信-夏庐生】行业周报：中日韩三国加大5G合作，中国电信布局CDMA退网,安信证券研究
1210,2018-06-03,【安信通信每周观点】中日韩三国加大5G合作，中国电信布局CDMA退网,通信投研汪
1211,2018-05-29,"通信行业周报:3GPP将完成5G独立组网标准,网络提速降费成为我国经济增长新动能",安信证券
1212,2018-05-28,[优于大势评级]电子行业动态周报：国家支持兼国内支出强劲 中国半导体设备增长可期,中财网
1213,2018-05-22,【安信通信每周观点】中国铁塔赴港上市，5G+3D有望成为全球首个5G杀手级应用,通信投研汪
1214,2018-05-22,[领先大市-A评级]通信行业周报：中国铁塔赴港上市 5G+3D有望成为全球首个5G杀手级应用,中财网
1215,2018-05-21,信息科技：5G+3D有望成为全球首个5G杀手级应用 荐4股,安信证券
1216,2018-05-20,晚间重要公告2018年5月20日星期日,--
1217,2018-05-20,生益科技：生益转债转股价格调整为11.62元/股,e公司
1218,2018-05-15,49股获券商买入评级 凯乐科技目标涨幅达80.16%,Wind
1219,2018-05-14,【安信通信每周观点】中国移动加快推进5G承载网建设，云计算市场将长期高景气发展,通信投研汪
1220,2018-05-14,[领先大市-A评级]通信行业周报：中国移动加快推进5G承载网建设 云计算市场将长期高景气发展,中财网
1221,2018-05-14,三大券商看中兴事件：5G望迎反弹 关注受中美影响标的,金融界
1222,2018-05-13,太平洋电子|生益科技点评：江西九江年产3000万平CCL项目提前上马,刘翔电子研究
1223,2018-05-11,生益科技：第九届董事会第三次会议决议公告,上交所
1224,2018-05-09,[买入评级]电子行业周报：苹果及供应商Q2展望较好 板块机会大于风险,中财网
1225,2018-05-09,[领先大市-A评级]通信行业周报：工信部发布IPV6规模部署计划 联通新采物联网平台,中财网
1226,2018-05-07,半导体、电子设备：消费电子板块有望迎来布局时点,川财证券
1227,2018-05-03,[路演]生益科技：多方式开拓美洲、欧洲、东南亚、日韩等海外市场,全景网
1228,2018-05-02,生益科技：4月27日融资余额为8.81亿元，较前一日骤增5.02%,Wind资讯
1229,2018-04-30,359股获券商买入评级 中金环境目标涨幅达119.61%,Wind
1230,2018-04-28,沪深股通踊跃抄底 白马股遭机构砸盘,投资快报
1231,2018-04-28,"生益科技:一季报符合预期,高频覆铜板龙头,5G商用加速引领增长新空间",安信证券
1232,2018-04-27,"生益科技一季报点评:经营稳健,全年稳增无忧",浙商证券
1233,2018-04-26,4月26日A股龙虎榜揭秘，机构最青睐3股,--
1234,2018-04-26,生益科技跌停 五机构合计卖出逾2亿元,e公司
1235,2018-04-26,生益科技一季度净利增速下降12% 被机构砸跌停,第一财经
1236,2018-04-26,信息科技：英特尔推出新一代CPU架构TREMONT,川财证券
1237,2018-04-26,生益科技龙虎榜数据（4月26日）,Wind资讯
1238,2018-04-26,频段占用费下调5G再迎重大利好 10只概念股有望受益,证券时报网
1239,2018-04-25,生益科技：一季度净利润同比减12.19%,Wind
1240,2018-04-20,生益科技：第九届董事会第一次会议决议公告,顶尖财经网
1241,2018-04-16,[领先大市-A评级]通信行业周报：工信部瞄准5G高频关键器件 中国联通将建成30万余NB-IOT基站,中财网
1242,2018-04-09,[强于大市评级]电子制造行业研究周报：创新推动 涨价又起,中财网
1243,2018-04-08,[强于大市评级]通信行业点评：中移动获FDD-LTE牌照 通信板块现积极信号,中财网
1244,2018-04-03,[领先大市-A评级]通信行业周报：三大运营商2017年经营稳中有升 飞荣达剑指5G天线新龙头,中财网
1245,2018-04-02,[买入评级]PCB行业月度观点：全球PCB龙头臻鼎-KY全能化道路之本土启示(1/2),中财网
1246,2018-04-02,半导体、电子设备：集成电路迎来政策甜蜜期 荐11股,和讯
1247,2018-04-02,[买入评级]生益科技(600183)年报点评：17年业绩符合预期 18年稳中有增 迎接5G时代高增长,中财网
1248,2018-04-02,[买入评级]生益科技(600183)年报点评：业绩快速增长 重点规划项目有序推进,中财网
1249,2018-03-30,[强烈推荐-A评级]生益科技(600183)年报点评：迎接高频高速、IC封装基材、FCCL等新业务启程的2018,中财网
1250,2018-03-30,192股获券商买入评级，旗滨集团目标涨幅达74.66%,Wind
1251,2018-03-30,"生益科技:业绩增长符合市场预期,5G高频板布局打开成长空间",东北证券
1252,2018-03-27,生益科技：全资子公司江西生益竞得九江市两地块,证券之星
1253,2018-03-27,生益科技：拟向全资子公司生益特材料增资3亿元,证券之星
1254,2018-03-27,生益科技：2017年净利同比增44% 拟10转4.5派4.5元,e公司
1255,2018-03-27,生益科技：2017年净利润同比增43.63%，拟10转4.5派4.5元,Wind
1256,2018-03-27,沪深上市公司18年3月28日重大事项交易提示速递,搜狐
1257,2018-03-25,半导体、电子设备：中美贸易局势影响电子板块 荐5股,东北证券
1258,2018-03-23,融资客最看好个股一览,证券时报
1259,2018-03-23,三年净利润之和不足亿元 联瑞新材IPO或遭遇“窗口指导”寒流,投资时报
1260,2018-03-21,生益科技联营公司联瑞新材拟终止IPO,顶尖财经网
1261,2018-03-20,苹果液态金属应用取得进展 相关四公司或立风口,证券时报
1262,2018-03-19,[领先大市-A评级]通信行业周报：北京冬奥5G项目今年启动 中兴、联通2017年业绩表现亮眼,中财网
1263,2018-03-18,【东北电子】行业周报：电子板块回调明显，半导体板块持续强势,东北电子研究
1264,2018-03-18,半导体、电子设备：半导体板块持续强势 荐5股,东北证券
1265,2018-03-12,【招商电子】电子行业策略观点：新品、业绩和热点事件驱动电子行业板块全面上行,招商电子
1266,2018-03-12,【安信通信每周观点】5G被列入“中国制造2025”，2018美国光通讯展会进入倒计时,通信投研汪
1267,2018-03-12,生益科技:5G用高频CCL大有可为,中证网
1268,2018-03-12,[领先大市-A评级]通信行业周报：5G被列入“中国制造2025” 2018美国光通讯展会进入倒计时,中财网
1269,2018-03-12,5G将炸裂般增长 拿好这只两年涨137.15%的细分龙头,证券之星
1270,2018-03-11,听·天风一周一会 | 电子·食品饮料·通信,天风研究
1271,2018-03-11,[优于大势评级]电子行业周报：市场风格成长回归 集成电路一马当先,中财网
1272,2018-03-10,半导体、电子设备：集成电路一马当先 荐5股,东北证券
1273,2018-03-09,3月9日有40家公司获重要股东增减持 东方雨虹已被连续减持31次,Wind
1274,2018-03-09,42股获券商买入评级 中鼎股份目标涨幅达88.12%,Wind
1275,2018-03-08,[买入评级]生益科技(600183)深度报告：5G用高频CCL大有可为,中财网
1276,2018-03-07,[买入评级]LCP专题报告(电子行业)：不仅仅是天线革命,中财网
1277,2018-03-07,[买入评级]电子行业动态：2017年国内智能机ASP提升20%;MWC2018开启新机发布潮,中财网
1278,2018-03-05,【安信通信每周观点】MWC 5G大放异彩，工信部加速工业互联网发展进程,通信投研汪
1279,2018-03-05,[强于大市评级]通信行业研究周报：2018MWC看5G 新一代科技浪潮正在来袭,中财网
1280,2018-03-05,[领先大市-A评级]通信行业周报：MWC 5G大放异彩 工信部加速工业互联网发展进程,中财网
1281,2018-03-04,[领先大市-A评级]通信行业动态分析：从MWC 2018看5G：产业链加速成熟 5G商用驶入快车道,中财网
1282,2018-03-02,[买入评级]PCB行业月度观点：LCP/FPC引领天线新趋势 催生全球软板新赛道,中财网
1283,2018-03-02,生益科技：第八届董事会第三十次会议决议公告,顶尖财经网
1284,2018-02-28,[增持评级]海通电子行业周观点：5G芯片烽烟渐起 EUV设备为先进制程保驾护航,中财网
1285,2018-02-28,【招商研究】每日复盘与晨会精要（0227）：大小盘分化较严重,招商策略研究
1286,2018-02-27,MWC2018亮相，5G成最大赢家，还有哪些干货？,--
1287,2018-02-27,[增持评级]海通通信行业一周谈：前期跌出空间 积极关注5G一线龙头,中财网
1288,2018-02-27,5G利好频传 主题机会显现,大众证券报
1289,2018-02-27,【太平洋证券 今日早读】电子行业点评|轻工造纸行业深度报告|农业周报|东易日盛公司点评（20170227）,太平洋证券研究
1290,2018-02-27,电池板块预演业绩浪行情 14只年报预计翻番股吸金4亿,证券日报
1291,2018-02-26,【安信通信每周观点】中国主导G.ctn5g标准正式立项，中兴通讯预热MWC 2018,通信投研汪
1292,2018-02-26,[领先大市-A评级]通信行业周报：中国主导G.CTN5G标准正式立项 中兴通讯预热MWC 2018,中财网
1293,2018-02-26,"电子行业:国产半导体大势所趋,关注长线投资机会",东北证券
1294,2018-02-22,高密度高灵敏度柔性电子材料首次开发成功 关注受益股,金融界
1295,2018-02-20,生益科技：摆脱周期步入新成长,南方财富网
1296,2018-02-13,[推荐评级]电子行业策略观点：备战节后电子行情,中财网
1297,2018-02-13,5G盛宴3DMIMO产业先行射频行业春天来临,南方财富网
1298,2018-02-13,[领先大市-A评级]通信行业周报：通信平昌冬奥会韩国电信5G首秀 全球运营商加速5G布局,中财网
1299,2018-02-13,质量创新成中小企业转型升级普遍路径 广东将“质造”进行到底,中国经济网
1300,2018-02-12,生益科技今日大宗交易成交14.53万股，成交价13.93元折价11.78%,Wind资讯
1301,2018-02-11,[优于大势评级]电子行业周报：电子板块回调趋缓 关注低估值细分龙头布局时机,中财网
1302,2018-02-08,[增持评级]信息设备/电子元器件行业专题报告：扶摇直上 朝气蓬勃的国内PCB行业,中财网
1303,2018-02-08,5G系列报告四：5G带来高频需求，射频行业弹性最大,通信海峰
1304,2018-02-06,[买入评级]电子行业周报：智能机收入增速已显著回升;重申对电子行业不悲观,中财网
1305,2018-02-06,[领先大市-A评级]通信行业周报：中兴通讯领跑中国移动单载波400GOTN测试,中财网
1306,2018-02-06,首个5G互操作性开发测试完成，大规模商用望提速,第一财经
1307,2018-02-05,【电子|刘翔团队太平洋证券】生益科技(600183)：2017业绩传捷报，国产替代排头兵开启新征程,太平洋证券研究
1308,2018-02-05,【太平洋证券 今日早读】电新行业点评|化工-染料、拓斯达深度报告|生益科技、浙江交科、润和软件等公司点评（20180205）,太平洋证券研究
1309,2018-02-04,【平安】行业动态跟踪报告*电子*电子景气度分化，关注确定性成长个股*强于大市,平安研究
1310,2018-02-02,[增持评级]生益科技(600183)动态点评：业绩喜人 打开5G高频化成长空间,中财网
1311,2018-02-02,平安证券晨会纪要-180202,平安证券
1312,2018-02-02,82股获券商买入评级，北辰实业目标涨幅达93.37%,Wind
1313,2018-02-01,[强于大市评级]通信行业动态跟踪报告：通信行业2017年年报业绩前瞻,中财网
1314,2018-02-01,[推荐评级]电子行业周报：5G、汽车电子、国产替代成为我国PCB行业未来主要增长点,中财网
1315,2018-02-01,中信建投：上调生益科技评级至买入,Wind
1316,2018-02-01,[买入评级]生益科技(600183)年报预告点评：高增白马合预期 未来成长看高端,中财网
1317,2018-02-01,半导体、电子设备：苹果HOMEPOD已开放预定 荐11股,中信建投
1318,2018-02-01,[强于大市评级]通信行业点评：是机会还是陷阱?理性分析后应当乐观看待!,中财网
1319,2018-02-01,100股获券商买入评级 永清环保目标涨幅达69.12%,Wind
1320,2018-02-01,浙商早班车2018.02.01,浙商证券研究所
1321,2018-01-31,【安信通信】生益科技：业绩预告符合预期，高频覆铜板引领增长新空间,通信投研汪
1322,2018-01-31,生益科技：产能释放和新需求推动公司成长 推荐评级,财信证券
1323,2018-01-31,[买入评级]电子行业周报：智能机ASP持续提升;苹果HOMEPOD已开放预定,中财网
1324,2018-01-31,【平安】行业动态跟踪报告*通信*通信行业2017年年报前瞻*强于大市,平安研究
1325,2018-01-31,生益科技：涨价大周期与5G新成长共振 买入评级,中信建投
1326,2018-01-31,[领先大市-A评级]通信行业周报：爱立信发布全球首个5G小基站 中兴与高通宣布5G领航计划,中财网
1327,2018-01-31,[买入-A评级]生益科技(600183)公司快报：年报业绩预告符合预期 高频覆铜板引领未来增长新空间,中财网
1328,2018-01-31,生益科技：2017年净利10.75亿元 同比增长4,金融界
1329,2018-01-30,生益科技：预计2017年实现盈利超10亿元,中证报
1330,2018-01-30,[增持评级]生益科技(600183)调研报告：摆脱周期步入新成长,中财网
1331,2018-01-29,【安信通信每周观点】爱立信发布全球首个5G小基站，中兴与高通宣布5G领航计划,通信投研汪
1332,2018-01-29,生益科技：1月26日融资余额为7.99亿元，较前一日骤增7.17%,Wind资讯
1333,2018-01-26,中国电信积极布局5G，产业链上企业受益,第一财经
1334,2018-01-25,"科技行业周报:市场风格分化加剧,台积电对2018年展望乐观",中投证券网
1335,2018-01-24,五大券商周四看好6板块33股,证券之星
1336,2018-01-23,券商评级:沪指再度涨超1% 9股有飞涨潜力,证券之星
1337,2018-01-22,【安信通信每周观点】工信部推动5G试点进程，交通部印发北斗交运应用专项规划,通信投研汪
1338,2018-01-22,半导体、电子设备：看好绕线式无线充电推广 荐11股,中信建投
1339,2018-01-22,【电子|刘翔团队太平洋证券】 景旺电子(603228)：2017业绩报喜，产能扩张助力加速成长,太平洋证券研究
1340,2018-01-18,电子行业:CES2018精彩纷呈;重点关注智能音箱产业链,正点财经
1341,2018-01-15,通信行业周报：北斗三号一箭双星发射移动光纤光缆集采开标,中财网
1342,2018-01-14,太平洋电子|线路板产业链研究报告及调研纪要系列1：生益科技调研纪要20180109,刘翔电子研究
1343,2018-01-12,通信行业深度分析：5G：十年一遇的代际升级通信投资盛宴即将开启,中财网
1344,2018-01-12,券商首次关注9股并给予买入评级(1月12日),Wind
1345,2018-01-12,41股获券商买入评级 长园集团目标涨幅达75.13%,Wind
1346,2018-01-11,[优异评级]电子行业周报：被动原件、PCB国产替代加速,中财网
1347,2018-01-11,生益科技(600183)深度报告：行业龙头成长性十足受益长期景气周期,中财网
1348,2018-01-10,今日早盘主力资金净流出最多的50只个股（1月10日）,金投网
1349,2018-01-10,【华泰证券研究所】每日晨会启明星20180110,华泰证券研究所
1350,2018-01-10,浙商早班车2018.01.10,浙商证券研究所
1351,2018-01-09,"PCB行业深度报告:国造空间犹存,创新催化频出",中国网
1352,2018-01-09,[增持评级]海通通信一周谈 ：工信部指引高端器件突破进口替代,中财网
1353,2018-01-09,射频系列一(通信行业)：蛰伏数年国产高频板崛起,中财网
1354,2018-01-07,54股目标涨幅超两成 77亿主力资金抢筹,证券时报
1355,2018-01-05,"生益科技:从周期到成长,5G高频高速与半导体基材大有可为",中国网
1356,2018-01-05,全球最大的覆铜板供应商新年首次涨价 产业链景气持续,金融界
1357,2018-01-05,生益科技(600183)公司深度分析：覆铜板龙头引领5G高阶材料国产化突破,中财网
1358,2018-01-04,[推荐评级]电子行业策略观点：18年需强中选强,中财网
1359,2018-01-03,"电子行业周报:环保致大陆PCB集中度提升,Chip-R缺货",中国网
1360,2018-01-03,23只个股新年创历史新高7只绩优股2018年潜力凸显,证券日报
1361,2018-01-02,太平洋电子|每日追踪20180102：生益科技&大基金投资分销商中电港点评,刘翔电子研究
1362,2018-01-02,电子行业周报：电子创新展望2018,中财网
1363,2018-01-02,"电子行业周报:“砍单”后苹果链迎良机,TV面板价格跌幅有望继续收窄",中国网
1364,2018-01-02,平安研报20180102,平安研究
1365,2018-01-02,【平安重点】行业专题报告*通信*2018年通信行业十大猜想*强于大市,平安研究
1366,2018-01-01,太平洋电子|一周风向标20180101,刘翔电子研究
