,2021-12-31,中药新药创5年新高！7省首获改革示范，产业或迎价值重估？,Wind
0,2021-12-31,北向掘金午盘战报：擒获3股大涨！东方日升涨6%，白云山、东南网架涨超5%,新浪
1,2021-12-30,白云山：控股子公司广州医药发行境外上市外资股已获得证监会核准,每日经济新闻
2,2021-12-30,白云山：公司及合营企业拥有60多个GAP药材基地,财联社
3,2021-12-29,白云山现1笔大宗交易 共成交619.21万元,新浪
4,2021-12-29,广药集团建成澳门首个GMP标准中成药厂,中国医药报
5,2021-12-29,白云山今日大宗交易成交19万股，成交价32.59元溢价1.31%,Wind
6,2021-12-29,安信国际 | 医药行业：关注中药消费品优质个股,安信国际
7,2021-12-28,重点看好中药配方颗粒量价齐升，新基建和国产替代推动高端医疗设备加速成长,金融界
8,2021-12-28,电鳗快报|白云山仿制药通过一致性评价数量大增 “中药”属性能否带动业绩提升？,电鳗快报
9,2021-12-27,晚间重要公告2021年12月27日星期一,Wind
10,2021-12-27,白云山：分公司药品通过仿制药一致性评价,Wind
11,2021-12-26,广药集团建成澳门首个GMP标准中药厂,金羊网
12,2021-12-26,2021年中药企业排名top50：药味渐浓,汇聚南药
13,2021-12-25,陇神戎发5天收获4个“20cm”，中药板块涨停潮会否持续？,Wind
14,2021-12-24,白云山(00874)：诺氟沙星胶囊通过仿制药质量和疗效一致性评价,智通财经
15,2021-12-24,白云山：与广药集团签订一份两年期新持续关连交易协议,Wind
16,2021-12-24,广药集团建成澳门首个GMP标准中药厂,中金在线
17,2021-12-22,白云山(00874.HK)子公司医药公司超短期融资券注册获准,财华社
18,2021-12-21,白云山12月21日大宗交易成交525.41万元,证券时报网
19,2021-12-21,白云山今日大宗交易成交17.07万股，成交价30.78元溢价0.46%,Wind
20,2021-12-21,白云山(00874.HK)：医药公司中期票据注册金额为16亿元,格隆汇
21,2021-12-21,白云山：控股子公司中期票据获准注册,Wind
22,2021-12-21,白云山(600332.SH)：控股子公司20亿元超短期融资券获准注册,格隆汇
23,2021-12-21,白云山(600332.SH)：控股子公司16亿元中期票据获准注册,格隆汇
24,2021-12-17,广药澳门青洲制药厂竣工投产 填补澳门GMP中成药制药厂空白,e公司
25,2021-12-15,小柴胡被修订说明书 白云山旗下品种市场生变,南都报
26,2021-12-09,手握240亿的白云山如何花钱？研发抠忙接盘，卖药收入下滑 盈利能力下降,南都报
27,2021-12-08,融资客青睐2股，江苏舜天买入占比高达49.50%,Wind
28,2021-12-07,干货！2021年中国中药材种植行业市场竞争格局——白云山：GAP基地的佼佼者,前瞻研究院
29,2021-12-07,一粒860元！这种“救命药”涨价10%？未来还会涨到1000元？公司回应,每日经济新闻
30,2021-12-03,白云山：阿莫西林胶囊已通过仿制药质量和疗效一致性评价,Wind
31,2021-12-03,白云山(600332.SH)：阿莫西林胶囊已通过仿制药质量和疗效一致性评价,格隆汇
32,2021-12-03,白云山(600332.SH)：分公司药品阿莫西林胶囊通过仿制药一致性评价,格隆汇
33,2021-12-03,Wind医药：每日行业动态（2021-12-03）,Wind
34,2021-12-02,白云山(00874)拟向甘肃中药科技增资1.18亿元用于甘肃广药白云山中药科技产业园(一期)项目建设,智通财经
35,2021-12-02,白云山(600332.SH)：拟使用1.18亿元募集资金通过子公司向甘肃中药科技增资,格隆汇
36,2021-12-02,白云山(600332.SH)拟向子公司增资用于甘肃中药科技产业园(一期)项目建设,智通财经
37,2021-12-02,白云山：使用募集资金向全资子公司增资暨全资子公司向全资孙公司增资,Wind
38,2021-11-30,前三季度中药上市企业业绩上扬，多元化发展趋势尽显,微信
39,2021-11-29,干货！2021年中药材种植行业龙头企业市场竞争格局分析 白云山为“中药材种植之王”,前瞻研究院
40,2021-11-25,米内网发布榜单：灵芝孢子类热销，广药牌逆势暴涨240%封王,蒲公英
41,2021-11-25,一心堂：减持期届满 白云山已减持596.17万股 减持股份,中国经济网
42,2021-11-24,一心堂(002727.SZ)：减持期满 白云山已减持596.173万股 减持股份,格隆汇
43,2021-11-24,一心堂(002727.SZ)股东白云山减持596.17万股 减持期满 减持股份,智通财经
44,2021-11-24,一心堂：股东白云山减持596万股公司股份 减持股份,每日经济新闻
45,2021-11-24,一心堂：白云山累计减持1%股份，减持计划届满 拟减持股份,Wind
46,2021-11-23,白云山：分公司药品头孢丙烯颗粒通过仿制药一致性评价,Wind
47,2021-11-23,白云山：分公司药品头孢丙烯颗粒通过仿制药一致性评价,财联社
48,2021-11-22,参考消息发布“中国企业海外传播20强”：广药、华为、茅台等企业入围,质量新闻网
49,2021-11-19,参考消息发布“中国企业海外传播20强”：广药、华为、茅台等企业入围,凤凰网
50,2021-11-18,秋冬季流感和新冠叠加流行，明兴清开灵硬实力爆红,赛柏蓝
51,2021-11-17,错过现场的朋友们，可别再错过这篇推文啦！,中国贸易新闻网
52,2021-11-16,广药白云山现金流暴涨1388％！白云山小柴胡等销售额双位数增长,赛柏蓝
53,2021-11-16,白云山投资成立基金合伙企业，经营范围含资产管理等,搜狐
54,2021-11-11,一心堂：股东白云山减持596万股公司股份 减持股份,每日经济新闻
55,2021-11-11,一心堂(002727.SZ)：白云山11月2日以来共减持1%股份 减持股份,格隆汇
56,2021-11-11,一心堂：白云山累计减持比例达1% 减持股份,Wind
57,2021-11-11,港股盘前必读：腾讯控股第三季度净利润395亿元同比增长3%,Wind
58,2021-11-10,大行评级 | 大摩：予白云山(0874.HK)大市同步评级 降目标价至23.5港元 机构下调估值,格隆汇
59,2021-11-10,大摩：予白云山(00874)“与大市同步”评级 目标价降至23.5港元 机构下调估值,智通财经
60,2021-11-06,存贷双高难自洽,微信
61,2021-10-31,手握中药老字号、王老吉、国产伟哥的白云山，为何仍然大而不强？,钛媒体
62,2021-10-30,白云山的“澳门版板蓝根”样本,中国经营报
63,2021-10-27,白云山第三季度收入174亿元 净利润同比下滑9.55% 盈利能力下降,21世纪经济报道
64,2021-10-27,白云山发三季报：业绩增长但增速收窄，第三季度净利增幅下滑 盈利能力下降,南都报
65,2021-10-27,白云山前三财季净利33.12亿元，同比增长24.55%,资本邦
66,2021-10-27,港股盘前必读：小鹏P5因毫米雷达供货短缺影响部分车型交付,Wind
67,2021-10-26,白云山第三季度净利润8亿同比下降10%，研发费用2.2亿同比增6成 盈利能力下降,搜狐
68,2021-10-26,白云山：前三财季盈利33.12亿人民币，同比增长24.55%,Wind
69,2021-10-26,白云山公布三季报 前三季净利增加24.55%,新浪
70,2021-10-26,【港股通】白云山(00874)前三季度净利润33.12亿元 同比增加24.55%,和讯
71,2021-10-26,图解白云山三季报：第三季度单季净利润同比减9.55% 盈利能力下降,证券之星
72,2021-10-26,白云山(600332.SH)：第三季度净利降9.55%至8.09亿元 盈利能力下降,格隆汇
73,2021-10-26,白云山(600332.SH)前三季度归母净利润同比增长24.55%至33.12亿元,智通财经
74,2021-10-26,白云山：2021年前三季度净利润约33.12亿元，同比增长24.55%,每日经济新闻
75,2021-10-26,白云山：前三季度净利润同比增长24.55%,Wind
76,2021-10-16,上市公司正负面新闻2021年10月16日星期六,Wind
77,2021-10-15,白云山(00874)：头孢丙烯分散片已通过仿制药质量和疗效一致性评价,智通财经
78,2021-10-15,白云山(00874.HK)10月26日董事会审议及批准三季度业绩,格隆汇
79,2021-10-15,白云山：药品头孢丙烯分散片通过仿制药一致性评价,Wind
80,2021-10-13,10剂型！抗病毒糖浆、口服液等说明书修订 丽珠、白云山受影响,中国经济网
81,2021-10-12,白云山：截至2020年12月31日，公司研发人员数量为556人,每日经济新闻
82,2021-10-12,白云山：王老吉岁岁牛酒、王老吉吉啤、哔嗨啤由公司下属企业授权其他企业进行生产、销售，目前销售规模较小,每日经济新闻
83,2021-10-12,白云山董秘回复：上述产品目前销售规模较小,中金在线
84,2021-10-12,白云山：控股子公司广州医药股份有限公司发行境外上市外资股已获得中国证监会核准，分拆上市工作有序推进中,每日经济新闻
85,2021-10-12,白云山：目前，公司无回购港股的计划,每日经济新闻
86,2021-10-12,白云山：本公司目前没有实行如现金池和资金池之类的内资金集中管控模式,每日经济新闻
87,2021-10-08,“全国第六届防治老年痴呆症高峰论坛”召开\n《失智症友好社区建设规范》正式落地,中国经营报
88,2021-10-07,干货！2021年中国中药行业产业链现状及区域市场格局分析 四川省企业密度较为集中,前瞻研究院
89,2021-10-01,白云山被天华超净挤出榜单前十，爱尔眼科市值增长68亿元「医疗器械周榜」,华夏时报
90,2021-09-30,白云山：股东大会审议通过关于拟延长售股权行权期暨关联交易等议案,Wind
91,2021-09-29,中医药产业化路径日渐明晰，下半年业绩看好,Wind
92,2021-09-27,白云山抗结核病药物吡嗪酰胺片通过一致性评价,新京报
93,2021-09-27,白云山子公司抗结核病药过评！,微信
94,2021-09-27,白云山：药品吡嗪酰胺片通过仿制药一致性评价,财联社
95,2021-09-27,白云山：全资子公司吡嗪酰胺片已通过仿制药质量和疗效一致性评价,Wind
96,2021-09-26,京东方A市值蒸发130亿，白云山挤掉天华超净重回前十「医疗器械周榜」,华夏时报
97,2021-09-24,白云山、珠江啤酒成立股权投资基金合伙企业，注册资本4.07亿,新京报
98,2021-09-16,晚间重要公告2021年9月16日星期四,Wind
99,2021-09-16,白云山(600332.SH)：拟出资5000万元参设广州老字号振兴基金合伙企业,格隆汇
100,2021-09-16,白云山：公司分公司白云山制药总厂的枸橼酸西地那非（商品名“金戈”）为仿制药,每日经济新闻
101,2021-09-16,广州酒家(603043.SH)拟携白云山等设合伙企业投资老字号及大健康等产业,智通财经
102,2021-09-16,白云山：公司大健康板块有王老吉无糖凉茶、低糖凉茶、0糖0脂0卡黑凉茶等,每日经济新闻
103,2021-09-16,白云山：公司治疗性双质粒HBV DNA疫苗项目处于Ⅱc临床阶段,每日经济新闻
104,2021-09-16,白云山：公司拥有60多个药材基地,Wind
105,2021-09-16,白云山：公司拥有60多个药材基地，基地可供内部使用及外销,每日经济新闻
106,2021-09-16,广东联盟中成药集采启动，涉及多家上市药企重磅产品,Wind
107,2021-09-15,中成药集采来了！3000亿市场生变，上市药企重磅品种被纳入,Wind
108,2021-09-12,白云山(00874.HK)子公司出售应收账 金额10亿人民币,财华社
109,2021-09-10,白云山(00874)出售应收账款 收到购买款10亿元,智通财经
110,2021-09-10,白云山(600332.SH)子公司“兴业圆融—广州医药应收账款2期资产支持专项计划”设立,智通财经
111,2021-09-09,白云山：有关截止2020年12月31日止年度之年报之补充,Wind
112,2021-09-06,产品涨价、振兴政策频出，大医药重拾升势,Wind
113,2021-09-05,白云山挤掉欧普康视入围TOP10 爱尔眼科市值蒸发逾264亿元「医疗器械市值周榜」,华夏时报
114,2021-08-30,白云山：2021年第一次临时股东大会将按原定计划于9月30日举行,Wind
115,2021-08-27,大南药增速疲软!子公司被列招采失信名单?白云山半年报老问题仍在 关联方问题,投资时报
116,2021-08-26,白云山资产猛增500亿市值仅涨45亿 老字号招牌黯淡王老吉占净利半壁江山,长江商报
117,2021-08-25,一心堂(002727.SZ)股东白云山暂未减持股份 减持时间过半,智通财经
118,2021-08-25,一心堂：白云山减持计划时间已过半，尚未减持,每日经济新闻
119,2021-08-20,交银国际：白云山维持中性评级 目标价升至23.30港元,新浪
120,2021-08-20,【券商聚焦】交银微升白云山(00874)目标价3.6%至23.3港元 维持“中性”评级,和讯
121,2021-08-20,广药白云山上半年现金流大增,广州日报
122,2021-08-19,白云山上半年净利润增超四成：收入占比最高的大商业板块将分拆上市，大健康和大南药板块何时撑起“半边天”？,每日经济新闻
123,2021-08-19,白云山公布半年报 上半年净利增加41.84%,新浪
124,2021-08-19,白云山涨超4% 中期纯利同比增长41.84%,新浪
125,2021-08-19,港股异动 | 白云山(0874.HK)涨超5% 中期纯利同比增长41.84%,格隆汇
126,2021-08-19,广州白云山医药集团股份有限公司2021半年度报告摘要,证券时报
127,2021-08-19,港股盘前必读：腾讯控股第二季度净利润425.87亿元同比增29%,Wind
128,2021-08-19,白云山(00874.HK)中期多赚42% 下半年重点推进六项工作,财华社
129,2021-08-18,白云山(00874.HK)中期纯利25.02亿元 同比增长41.84%,格隆汇
130,2021-08-18,市场需求回升 白云山(00874)中期归母净利同比增41.84%至25.02亿元,智通财经
131,2021-08-18,白云山：中期盈利25.02亿人民币，同比增长41.84%,Wind
132,2021-08-18,白云山上半年净利润25亿同比增42%，王老吉收入60亿贡献4成利润,搜狐
133,2021-08-18,白云山(00874.HK)与广药集团订立业绩补偿补充协议,格隆汇
134,2021-08-18,晚间重要公告2021年8月18日星期三,Wind
135,2021-08-18,白云山：上半年实现净利25.02亿元 同比增长41.84%,中证网
136,2021-08-18,快讯 | 白云山2021半年报：上半年营业收入约361.29亿元，同比增加18.57%,财经网
137,2021-08-18,白云山：上半年净利润同比增长41.84%,Wind
138,2021-08-18,白云山：2021年半年度净利润约25.02亿元，同比增加41.84%,每日经济新闻
139,2021-08-18,市场需求回升 白云山(600332.SH)上半年归母净利同比增42%至25亿元,智通财经
140,2021-08-18,白云山(600332.SH)半年度净利润25.02亿元 同比增长41.84%,格隆汇
141,2021-08-18,白云山半年报：上半年净利25亿元 同比增长42%,财联社
142,2021-08-16,白云山：吴长海和张春波分别申请辞去常务副总经理和副总经理职务,每日经济新闻
143,2021-08-16,白云山：副总经理辞职,Wind
144,2021-08-13,白云山(00874.HK)出售应收账款,格隆汇
145,2021-08-12,湖南发布失信药企“黑名单”：谎报最低挂网价，白云山、圣济堂、辅仁被点名,华夏时报
146,2021-08-10,白云山(00874)：广州国资委划转广药集团10%股权至广东省财政厅 资产异常,智通财经
147,2021-08-10,白云山(00874.HK)：广药集团股权结构发生变更,格隆汇
148,2021-08-10,白云山(600332.SH)：广州市国资委将广药集团10%的股权划转给广东省财政厅 以充实社保基金,格隆汇
149,2021-08-09,白云山(00874)签订募集资金专户存储四方监管协议,智通财经
150,2021-08-06,新规 | 白云山、鲁抗、辅仁被列为失信企业 违约失信,健识局
151,2021-08-06,白云山(00874.HK)8月18日举行董事会会议审批中期业绩,格隆汇
152,2021-08-05,白云山：雷龙能量风味饮料是公司全资子公司广州王老吉大健康产业有限公司主要为对外出口的功能性饮料,每日经济新闻
153,2021-08-05,白云山：公司目前已有王老吉无糖、低糖凉茶等产品牌,Wind
154,2021-08-05,白云山：公司尚未取得国际GLP牌照,Wind
155,2021-08-05,白云山：公司已推出王老吉无糖、低糖凉茶,Wind
156,2021-08-05,白云山：广州王老吉大健康产业有限公司业务属于公司大健康板块,Wind
157,2021-08-05,白云山：王老吉岁岁牛酒在公司营收中占较小,Wind
158,2021-08-04,快讯 | 广州白云山医药集团股份有限公司子公司仿制药获批准,财经网
159,2021-08-03,白云山：盐酸乙胺丁醇片通过仿制药一致性评价,财联社
160,2021-08-02,白云山(00874.HK)：部分募集资金使用用途变更,格隆汇
161,2021-07-30,医药生物行业2020年报及2021年一季报总结分析：年报景气度分化 一季报复苏回暖,新浪
162,2021-07-27,同仁堂，为何追不上片仔癀？,第一财经
163,2021-07-23,白云山：拟出资8900万元参设混改二期基金投资于广州市混改项目,财联社
164,2021-07-23,白云山(600332.SH)拟8900万元参投广州国资混改二期基金,智通财经
165,2021-07-23,3000亿中药茅突然闪崩跌停！北上资金和机构狂砸盘,Wind
166,2021-07-22,白云山：诺氟沙星片通过仿制药一致性评价,财联社
167,2021-07-21,白云山：子公司王老吉与网易跨界营销合作,e公司
168,2021-07-20,拓产能增业绩 “广州制造”板蓝根成市场主力,广州日报
169,2021-07-19,常山药业：公司新增用地将用于扩大肝素原料药的产能,Wind
170,2021-07-19,“国产伟哥”纷争以康业元道歉收场 市场争夺仍在继续,新京报
171,2021-07-15,白云山(00874.HK)获得政府补助9565.65万元,格隆汇
172,2021-07-15,白云山(00874)：广东省药监局批准奇星药业《药品生产许可证》生产地址及生产范围的变更,智通财经
173,2021-07-15,白云山：公司及其下属公司获得政府补助共计9565.65万元,每日经济新闻
174,2021-07-15,白云山(600332.SH)子公司奇星药业获得《药品生产许可证》,智通财经
175,2021-07-15,白云山(600332.SH)及子公司累计收到政府补助9565.65万元,智通财经
176,2021-07-15,白云山(600332.SH)：4-6月累计收到政府补助9565.65万元,格隆汇
177,2021-07-14,这一药物市场，齐鲁、科伦布局,赛柏蓝
178,2021-07-14,白云山(00874.HK)子公司奇星药业获得《药品生产许可证》,格隆汇
179,2021-07-13,白云山(00874.HK)：广药总院通过GLP定期检查并获得《药物GLP认证批件》,格隆汇
180,2021-07-13,白云山：广药总院通过GLP定期检查并获得《药物GLP认证批件》,财联社
181,2021-07-13,白云山(600332.SH)子公司广药总院通过GLP定期检查并获得《药物GLP认证批件》,智通财经
182,2021-07-13,ED药物大卖35亿，国产品牌首夺冠！齐鲁新药、科伦首仿将至，这个仿制药迎井喷,米内网
183,2021-07-12,白云山：分公司药品通过仿制药一致性评价,Wind
184,2021-07-12,白云山：阿莫西林胶囊已通过仿制药一致性评价,财联社
185,2021-07-09,王老吉热血难凉,财经无忌
186,2021-07-09,凉茶市场遇凉，王老吉大单品突围战火力全开，商业版图无尽延伸,财经无忌
187,2021-07-09,干货！2021年中国中成药行业龙头企业分析——白云山：文化软实力带动企业发展,前瞻研究院
188,2021-07-08,干货！2021年中国中药材种植行业龙头企业对比：白云山VS同仁堂 谁是行业之王？,前瞻研究院
189,2021-07-07,白云山：王老吉岁岁牛酒是公司控股子公司广州王老吉药业股份有限公司产品，该产品由北京酒道天下实业有限公司全国总经销，目前在公司营业收入中占比较小,每日经济新闻
190,2021-07-07,白云山：枸橼酸西地那非（商品名“金戈”）是公司产品,每日经济新闻
191,2021-07-07,白云山：已推出白云山饮用天然矿泉水,e公司
192,2021-07-06,【行情】港股中医药板块普跌，同仁堂科技跌6.89%，同仁堂国药跌4.45%，神威药业跌3.8%，中国中药跌3.47%，健倍苗苗跌1.36%，白云山跌1.06%,金十数据
193,2021-07-05,A股早报2021年7月5日星期一,Wind
194,2021-07-05,新华社民族品牌指数多只成分股表现强势 关注消费等行业,中证网
195,2021-07-05,资本市场高估值！白云山、科伦、绿叶等头部药企分拆加速！,医药经济报
196,2021-07-04,晚间重要公告2021年7月4日星期日,Wind
197,2021-07-04,白云山(00874)：中证监核准广州医药发行境外上市外资股,智通财经
198,2021-07-04,白云山(600332.SH)子公司广州医药发行H股获中国证监会核准,智通财经
199,2021-07-04,白云山(00874.HK)发行不超9.39亿股境外上市外资股获中国证监会核准,格隆汇
200,2021-07-04,白云山：证监会核准广州医药发行境外上市外资股,Wind
201,2021-07-02,【异动股】白云山(00874.HK)涨4.07%,财华社
202,2021-07-02,港股中医药板块走高 神威药业涨超6%白云山涨近6%,新浪
203,2021-07-02,港股异动 | 白云山(00874)涨超5%领涨中药股 四部委发文称更好发挥中医药特色和比较优势,智通财经
204,2021-07-02,【新股速递】医药股频来港艾美广药齐申上市|头条金融网,头条日报
205,2021-06-29,【异动股】白云山(00874.HK)涨5.66%,财华社
206,2021-06-28,【行情】中药股早盘持续拉升，仁和药业逼近涨停，马应龙、同仁堂、广誉远等集体涨超9%，复星医药涨超6%，中新药业、白云山等跟涨,金十数据
207,2021-06-24,白雲山：集团存款和贷款双高的情况将持续存在,Wind
208,2021-06-23,Wind医药：每日行业动态（2021-06-23）,Wind
209,2021-06-22,晚间重要公告2021年6月22日星期二,Wind
210,2021-06-22,老牌中药企业业绩不俗，去年营收数百亿,新浪
211,2021-06-22,白云山：注射用头孢呋辛钠通过仿制药一致性评价,Wind
212,2021-06-22,白云山：注射用头孢呋辛钠通过仿制药一致性评价,财联社
213,2021-06-21,2021年，药企“分拆热潮”又起,制药网
214,2021-06-18,生物医药行业：战“疫”追踪：新冠疫情下 我国生物医药产业能否迎来突破性发展？,新浪
215,2021-06-17,白云山：公司将加大产品电商渠道开发与合作力度,Wind
216,2021-06-16,滋肾育胎丸原料涨价 党参生产过剩价格低！,医药网
217,2021-06-15,市值仅为片仔癀五分之一，白云山能否东山再起？,Ofweek
218,2021-06-15,每日理财观察：7万亿理财市场重磅新规落地,Wind
219,2021-06-14,白云山：2020年年度权益分派实施 每10股派发现金红利5.38元（含税）,发布易
220,2021-06-14,白云山：2020年度权益分派10派5.38元A股股权登记日为6月18日,财联社
221,2021-06-14,白云山(600332.SH)将于6月21日派发2020年现金红利每股0.538元,智通财经
222,2021-06-12,广州白云山医药集团股份有限公司关于完成私募基金备案暨关联交易进展的公告,证券时报
223,2021-06-11,白云山(00874)：广州广药金藏股权投资合伙企业(有限合伙)已完成备案手续,智通财经
224,2021-06-11,白云山(00874)控股子公司申请撤回吉非替尼原料药登记号获得批准,智通财经
225,2021-06-11,白云山(00874.HK)：广州广药金藏股权投资完成备案手续,格隆汇
226,2021-06-11,白云山(600332.SH)子公司撤回原料药登记号申请并获得批准,智通财经
227,2021-06-10,白云山(600332.SH)：国家药监局同意撤回原料药吉非替尼登记号,格隆汇
228,2021-06-10,白云山：“刺柠吉”塑料大瓶装1.25L已面市，主推餐饮市场,Wind
229,2021-06-10,白云山：“吉草本柠檬茶”系公司合营企业“和记黄埔”产品,Wind
230,2021-06-09,广东上市公司火线驰援，科技抗疫大放异彩,Wind
231,2021-06-05,上市公司正负面新闻2021年6月5日星期六,Wind
232,2021-06-04,晚间重要公告2021年6月4日星期五,Wind
233,2021-06-04,白云山：头孢克肟胶囊通过仿制药一致性评价,e公司
234,2021-06-03,智通每日大行研报丨周黑鸭(01458)获大和看高至13港元 汇丰研究上调中远海控(01919)目标价,智通财经
235,2021-06-03,大摩：予白云山(00874)“与大市同步”评级 目标价上调14.8%至24港元,智通财经
236,2021-06-03,大行评级|大摩：上调白云山(0874.HK)目标价至24港元评级“与大市同步”,格隆汇
237,2021-05-31,我在白云新城住了10年，却买不起这里的房！,搜狐
238,2021-05-31,白云山(600332.SH)：AllianceBMP向公司提出延长售股权行权期,格隆汇
239,2021-05-31,白云山(600332.SH)收到 Alliance BMP Limited 行使售股权通知,智通财经
240,2021-05-27,被私募大神组队调研的云南白药，“中年焦虑”有解药了？,新浪
241,2021-05-26,超半数净利润增长 9家中药上市公司2020年度财报分析,中国医药报
242,2021-05-22,白云山：旗下王老吉200万元教育基金落地汕大,e公司
243,2021-05-21,一季报出炉：药明、恒瑞等11企业盈利破10亿！白药净利下滑40%，成败皆因炒股？ 盈利能力下降,米内网
244,2021-05-20,白云山维一精油爆火背后：不仅虚假宣传 还被质疑传销 欺诈造假,中国网
245,2021-05-19,[路演]白云山：大商业板块的广州医药股份有限公司目前正在进行分拆上市相关工作,全景网
246,2021-05-19,白云山：语出惊人 业绩藏“雷”？,中访网
247,2021-05-18,21深度｜最高降超90%！上市药企整体销售费用近五年首降，“带金销售”风真刹住了？,21世纪经济报道
248,2021-05-14,广药集团位列医药健康板块第一！品牌价值474.52亿元！品牌强国践行者,中国贸易新闻网
249,2021-05-14,医药生物行业事件点评：全方位推动中医药服务出口基地高质量发展,新浪
250,2021-05-13,一季度，这些药企盈利破10亿,制药网
251,2021-05-13,白云山(00874.HK)及多家下属企业通过高新技术企业认定,格隆汇
252,2021-05-13,白云山(600332.SH)及下属共12家企业通过高新技术企业认定,格隆汇
253,2021-05-13,清流|白云山的隐秘交易：多起官司或牵出业绩造假 诉讼纠纷,网易
254,2021-05-12,白云山(00874)：附属获得申请变更后的药品生产许可证,智通财经
255,2021-05-12,白云山(00874.HK)子公司获得《药品生产许可证》,格隆汇
256,2021-05-12,白云山(600332.SH)：奇星药业《药品生产许可证》相关内容变更获批,智通财经
257,2021-05-12,一季报出炉：药明、恒瑞等11企业盈利破10亿！,医药经济报
258,2021-05-11,8家中药企业年营收已破百亿,制药网
259,2021-05-11,白云山：公司重视市值管理工作，将继续不断推进相关工作,每日经济新闻
260,2021-05-11,白云山：广州医药股份有限公司上市完成后，将继续为公司的控股子公司,每日经济新闻
261,2021-05-11,中药企业年报收官 8家公司营收突破百亿大关,制药网
262,2021-05-11,澳洋健康（002172.SZ）3连板,Wind
263,2021-05-08,367家药企晒2020成绩单！上药、九州通、白云山……45家营收超百亿，10家净利润超30亿,微信
264,2021-05-07,机会来了！这些公司有望调入沪深300、上证50指数,Wind
265,2021-05-07,中金：医药、新能源多只股票或将纳入沪深300指数,Wind
266,2021-05-06,【中原策略】中原证券2021年5月十大金股组合：2021年第五期：5月1日-5月31日,中原证券研究所
267,2021-05-03,“王老吉”年轻化突围：2020年净利下滑13%后，瞄准新消费人群？ 盈利能力下降,21世纪经济报道
268,2021-05-03,港股异动|季报利好消息持续发酵白云山(0874.HK)续涨4.3%,格隆汇
269,2021-05-01,白云山(600332)：业绩符合预期 王老吉恢复增长态势,新浪
270,2021-05-01,【中原策略】中原证券2021年5月十大金股组合：2021年第五期：5月1日-5月31日,中原证券研究所
271,2021-04-30,A股药企一季报：11家净利超十亿，32家销售费用率过半,澎湃新闻
272,2021-04-30,恒指低开低走收跌1.97%，科技、有色股领跌,Wind
273,2021-04-29,白云山取得开门红！净利润大增37%，巨星品种滋肾育胎丸销售增长超30%,赛柏蓝
274,2021-04-29,广药白云山一季度营收突破200亿元！巨星品种滋肾育胎丸销售增长超30%,蒲公英
275,2021-04-29,群益证券给予白云山买进评级：21Q1净利同比增长37%，为全年净利增长奠定了良好的基础,每日经济新闻
276,2021-04-28,广药集团旗下上市公司白云山取得首季开门红，创新驱动大南药板块转型升级,投资家
277,2021-04-28,快讯丨白云山发布2021年一季报：销售费用与净利润同增，公司启动分拆医药公司到港交所上市,财经网
278,2021-04-28,恒指收涨0.45%，生物医药、物业管理股领涨,Wind
279,2021-04-28,首季开门红广药白云山净利润大增37%,美通社
280,2021-04-28,【异动股】白云山(00874-HK)涨6.43%,财华社
281,2021-04-28,广药白云山2021年一季度营收200亿元 净利16.27亿元,证券日报网
282,2021-04-28,白云山取得“开门红” 一季度营收突破200亿元净利增长37%,上证报
283,2021-04-28,【行情】港股抗疫概念板块走强，开拓药业涨7.73%，白云山涨5.64%，京东健康涨超5%，复星医药涨3.5%,金十数据
284,2021-04-28,广药集团旗下上市公司白云山净利润大增37%、现金流净增50.8亿元,美通社
285,2021-04-28,白云山急升逾9% 一季度归母纯利同比增37%至16.27亿元,新浪
286,2021-04-28,白云山大涨7.2% 一季度净利同比增37.47%,新浪
287,2021-04-28,港股异动 | 白云山(0874.HK)AH股均大涨 一季度净利同比增37.47%,格隆汇
288,2021-04-28,港股异动 | 白云山(00874)急升逾9% 一季度归母纯利同比增37.47%至16.27亿,智通财经
289,2021-04-28,港股医药股拉涨，白云山涨超8%,Wind
290,2021-04-28,中药企业白云山2021Q1净利超上年全年半数，旗下采芝林布局新美容食品赛道,和讯
291,2021-04-28,一心堂：股东白云山拟减持公司股份不超1789万股,中国经济网
292,2021-04-27,减持公告汇总丨这家公司遭白云山减持不超过3%,第一财经
293,2021-04-27,公告精选：贵州茅台一季度净利同比增6.57%；证监会受理中国电信A股发行申请材料,e公司
294,2021-04-27,白云山一季度净利润增长37.5%，销售费用增长31%,中华网
295,2021-04-27,晚间重要公告2021年4月27日星期二,Wind
296,2021-04-27,白云山(00874)一季度归母净利同比增37.47%至16.27亿元,智通财经
297,2021-04-27,白云山(00874.HK)一季度净利润16.27亿元 同比增长37.47%,格隆汇
298,2021-04-27,白云山：第一季度净利润16.27亿元，同比增37.47%,Wind
299,2021-04-27,晚间公告丨4月27日这些公告有看头,第一财经
300,2021-04-27,一心堂(002727.SZ)：持股7.03%股东白云山拟减持不超3%股份 拟减持股份,格隆汇
301,2021-04-27,一心堂：股东白云山拟减持不超过约1788.5万股 拟减持股份,每日经济新闻
302,2021-04-27,一心堂：白云山拟减持不超3%股权 拟减持股份,e公司
303,2021-04-27,一心堂：白云山拟减持不超总股本3% 拟减持股份,新浪
304,2021-04-27,一心堂：白云山计划减持不超3%股份 拟减持股份,Wind
305,2021-04-26,【机会挖掘】全球超三分之一人口接受过中医药治疗 行业具有很大发展机遇,证券时报网
306,2021-04-25,股价“跌跌不休”、盈利创下新低白云山董事长想借板蓝根“救市”？缺少想象空间或许更可怕 盈利能力下降,财联社
307,2021-04-24,白云山李楚源再曝“雷语”背后：营收净利增速创近年新低 盈利能力下降,澎湃新闻
308,2021-04-24,“板蓝根一喝，口罩就不用戴”，广药集团董事长激怒网友,澎湃新闻
309,2021-04-24,喝板蓝根后不用戴口罩？这家A股公司董事长语出惊人！官媒痛批：不能信口开河，误导公众,e公司
310,2021-04-24,上市药企2020年报解码：谁大把花钱做销售推广？谁重金搞研发？,经济观察网
311,2021-04-24,上市药企2020年报解码，医疗器械公司净利增幅大,Wind
312,2021-04-23,白云山：孙公司获“贵州省脱贫攻坚先进集体”称号,证券时报网
313,2021-04-21,广药集团董事长李楚源：看好金戈在二三线城市、农村的市场空间,中新经纬
314,2021-04-20,白云山(00874.HK)获LSVASSETMANAGEMENT增持6.6万股,格隆汇
315,2021-04-16,成都先导：科创板上市一周年 专注DEL库的药物发现CRO,同壁财经
316,2021-04-15,白云山(00874.HK)4月27日董事会审议及批准一季度业绩,格隆汇
317,2021-04-13,白云山(00874.HK)拟委任立信为2021年度审计师,格隆汇
318,2021-04-13,白云山(00874)接获与北京康业元网络侵权责任纠纷一案的《民事判决书》 诉讼纠纷,智通财经
319,2021-04-13,白云山(00874)建议聘任立信会计师事务所担任2021年年度财务审计师及内控审计师,智通财经
320,2021-04-13,白云山：累计收到政府补助2556.61万元,中证网
321,2021-04-13,白云山(600332.SH)一季度获政府补助2556.61万元,智通财经
322,2021-04-09,白云山利润下降，王老吉凉茶难辞其咎！ 盈利能力下降,生意社
323,2021-04-08,【IPO前哨】白云山拟分拆广州医药赴港上市，内外交困之际谋破局？,财华社
324,2021-04-08,白云山子公司天心药业注射剂检出可见异物 曾被收回GMP证书 资质撤销,中国经济网
325,2021-04-07,河南省下发2021年度5G项目清单，总投资580多亿元,Wind
326,2021-04-06,资本邦境外IPO周报|B站回港上市首日破发，怪兽充电成“共享充电宝第一股” 连续下跌,资本邦
327,2021-04-06,王老吉成拖累？白云山经营净现金流骤降88% 毛利率连降三年 运营能力下降,投资时报
328,2021-03-31,上市筹资，真的是强化分销渠道？,财华社
329,2021-03-30,白云山营收净利10年首次双降 现金流锐减44亿王老吉成拖累 盈利能力下降,长江商报
330,2021-03-22,监管趋严，高送转成凤毛麟角，后市如何玩？,Wind
331,2021-03-22,白云山经营现金流降88% 连续2年业绩负增长怪王老吉不给力 运营能力下降,GPLP犀牛财经
332,2021-03-22,白云山降火：2020年营利双降，“王老吉”收入骤降33.36%，“伟哥”大卖7834.52万片 盈利能力下降,金融界
333,2021-03-22,白云山净利两年连降：依赖王老吉后遗症浮现，金戈未进集采面临低价竞争者“搅局” 盈利能力下降,华夏时报
334,2021-03-19,白云山净利润两年连降 金戈未进集采面临低价竞争者“搅局” 盈利能力下降,华夏时报
335,2021-03-19,白云山2020年营收、利润双降 卖王老吉的大健康板块营收下降25% 盈利能力下降,每日经济新闻
336,2021-03-19,多家药企2021年报公布，超40家企业出现亏损 亏损,医药云端工作室
337,2021-03-19,国产“伟哥”卖出7800万片难挽业绩白云山去年营利双降 盈利能力下降,新京报
338,2021-03-19,白云山：去年营收、净利双降，国产伟哥卖出8千万片，销量大涨毛利率创新低 盈利能力下降,搜狐
339,2021-03-19,白云山连续两年净利下滑：经营现金流大幅下降，去年毛利率仅16.93% 运营能力下降,科技新闻网
340,2021-03-19,Wind风控日报2021年3月19日星期五,Wind
341,2021-03-19,港股盘前必读：长实集团拟170亿港元收购李嘉诚基金会部分资产,Wind
342,2021-03-19,上市公司正负面新闻2021年3月19日星期五,Wind
343,2021-03-18,白云山(00874)年度净利减少8.58%至29.15亿元 每10股派5.38元 盈利能力下降,智通财经
344,2021-03-18,白云山(00874.HK)年度纯利下降8.58%至29.15亿元 10派5.38元 盈利能力下降,格隆汇
345,2021-03-18,白云山(600332.SH)年度归母净利同比降8.58%至29.15亿元 每10股派5.38元 盈利能力下降,智通财经
346,2021-03-18,白云山(600332.SH)拟向银行申请不超40亿元综合授信额度,格隆汇
347,2021-03-18,白云山(600332.SH)：2020年净利降8.58%至29.15亿元 拟10派5.38元 盈利能力下降,格隆汇
348,2021-03-18,白云山：2020年净利同比下滑8.58% 拟10派5.38 盈利能力下降,e公司
349,2021-03-18,白云山：2020年净利润同比减少8.58% 盈利能力下降,Wind
350,2021-03-17,白云山(00874-HK)分拆广州医药在港上市获得中证监受理,财华社
351,2021-03-17,白云山(00874)：广州医药H股IPO申请材料获中国证监会受理,智通财经
352,2021-03-17,晚间重要公告2021年3月17日星期三,Wind
353,2021-03-17,白云山(600332.SH)：广州医药已向中证监递交于H股主板上市的申请材料,格隆汇
354,2021-03-17,白云山(600332.SH)：广州医药首次公开发行H股申请材料获中国证监会受理,智通财经
355,2021-03-17,白云山：广州医药港股上市申请获证监会受理,Wind
356,2021-03-15,成都先导与广药白云山创新药研发战略合作签约,挖贝网
357,2021-03-09,【市场】80亿降压药白云山过评，39家药企激战,米内网
358,2021-03-09,上市公司正负面新闻2021年3月9日星期二,Wind
359,2021-03-08,晚间重要公告2021年3月8日星期一,Wind
360,2021-03-08,白云山：苯磺酸氨氯地平片通过仿制药一致性评价,格隆汇
361,2021-03-08,白云山(600332.SH)：分公司苯磺酸氨氯地平片通过一致性评价,格隆汇
362,2021-03-08,白云山(00874.HK)3月18日董事会审议及批准年度业绩,格隆汇
363,2021-03-08,奇正藏药(002287.SZ)：拟与广药金申、广药白云山设基金 专项投资于白云山一心堂公司,格隆汇
364,2021-03-08,白云山(00874-HK)投资股权投资基金进展,财华社
365,2021-03-08,白云山：拟出资4600万元认购广州广药金藏股权投资合伙份额,Wind
366,2021-03-08,白云山(00874)拟投资4600万元认购基金有限合伙份额,智通财经
367,2021-03-07,晚间重要公告2021年3月7日星期日,Wind
368,2021-03-07,奇正藏药(002287.SZ)拟携广药白云山设合伙企业用于发展医药零售企业百源堂,智通财经
369,2021-03-05,快报！8一致性受理号获批！仙琚制药、白云山、科瑞、海正、中联。。。,药通社
370,2021-03-03,医药板块业绩分化明显 成长空间广阔,中国报告大厅
371,2021-03-02,中国银河--医药行业：国务院发布重要措施，中医药产业有望加速转型【行业研究】,金融界股吧
372,2021-02-24,同仁堂降费难奏效净利连降 市值379亿仅为片仔癀18% 盈利能力下降,发现网
373,2021-02-14,牛年伊始 全国院线、旅游市场“爆棚”,Wind
374,2021-02-09,中药板块异动，同仁堂、白云山、广誉远快速拉升,Wind
375,2021-02-08,片仔癀触及涨停再创新高，同仁堂、众生药业、白云山等跟涨,Wind
376,2021-02-01,成都先导(688222)：业绩复苏略超预期 2021年迎来经营改善拐点,国海证券
377,2021-01-29,成都先导发布2020业绩预告：业绩有下滑 但发展逻辑仍存 盈利能力下降,挖贝网
378,2021-01-27,【中金医药】2020年报业绩预览-中金医药周报（勘误）,陆家嘴医药代表
379,2021-01-25,医疗健康行业2020年报业绩预览：四季度业绩加速恢复,新浪
380,2021-01-19,白云山子公司王老吉与快手达成新春战略合作,e公司
381,2021-01-19,【Top50磅】中药上市企业营业收入、净利润排行榜，有用请转发！,汇聚南药
382,2021-01-18,北上广深合计350亿！深圳“扛跌”，广州“宠爱”中成药，零售TOP5品牌出炉,米内网
383,2021-01-12,基金抱团松动？最新调研明星私募：有人怒吼不讲武徳,券商中国
384,2021-01-11,白云山(00874)签订募集资金专户存储四方监管协议,智通财经
385,2021-01-06,白云山：累计收到政府补助3.85亿元,中证网
386,2021-01-06,白云山(600332.SH)近日累计获3.85亿元政府补助,格隆汇
387,2021-01-04,白云山投资成立中药科技公司，经营范围含自然科学研究和试验发展等,企查查
388,2020-12-31,白云山(00874)：广州医药股份增资扩股完成工商变更登记,智通财经
389,2020-12-31,白云山(00874.HK)控股子公司增资扩股完成工商变更登记 关联方问题,格隆汇
390,2020-12-31,白云山(600332.SH)：医药公司增资扩股完成工商变更登记,格隆汇
391,2020-12-28,白云山(00874)：30亿元中期票据获准注册,智通财经
392,2020-12-27,白云山(600332.SH)：30亿元的中期票据获准注册,格隆汇
393,2020-12-14,白云山投资成立股权投资企业，持股39.6%,企查查
394,2020-12-13,白云山旗下王老吉再度牵手广马赛事,证券时报
395,2020-12-09,白云山：头孢氨苄胶囊已通过仿制药质量和疗效一致性评价,格隆汇
396,2020-12-08,白云山(600332.SH)：分公司头孢氨苄胶囊通过仿制药一致性评价,格隆汇
397,2020-12-03,医药股走势分化，白云山涨逾3%,Wind
398,2020-11-25,白云山：股东代表监事高燕珠辞职 董监高成员变化,新浪
399,2020-11-24,广州白云山医药集团股份有限公司关于监事辞职的公告 董监高成员变化,新浪
400,2020-11-24,晚间重要公告2020年11月24日星期二,Wind
401,2020-11-24,白云山(600332.SH)拟使用募集资金约4.89亿元增资化学制药(珠海)公司以建设项目,智通财经
402,2020-11-24,白云山(00874.HK)拟向化学制药(珠海)增资4.89亿元,格隆汇
403,2020-11-24,白云山：拟向全资孙公司化学制药公司增资4.89亿元 用于其项目建设,发布易
404,2020-11-24,白云山：4.89亿元增资孙公司,Wind
405,2020-11-24,白云山：4.89亿元增资孙公司,中证网
406,2020-11-24,白云山(00874.HK)：高燕珠辞去股东代表监事职务 董监高成员变化,格隆汇
407,2020-11-24,白云山(600332.SH)拟以募集资金通过全资子公司向全资孙公司增资,格隆汇
408,2020-11-24,白云山：监事因达到法定退休年龄辞职 董监高成员变化,Wind
409,2020-11-18,净利走低毛利率缩水！一夜蹿红的板蓝根能否带动白云山业绩提升？ 盈利能力下降,投资时报
410,2020-11-18,20个中成药厉害了！9个独家中成药亮眼 60亿大品种领跑,东方药网
411,2020-11-13,上市公司也炒股：门派众多，风格各异,Wind
412,2020-11-12,【成都先导|事件点评】实现首例自主新药管线项目转让，进一步丰富业务模式【安信医药马帅团队】,医药马帅团队
413,2020-11-11,首次实现自主研发新药项目转让 成都先导与白云山签署《合作开发合同书》,证券日报网
414,2020-11-10,“牵手”白云山 成都先导首次转让自主新药管线项目,每日经济新闻
415,2020-11-10,成都先导与白云山签署转让协议 实现首例自主新药管线项目转让,上证报
416,2020-11-10,广东上市药企前三季度近九成实现盈利 业绩分化下医疗器械板块独领风骚,证券日报网
417,2020-11-10,成都先导：首次实现自主研发新药项目转让,中证网
418,2020-11-10,板蓝根生意经：广告宣传开道 临床证据缺乏,中国经营报
419,2020-11-04,薯片含致癌物？别再让“智商税”为食品安全背锅,新浪
420,2020-11-01,犀牛财经早报：韵达三季净利降47.8% 白云山三季净利降15.8%,GPLP犀牛财经
421,2020-10-31,前三季度营收净利双降，白云山寻后劲儿：分拆广州医药在港上市加速国际化 盈利能力下降,华夏时报
422,2020-10-31,三季度公募调仓加“酒量”，证金汇金青睐医药股,证券时报网
423,2020-10-31,片仔癀拟分拆 化妆品带来的新机会？,经济观察报
424,2020-10-31,白云山三季度业绩不涨反降 2020板蓝根种植行业现状及发展前景分析 盈利能力下降,中研网
425,2020-10-31,广州上市公司创新力排行榜披露：广汽一枝独秀，白云山占比垫底,时代在线
426,2020-10-31,三季度公募调仓加“酒量”，证金汇金青睐医药股,Wind
427,2020-10-29,晚间重要公告2020年10月29日星期四,Wind
428,2020-10-29,白云山今日大宗交易成交12.54万股，成交价33.32元溢价7.31%,Wind
429,2020-10-29,【财报智读】白云山：2020年前三季度归母净利润26.59亿元，同比下降15.84%,面包财经
430,2020-10-29,【面包财报】白云山：2020年前三季度归母净利润26.59亿元，同比下降15.84% 盈利能力下降,面包财经
431,2020-10-28,晚间重要公告2020年10月28日星期三,Wind
432,2020-10-28,白云山前三季度净利润同比下降16%，马云旗下云锋基金退出前十大股东,搜狐
433,2020-10-28,白云山(600332.SH)：前三季净利同比降15.84%至26.59亿元 盈利能力下降,格隆汇
434,2020-10-28,白云山：前三季净利同比下降15.84% 盈利能力下降,e公司
435,2020-10-28,白云山：前三季度净利润同比减少15.84%,Wind
436,2020-10-28,白云山：截至9月30日止9个月营收468.84亿元,新浪
437,2020-10-28,【行情】港股抗疫概念股涨跌互现，康希诺生物跌近4%，比亚迪电子跌1.57%，白云山跌1.37%，四环医药涨4.55%,金十数据
438,2020-10-24,白云山暴涨100亿被疑涉嫌操纵股价 律师:股民难索赔 诉讼纠纷,华夏时报
439,2020-10-24,板蓝根一夜爆红，白云山市值飙升50亿，钟南山最新回应！,21财闻汇
440,2020-10-24,证监会回应白云山复方板蓝根事件 2020年中国证券买卖代理行业未来投资分析,中研网
441,2020-10-24,“钟南山体外研究发现复方板蓝根对新冠有效”热传，真相是这样的,第一财经
442,2020-10-24,白云山板蓝根事件升级！钟南山：断章取义，证监会：依法查处 其他违规处罚,中证报
443,2020-10-24,陆家嘴财经早餐2020年10月24日星期六,Wind
444,2020-10-24,国内财经媒体头版2020年10月24日星期六,Wind
445,2020-10-24,板蓝根治新冠肺炎？上市公司市值大涨100亿！刚刚 证监会回应了！,央视财经
446,2020-10-24,板蓝根被“点名”后，白云山市值飙升50亿！今天，钟南山和证监会都回应了,每日经济新闻
447,2020-10-23,白云山板蓝根事件升级！钟南山：断章取义，证监会：依法查处！,中证报
448,2020-10-23,白云山的板蓝根生意,经济观察网
449,2020-10-23,白云山因板蓝根被疑涉嫌操纵股价 证监会回应,中新网
450,2020-10-23,证监会：已关注到白云山相关报道 将密切关注相关公司及相关事项,证券日报网
451,2020-10-23,钟南山回应板蓝根药效：断章取义，是一种歪曲,Wind
452,2020-10-23,白云山板蓝根对新冠病毒有效?钟南山指有人断章取义,第一财经
453,2020-10-23,证监会：已注意到白云山相关报道,上证报
454,2020-10-23,证监会回应白云山复方板蓝事件：一旦发现违法行为，将予以查处 金融监管处罚,Wind
455,2020-10-23,白云山：“魔幻”剧情？紧急澄清后股价下跌,中访网
456,2020-10-21,财经抖好看｜让板蓝根成为“国民神药”，白云山都做了什么？,上游新闻
457,2020-10-21,医药行业动态分析：制药龙头个股回调 关注布局机遇,新浪
458,2020-10-20,白云山“自泼冷水”，板蓝根是个误会,猎云网
459,2020-10-20,板蓝根上热搜：香雪制药蹭热度 单凭概念炒作难撑长远发展,红周刊
460,2020-10-20,医药生物行业日报：冠脉支架首轮国采落地,新浪
461,2020-10-20,港股盘前必读：“黑色星期一”第33周年纪念日，美三大股指跌幅均超1.4%,Wind
462,2020-10-20,白云山为啥没人追了,北京商报
463,2020-10-20,变更募资用途买资产 新大正吃关注函 关注函,北京商报
464,2020-10-20,白云山的涨停更像是一次短线炒作 所以没人追了,新浪
465,2020-10-19,板蓝根火了，白云山发声明！上半年利润下滑近三成，非疫情受益者 盈利能力下降,搜狐
466,2020-10-19,钟南山点名，板蓝根热卖，白云山闹剧几时休？,健识局
467,2020-10-19,钟南山团队称复方板蓝根颗粒对新冠有效，白云山澄清了！,医药观察家网
468,2020-10-19,供货和价格正常，济南未掀“板蓝根风暴”,鲁网
469,2020-10-19,板蓝根“新冠病毒有效”被疯抢，白云山紧急澄清！,药智网
470,2020-10-19,白云山股价“一日游”！今日大跌吃板蓝根真能防新冠吗？,搜狐
471,2020-10-19,港股收盘(10.19)|恒指收涨0.64% 获阿里巴巴提要约收购 高鑫零售(06808)涨近20%,智通财经
472,2020-10-19,白云山股价飙升板蓝根概念会否收割智商税？,中金网
473,2020-10-19,板蓝根需求火爆 白云山却紧急澄清 医药股还能追吗？,第一财经
474,2020-10-19,【异动股】白云山(00874-HK)跌7.13%,财华社
475,2020-10-19,港股热门医药股走弱，爱康医疗跌12%,Wind
476,2020-10-19,板蓝根迅速“蹿红”，白云山紧急发声,经济日报
477,2020-10-19,多只热门股集体哑火：颐海国际跌超7%福莱特玻璃跌8%,新浪
478,2020-10-19,医疗器械遭遇杀跌爱康医疗暴跌9% 白云山澄清大跌7% 连续下跌,新浪
479,2020-10-19,【行情】港股抗疫概念股走低，白云山跌7.6%，石药集团跌近2%，复星医药跌1.14%，阿里健康跌1.68%，平安好医生跌1.6%,金十数据
480,2020-10-19,白云山：相关生产企业为公司合营企业 销售数据不并表 不对业绩产生影响｜公司问答,第一财经
481,2020-10-19,白云山股价早盘走弱跌超4% 现报20.8港元,新浪
482,2020-10-19,板蓝根一夜爆火！白云山市值飙升50亿，公司发布紧急澄清：产品工作仍存在不确定性,资本邦
483,2020-10-19,齐俊杰：钟老一句话！板蓝根脱销！公司市值飙升50亿！真的有效吗？,金融界
484,2020-10-19,中药板块反弹：短期看海外第二波疫情，长期看地方政策会否遍地开花,证券时报网
485,2020-10-19,港股盘前必读：蚂蚁集团或下周聆讯，美国赤字占经济比例跃升至16%,Wind
486,2020-10-19,A股早报2020年10月19日星期一,Wind
487,2020-10-19,港股公告精选：阿里巴巴投资280亿港元提高在高鑫零售的持股比例,Wind
488,2020-10-19,药店板蓝根一包难求？白云山称销售不太影响业绩,光明网
489,2020-10-19,板蓝根爆火 白云山市值飙涨！公司澄清：钟南山团队结论仅为体外实验结果 对公司销售影响不大,证券时报
490,2020-10-19,白云山(00874-HK)：复方板蓝根销售对业绩无重大影响,财华社
491,2020-10-19,新华社民族品牌指数多只成分股获北向资金增持,中证报
492,2020-10-19,逾八成民族品牌指数成分股本周上涨,上证报
493,2020-10-19,板蓝根爆火！白云山紧急澄清：对业绩不构成重大影响,证券时报
494,2020-10-19,板蓝根带起百亿市值 白云山紧急澄清：对销售影响不大,北京商报
495,2020-10-19,白云山：“板蓝根”销量不影响公司经营业绩,北京青年报
496,2020-10-19,板蓝根一夜爆火，网店已卖断货，专家提醒：体外研究有效不等于临床治疗有效,钛媒体
497,2020-10-18,板蓝根一夜之间被卖断货，白云山发布澄清说明公告,21世纪经济报道
498,2020-10-18,钟南山“点名”板蓝根 这家公司A+H股市值飙升逾100亿元,中证报
499,2020-10-18,公告精选丨白云山澄清：板蓝根不会对业绩构成重大影响,21世纪经济报道
500,2020-10-18,晚间公告热点追踪：板蓝根爆火 白云山紧急澄清,新浪
501,2020-10-18,格隆汇港股聚焦(10.18)︱白云山(00874.HK)澄清板蓝根不会对业绩构成重大影响,格隆汇
502,2020-10-18,晚间重要公告2020年10月18日星期日,Wind
503,2020-10-18,板蓝根爆火，白云山市值飙涨50亿！公司澄清,证券时报网
504,2020-10-18,钟南山“点名”板蓝根：公司市值飙升50亿 白云山澄清了,每日经济新闻
505,2020-10-18,白云山澄清媒体报道：后续还需对产品开展进一步相关工作,新浪
506,2020-10-18,白云山：复方板蓝根颗粒的销售预计不会对公司的经营业绩构成重大影响,e公司
507,2020-10-18,白云山：复方板蓝根颗粒销售预计不会对公司经营业绩构成重大影响,Wind
508,2020-10-18,双黄连后板蓝根又被抢没了，专家：体外研究有效不等于对人有效,新浪
509,2020-10-17,板蓝根一夜爆火 网店已卖断货，布局公司名单来了！,金融界
510,2020-10-17,板蓝根布局公司名单出炉！世卫组织宣布地塞米松为新冠有效药物，A股概念股仅6只,证券时报网
511,2020-10-16,财经TOP10|钟南山：白云山复方板蓝根对新冠病毒有效,新浪
512,2020-10-16,板蓝根也要火啦？钟南山一番话引发白云山股价暴动,经济观察网
513,2020-10-16,钟南山一句话！上市公司市值飙升50亿，板蓝根也卖断货了,每日经济新闻
514,2020-10-16,中药股集体走强，多股出现涨停,汇聚南药
515,2020-10-16,钟南山一句话：白云山市值涨了100亿 这要成为下一个以岭药业？,上证报
516,2020-10-16,钟南山“点名”白云山 股价飙升封涨停,21世纪经济报道
517,2020-10-16,10月16日-18日晚间重要公告集锦：白云山就媒体报道进行澄清,上证报
518,2020-10-16,涨停复盘 | 两市缩量震荡，抗流感概念表现活跃,第一财经
519,2020-10-16,港股收评：恒指收涨0.94%，大金融股持续走强，白云山领涨抗疫概念,格隆汇
520,2020-10-16,中药概念股持续走高，多股出现涨停,制药网
521,2020-10-16,涨停板解密：逆市强劲，医药股纷纷受追捧！（10月16日）,Wind
522,2020-10-16,恒生指数收涨0.94% 白云山涨超13%,e公司
523,2020-10-16,收评：恒生指数涨0.94% 内银股大涨白云山涨超13%,新浪
524,2020-10-16,恒指缩量震荡收涨0.94%，内资大行全线走高,Wind
525,2020-10-16,民族品牌指数跌0.74% 白云山涨停,上证报
526,2020-10-16,中药概念股午后异动走高 白云山等多股涨停,中国经济网
527,2020-10-16,白云山涨幅扩大超14% 钟南山称白云山复方板蓝根对新冠病毒有效,新浪
528,2020-10-16,白云山A股涨停H股涨幅扩大至超15%,格隆汇
529,2020-10-16,抗疫概念股午后拉升 白云山等涨停,e公司
530,2020-10-16,钟南山团队称复方板蓝根对新冠病毒有效 白云山午后封涨停,新浪
531,2020-10-16,白云山A股封住涨停板，主力净流入超4亿元,Wind
532,2020-10-16,钟南山一句话！这家上市公司市值飙升100亿,中国基金报
533,2020-10-16,白云山股票大涨 钟南山称白云山复方板蓝根对新冠病毒有效，不会乱讲,金融界
534,2020-10-16,白云山A股、港股双双上涨，体外研究发现白云山复方板蓝根对新冠病毒有效,英为财情
535,2020-10-16,白云山触及涨停,Wind
536,2020-10-16,【异动股】白云山(00874-HK)涨11.2%,财华社
537,2020-10-16,港股白云山涨幅扩大至10%,Wind
538,2020-10-16,白云山股价一路飙升涨超6%！钟南山：初步发现白云山复方板蓝根可体外抑制新冠病毒,每日经济新闻
539,2020-10-16,港股白云山涨6%,第一财经
540,2020-10-16,【行情】白云山一度涨超6%，此前据媒体报道，钟南山团队称白云山复方板蓝根对新冠病毒有效,金十数据
541,2020-10-16,白云山涨超7%，领涨港股通标的,Wind
542,2020-10-16,白云山高开3% 现报19.78港元,新浪
543,2020-10-16,白云山(600332.SH)高开3.64%,格隆汇
544,2020-10-16,白云山高开3.64%,Wind
545,2020-10-15,白云山(00874.HK)将于10月28日举行董事会议审批前三季度业绩,格隆汇
546,2020-10-14,白云山：子公司获得药品生产许可证,Wind
547,2020-10-14,白云山(00874.HK)子公司奇星药业获颁发《药品生产许可证》,格隆汇
548,2020-10-14,白云山(600332.SH)子公司获得《药品生产许可证》,格隆汇
549,2020-10-13,白云山：公司有牛黄牙膏等日化产品,Wind
550,2020-10-13,白云山：“1828王老吉”是广州孙公司旗下茶饮店,Wind
551,2020-10-09,一天4家！A股分拆上市案例骤增,上证报
552,2020-10-09,白云山将分拆广州医药至H股上市 扩大其行业领先优势,新浪
553,2020-10-09,白云山将分拆广州医药至H股上市 预计发行规模不超总股本27.71%,长江商报
554,2020-10-07,交银国际：白云山将拆分广州医药在港交所上市,新浪
555,2020-10-07,智通港股沽空统计|10月7日,智通财经
556,2020-10-01,上市公司正负面新闻2020年10月1日星期四,Wind
557,2020-09-30,多公司拟分拆子公司上市 白云山、建发股份瞄准H股,e公司
558,2020-09-30,白云山(00874)拟分拆广州医药于联交所上市,智通财经
559,2020-09-30,晚间重要公告2020年9月30日星期三,Wind
560,2020-09-30,白云山独立董事关于分拆广州医药股份有限公司境外上市的独立意见,亿邦动力
561,2020-09-30,白云山(600332.SH)：拟分拆子公司广州医药H股上市,格隆汇
562,2020-09-30,白云山：拟分拆子公司广州医药H股上市,Wind
563,2020-09-30,白云山：拟分拆子公司广州医药H股上市,格隆汇
564,2020-09-23,吸收合并愈演愈烈，演绎A股“最美”风景,Wind
565,2020-09-16,广药打造“时尚中药”：刺梨燕麦有望开发、三七粉进驻直播间,生意社
566,2020-09-14,第三批集采落下帷幕 西地那非市场或将随之重构,赛柏蓝
567,2020-09-13,第三批国采大品种，市场生变,赛柏蓝
568,2020-09-07,食品大健康因疫再燃，广药集团和百事公司打响示范第一枪？,砍柴网
569,2020-09-05,中药行业周报：疫情相关行业中报业绩表现突出 中药行业压力较大,新浪
570,2020-09-04,丸碧人参胶原蛋白肽宣称“抗氧抗衰”或违反广告法 黄圣依代言广药白云山“合作出品”,中国网
571,2020-09-03,广药首次跨界联手百事 欲借“国潮养生”开拓燕麦稀新赛道,21世纪经济报道
572,2020-09-03,白云山：化学制药厂、中一药业等收到《化学原料药再注册批准通知书》及《药品再注册批准通知书》,资本邦
573,2020-09-02,白云山(00874)分公司及附属收到药品再注册批准通知书,智通财经
574,2020-09-02,白云山(600332.SH)收到药品再注册批准通知书,格隆汇
575,2020-09-02,白云山(00874.HK)：收到药品再注册批准通知书,格隆汇
576,2020-09-02,中药“一哥”换位！卖牙膏的云南白药跑输卖化妆品的片仔癀？,证券时报网
577,2020-09-01,交银削白云山目标价13%至22港元 降至“中性”评级 机构下调估值,凤凰网
578,2020-09-01,白云山业绩大幅下降30% 净现金流大跌160% 盈利能力下降,南方财经网
579,2020-08-31,白云山半年净利下降超三成 业绩功臣“王老吉”货款减少至经营性现金流减少近20亿 盈利能力下降,和讯
580,2020-08-31,净利润下挫超三成，毛利率新低！白云山多项指标闪红灯｜财报AlphaGo,新浪
581,2020-08-31,白云山上半年净利润降三成 “国产伟哥”集采降价冲击金戈 盈利能力下降,GPLP犀牛财经
582,2020-08-29,王老吉卖不动 白云山上半年业绩下降 盈利能力下降,中国经济网
583,2020-08-28,白云山(00874)聘任郑坚雄为副总经理,智通财经
584,2020-08-27,医药公司“中考”陆续交卷，器械板块业绩领涨,中国财富网
585,2020-08-26,白云山(600332)：业绩符合预期,新浪
586,2020-08-26,A股异动丨白云山A+H齐跌 中期净利润同比下降30.75% 盈利能力下降,格隆汇
587,2020-08-26,白云山(00874-HK)半年少赚31%拟银行借款筹资满足资本开支 盈利能力下降,财华社
588,2020-08-25,白云山(00874)中期归属股东净利润同比降30.75%至17.64亿元 盈利能力下降,智通财经
589,2020-08-25,白云山(00874.HK)中期净利润17.64亿元 同比下降30.75% 盈利能力下降,格隆汇
590,2020-08-25,各业务板块全线承压 白云山上半年净利同比降三成 盈利能力下降,北京商报
591,2020-08-25,白云山2020年上半年净利润同比下滑30.75% 盈利能力下降,北京商报
592,2020-08-25,白云山：上半年净利润同比减少30.75%,Wind
593,2020-08-25,白云山：上半年净利润17.64亿元，去年同期利润25.48亿元,Wind
594,2020-08-25,白云山(600332.SH)半年度净利润降30.75%至17.64亿元 盈利能力下降,格隆汇
595,2020-08-25,1药网携手白云山医药销售公司 探索医药领域数字化创新,凤凰网
596,2020-08-24,医药生物第三批带量采购点评：集采常态化 本轮降幅略超预期,新浪
597,2020-08-21,白云山回应抗ED药集采落标，称不影响经营,第一财经
598,2020-08-21,第三批药品集采大杀价：最高猛降95%破记录，多家外资药企高报价被指“战略性放弃”,华夏时报
599,2020-08-21,药企一季度业绩分化：多家下降、部分逆势增长，四大维度指标表现各一,和讯
600,2020-08-20,第三批药品集采落地，中标上市公司是喜是忧？,上证报
601,2020-08-20,白云山(00874)旗下公司参与第三批全国药品集中采购拟中选两个产品,智通财经
602,2020-08-20,白云山：两个产品拟中选第三批全国药品集中采购,e公司
603,2020-08-20,白云山：控股子公司两个产品拟中标集中采购,Wind
604,2020-08-20,民族品牌指数下跌1.69% 白云山领涨,上证报
605,2020-08-13,金戈伟哥销量夺冠 每天售出16.92万片,药通社
606,2020-08-13,白云山(00874.HK)拟8月25日举行董事会会议审批中期业绩,格隆汇
607,2020-08-11,白云山、康业元“口水仗”一审判决：康业元被判公开致歉并赔偿15万,每日经济新闻
608,2020-08-11,白云山(00874)接获起诉北京康业元网络侵权责任纠纷一案《民事判决书》 诉讼纠纷,智通财经
609,2020-08-11,白云山：网络侵权责任纠纷案收到《民事判决书》 诉讼纠纷,Wind
610,2020-08-10,融资客青睐5股，广州发展买入占比高达46.34%,Wind
611,2020-08-07,白云山子公司医药公司拟增资扩股不高于9.6亿元，白云山最新持股不少于68.27%,资本邦
612,2020-08-06,白云山(600332.SH)：医药公司拟通过增资扩股 引入战略合作伙伴及对管理层及核心骨干员工持股,格隆汇
613,2020-08-06,广州医药上市，最新进展公布,赛柏蓝
614,2020-08-06,白云山(00874.HK)：广州医药拟增资扩股引入战略合作伙伴及对管理层及核心骨干员工持股,格隆汇
615,2020-08-06,白云山：拟对广州医药增资扩股不高于9.6亿元,格隆汇
616,2020-08-05,河南“豫九条”：鼓励全省A级以上景区年底前工作日减免门票,澎湃新闻
617,2020-08-04,交银国际：白云山目标价25.30港元 重申买入评级,新浪
618,2020-08-03,天津市滨海新区鸿润嘉食品超市未取得药品经营许可证经营风油精案,质量新闻网
619,2020-07-31,白云山(600332.SH)：收到头孢丙烯胶囊等15个药品的再注册批件,格隆汇
620,2020-07-31,位列广州国企第一！广药白云山跃居《财富》中国500强第156位,凤凰网
621,2020-07-29,重磅大品种，国产崛起：科伦、白云山,赛柏蓝
622,2020-07-28,天津市滨海新区鸿润嘉食品超市未取得药品经营许可证经营风油精案,天津市场监管委
623,2020-07-27,港股盘前必读：香港市场首批A股“杠反产品”将于今日在港交所上市,Wind
624,2020-07-24,恒指低开低走收跌2.21%，医药股大跌,Wind
625,2020-07-24,港股盘前必读：阿里巴巴国际站上半年平台实收交易额同比增长80%,Wind
626,2020-07-23,十大上市药企透视：恒瑞医药归母净利居首 华润三九销售费用率高企,投资时报
627,2020-07-23,民族品牌指数上涨0.03% 白云山领涨,上证报
628,2020-07-23,造假300亿的康美药业将易主，谁敢接？绯闻接盘方出来了,e公司
629,2020-07-20,汉方视康“量子护眼喷雾”宣称包治多种眼病涉虚假宣传 白云山潘高寿药业辟谣“不存在任何合作” 欺诈造假,中国网
630,2020-07-13,白云山(00874.HK)近一年累计收到政府补助4.41亿元,格隆汇
631,2020-07-13,白云山(600332.SH)：累计收到各类政府补助4.41亿元,格隆汇
632,2020-07-11,白云山子公司断货中标药品 天心制药或遭纳入全国“黑名单” 违约失信,南方财经网
633,2020-07-08,白云山(600332.SH)：提请授权下属医药公司申请注册发行不超16亿元中票及20亿元超短融,格隆汇
634,2020-07-08,白云山(600332.SH)：提请授权拟申请注册发行总额度不超30亿元中期票据,格隆汇
635,2020-07-08,白云山(00874)拟申请注册发行总额度不超过30亿元中期票据,智通财经
636,2020-07-08,白云山(00874.HK)拟注册发行不超30亿元中期票据,格隆汇
637,2020-07-08,白云山(00874.HK)拟续聘大信会计为财务审计机构,格隆汇
638,2020-07-06,白云山(00874)拟派现金红利每股A股0.589元,智通财经
639,2020-07-06,白云山(00874.HK)：A股每股拟派红利0.589元,格隆汇
640,2020-07-06,白云山(600332.SH)：年报推10派5.89元股权登记日7月10日,格隆汇
641,2020-07-05,卖“伟哥”的白云山咋就干不过卖牙膏的云南白药？,36氪
642,2020-07-04,白云山子公司断货中标药品 “四轮驱动”战略面临考验,中金在线
643,2020-07-03,白云山(00874.HK)收到牛磺酸颗粒等21个药品再注册批件,格隆汇
644,2020-07-03,白云山(600332.SH)：收到牛磺酸颗粒等21个药品的药品再注册批件,格隆汇
645,2020-07-03,【广药集团小公募】不超22亿/3+2年（2.50%-3.80%）/中诚信AAA/AAA/上交所/暂定7月7日簿记,中信建投固定收益部
646,2020-06-29,白云山(00874)聘任黎洪为公司总经理,智通财经
647,2020-06-29,白云山(00874)拟8月13日派2019年度末期股息每股0.6449港元,智通财经
648,2020-06-19,白云山：最高院驳回广药集团的再审申请,Wind
649,2020-06-18,白云山(00874.HK)选举蔡锐育任职工代表监事,格隆汇
650,2020-06-17,连花清瘟入选北京新冠中医药防治方案，概念股上涨,道琼斯
651,2020-06-15,港股公告精选：东方航空拟与携程等意欲共同出资设立三亚国际航空,Wind
652,2020-06-12,白云山(00874.HK)收到复方氧化锌软膏等药品再注册批件,格隆汇
653,2020-06-12,白云山(600332.SH)收到复方氧化锌软膏等10个药品的药品再注册批件,格隆汇
654,2020-06-12,博观而约取，厚积而薄发，广药集团“三战三捷”。,搜狐
655,2020-06-11,白云山(00874.HK)延迟建议委任核数师,格隆汇
656,2020-06-09,A股共发生74宗大宗交易成交16.72亿元（6月9日）,Wind
657,2020-06-09,"白云山现11笔大宗交易 共成交5,791.71万元",新浪
658,2020-06-09,白云山今日大宗交易成交193.06万股，成交价30.0元折价9.12%,Wind
659,2020-06-09,白云山：2015年度员工持股计划出售完毕 减持股份,Wind
660,2020-06-09,白云山(600332.SH)：2015年度员工持股计划所持386.05万股全部出售完毕,格隆汇
661,2020-06-09,白云山旗下王老吉助阵广州直播节 点燃在线经济发展引擎,证券时报
662,2020-06-03,中央重磅发声！这一行业被重点提及，8000亿板块蓄势待发,券商中国
663,2020-06-02,白云山(00874)提名蔡锐育为职工代表监事候选人,智通财经
664,2020-06-02,白云山24个药品获批《药品再注册批件》,资本邦
665,2020-06-01,白云山(00874.HK)：收到24个药品再注册批件,格隆汇
666,2020-06-01,白云山(600332.SH)：收到24个药品再注册批件,格隆汇
667,2020-05-29,白云山旗下王老吉联手长隆 夏季营销再加码,证券时报
668,2020-05-25,33家中药企业晒“成绩单”：白云山等7家营收超百亿 龙津药业、大理药业两家不足3亿,中国网
669,2020-05-22,白云山(00874)：王老吉大健康通过高新技术企业重新认定 连续三年内按15%税率缴纳所得税,智通财经
670,2020-05-22,白云山(600332.SH)：王老吉大健康公司通过高新技术企业重新认定,格隆汇
671,2020-05-22,白云山(00874.HK)：王老吉大健康公司通过高新技术企业认定,格隆汇
672,2020-05-18,白云山(00874)附属收到苯甲酸雌二醇注射液等36个药品的《药品再注册批件》,智通财经
673,2020-05-18,白云山(00874.HK)：全资子公司收到36个药品再注册批件,格隆汇
674,2020-05-18,白云山(600332.SH)：全资子公司收到苯甲酸雌二醇注射液等36个药品的《药品再注册批件》,格隆汇
675,2020-05-15,《新视界》第三期丨4月份行业资讯回顾；零售药店4月份数据最新发布；揭秘白云山金戈品牌竞争突围之路,新康界
676,2020-05-15,白云山(00874.HK)收到9个药品再注册批件,格隆汇
677,2020-05-15,白云山(600332.SH)：今日获注射用头孢西丁钠等9个药品《药品再注册批件》,格隆汇
678,2020-05-13,智通港股通占比异动统计|5月13日,智通财经
679,2020-05-12,智通港股通占比异动统计|5月12日,智通财经
680,2020-05-11,智通港股通占比异动统计|5月11日,智通财经
681,2020-05-07,白云山(00874)签署《募集资金专户存储四方监管协议》,智通财经
682,2020-05-07,白云山(00874.HK)收到108个药品再注册批件,格隆汇
683,2020-05-07,白云山(600332.SH)近日收到108个药品再注册批件,格隆汇
684,2020-05-04,白云山：医药公司完成股改，递表上市只差临门一脚,财华社
685,2020-05-04,“五一”假期前三天中国接待游客近8500万，旅游收入超350亿元,中国新闻周刊
686,2020-05-03,白云山(00874-HK)建议分拆广州医药上市完成股份制改造的工商登记,财华社
687,2020-05-01,智通港股通占比异动统计|5月1日,智通财经
688,2020-04-30,智通港股通占比异动统计|4月30日,智通财经
689,2020-04-30,白云山关于分拆子公司到香港联合交易所有限公司上市的进展公告,亿邦动力
690,2020-04-29,白云山(00874)：广州医药完成股份制改造的工商登记,智通财经
691,2020-04-29,白云山(00874.HK)：广州医药正式成为一家股份有限公司,格隆汇
692,2020-04-28,白云山：一季度实现净利润11.84亿元,中证网
693,2020-04-28,白云山(00874)拟使用部分暂时闲置自有资金进行现金管理,智通财经
694,2020-04-28,白云山：一季度净利润同比减少15.85% 盈利能力下降,Wind
695,2020-04-28,广药集团李楚源：创新消费扶贫模式,长江商报
696,2020-04-24,白云山(00874.HK)：收到呱西替柳胶囊等18个药品的药品再注册批件,格隆汇
697,2020-04-23,广药集团：探索疫后发展新路径 助力打好脱贫攻坚战,上证报
698,2020-04-22,白云山(00874)分公司抗菌药盐酸环丙沙星片通过仿制药一致性评价,智通财经
699,2020-04-22,白云山(00874.HK)：盐酸环丙沙星片通过仿制药质量和疗效一致性评价,格隆汇
700,2020-04-22,白云山：分公司药品通过仿制药一致性评价,证券时报网
701,2020-04-22,白云山(600332.SH)：盐酸环丙沙星片通过一致性评价,格隆汇
702,2020-04-22,白云山(00874-HK)分公司获一致性评价,财华社
703,2020-04-20,白云山：天心制药注射用氨曲南获《药品注册批件》 将丰富公司产品线,发布易
704,2020-04-18,广州白云山医药集团股份有限公司关于分公司收到药品再注册批件的公告,中证报
705,2020-04-17,白云山(00874)分公司收到头孢氨苄颗粒等7个药品的药品再注册批件,智通财经
706,2020-04-17,白云山(00874.HK)收到7个药品再注册批件,格隆汇
707,2020-04-17,白云山(600332.SH)：头孢氨苄颗粒等7个药品获药品再注册批件,格隆汇
708,2020-04-16,白云山(00874.HK)4月28日举行董事会议以批准财务业绩,格隆汇
709,2020-04-14,白云山(00874.HK)收到45个药品再注册批件,格隆汇
710,2020-04-13,官宣！广州云道试验段五一正式开放,南方网
711,2020-04-10,四家上市中药企业2019年实现营收破百亿,制药网
712,2020-04-09,粤抗疫产品加速“出海”,南方网
713,2020-04-08,白云山(00874.HK)收到两个药品补充申请批件,格隆汇
714,2020-04-07,中药企业晒去年成绩单： 4公司营收逾百亿 海外收入占比较低,e公司
715,2020-04-06,白云山（0874.HK）：“混改+分拆上市”双重加持，投资机会显现？,和讯
716,2020-04-06,百亿中药企业交卷，白云山、云南白药、同仁堂、华润三九哪家强？,医药云端工作室
717,2020-04-03,中药被需要，全球市场迎来大爆发,赛柏蓝
718,2020-04-03,白云山(00874)：四方胃片等获药品再注册批件,智通财经
719,2020-04-03,白云山(600332.SH)收到5个药品再注册批件,格隆汇
720,2020-04-03,白云山：复方南板蓝根颗粒等5个药品的获得广东省药监局药品再注册批件,Wind
721,2020-04-02,白云山去年净利同比增近三成 大商业板块启动分拆上市,证券日报
722,2020-04-01,【面包财报】白云山：2019年归母净利润31.89亿元，同比下降7.33% 盈利能力下降,面包财经
723,2020-04-01,白云山：2019年归母净利润31.89亿元，同比下降7.33% 盈利能力下降,面包财经
724,2020-04-01,国产“伟哥”雄起！平均每天卖16.92万片，5年销量暴涨2114倍！,21世纪经济报道
725,2020-04-01,白云山已成消费公司？王老吉为其贡献一半以上净利润,经济观察网
726,2020-04-01,2020年报风云丨白云山国产“伟哥”平均每天卖16.92万片，5年销售量增长2114倍毛利率超90%,21世纪经济报道
727,2020-04-01,白云山2019年营收650亿：国产“伟哥”金戈卖出6176万片，毛利率90%,搜狐
728,2020-04-01,受益王老吉，白云山2019盈利同比增近三成,资本邦
729,2020-04-01,广药集团李楚源：输出“中国特色医药”解决方案，积极参与国际抗疫,南方网
730,2020-04-01,白云山去年收入近650亿 大健康板块首次“破百”,21世纪经济报道
731,2020-03-31,白云山(00874)预计2020年与白云山和黄日常关联交易金额合计不超9亿元,智通财经
732,2020-03-31,白云山2019年扣非净利增长29% 拟10派5.89元,金融界
733,2020-03-31,白云山(00874.HK)2019年度扣非净利润增长28.84%至27.46亿元 拟10派5.89元,格隆汇
734,2020-03-31,“营销+科研”双轮驱动 白云山去年营收增长超五成,上证报
735,2020-03-31,白云山(00874)年度股东应占扣非净利增长28.84%至27.46亿元 每10股派5.89元,智通财经
736,2020-03-31,白云山：2019年扣非净利同比增28.84% 拟10派5.89元,中证网
737,2020-03-31,白云山(600332.SH)：拟向银行申请不超40亿元综合授信额度,格隆汇
738,2020-03-31,白云山：为控股子公司及其子公司，拟向银行授信不超244.15亿,Wind
739,2020-03-31,白云山：2019年净利润31.89亿元，拟10派5.89元,Wind
740,2020-03-31,白云山：为属下部分企业银行综合授信额度提供担保3.6亿元 大额借贷担保,Wind
741,2020-03-30,白云山(00874.HK)控股子公司收到药品再注册批件,格隆汇
742,2020-03-30,白云山(00874)收到关于蜜炼川贝枇杷膏等35个药品的《药品再注册批件》,智通财经
743,2020-03-30,白云山(600332.SH)：收到蜜炼川贝枇杷膏等35个药品的药品再注册批件,格隆汇
744,2020-03-26,新冠肺炎病例近50万 广药、同仁堂抗疫产品驰援全球,新京报
745,2020-03-26,白云山分公司多款药品获药品再注册批件,北京商报
746,2020-03-25,白云山(00874.HK)旗下收到阿咖酚散等22个药品的注册批件,格隆汇
747,2020-03-25,白云山：22个药品收到再注册批件,e公司
748,2020-03-25,白云山(600332.SH)：收到阿咖酚散等22个药品的药品再注册批件,格隆汇
749,2020-03-24,智通港股公告精选︱(3.24)达成全年物业合同销售目标 中国奥园年度净利大增78%至52.2亿元,--
750,2020-03-24,白云山(00874)子公司收到蛇胆陈皮散和蛇胆川贝散的药品补充申请批件,智通财经
751,2020-03-24,白云山(00874)附属注射用克林霉素磷酸酯获药品注册批件 主治细菌感染,智通财经
752,2020-03-24,白云山(00874)：星群药业获麦精鱼肝油等6个药品《药品再注册批件》,智通财经
753,2020-03-24,白云山(00874.HK)：奇星药业收到药品补充申请批件,格隆汇
754,2020-03-23,[公司]白云山分公司收到29个药品的再注册批件,全景网
755,2020-03-23,白云山(00874)：白云山制药总厂等收到关于头孢克肟等药品的《药品再注册批件》,智通财经
756,2020-03-23,白云山(00874.HK)分公司收到头孢克肟等29个药品的药品再注册批件,格隆汇
757,2020-03-23,白云山(600332.SH)：2家分公司合计收到29个药品再注册批件,格隆汇
758,2020-03-23,白云山子公司3个药品取得药品再注册批件,新浪
759,2020-03-20,白云山(00874)：奇星药业收到有关喉康散等3个药品的《药品再注册批件》,智通财经
760,2020-03-20,白云山(600332.SH)：奇星药业获3个药品再注册批件,格隆汇
761,2020-03-20,白云山(00874.HK)子公司收到药品再注册批件,格隆汇
762,2020-03-20,一个月净流出1000亿，白马股摇摇欲坠，外资底何时到来,证券时报网
763,2020-03-20,新冠用药产业链备受关注 磷酸氯喹或法匹拉韦上市公司哪家强？,投资者网
764,2020-03-18,研发日报丨诺和诺德暂停血友病新药3项临床试验,新浪
765,2020-03-18,白云山(00874.HK)3月31日举行董事会会议以审批全年业绩,格隆汇
766,2020-03-18,精选一季度业绩望超预期医药企业(附股),新浪
767,2020-03-18,白云山旗下益母草颗粒等获药品再注册批件,新浪
768,2020-03-18,胡润发布《2020胡润中国百强大健康民营企业》,Wind
769,2020-03-17,白云山(00874)三附属收到有关益母草颗粒等7个药品的《药品再注册批件》,智通财经
770,2020-03-17,白云山(600332.SH)：收到益母草颗粒等7个药品的药品再注册批件,格隆汇
771,2020-03-13,白云山：广州国发累计减持近1%股份，完成减持计划 减持股份,Wind
772,2020-03-13,白云山(600332.SH)子公司收到虚汗停颗粒等7个药品《药品再注册批件》,格隆汇
773,2020-03-12,白云山(00874)：星群药业的六神祛暑水等6个药品获药品再注册批件,智通财经
774,2020-03-12,白云山(00874.HK)子公司收到药品再注册批件,格隆汇
775,2020-03-12,白云山(600332.SH)：星群药业收到6个药品再注册批件,格隆汇
776,2020-03-05,白云山(00874)：喷托维林氯化铵糖浆等11个药品获药品再注册批件,智通财经
777,2020-03-05,白云山(00874.HK)：控股子公司收到11个药品再注册批件,格隆汇
778,2020-03-05,白云山(600332.SH)：控股子公司收到11个药品再注册批件,格隆汇
779,2020-03-03,白云山(00874)：治慢性支气管炎药羧甲司坦口服溶液获《药品补充申请批件》,智通财经
780,2020-03-03,白云山(00874.HK)分公司获得药品补充申请批件,格隆汇
781,2020-03-03,白云山(600332.SH)：白云山制药总厂获羧甲司坦口服溶液药品补充申请批件,格隆汇
782,2020-03-03,研发投入逾600万，广州白云山头孢克肟颗粒过评，附审评结论,药通社
783,2020-02-28,小楼江坳樟村店 其他违规处罚,信用广州
784,2020-02-28,广州市增城燕韩日用百货店 其他违规处罚,信用广州
785,2020-02-25,白云山(00874)签订募集资金专户存储四方监管协议,智通财经
786,2020-02-25,白云山：非公开发行A股3.34亿股，实际募资78.63亿元,Wind
787,2020-02-25,工信部公布2019年工业互联网示试点范项目名单,Wind
788,2020-02-25,智通港股通占比异动统计|2月25日,智通财经
789,2020-02-24,智通港股通占比异动统计|2月24日,智通财经
790,2020-02-21,磷酸氯喹企业紧急复产 上游原料供应能否跟上？,新浪
791,2020-02-21,智通港股通占比异动统计|2月21日,智通财经
792,2020-02-20,智通港股通占比异动统计|2月20日,智通财经
793,2020-02-19,广州速度！广药一天生产磷酸氯喹片50万片！,医药云端工作室
794,2020-02-19,2020年中药行业仍将快速发展，看这几家状态如何,制药网
795,2020-02-19,白云山旗下王老吉启动“健康中国关怀行动”支援复工防疫,证券日报
796,2020-02-18,白云山旗下王老吉发起活动支援防疫一线,证券时报网
797,2020-02-18,研发日报丨AMD新药Beovu获欧盟批准 白云山磷酸氯喹片获批,新浪
798,2020-02-18,开盘：恒指低开0.69%跌近200点 白云山领跑A+H股板块涨3%,金融界
799,2020-02-18,白云山升逾3% 疟疾抑制片获药品补充申请批件,新浪
800,2020-02-18,港股异动|白云山(0874.HK)高开3.11%子公司收到有关磷酸氯喹片的药品补充申请批件,格隆汇
801,2020-02-18,港股异动 | 磷酸氯喹可用于治疗肺炎 白云山(00874)子公司恢复生产 早盘高开3%,智通财经
802,2020-02-18,磷酸氯喹概念股普遍高开,Wind
803,2020-02-18,智通港股通占比异动统计|2月18日,智通财经
804,2020-02-18,下调MLF利率，LPR利率下降空间打开，利好哪些板块？,和讯
805,2020-02-17,智通港股公告精选︱(2.17)白云山子公司将迅速恢复生产磷酸氯喹片,智通财经
806,2020-02-17,白云山：子公司将在疫情期间恢复“磷酸氯喹片”生产,e公司
807,2020-02-17,白云山：子公司收到磷酸氯喹片《药品补充申请批件》，将迅速恢复该药品生产,Wind
808,2020-02-17,白云山(00874-HK)：子公司磷酸氯喹片获药品补充申请批件,财华社
809,2020-02-17,异动直击|获磷酸氯喹片药品补充申请批件，白云山高开3%,富途证券
810,2020-02-12,国内首个抗ED药物获批用于治疗罕见病“蓝嘴唇”,第一财经
811,2020-02-12,智通港股通占比异动统计|2月12日,智通财经
812,2020-02-11,智通港股通占比异动统计|2月11日,智通财经
813,2020-02-10,智通港股通占比异动统计|2月10日,智通财经
814,2020-02-07,智通港股通占比异动统计|2月7日,智通财经
815,2020-02-06,【A股解码】钟南山带货防疫凉茶？凉茶大佬白云山AH股应声大涨,财华社
816,2020-02-06,最新！钟南山团队防疫凉茶处方公开，A股应声暴涨30亿！,中国基金报
817,2020-02-06,港股异动 | 钟南山团队开出新冠肺炎预防凉茶处方 白云山(00874)急升逾6%,智通财经
818,2020-02-06,白云山A股涨逾3% 新冠肺炎预防凉茶处方反应良好,新浪
819,2020-02-06,钟南山团队开出新冠肺炎预防凉茶处方 白云山迅速拉升,金融界
820,2020-02-06,【行情】白云山A股涨逾3%，H股涨逾4%，此前钟南山团队开出新冠肺炎预防凉茶处方。,金十数据
821,2020-02-06,【行情】白云山（00874.HK）直线拉升，涨逾4%，报27.1港元，此前钟南山团队开出新冠肺炎预防凉茶处方。,金十数据
822,2020-02-06,智通港股通占比异动统计|2月6日,智通财经
823,2020-02-05,【行情】港股流感概念股拉升，整体板块涨幅4.67%，石药集团涨9%，中国生物制药涨3.4%，平安好医生涨2.6%，白云山涨1.7%，阿里健康涨1.25%。,金十数据
824,2020-02-04,【行情】港股药品股上行，整体涨幅2.39%，中国医疗集团涨7.2%，丽珠医药涨4%，国药控股涨3.98%，复星医药涨3.7%，中国生物制药、白云山涨超1%。,金十数据
825,2020-02-03,【行情】港股药品股造好，中国先锋医药涨8.02%，泰凌医药涨7.02%，神威药业涨6.21%，上海医药涨5.92%，白云山涨3.77%。,金十数据
826,2020-01-31,广药向武汉同济医院紧急捐赠300万元药物 首批已送达,新浪
827,2020-01-30,广药集团捐赠1200万元白云山小柴胡、清开灵等急需防控物资,赛柏蓝
828,2020-01-30,心系武汉！加快疫苗研发！马云、比尔·盖茨都出手了 更有这些大佬,中国基金报
829,2020-01-28,广药集团捐赠1200万急需药品物资支援抗击疫情，白云山板蓝根驰援疫区,赛柏蓝
830,2020-01-24,广药集团承诺抗击肺炎疫情做到“两不两保”,赛柏蓝
831,2020-01-23,智通港股通占比异动统计|1月23日,智通财经
832,2020-01-22,白云山旗下王老吉大力开展春节营销,证券时报
833,2020-01-22,白云山大跌5.08%，中药行业跌2.79% 连续下跌,中新经纬
834,2020-01-22,融资客青睐11股，岳阳林纸买入占比高达50.01%,Wind
835,2020-01-21,白云山(600332.SH)：子公司收到7个药品再注册批件,格隆汇
836,2020-01-21,白云山(00874)猴枣牛黄散等7个药品获药品再注册批件,智通财经
837,2020-01-21,白云山(00874.HK)子公司收到药品再注册批件,格隆汇
838,2020-01-21,东阳光药飙升6%创上市新高 白云山涨半成,新浪
839,2020-01-20,白云山(00874)：勃起功能障碍用药枸橼酸西地那非片通过仿制药一致性评价,智通财经
840,2020-01-20,白云山枸橼酸西地那非片已通过一致性评价,上证报
841,2020-01-20,港股复盘：恒指跌0.9%，流感概念股强势领涨，濠赌股、航空股跌幅居前,格隆汇
842,2020-01-20,港股复盘：这间公司寻求罢免核数师，有古怪,YY港股圈
843,2020-01-20,医药板块尾盘再度走高,Wind
844,2020-01-20,【行情】港股医药板块持续高走，东阳光药（01558.HK）涨22%，中国中药（00570.HK）涨8.67%，四环医药（00460.HK）涨7.53%，白云山（00874.HK）涨7.02%，中国生物制药（01177.HK）涨5.96%，同仁堂科技（01666.HK）涨5.6%,金十数据
845,2020-01-20,港股医药股涨幅扩大，东阳光药大涨超12%,Wind
846,2020-01-14,快讯|白云山同意选举蔡锐育为第七届监事会主席,财经网
847,2020-01-13,白云山(00874.HK)：选举蔡锐育为监事会主席,格隆汇
848,2020-01-10,白云山旗下王老吉开展公益活动助力春运,证券时报
849,2020-01-09,白云山(00874)分公司化学制药厂通过药品GMP认证检查,智通财经
850,2020-01-09,白云山(00874.HK)分公司收到药品GMP认证检查结果通知,格隆汇
851,2020-01-07,白云山子公司收到止咳枇杷颗粒等3个药品再注册批件,上证报
852,2020-01-07,白云山(600332.SH)获止咳枇杷颗粒等3个药品的《药品再注册批件》,格隆汇
853,2020-01-07,白云山(00874.HK)收到止咳枇杷颗粒等3个药品再注册批件,格隆汇
854,2020-01-02,白云山全资子公司收到药品再注册批件,财经网
855,2019-12-31,白云山(00874)子公司就壮腰健肾丸等获药品再注册批件,智通财经
856,2019-12-31,白云山(600332.SH)：奇星药业获壮腰健肾丸等38个药品《药品再注册批件》,格隆汇
857,2019-12-31,恒指跌0.49%报28179点 医药股上扬白云山涨超4%,腾讯网
858,2019-12-30,融资买入后白云山近日股票怎么样?,资本邦
859,2019-12-27,业绩“虚胖”、盈利短板明显，白云山千亿目标恐成空,中金在线
860,2019-12-27,白云山子公司获36个药品再注册批件,上证报
861,2019-12-27,白云山(00874)：附属收到药品再注册批件,智通财经
862,2019-12-27,白云山(600332.SH)：子公司收到36个药品的《药品再注册批件》,格隆汇
863,2019-12-27,白云山(600332.SH)：子公司获得11个品种药品补充申请批件,格隆汇
864,2019-12-27,白云山(00874.HK)获得复方南板蓝根颗粒等11个品种药品补充申请批件,格隆汇
865,2019-12-27,白云山(00874.HK)：子公司奇星药业收到药品补充申请批件,格隆汇
866,2019-12-19,靳毅：存贷双高难自洽,新浪
867,2019-12-16,白云山(00874):广州国发已累计减持668.7万股 减持股份,智通财经
868,2019-12-16,白云山：广州国发减持0.4113099%公司股份，持股比降至5%以下 减持股份,Wind
869,2019-12-16,港股异动︱获星展看高至46.43港元首予买入 白云山(00874)涨近3%,智通财经
870,2019-12-13,智通港股通占比异动统计|12月12日,智通财经
871,2019-12-12,21家企业检查通报，涉及白云山、一方、珠海联邦等,蒲公英
872,2019-12-12,智通港股通占比异动统计|12月11日,智通财经
873,2019-12-11,白云山(00874.HK)将“大南药”研发平台建设项目作延期调整 项目问题,格隆汇
874,2019-12-11,白云山：业务持续增长 分拆广药能否释放内在价值？,新浪
875,2019-12-11,白云山(600332.SH)：“大南药”研发平台建设项目实施时间延期至2022年12月31日 项目问题,格隆汇
876,2019-12-11,白云山(600332.SH)：“兴业圆融-广州医药应收账款1期资产支持专项计划”成立,格隆汇
877,2019-12-11,白云山：部分募集资金投资项目延期 项目问题,Wind
878,2019-12-11,智通港股通占比异动统计|12月10日,智通财经
879,2019-12-10,智通港股通占比异动统计|12月9日,智通财经
880,2019-12-04,智通港股通占比异动统计|12月3日,智通财经
881,2019-11-28,白云山获得23个药品再注册批件,上证报
882,2019-11-28,白云山(00874)：星群药业收到夏桑菊颗粒等23个药品的《药品再注册批件》,智通财经
883,2019-11-28,白云山(600332.SH)：星群药业收到夏桑菊颗粒等23个药品的药品再注册批件,格隆汇
884,2019-11-28,白云山：关于召开2020年第一次临时股东大会的通知,上交所
885,2019-11-27,白云山：控股子公司应收账款资产支持专项计划资产支持证券挂牌转让获得上交所无异议函,Wind
886,2019-11-27,白云山(00874.HK)子公司应收账款资产支持证券挂牌转让获上交所无异议函,格隆汇
887,2019-11-22,白云山(00874)建议委任大信为核数师以代替瑞华,智通财经
888,2019-11-22,白云山(00874.HK)提名程金元为监事会股东代表监事候选人,格隆汇
889,2019-11-22,白云山(00874.HK)拟聘请大信会计师事务所为年度财务审计机构,格隆汇
890,2019-11-22,白云山(600332.SH)拟改聘大信会计师事务所为2019年年度审计机构,格隆汇
891,2019-11-22,智通港股通占比异动统计|11月21日,智通财经
892,2019-11-21,知名药企全国大行动，刷屏了,赛柏蓝
893,2019-11-18,白云山旗下王老吉自建C2B商城 注入手游元素深耕95后年轻市场,证券时报
894,2019-11-18,白云山(00874)附属明兴药业获得药品GMP证书,智通财经
895,2019-11-18,白云山(00874.HK)子公司明兴药业获得药品GMP证书,格隆汇
896,2019-11-18,白云山(00874.HK)：冼家雄辞任监事及监事会主席职务 董监高成员变化,格隆汇
897,2019-11-18,白云山(600332.SH)：明兴药业获药品GMP证书,格隆汇
898,2019-11-18,白云山：监事会主席辞职 董监高成员变化,Wind
899,2019-11-13,233家药企三季度业绩出炉，3家药企营收超500亿，8家业绩亏损丨2019三季度盘点 亏损,健康界
900,2019-11-12,297家药企业绩大比拼，有一家营收1406亿,制药网
901,2019-11-11,白云山被广州国发减持A股668.7万股 减持股份,财经网
902,2019-11-11,【权益变动】白云山(00874-HK)被广州国发减持A股668.7万股 减持股份,财华社
903,2019-11-06,白云山(00874.HK)：广州国发累计减持668.7万股 持股降至5%以下 减持股份,格隆汇
904,2019-11-06,白云山关于持股5%以上股东减持至5%以下的提示性公告 减持股份,亿邦动力
905,2019-11-06,白云山(600332.SH)：股东广州国发累计减持668.70万股 持股跌至5%以下 减持股份,格隆汇
906,2019-11-04,白云山(0874.HK)涨近5% 子公司收到42个药品再注册批件,格隆汇
907,2019-11-01,白云山(600332.SH)子公司收到关于夏桑菊颗粒、安神补脑液等42个药品的药品再注册批件,格隆汇
908,2019-10-31,2019提高上市公司质量高峰论坛暨第21届上市公司金牛奖颁奖典礼在北京举办,Wind
909,2019-10-30,白云山今日大宗交易成交33.89万股，成交价30.65元折价8.45%,Wind
910,2019-10-30,白云山三季度增收不增利，都是因为收购王老吉药业惹的祸？ 盈利能力下降,财华社
911,2019-10-29,港股异动 | 前三季归母净利跌8.13%至31.6亿元 白云山(00874)盘中急挫逾4% 盈利能力下降,智通财经
912,2019-10-29,白云山跌逾3%跌穿10天及20天线 首三季少赚超过25% 盈利能力下降,新浪
913,2019-10-29,港股异动丨白云山跌3.7% 前三季度收入大增 净利却下滑 盈利能力下降,格隆汇
914,2019-10-29,白云山(00874-HK)首9个月少赚8% 盈利能力下降,财华社
915,2019-10-28,白云山(00874)前三季归母净利跌8.13%至31.6亿元 盈利能力下降,智通财经
916,2019-10-28,白云山(00874.HK)前三季度扣非归母净利润27.46亿元 同比增长25.86%,格隆汇
917,2019-10-28,白云山现1笔大宗交易 共成交398.67万元,新浪
918,2019-10-28,白云山(600332.SH)前三季度扣非净利润升25.86%至27.46亿元,格隆汇
919,2019-10-28,白云山：前三季度净利润同比减8.13% 盈利能力下降,Wind
920,2019-10-25,白云山(00874)化学新药注射用头孢嗪脒钠于近期正式启动临床I期试验,智通财经
921,2019-10-25,白云山(00874.HK)：注射用头孢嗪脒钠近期启动临床I期试验,格隆汇
922,2019-10-25,白云山现1笔大宗交易 共成交201.46万元,新浪
923,2019-10-24,白云山现1笔大宗交易 共成交200.13万元,新浪
924,2019-10-24,白云山(00874.HK)收到60个药品的再注册批件,格隆汇
925,2019-10-22,白云山：倪依东辞去公司执行董事和提名与薪酬委员会委员的职务 董监高成员变化,Wind
926,2019-10-22,白云山(00874.HK)执行董事倪依东辞任 董监高成员变化,格隆汇
927,2019-10-16,白云山(00874.HK)10月28日举行董事会会议 以审批前三季业绩,格隆汇
928,2019-10-16,白云山(600332.SH)10月28日举行董事会会议 以审议及批准前三季度业绩,格隆汇
929,2019-10-15,打造粤港澳大湾区医药创新高地 广药集团冲刺世界500强,时代周报
930,2019-10-14,白云山(00874.HK)新任职工监事蔡锐育2019年薪酬不超40万元,格隆汇
931,2019-10-14,白云山(00874.HK)收到普卢利沙星药品再注册批件,格隆汇
932,2019-10-11,第六届中医药康博会即将召开！中医药产业如今有何看点？,格隆汇
933,2019-09-30,白云山(600332.SH)：中一药业获药品再注册批件,格隆汇
934,2019-09-30,白云山(00874.HK)全资子公司中一药业收到药品再注册批件,格隆汇
935,2019-09-28,白云山(00874-HK)子公司37个药品获发再注册批件,财华社
936,2019-09-27,白云山(600332.SH)：安宫牛黄丸、加味藿香正气丸等37个药品获《药品再注册批件》,格隆汇
937,2019-09-27,白云山(00874.HK)：安宫牛黄丸及加味藿香正气丸等37个药品获再注册批件,格隆汇
938,2019-09-26,昂利康(002940.SZ)：白云山昂利康吸收合并广康公司,格隆汇
939,2019-09-25,白云山：职工监事李锦云辞职，选举蔡锐育为新任监事 董监高成员变化,Wind
940,2019-09-25,白云山(00874.HK)选举蔡锐育为职工监事,格隆汇
941,2019-09-25,医药企业赚钱能力榜出炉！这5家药企净利润超20亿！,制药网
942,2019-09-24,白云山：分公司药品盐酸美金刚片收到注册批件,e公司
943,2019-09-24,白云山(00874.HK)：“盐酸美金刚片”获国家药监局注册批件,格隆汇
944,2019-09-24,白云山(600332.SH)：盐酸美金刚片获发药品注册批件,格隆汇
945,2019-09-23,业绩支撑“吃药”行情，分析师称医药板块韧性十足,Wind
946,2019-09-20,子公司分拆上市白云山冲刺千亿市值,中国经营网
947,2019-09-19,牵手广药康美两度涨停，翻身战刚打却再度暴雷！,微信
948,2019-09-19,牵手广药 ST康美连续收获两涨停,新京报
949,2019-09-18,医疗保健：聚焦优质企业 荐12股,国信证券
950,2019-09-18,白云山拟分拆广州医药赴港上市，广电计量IPO获批,南方网
951,2019-09-18,半年收入334亿的广药牵手ST康美 合作仍有不确定性,新京报
952,2019-09-17,格隆汇港股聚焦(9.17)︱白云山子公司星群药业获药品GMP证书 腾讯控股耗资3770.48万港元回购11万股,格隆汇
953,2019-09-17,白云山(600332.SH)子公司获得药品GMP证书,格隆汇
954,2019-09-17,白云山(00874.HK)子公司星群药业获得药品GMP证书,格隆汇
955,2019-09-15,“分拆热”不减！白云山启动子公司上市筹备工作，“千亿市值梦”何时能圆？,财华社
956,2019-09-11,白云山：分拆广州医药赴港上市，融资、业务与估值一箭多雕,证券时报网
957,2019-09-11,白云山：融资业务与估值一箭多雕 增持评级,联讯证券
958,2019-09-11,港股异动 | 白云山涨逾3% 拟筹备子公司广州医药赴港上市,格隆汇
959,2019-09-11,白云山(00874-HK)拟出售应收账款资产的交易 资产异常,财华社
960,2019-09-11,白云山(00874-HK)建议分拆广州医药联交所上市,财华社
961,2019-09-10,白云山拟分拆医药流通子公司赴港股上市,每日经济新闻
962,2019-09-10,白云山(00874)向兴证资管出售基础资产并拟发行30亿元资产支持证券 资产异常,智通财经
963,2019-09-10,白云山(00874.HK)拟分拆广州医药到港交所上市及广州医药申请增加不超135亿元授信额度,格隆汇
964,2019-09-10,白云山(600332.SH)：医药公司拟开展资产证券化业务,格隆汇
965,2019-09-03,288家药企晒上半年成绩单！17家营收超百亿，白云山、恒瑞、上药……净利润超20亿,米内网
966,2019-08-28,白云山为何增收不增利 毛利率下滑为净利下滑原因之一 盈利能力下降,GPLP犀牛财经
967,2019-08-27,外延式扩张见效，白云山距离“千亿市值梦”还有多远？,环球老虎财经
968,2019-08-25,中期业绩难掩“虚胖”!白云山砸12亿现金增资王老吉，下半年能否增利？,财华社
969,2019-08-23,白云山：拟以12亿元增资王老吉大健康凉茶,第一财经
970,2019-08-23,白云山拟12亿增资王老吉 能为下半年业绩添“吉”利吗？,每日经济新闻
971,2019-08-23,「医药速读社」康美药业财务总监被重罚 王羽潇任春雨医生新CEO 其他违规处罚,新浪
972,2019-08-23,白云山上半年营收同比增长125% 中报未提及金戈相关数据,经济观察网
973,2019-08-23,白云山(600332.SH)：广州国发拟减持不超1625.7909万股 拟减持股份,格隆汇
974,2019-08-23,白云山：股东广州国发拟减持不超过1%股份 减持股份,Wind
975,2019-08-23,广药白云山上半年营收增长125% “巨星品种”金戈继续威猛,证券之星
976,2019-08-23,白云山2019半年报：营收333.41亿元 “大商业”板块撑起半边天,新浪
977,2019-08-23,【白云山中报点评：公允价值变动影响利润增速，王老吉盈利提升超预期—方正食品饮料190822】,虎哥的研究
978,2019-08-23,白云山(00874-HK)中期少赚3%不派息 多途径集资满足资本性开支 盈利能力下降,财华社
979,2019-08-22,白云山(00874.HK)上半年扣非净利润增长43.10%至22.05亿元,格隆汇
980,2019-08-22,白云山(00874)中期归母净利润同比减少2.73%至25.47亿元 盈利能力下降,智通财经
981,2019-08-22,白云山上半年收入激增124.67% 王老吉业务稳步增长,21世纪经济报道
982,2019-08-22,白云山(00874.HK)拟对王老吉大健康增资12亿元,格隆汇
983,2019-08-22,白云山(00874.HK)上半年募集资金项目实施主体企业实际使用募集资金11.4亿元,格隆汇
984,2019-08-22,王老吉药业等纳入报表，白云山营收增124.67%,新京报
985,2019-08-22,白云山(600332.SH)为推进募投项目实施 拟对王老吉大健康公司现金增资12亿元,格隆汇
986,2019-08-22,白云山关于使用募集资金向全资子公司增资的公告,亿邦动力
987,2019-08-22,白云山(600332.SH)半年度扣非净利润升43.1%至22.05亿元,格隆汇
988,2019-08-22,白云山：上半年营收333亿元 同比增125%,第一财经
989,2019-08-22,白云山：上半年扣非后净利同比增43.1%,e公司
990,2019-08-22,白云山：上半年净利润同比减少2.73%,Wind
991,2019-08-21,白云山(00874.HK)签订募集资金专户存储四方监管协议,格隆汇
992,2019-08-20,【药乾坤】这笔操作666，999皮炎平引领新一轮跨界热潮,药智网
993,2019-08-19,国内凉茶行业面临瓶颈 凉茶销量进入平缓期,中国报告大厅
994,2019-08-19,解禁市值超百亿 欧普照明股价迎考 解禁,Ofweek
995,2019-08-19,两大凉茶广告之争：加多宝“销量领先”广告语被禁用,北青网
996,2019-08-16,下周742亿市值限售股解禁，环比增加537.57% 解禁,Wind
997,2019-08-16,尘埃落定 武汉加多宝被判赔偿广药集团等100万元 诉讼纠纷,中新经纬
998,2019-08-16,白云山(00874.HK)：王老吉就加多宝虚假宣传诉讼收到三份民事判决书 欺诈造假,格隆汇
999,2019-08-16,白云山：法院判决加多宝赔偿广药集团、王老吉公司共计100万元,Wind
1000,2019-08-16,白云山的金戈保卫战,证券市场周刊
1001,2019-08-15,广药集团成2019《财富》全球科技论坛首席合作伙伴,证券时报网
1002,2019-08-15,中国“伟哥”高毛利下的利益争夺 引发身世之谜,中新经纬
1003,2019-08-13,医药股普跌，白云山跌超4%,富途证券
1004,2019-08-13,Wind风控日报2019年8月13日星期二,Wind
1005,2019-08-12,白云山(00874)：8月19日将有约3.35亿股限售股上市流通 解禁,智通财经
1006,2019-08-12,[快讯]白云山33471万限售股8月19日解禁 解禁,中财网
1007,2019-08-12,白云山(600332.SH)约3.35亿股限售股8月19日解禁 解禁市值超百亿 解禁,格隆汇
1008,2019-08-12,白云山：3.35亿股限售股将于8月19日上市流通 解禁,Wind
1009,2019-08-09,白云山(00874.HK)8月22日举行董事会会议审议及批准中期业绩,格隆汇
1010,2019-08-09,惊！康业元实名举报广药董事长违纪，白云山董事长当打手？ 诉讼纠纷,凤凰网
1011,2019-08-09,中华人民共和国上海外高桥港区海关关于广西宏亿国际贸易有限公司申报不实行政处罚决定书（沪外港关缉违字〔2019〕0253号）,上海海关
1012,2019-08-08,走势完爆99%股票，年内最牛股在这里！6股逆市创新高,证券时报
1013,2019-08-07,白云山跌0.32%，创近5个月新低，报34.71元,腾讯网
1014,2019-08-06,国企广药白云山和康业元“刚”的背后 业绩也出现诸多蹊跷之处,运营商财经网
1015,2019-08-01,“我们是国企分不了，你去起诉我们吧”，康业元二度举报广药 诉讼纠纷,AI财经社
1016,2019-07-31,广药董事长被举报事件升级！今日康业元再发公开声明 诉讼纠纷,蒲公英
1017,2019-07-30,又一国产“伟哥”递交注册申请 广生堂称ED市场规模近50亿,每日经济新闻
1018,2019-07-30,白云山、康业元各执一词 康业元或许已经赢了金戈之争？,运营商财经网
1019,2019-07-30,康业元再发第二封公开信 “举报广药董事长李楚源”纠纷持续升级 | 公司汇 诉讼纠纷,和讯
1020,2019-07-30,康业元发第二封实名举报广药李楚源公开信：你有何不敢正面回答的？ 诉讼纠纷,凤凰网
1021,2019-07-29,康业元再发声：公司要求从未止于分红！,21世纪经济报道
1022,2019-07-29,康业元回应白云山澄清公告：“金戈”收入、利润大增后，广药开始毁约,每日经济新闻
1023,2019-07-29,国产伟哥之争继续 康业元再发公开信称将一一回应广药,新京报
1024,2019-07-29,李楚源遭康业元千字“逼问”：为何不敢出来一一答复,中新经纬
1025,2019-07-29,广药集团“举报门”持续发酵：康业元今日再发举报信 直指广药董事长李楚源“违法违纪” 诉讼纠纷,中国网
1026,2019-07-29,利益分配不均 金戈小股东“挨欺负”状告白云山 诉讼纠纷,财经网
1027,2019-07-29,金戈归谁？白云山、康业元利益分配纠纷升级 诉讼纠纷,新浪
1028,2019-07-29,首个国产伟哥药金戈连续5年毛利率超80% 康业元白云山利益分配纠纷升级 诉讼纠纷,长江商报
1029,2019-07-27,谁的金戈？首个国产伟哥药股东爆利益纠纷 诉讼纠纷,第一财经
1030,2019-07-27,国产“伟哥”陷“罗生门”：金戈毛利率高达87% 欺诈造假,21世纪经济报道
1031,2019-07-27,“国产伟哥”到底属于谁？康业元举报白云山造假罗生门背后 诉讼纠纷,经济观察网
1032,2019-07-27,金戈“罗生门”：抗ED市场变局触发多方博弈,21世纪经济报道
1033,2019-07-27,“伟哥”代理商的 冰火两重天,21世纪经济报道
1034,2019-07-27,“金戈”产权、收益归谁？白云山：双方股东未达成一致意见,每日经济新闻
1035,2019-07-26,谁在撒谎？康业元一周五文“举报”董事长 白云山四千字一一“回怼” 诉讼纠纷,21世纪经济报道
1036,2019-07-26,白云山详细公告否认康业元所有指控，称截至去年末白云山科技未分配利润为人民币9222万元,经济观察网
1037,2019-07-26,白云山发公告对康业元公开信质疑内容作出详细披露 广药集团已报案,中证网
1038,2019-07-26,白云山回应“金戈”争议 否认原材料成本造假 欺诈造假,e公司
1039,2019-07-26,白云山正式回应金戈利益分配权之争，白云山科技分红未含金戈收益,第一财经
1040,2019-07-26,白云山：白云山科技公司对其股东的分红并未包含金戈的收益,e公司
1041,2019-07-26,白云山澄清：两个分公司不存在偷税漏税、虚增成本的情况 欺诈造假,Wind
1042,2019-07-26,“碰瓷”白云山，还记得二十年前那张伟哥批文吗？,阿尔法工场
1043,2019-07-24,“痔疮一哥”马应龙跨界卖口红 美容真的不分上下？,GPLP犀牛财经
1044,2019-07-23,康业元：举报白云山后遭到不明人士骚扰 诉讼纠纷,中证网
1045,2019-07-23,举报广药财务造假公司称员工遭威胁 临时搬至生产线办公区办公 诉讼纠纷,财经网
1046,2019-07-22,白云山股东开撕 旗下公司被曝隐瞒利润财务数据造假 欺诈造假,国际金融报
1047,2019-07-22,年销近5000万片“国产伟哥”引发利益纷争 广药集团董事长遭股东公开举报 诉讼纠纷,华夏时报
1048,2019-07-22,聚焦医药的两个新变化-“政策趋缓+科创板映射” --医药行业周报（2019.07.15-2019.07.21）,兴证医药健康
1049,2019-07-22,【仓位新高，分歧犹存—方正食品饮料190721】,虎哥的研究
1050,2019-07-22,广药举报门牵出金戈利润之谜 诉讼纠纷,北京商报
1051,2019-07-21,年销4700万片的“中国伟哥” 被曝造假 公司已报警 欺诈造假,新浪
1052,2019-07-21,白云山又陷利益纠纷，“金戈”是谁？印度仿制药企业入华，瞄准“4+7”？ 诉讼纠纷,医药魔方
1053,2019-07-21,康业元举报广药董事长违法违规！广药集团回应 ：已报案 诉讼纠纷,E药经理人
1054,2019-07-21,智通港股公告精选︱(7.21)白云山澄清下属企业不存在虚增成本、偷税漏税,智通财经
1055,2019-07-21,白云山(00874)：下属企业不存在虚增成本、偷税漏税 广药集团已报案 欺诈造假,智通财经
1056,2019-07-21,中国“伟哥”引发纷争 子公司股东公开举报白云山 诉讼纠纷,中国经营网
1057,2019-07-21,年卖5千万片“国产伟哥”数据造假？广药:造谣已报案 欺诈造假,新浪
1058,2019-07-20,年产5000万片的“中国伟哥”被举报财务造假！白马股突遭黑天鹅，公司连夜回应 诉讼纠纷,21世纪经济报道
1059,2019-07-20,白云山董事长被举报财务造假？背后竟是一场国产伟哥争夺战！ 诉讼纠纷,中国基金报
1060,2019-07-20,又一公司董事长被举报财务造假？背后竟是一场国产伟哥争夺战！上市公司紧急回应 诉讼纠纷,中国基金报
1061,2019-07-20,康业元再曝合同 应证此前针对广药集团举报信 诉讼纠纷,经济观察网
1062,2019-07-20,国产伟哥背后的故事：年销售额超6亿 大小股东开撕,新京报
1063,2019-07-20,广药董事长遭实名举报，公司拳头产品金戈被称国产伟哥，毛利超90% 诉讼纠纷,AI财经社
1064,2019-07-20,董事长遭子公司二股东举报，广药集团：已向公安机关报案并获受理 诉讼纠纷,搜狐
1065,2019-07-20,广药董事长李楚源陷举报风波 对自家“伟哥”曾有惊人言论 诉讼纠纷,中新经纬
1066,2019-07-20,“国产伟哥”数据造假？ 广药集团：系造谣诋毁 欺诈造假,证券时报
1067,2019-07-20,“中国伟哥”引两方“硬刚” 康业元：要退股清算；广药：依法经营已报案,每日经济新闻
1068,2019-07-20,白云山澄清：旗下公司不存在虚增成本、偷税漏税等情况,Wind
1069,2019-07-19,白云山澄清：旗下公司不存在虚增成本、偷税漏税等情况 欺诈造假,e公司
1070,2019-07-19,中国伟哥利益战升级：康业元举报白云山财务造假 为“只想拿到应得的” 诉讼纠纷,和讯
1071,2019-07-19,“中国伟哥”怎么了？白云山和董事长被举报！公司最新回应 诉讼纠纷,中证报
1072,2019-07-19,康业元举报白云山财务造假等“中国伟哥”利益之争？ 诉讼纠纷,新京报
1073,2019-07-19,又一白马股或遇“黑天鹅”！白云山董事长遭合作方举报“财务造假” 广药集团紧急否认称已报案 诉讼纠纷,21世纪经济报道
1074,2019-07-19,刚陷“王老吉”商标之争，广药集团董事长又遭康业元实名举报 诉讼纠纷,格隆汇
1075,2019-07-19,最新！白云山董事长被实名举报：偷漏税、侵害利益、带病提拔副市长 诉讼纠纷,医药资讯地方台
1076,2019-07-19,广药集团董事长李楚源遭实名举报违法违纪 诉讼纠纷,中国经济网
1077,2019-07-19,披露信息不实、财务数据造假、偷税漏税？白云山被股东实名举报 欺诈造假,经济网
1078,2019-07-19,又一合资公司曝出矛盾！康业元炮轰广药集团“伟哥”财务造假 欺诈造假,21世纪经济报道
1079,2019-07-19,广药集团回应举报：举报内容与事实不符 已报案并获受理 诉讼纠纷,中证网
1080,2019-07-19,广药集团回应举报信：与事实严重不符，已报案将追究其法律责任,经济观察网
1081,2019-07-19,广药回应董事长李楚源被下属公司二股东举报：已报案并获受理 诉讼纠纷,澎湃新闻
1082,2019-07-19,广药集团声明：公开信内容与事实严重不符 公司已报案,e公司
1083,2019-07-19,董事长被指违法 广药集团回应：严重失实 董监高成员异常事件,每日经济新闻
1084,2019-07-19,康业元举报广药董事长 后者称与事实不符已报案 诉讼纠纷,新浪
1085,2019-07-19,白马股遭举报？白云山董事长被指涉嫌财务造假、虚构成本等事项 核心竟是“中国伟哥”利益纠纷 欺诈造假,金融界
1086,2019-07-19,白云山逆市跌逾5.14% 穿多条主要平均线,新浪
1087,2019-07-19,港股异动︱北京康业元举报广药董事长违法违规白云山(00874)尾盘大跌逾8% 董监高成员异常事件,搜狐
1088,2019-07-19,“中国伟哥”股东争斗升级 “金戈”小股东公开举报白云山 诉讼纠纷,每日经济新闻
1089,2019-07-19,“中国伟哥”利益争夺战！北京康业元举报广药董事长违法违规 诉讼纠纷,腾讯网
1090,2019-07-17,"医药生物行业7月投资策略:中报前瞻稳健,政策明朗改善预期",国信证券
1091,2019-07-16,港股公告精选：华润置地6月总合同销售额284.8亿元，同比增长0.7%,Wind
1092,2019-07-15,白云山(00874.HK)：“枸橼酸西地那非片”获再注册批件,格隆汇
1093,2019-07-15,白云山(00874.HK)近期收到政府补助1.14亿元,格隆汇
1094,2019-07-15,2018医药工业百强名单揭晓，这些药企入围前十,制药网
1095,2019-07-15,港股投资日历：白云山、中华燃气等股除净,Wind
1096,2019-07-14,"一力制药再度冲刺IPO,公司面临多种风险",财华社
1097,2019-07-12,《财富》中国500强入围的20家药企：恒瑞首次入选，白云山名次飞涨，人福首次亏损 亏损,智通财经
1098,2019-07-12,白云山(00874.HK)同意聘任黄海文与郑浩珊为副总经理,格隆汇
1099,2019-07-10,IPO动态| 一半子公司亏损、营收高度依赖白云山，一力制药IPO胜算几何？ 经营问题,财经网
1100,2019-07-04,白云山(600332.SH)A股拟每10股派4.24元 股权登记日7月10日,格隆汇
1101,2019-07-04,白云山(00874.HK)：每股A股派现金红利0.424元 登记日7月10日,格隆汇
1102,2019-07-04,又一国产“伟哥”获批背后 原研药企销售额“乏力”,新浪
1103,2019-07-04,广州中医药事业大步迈开国际化步伐,信息时报
1104,2019-07-03,白云山：安宫牛黄丸获得香港中成药注册证明书,第一财经
1105,2019-07-02,白云山回应“王老吉”商标纠纷：不影响公司利润及商标交割 诉讼纠纷,每日经济新闻
1106,2019-07-02,2日晚间公告精选：李静仁代行贵州茅台总经理职责，白云山回应“王老吉”商标纠纷 诉讼纠纷,21世纪经济报道
1107,2019-07-02,“王老吉”商标争夺战再起，白云山称公司不受影响,格隆汇
1108,2019-07-02,最新回应！白云山：“王老吉”商标侵权纠纷不影响商标权交易,21世纪经济报道
1109,2019-07-02,王老吉红罐之争“神转折”！原判决被最高院发回重审，加多宝乐了、广药与白云山急回应,资本邦
1110,2019-07-02,白云山：“王老吉”商标诉讼案件重审对公司利润不产生影响,中证网
1111,2019-07-02,白云山：王老吉商标纠纷责任由广药集团承担，公司利润不受影响,资本邦
1112,2019-07-02,白云山：“王老吉”商标法律纠纷系商标侵权纠纷，不涉及商标权属争议问题 诉讼纠纷,Wind
1113,2019-07-02,白云山：“王老吉”商标法律纠纷系商标侵权纠纷 不涉及商标权属争议问题 诉讼纠纷,e公司
1114,2019-07-01,加多宝：最高法将加多宝与广药王老吉商标侵权纠纷案发回重审 诉讼纠纷,Wind
1115,2019-06-27,A股31家不差钱的土豪！能否复制茅台一样的强势？,Wind
1116,2019-06-27,白云山：控股子公司获《药品GMP证书》,Wind
1117,2019-06-27,白云山(00874.HK)控股子公司广西盈康获药品GMP证书,格隆汇
1118,2019-06-21,仿制药品目录建议清单出炉，受益股有哪些？,格隆汇
1119,2019-06-18,注入青蒿素医药板块集体“股舞”,重庆商报
1120,2019-06-18,"医药生物行业2019年6月投资策略:政策密集发布,无需过度悲观",国信证券
1121,2019-06-17,多股涨停！青蒿素概念躁动，医药板块集体沸腾,重庆商报
1122,2019-06-17,诺贝尔奖得主屠呦呦团队再次刷屏！医药股跟风起舞,中投网
1123,2019-06-13,白云山(00874.HK)旗下中一药业获药品再注册批件,格隆汇
1124,2019-06-13,白云山“国家犬类实验动物资源库”入选国家科技资源共享服务平台,证券时报网
1125,2019-06-13,5月医药大事件之榜单篇：药企营收、净利润等排名陆续公布,制药网
1126,2019-06-09,日常消费品：国产奶粉支持政策再出台 荐14股,方正证券
1127,2019-06-03,白云山(00874.HK)：增补黎洪为战略发展与投资委员会委员,格隆汇
1128,2019-06-03,白云山(00874.HK)：补选张春波为执行董事候选人,格隆汇
1129,2019-06-03,白云山(00874.HK)同意选举程宁为副董事长,格隆汇
1130,2019-06-03,实控人甩卖一心转债:一心堂扩张后遗症 运营效率垫底,新浪
1131,2019-06-02,286家药企净利润公布（附名单）,赛柏蓝
1132,2019-05-31,陈矛辞去白云山(00874.HK)执董及副董事长职务 董监高成员变化,格隆汇
1133,2019-05-31,白云山：副董事长辞职 董监高成员变化,Wind
1134,2019-05-31,白云山(00874.HK)：陈矛辞任副董事长及执行董事职务 董监高成员变化,格隆汇
1135,2019-05-30,不甘示弱！6家药企巨头2018营收增速超20%,制药网
1136,2019-05-29,拓展新品类 王老吉首款果汁饮料6月上市,北京商报
1137,2019-05-28,入股的千方科技一字涨停，阿里巴巴在A股上市公司上的投资盈亏到底如何？,重庆商报
1138,2019-05-28,【银河国际】香港股市策略 - 5月17日淡仓数据分析,银河国际
1139,2019-05-28,逃离“莎普爱思”,斑马消费
1140,2019-05-24,白云山（600322.SH）Q1营收180亿 仍靠王老吉释放利润,证券市场周刊
1141,2019-05-21,【深度】存贷双高难自洽,靳论固收
1142,2019-05-20,一力制药被动转型净利降 同一功能药品单价增幅悬殊,新浪
1143,2019-05-17,白云山仍靠王老吉释放利润,证券市场周刊
1144,2019-05-16,女童注射狂犬疫苗发热死亡背后：国资参股厂商和4年效期疫苗,澎湃新闻
1145,2019-05-14,白云山：分公司获得药品GMP证书,金融界
1146,2019-05-14,白云山(00874.HK)：何济公药厂获药品GMP证书,格隆汇
1147,2019-05-10,白云山(00874.HK)子公司广药总院及光华药业通过高新技术企业认定,格隆汇
1148,2019-05-10,港股异动 | 白云山涨近4% 多重利好云集,格隆汇
1149,2019-05-10,2019年第一季度，6家药企营收超过百亿元,制药网
1150,2019-05-10,A股早报2019年5月10日星期五,Wind
1151,2019-05-10,早报：前4月66只私募产品收益翻倍 三新股今日申购,新浪
1152,2019-05-09,白云山(00874)：广药集团被纳入国企改革“双百企业”名单,智通财经
1153,2019-05-09,白云山(00874.HK)：广药集团获新增纳入国企改革“双百企业”名单,格隆汇
1154,2019-05-09,白云山：控股股东被纳入“双百企业”名单,Wind
1155,2019-05-09,ED市场群雄逐鹿，“伟哥之王”2019年或将易主？,米内网
1156,2019-05-09,白云山（600332.SH）2019年一季报点评：春季发货助力利润高增长，维持“买入”评级,格隆汇
1157,2019-05-08,白云山(00874.HK)续聘瑞华会计师事务所为2019年度审计机构,格隆汇
1158,2019-05-06,白云山(00874.HK)分公司获得药品GMP证书,格隆汇
1159,2019-05-06,2019年第一季度，5家药企净利润超过10亿元,制药网
1160,2019-05-06,融资客青睐11股，江河集团买入占比高达49.58%,Wind
1161,2019-05-06,A股早报2019年5月6日星期一,Wind
1162,2019-05-05,公告点题｜今晚这些公告有看头（更新中）,第一财经
1163,2019-05-05,【招商医药】医药生物行业18年年报及19年一季报回顾--医药整体业绩探底，内部分化明显,招商医讯
1164,2019-05-05,王老吉获3.21亿元政府补助,北京商报网
1165,2019-05-05,286家药企一季度成绩单出炉！白云山、恒瑞……净利润超10亿，这9家毛利率超90%,米内网
1166,2019-05-05,白云山(00874.HK)：共计收到约3.58亿元各类政府补助,格隆汇
1167,2019-05-05,如何“续命”百年老品牌？王老吉的这几个招术值得借鉴,经济观察网
1168,2019-05-05,白云山：今年前4月共计收到各类政府补助3.58亿元,Wind
1169,2019-05-05,白云山：公司及下属子公司收到3.58亿元政府补助,e公司
1170,2019-05-05,白云山一季度净利14.07亿元 同比增长55% 现金流量净额为-27.99亿元,挖贝网
1171,2019-05-01,2项商标被驳回 白云山13.89亿元收购王老吉商标,中金在线
1172,2019-04-30,白云山13.89亿元拿下“王老吉”系列418项商标,中金在线
1173,2019-04-30,此点位将成双重压力？白云山创近5年新高！节后留意这只一季报利好概念股,每日经济新闻
1174,2019-04-30,白云山(00874.HK)完成受让“王老吉”系列420项商标专用权,格隆汇
1175,2019-04-30,白云山：关于虚假宣传及商业诋毁纠纷一案诉讼结果的公告 欺诈造假,Wind
1176,2019-04-29,6连跌之后来看3000点的三重重要性！明日留意这只1季报利好股,每日经济新闻
1177,2019-04-29,外资动向| 北向资金增仓A股 沪深股通净流入50.68亿元,腾讯网
1178,2019-04-29,白云山龙虎榜数据（4月29日）,Wind
1179,2019-04-29,数据复盘|北上资金净流入超45亿元 贵州茅台等14股获主力大笔买入,证券时报网
1180,2019-04-29,涨停板解密：部分医药股逆市仍火爆！（4月29日）,Wind
1181,2019-04-29,港股收评：恒指震荡上行涨0.97% 白云山大涨逾10%,格隆汇
1182,2019-04-29,白云山(0874.HK)大涨近9% A股涨停,格隆汇
1183,2019-04-29,【白酒高端和次高端区域龙头业绩增长亮眼，大众品个股纷呈—方正食品饮料190428】,虎哥的研究
1184,2019-04-29,[快讯]11:05白云山、思维列控封涨停,中财网
1185,2019-04-29,白云山早盘封涨停 成交额12.67亿元封单3.18万手,腾讯网
1186,2019-04-29,港股异动︱首季股东应占净利增55.42%至14.07亿 白云山(00874)涨超6%,智通财经
1187,2019-04-29,【港股异动 | 白云山高开3.66% 一季度净利润增长55.42%】,格隆汇
1188,2019-04-28,【白云山一季报点评：业绩大超预期，王老吉量价齐升—方正食品饮料190428】,虎哥的研究
1189,2019-04-28,白云山一季度净利增长五成,北京商报网
1190,2019-04-28,广药白云山一季报：营收181亿元 净利润同比增55.42%,新浪
1191,2019-04-28,白云山(600332.SH)一季度净利润增长55.42%至14.07亿元,格隆汇
1192,2019-04-28,医疗保健：震荡做底后将挑战前高 荐6股,财通证券
1193,2019-04-28,白云山：一季度净利14.07亿元 同比增55%,e公司
1194,2019-04-28,白云山：一季度净利润同比增55.42%,Wind
1195,2019-04-28,白云山：第一季度归属股东净利润14.07亿元，同比增长55.42%,Wind
1196,2019-04-24,说“中国有1.4亿男人患ED”的常山药业 去年卖伟哥发财了吗？,21世纪经济报道
1197,2019-04-19,工业巨头进军零售：重要政策公布前兆 or DTP药房即将崛起？,新浪
1198,2019-04-09,白云山：强化整体实力 强烈推荐评级,和讯
1199,2019-04-02,白云山业绩激增暗藏“隐忧” 历时4 年市值几乎“原地踏步”,投资者网
1200,2019-03-29,【港股异动 | 临时股东大会审议通过全部四项决议 白云山涨逾4%】,格隆汇
1201,2019-03-29,中成药增长乏力 百亿级企业悄然转型,药智网
1202,2019-03-27,白云山(600332.SH)：头孢呋辛酯片通过仿制药一致性评价,格隆汇
1203,2019-03-27,白云山：整合完成，重新出发,证券时报网
1204,2019-03-22,“伟哥”凶猛：国产壮阳神器加王老吉 白云山狂赚34亿 营收增长100%,中金在线
1205,2019-03-22,白云山：并表广药推升营收翻倍 利润高增长有赖资产重估,面包财经
1206,2019-03-20,年营收400亿！增速秒杀恒瑞、石药！这货业绩如此彪悍，什么鬼？,并购优塾
1207,2019-03-20,"医药周观点:业绩浪、长期资金持续流入,医药蓝筹白马股价历史新高再新高",联讯证券
1208,2019-03-19,2018年净利同比大增66.9%的白云山，靠的是国产“金戈”？,财华社
1209,2019-03-19,"白云山第四季度财务数据""异常""波动 ""财技增利""12亿 欺诈造假",新浪
1210,2019-03-19,白云山年报：从竞争格局 推演王老吉的净利率,智通财经
1211,2019-03-19,【白云山年报点评：阶段性调整影响短期业绩，总体趋势未变—方正食品饮料190318】,虎哥的研究
1212,2019-03-19,白云山去年净利34.41亿同比增67% 董事长李楚源年薪101万元,挖贝网
1213,2019-03-19,白云山快速增“肥”：王老吉等并表收入倍增，国产伟哥卖了4700万片,斑马消费
1214,2019-03-19,白云山年报、季报打架？盈利悬疑背后王老吉强势回归 欺诈造假,21世纪经济报道
1215,2019-03-19,"白云山:投资和公允价值变动拉高当期利润增速,未来还看消费大单品金戈与王老吉",联讯证券
1216,2019-03-18,白云山2018年净利润较2017年增长66.90%,中金在线
1217,2019-03-18,白云山（600332.SH）:净利润同比增近7成 可能还隐藏了不少,格隆汇
1218,2019-03-18,“国家队”去年底持股曝光 持有17只个股超10亿元,新浪
1219,2019-03-18,王老吉回归 2018年为白云山贡献营收近100亿 净利润8.5亿不及预期 盈利能力下降,挖贝网
1220,2019-03-18,白云山：以10亿收购换200亿营收增长 净利贡献才1亿,和讯
1221,2019-03-18,白云山2018年营收增长超100%，主因收购广州医药与王老吉药业,经济观察网
1222,2019-03-18,医疗保健：业绩浪 长期资金持续流入,联讯证券
1223,2019-03-18,A股早报2019年3月18日星期一,Wind
1224,2019-03-18,白云山去年净利增长66.9% 拟10派4.24元,财富动力网
1225,2019-03-17,广药白云山2018年营收倍增 归母净利润增长近七成,证券日报
1226,2019-03-17,白云山(00874-HK)去年多赚67% 股息派0.424人民币,财华社
1227,2019-03-17,公告精选：多家公司回应3.15晚会报道 白云山去年净利同比增逾六成,e公司
1228,2019-03-17,白云山(600332.SH)18年度净利润增长66.90%至34.41亿元 每10股派息4.24元,格隆汇
1229,2019-03-17,白云山：2018年净利润同比增长67% 拟10派4.24元,中证网
1230,2019-03-17,白云山2018年净利增66.9%多家公司公布业绩,中财网
1231,2019-03-17,白云山关于2019年度日常关联交易预计数的公告,亿邦动力
1232,2019-03-17,白云山：2018年净利润同比增长66.9% 拟10派4.24元,e公司
1233,2019-03-17,白云山：2018年净盈利同比增六成 拟10派4.24元,金融界
1234,2019-03-17,白云山：2018年净利润34.4亿元同比增66.9%，拟10派4.24元,Wind
1235,2019-03-15,港股异动︱将于今日披露年报 白云山(00874)现涨3.8%,智通财经
1236,2019-03-14,白云山今日大宗交易成交8万股，成交价33.13元折价11.63%,Wind资讯
1237,2019-03-14,[中性评级]兴证海外医药周报：创新驱动成长 制造降税减负,中财网
1238,2019-03-06,白云山(00874.HK)旗下陈李济药厂收到药品再注册批件 涉及更年宁,格隆汇
1239,2019-03-06,白云山(600332.SH)子公司天心药业收到药品GMP证书,格隆汇
1240,2019-03-04,白云山(00874.HK)拟3月15日举行董事会议 审核年度业绩,格隆汇
1241,2019-03-01,【平安医药】行业专题报告：大湾区规划出台，生物医药领域迎来投资风口,A叶寅A医药行业研究
1242,2019-02-21,白云山(00874.HK)：子公司陈李济药厂收到药品GMP证书,格隆汇
1243,2019-02-18,白云山(00874.HK)附属天心药业收到广东药监局发还的药品GMP证书,格隆汇
1244,2019-02-13,白云山(00874.HK)提示2015年度员工持股计划锁定期届满,格隆汇
1245,2019-02-12,白云山业绩预告点评：业绩预告略低于预期 大南药影响较大,中证网
1246,2019-02-11,81股获券商买入评级：中粮地产目标涨幅达94.83%,Wind
1247,2019-02-01,融资客青睐22股，城市传媒买入占比高达45.05%,Wind
1248,2019-01-31,白云山、爱尔眼科双双闪崩 连续下跌,每日经济新闻
1249,2019-01-31,白云山低开低走重挫7.34%报33.71元 成交1.79亿元,腾讯网
1250,2019-01-31,A股早报2019年1月31日星期四,Wind
1251,2019-01-30,格隆汇港股聚焦(1.30)︱白云山2018年度净利润预增57.64%-89.17%,格隆汇
1252,2019-01-30,白云山：2018年净利预增58%到89%,e公司
1253,2019-01-30,白云山(00874.HK)2018年度净利润预增57.64%到89.17%,格隆汇
1254,2019-01-30,白云山：预计2018年净利同比增57.64%至89.17%,Wind
1255,2019-01-24,对话广药董事长李楚源：医药改革对本土企业有利,新浪
1256,2019-01-17,格隆汇港股聚焦(1.17)︱中兴通讯取消A股定向增发的发行底价30元/股 再融资异常,格隆汇
1257,2019-01-17,白云山(00874.HK)：拟与广州医药开展总额度不超30亿元的委托贷款业务,格隆汇
1258,2019-01-17,白云山(00874.HK)与广药集团签订商标托管协议的补充协议,格隆汇
1259,2019-01-17,白云山(00874.HK)及下属子公司2018年共收到各类政府补助2.4亿元,格隆汇
1260,2019-01-16,白云山：全资子公司获得药品GMP证书,证券之星
1261,2019-01-14,日常消费品：多重因素共振推动行业逆势成长 荐8股,长江证券
1262,2019-01-14,白云山14亿为王老吉扫清障碍，终结凉茶双寡头时代？,斑马消费
1263,2019-01-08,溢价逾1600倍收购“王老吉”系列商标引问询 白云山：估值合理,每日经济新闻
1264,2019-01-08,白云山拟14亿天价买下王老吉、王小吉、五小吉,新浪
1265,2019-01-04,[快讯]白云山:上海证券交易所对公司变更募投项目收购关联方商标等事项的问询函的回复公告 项目问题,中财网
1266,2019-01-02,【板块涨幅连续三年居前，19年继续乐观前行—方正食品饮料190101】,虎哥的研究
1267,2019-01-02,【白云山事件点评：王老吉商标注入增厚业绩，强化整体实力—方正食品饮料190101】,虎哥的研究
1268,2018-12-31,拨开云雾，花开复见——食品饮料行业2019年度策略,长江食品饮料研究
1269,2018-12-29,白云山因收购广药集团“王老吉”有关商标 遭上交所问询 问询,中国网
1270,2018-12-29,白云山14亿收购王老吉商标 不到24小时上交所要求说明估值合理性,挖贝网
1271,2018-12-28,14亿受让“王老吉”系列商标 白云山遭上交所问询 问询,新浪
1272,2018-12-28,拟受让“王老吉”系列商标专用权 白云山遭追问,北京商报网
1273,2018-12-28,白云山13.89亿元买回“王老吉”商标，六年前的承诺终兑现！,云掌财经
1274,2018-12-28,白云山收购广药集团持有的王老吉系列商标,中金在线
1275,2018-12-28,白云山向母企收购王老吉商标 现升近4%,新浪
1276,2018-12-28,英皇证券：美股先跌后升 白云山盈利能力强劲,新浪
1277,2018-12-28,财闻点金：北斗三号基本系统建设完成 开始迈入全球时代,巨丰财经
1278,2018-12-28,白云山拟13.89亿元接手“王老吉”系列商标专用权,每日经济新闻
1279,2018-12-27,白云山(00874.HK)：拟建王老吉大健康南沙基地 一期建2条罐装生产线,格隆汇
1280,2018-12-27,“王老吉”系列商标注入广药白云山 “1136战略”志在打造全球饮料领导者,证券日报
1281,2018-12-27,13.89亿元！白云山要收购“王老吉”系列商标，增值率逾千倍,e公司
1282,2018-12-27,作价13.89亿元 白云山拟收购“王老吉”商标,大众证券报
1283,2018-12-27,白云山：13.89亿元受让广药集团所持“王老吉”系列商标专用权,中证网
1284,2018-12-27,白云山：13.9亿元受让广州医药所持“王老吉”系列商标专用权,Wind
1285,2018-12-27,白云山：拟13.89亿元向控股股东收购“王老吉”系列商标,e公司
1286,2018-12-26,白云山产品质量问题背后：毛利率处于行业偏低水平 产品问题,投资者报
1287,2018-12-22,子公司被收药品GMP证书 白云山信披迟到,中国经营报
1288,2018-12-21,白云山：价值低估的机会与隐患,证券市场周刊
1289,2018-12-20,白云山控股子公司被收回药品GMP证书 国药监局检查发现主要有三大问题,经济观察网
1290,2018-12-20,因违规，这个药品已启动召回了！,3156医药网
1291,2018-12-19,白云山：子公司GMP证书被广东省药监局收回 资质撤销,e公司
1292,2018-12-19,白云山：控股子公司天心药业一药品GMP证书被收回,Wind
1293,2018-12-17,"食品饮料行业2019年度策略报告:回归理性,浪里淘金",中证网
1294,2018-12-10,"医药生物行业周报:带量采购降价超预期,板块进入估值重构和结构分化期",光大证券
1295,2018-12-09,日常消费品：看好板块继续反弹 荐15股,方正证券
1296,2018-12-07,中国医药变更会计估计将增利 营收增速下滑十年最低 盈利能力下降,新浪
1297,2018-12-07,A股早报2018年12月7日星期五,Wind
1298,2018-12-06,恒指收跌2.5%险守26000点，内地医药股全线大跌,Wind
1299,2018-12-03,融资客青睐10股，东方集团买入占比高达43.38%,Wind
1300,2018-12-02,白云山拟成立粤港澳大湾区男性健康研究院,21世纪经济报道
1301,2018-11-30,"白云山:饮料产品售价稳定,坚持单品多元化和品类多元化",正点财经
1302,2018-11-30,港股异动︱凉茶未来或将进入涨价通道 白云山(00874)AH股均涨逾4%,智通财经
1303,2018-11-30,30股获券商买入评级 平高电气目标涨幅达52.09%,Wind
1304,2018-11-30,红绿王老吉从“整合”变“协同” 凉茶将步入涨价通道,21世纪经济报道
1305,2018-11-26,王老吉复兴，壮阳药爆发，13倍市盈率的白云山也许真的有利可图,阿尔法工场
1306,2018-11-26,白云山：全资子公司获得药品GMP证书,金融界
1307,2018-11-21,昂利康：拟投资1220万元设立子公司白云山昂利康,证券之星
1308,2018-11-20,中药上市公司三季报出炉，延安必康销售增长位居行业前列,中国财经网
1309,2018-11-20,白云山金戈挺进纽约，正式启动国际化战略,北国网
1310,2018-11-19,王老吉携金戈“挺”进纽约 广药国际化布局再进一步,21世纪经济报道
1311,2018-11-06,港股异动︱业绩超预期获主要股东增持 白云山(00874)续涨4.3%,智通财经
1312,2018-11-06,"白云山:2018Q1-Q3净利YOY+132%,好于预期",正点财经
1313,2018-11-06,"医药三季报总结:医药大数据,成长依旧,估值近前低,正是战略配置好时机",联讯证券
1314,2018-11-05,前三季度17家药企净利润超过10亿元,米内网
1315,2018-11-05,7家药企全年净利润有望超过30亿元,制药网
1316,2018-10-31,广药白云山前三季净利润大增132%封涨停板,时代在线
1317,2018-10-31,港股异动︱白云山(00874)三季度业绩超预期 续涨4.4%,智通财经
1318,2018-10-30,【国君食品】白云山三季报点评：王老吉收入提速，大南药延续快速增长,OhShopping讲饮讲食
1319,2018-10-30,业绩拉升股价涨16.2%！白云山的三季报究竟藏了啥秘密,财华社
1320,2018-10-30,港股异动︱白云山(00874)A股涨停 H股午后涨幅扩大至17.7%,智通财经
1321,2018-10-30,港股异动︱前三季度股东应占净利同比增131.5% 白云山(00874)涨逾7%,智通财经
1322,2018-10-29,白云山：前三季度净利34.39亿元 同比增131%,e公司
1323,2018-10-29,狂犬疫苗等大品种快速增长 白云山前三季净利润同比大增132%,中证网
1324,2018-10-29,白云山发布三季度财报 归母净利润同比大增132%,证券日报
1325,2018-10-18,【权益变动】白云山(00874-HK)获挪威中央银行增持92万股,财华社
1326,2018-10-17,周四热点行业推荐,中证网
1327,2018-10-14,【国君食品】三季报前瞻：白酒基本面趋稳，推荐必需消费品,OhShopping讲饮讲食
1328,2018-09-29,2018上半年医药制造行业概览：行业总体进入调整期 一致性评价进程提速,每日经济新闻
1329,2018-09-28,凉茶遇冷 王老吉椰汁投石多元化,新浪
1330,2018-09-27,"白云山:2018H1净利YOY+126%,超出预期",红周刊
1331,2018-09-24,医疗保健：减税支持企业研发投入 荐5股,财通证券
1332,2018-09-11,王老吉成为白云山子公司，下半年业绩增长有保证？,财华社
1333,2018-09-11,社保基金长期重仓股名单曝光，连续五年坚守24只个股,证券日报
1334,2018-09-10,"食品饮料行业:中秋旺季进展正常,静待市场信心转机",方正证券
1335,2018-09-10,白云山中报投资收益占利润四成 王老吉难再加分,投资时报
1336,2018-09-10,【中秋旺季进展正常，静待市场信心转机—方正食品饮料180909】,虎哥的研究
1337,2018-09-09,医疗保健：自下而上选择穿越熊市 荐5股,财通证券
1338,2018-09-06,王老吉药业股权纠纷终落定 成为白云山控股子公司,新京报
1339,2018-09-03,【国君食品】周观点：H1白酒、调味品维持高速，短期继续关注必需品,OhShopping讲饮讲食
1340,2018-08-30,“仙股”中弘股份否认碰瓷加多宝 推高了竞争对手白云山的股价,和讯
1341,2018-08-30,加多宝被曝营收不足百亿 第一凉茶品牌跌落神坛？,和讯
1342,2018-08-29,加多宝被曝凉茶份额跌30% 白云山一度冲高近4%,新浪
1343,2018-08-28,厉害了，我的A股！有背景的退市股都被“大神”救走了,Wind
1344,2018-08-28,上半年净利润超10亿！6家医药企业继续高歌猛进！,制药网
1345,2018-08-27,*ST建峰明日恢复上市 股东榜有3家上市公司（名单）,证券时报网
1346,2018-08-27,食品饮料行业周报：茅台如期放量、中秋旺季启动，板块业绩确定性强,方正证券
1347,2018-08-27,白云山午后异动拉升5.06%报35.09元 成交5.51亿元,腾讯网
1348,2018-08-27,"白云山业绩翻倍市场“不买账” 机构喊“老乡, 别走!”",投资快报
1349,2018-08-24,数据王：熊市中价值寻找策略,巨丰财经
1350,2018-08-24,白云山净利激增无水分？股价下挫 扣非净利增速降4成 盈利能力下降,新浪
1351,2018-08-24,港股异动︱王老吉销量同比仅增12%逊预期 白云山(00874)跌4%,智通财经
1352,2018-08-24,[增持评级]白云山(600332)中报点评：格局向好 全年净利有望继续显现弹性,中财网
1353,2018-08-24,【财通医药】白云山(600332)：王老吉市场份额扩大，利率润持续提升,财通证券研究
1354,2018-08-24,[买入评级]白云山(600332/00874.HK)中报点评：2018H1净利YOY+126% 超出预期,中财网
1355,2018-08-24,“巨星品种”成效显着，白云山净利大增126%,财华社
1356,2018-08-24,融资客青睐47股，尖峰集团买入占比高达51.59%,Wind
1357,2018-08-24,白云山：8月23日融资余额为11.24亿元，较前一日骤增9.13%,Wind资讯
1358,2018-08-23,白云山关于全资子公司收到药品注册批件的公告,亿邦动力
1359,2018-08-23,[审慎增持评级]白云山(600332)中报点评：中期业绩实现较快增长 大健康板块利润率进入上升通道,中财网
1360,2018-08-23,[推荐评级]白云山(600332/00874.HK)中报点评：1H18主营净利润增长符合预期 2Q18扣非净利润低于预期,中财网
1361,2018-08-23,白云山半年盈利逾100% 大商业版块增长迅猛,新快报
1362,2018-08-23,广药白云山净利同比增126% 巨星品种、科技创新双轮驱动,证券时报网
1363,2018-08-23,[强烈推荐评级]白云山(600332)中报点评：王老吉盈利提升主逻辑验证 库存消化影响Q2收入,中财网
1364,2018-08-23,金股预测早间版：8股有望开启估值修复,巨丰财经
1365,2018-08-22,白云山：上半年净利润同比增126.14%,Wind
1366,2018-08-22,白云山：上半年净利26.19亿元 同比增126%,e公司
1367,2018-08-21,[增持评级]医药生物行业周报：27.8倍的估值 或许是左侧布局的起点,中财网
1368,2018-08-20,[推荐评级]食品饮料行业周报：市场低迷致板块杀跌 但基本面依旧稳定向好,中财网
1369,2018-08-16,[买入评级]医药生物行业动态：上海带量采购分析 集中招采促进行业升级,中财网
1370,2018-08-15,白云山：格局向好，优势拉大，凉茶龙头正腾飞,国泰君安
1371,2018-08-13,[推荐评级]食品饮料行业周报：白酒本质是结构性趋势 悲观预期致板块超跌,中财网
1372,2018-08-13,【白酒本质是结构性趋势，悲观预期致板块超跌—方正食品饮料180812】,虎哥的研究
1373,2018-08-11,4家机构无缘定增起纠纷 一心堂实控人被曝签暗保协议,中国经营报
1374,2018-08-08,『早安，新时代！』晨会早读2018/8/8：今日关注佳都科技、白云山,新时代证券研究
1375,2018-08-07,白云山：王老吉盈利见拐点 大南药板块驱动业绩增长,证券时报网
1376,2018-08-06,医疗保健：板块大面积回调下关注低估值高增长品种 荐10股,中银国际
1377,2018-07-31,中金医药月度7+5组合：8月组合,中财网
1378,2018-07-30,盘前必读公告：这些潜力股不容错过！,巨丰财经
1379,2018-07-27,白云山销售42亿研发仅不到4亿 凉茶与伟哥撑场面,国际金融报
1380,2018-07-27,晚间重要公告2018年7月27日星期五,Wind
1381,2018-07-27,白云山：加多宝赔偿控股股东广药集团14.4亿元,Wind
1382,2018-07-27,白云山:“王老吉”商标案一审判决 加多宝赔14.4亿元,金融界
1383,2018-07-25,港股异动︱医药板块反弹 白云山（00874）涨3.60%,智通财经
1384,2018-07-24,[增持评级]医药生物行业周报：疫苗之殇 或许让医药行业也伤,中财网
1385,2018-07-24,盘前必读公告：这些潜力股不容错过！,巨丰财经
1386,2018-07-23,迎销售旺季 白云山旗下王老吉开启高温公益活动,证券时报
1387,2018-07-23,白云山关于全资子公司获得药品GMP证书的公告,亿邦动力
1388,2018-07-23,白云山：子公司明兴药业获药品GMP证书,e公司
1389,2018-07-23,[推荐评级]食品饮料行业周报：中报业绩前瞻,中财网
1390,2018-07-23,[中性评级]深度*行业*医药行业周报：MAH生产流通环节权责细化 全面推行在即,中财网
1391,2018-07-23,医药行业周报：医药短暂调整 后市有望再度走强,中财网
1392,2018-07-19,白云山：申请豁免BE试验被拒 两种药品未通过一致性评价,财经
1393,2018-07-18,融资客青睐22股，中国电建买入占比高达40.55％,Wind
1394,2018-07-18,医药生物行业日报：2018年抗癌药医保准入专项谈判将开展,中财网
1395,2018-07-18,一心堂一心做事 借“入摩”之势打出组合拳,证券日报
1396,2018-07-18,申请豁免BE实验遭拒 白云山两药品未通过一致性评价,21世纪经济报道
1397,2018-07-17,港股异动︱白云山(00874)两种药品未通过药品一致性评价 现跌5.21%,智通财经
1398,2018-07-16,白云山：两产品未通过药品一致性评价不影响销售,e公司
1399,2018-07-16,白云山：头孢氨苄胶囊等2药品未通过药品一致性评价,新浪
1400,2018-07-13,【解盘论市】创业板本周涨逾5%，一切都是最好的安排,Wind
1401,2018-07-13,白云山2品种抗生素未通过一致性评价,新浪
1402,2018-07-13,[买入评级]医药生物行业深度分析报告：政策回暖 渠道模式改善 品牌OTC迎来黄金时代,中财网
1403,2018-07-12,白云山大涨5.07%，报39.80元,腾讯网
1404,2018-07-10,[增持评级]医药生物行业周报：市场或迎来中级反弹 防御为先医药为上,中财网
1405,2018-07-09,白云山年报推10派3.8元 股权登记7月13日,金融界
1406,2018-07-09,医药电商概念股午后持续上攻 白云山涨超6%,新浪
1407,2018-07-09,白云山大涨5.01%，报38.15元,腾讯网
1408,2018-07-05,白云山跌2.2%，创近2个月新低，报35.13元,腾讯网
1409,2018-07-04,7月5日重要公告：白云山拟8亿元合作投建王老吉大健康兰州生产基地,中证网
1410,2018-07-04,白云山关于全资子公司签订合作框架协议书的公告,亿邦动力
1411,2018-07-04,医药健康周报：单 抗生物类似药系列报告(一),中财网
1412,2018-07-03,白云山跌4.34%，创近1个月新低，报35.30元,腾讯网
1413,2018-07-02,[推荐评级]食品饮料行业周报：古井贡酒超预期 强化区域次高端龙头主线逻辑,中财网
1414,2018-07-02,中金医药月度7+5组合：7月组合,中财网
1415,2018-06-29,白云山大涨5.15%，报37.79元,腾讯网
1416,2018-06-28,白云山关于对外投资的补充公告,亿邦动力
1417,2018-06-27,白云山：6月26日融资余额为11.24亿元，较前一日骤增7.62%,Wind资讯
1418,2018-06-26,[增持评级]食品饮料行业每周小评：618休闲食品翻倍增长 三大龙头持续收割流量,中财网
1419,2018-06-23,一心堂：进一步加深与白云山合作深度 买入评级,中信建投
1420,2018-06-14,港股异动︱医药股回调 白云山(00874)AH均跌4%,智通财经
1421,2018-06-14,融资客青睐17股，鲁商置业买入占比高达57.57％,Wind
1422,2018-06-12,白云山：深圳中院驳回同兴药业诉讼请求,新快报
1423,2018-06-11,医药股独角兽借壳上市，大股东盆满体满,苏南网
1424,2018-06-06,2017国内药企销售费用：3家超50亿元！,制药网
1425,2018-06-05,恒瑞医药大涨8%股价创历史新高 成首只市值超3000亿元医药股,中财网
1426,2018-06-05,广州白云山医药集团股份有限公司重大资产购买实施情况报告书,证券时报
1427,2018-06-04,沪深上市公司18年6月4日晚间上市公司重要公告,全景网
1428,2018-06-04,白云山收购广州医药30%股份完成交割,21世纪经济报道
1429,2018-06-04,白云山(00874-HK)子公司获得药品GMP证书,财华社
1430,2018-06-04,白云山控股子公司获得药品GMP证书,金融界
1431,2018-06-04,[增持评级]食品饮料每周小评：紧抱二线食品龙头 寻找相对收益,中财网
1432,2018-06-04,深度*行业*医药行业周报：短期规避系统性风险 中长期不改行业上涨逻辑,中财网
1433,2018-06-04,白云山陈李济5个月4涉虚假宣传 自称因误播过期“神药”广告被罚,长江商报
1434,2018-06-01,港股异动︱A股医药领跌 白云山(00874)A股接近跌停 H股跌逾6%,智通财经
1435,2018-05-31,港股异动︱医药股回勇 白云山(00874)AH股同步走高,智通财经
1436,2018-05-30,港股异动︱白云山(00874)涨4% 机构指其主营板块有望继续改善,智通财经
1437,2018-05-30,一心堂：拟发行可转债保证未来顺利扩张 买入评级,太平洋证券
1438,2018-05-30,午间研报精选：白云山等3股短期或存买入机会,和讯
1439,2018-05-30,[推荐评级]白云山(600332/00874.HK)公司动态：主营板块内生有望继续改善,中财网
1440,2018-05-29,个别医药股续炒高 三生制药、白云山均涨约半成齐破顶,经济通
1441,2018-05-29,巨丰热点：BATJ概念股呈现活跃 市场关注CDR回归,巨丰财经
1442,2018-05-29,医药股再度起航，广济药业、兴齐眼药携手封板,Wind
1443,2018-05-29,白云山要做“时尚中药” “入摩”助力公司“走出去”,证券日报
1444,2018-05-28,[增持评级]食品饮料每周小评：持仓、竞争优势、ROE三大角度优选细分领域龙头,中财网
1445,2018-05-28,"白云山:2017年净利同比增长37%,业绩增长好于预期",群益证券
1446,2018-05-26,陈李济药厂半年内3款药品广告违法 活络止痛丸屡停售,中国经营报
1447,2018-05-26,融资客斥资近300亿元买入448只标的股,证券日报
1448,2018-05-25,云南白药、华润三九等旗下产品提价 OTC迎来持续涨价潮？,证券日报
1449,2018-05-24,“入摩”最大的受益者是创业板？,红周刊
1450,2018-05-23,调查，公司面临暂停上市风险,财经杂志
1451,2018-05-23,[增持评级]医药生物行业季度策略：以低估值为主的防御型策略-深度挖掘低估值公司的修复行情,中财网
1452,2018-05-23,看好中国｜健康中国——支持医药行业向好因素犹存,巨丰财经
1453,2018-05-23,【医药|杜佐远团队太平洋证券】一心堂(002727)：拟发行可转债保证未来顺利扩张，与白云山深度合作联动加强,太平洋证券研究
1454,2018-05-22,"医药生物行业:加强注射剂现场检查,关注医药不正当竞争",国联证券
1455,2018-05-21,[推荐评级]食品饮料行业周报：论白酒行业的周期性,中财网
1456,2018-05-21,后期配置把握三大主线：,国元证券订阅号
1457,2018-05-21,"医药行业每周观点:从三个方向继续深挖医药投资机会,重点推荐万孚生物、葵花药业等优质标的",安信证券
1458,2018-05-19,说“中国1.4亿男人ED”的常山药业跌停，白云山的“伟哥”销售火爆,国际金融报
1459,2018-05-18,国内ED患者1.4亿？ 常山药业数据“雷倒”深交所,财经网
1460,2018-05-18,"常山药业跌停 白云山""伟哥""火爆捷足先登国内市场",国际金融报
1461,2018-05-18,常山药业瞄准国产“伟哥”市场：白云山抢得首仿 20余家药企抢滩布局,每日经济新闻
1462,2018-05-17,"一心堂:云南以外区域业务占比持续提高,川渝地区2018Q1实现盈利",正点财经
1463,2018-05-17,白云山：5月16日融资余额为10.54亿元，较前一日骤增5.79%,Wind资讯
1464,2018-05-17,12只中药股股价创年内新高 3家公司净利连续十年增长,证券日报
1465,2018-05-16,[强于大市评级]部分医药个股纳入MSCI点评(医药生物行业)：医药部分个股纳入MSCI 看好长期价值,中财网
1466,2018-05-16,药企晒一季度“成绩单”：这9家赚了86亿,米内网
1467,2018-05-16,白云山翘尾涨停,中证网
1468,2018-05-16,【财神看市】A股中的那些“中华老字号”,阿尔法工场
1469,2018-05-16,A股最新入围MSCI名单出炉 6股绝佳布局良机,证券日报
1470,2018-05-16,加多宝5个包装规格产品提价,北京商报
1471,2018-05-15,涨停板解密：三大板块全面受追捧！（5月15日）,Wind
1472,2018-05-15,港股收评：恒指收跌1.23% 医药股逆市上涨,中证网
1473,2018-05-15,今日股市四牛与四熊：医药股领涨MSCI板块 白云山涨停并创新高,山东神光
1474,2018-05-15,恒指高开低走收跌1.2%，科网股走低,Wind
1475,2018-05-15,沪指延续震荡 创业板涨逾1% 突破大涨只差这一点,证券之星
1476,2018-05-15,涨停揭秘：市场震荡攀升 超跌次新再获青睐,巨丰财经
1477,2018-05-15,巨丰收评：密切关注市场量能变化,巨丰财经
1478,2018-05-15,白云山午后涨停 多只医药股领涨MSCI板块,证券时报网
1479,2018-05-15,白云山领涨医疗改革板块,证券之星
1480,2018-05-15,港股异动︱白云山(00874)AH股同步走高齐创52周新高 港股通持股占比增至28%,智通财经
1481,2018-05-13,【区域龙头引领板块新一轮上涨，MSCI纳入在即关注龙头机会—方正食品饮料180513】,虎哥的研究
1482,2018-05-09,[强于大市评级]海外医药行业一周回顾：互联网医疗：鼓励发展 加强监管,中财网
1483,2018-05-09,[优于大势评级]食品饮料行业周报：区域次高端白酒业绩加速 大众品龙头份额提升,中财网
1484,2018-05-08,[看好评级]食品饮料行业3月数据点评：名酒终端价维稳 肉价持续下行 啤酒产量增速回升,中财网
1485,2018-05-07,香港恒生指数收盘涨0.23%，三万点大关得而复失,Wind
1486,2018-05-04,白云山：业绩超预期 王老吉持续高增长可期,财通证券
1487,2018-05-03,[路演]白云山：2018年预计行业利润仍能维持两位数增长,全景网
1488,2018-05-03,白云山：医药靓丽添彩 强烈推荐评级,方正证券
1489,2018-05-03,巨丰早评：筑底之路不平坦,巨丰财经
1490,2018-05-02,26家药企最会赚钱：丽珠、康美、恒瑞、白云山…,米内网
1491,2018-05-02,港股异动︱王老吉业绩加速释放 白云山(00874)AH股齐涨均创52周新高,智通财经
1492,2018-04-28,白云山金戈等业务高速增长 助力股价二度涨停,中国网
1493,2018-04-27,数据王：3只白马股遭弃！这些医药股却逆市创出新高,巨丰财经
1494,2018-04-27,涨停板解密：医药股持续受追捧！（4月27日）,Wind
1495,2018-04-27,27日潜力排行榜居前的板块(附股),证券之星
1496,2018-04-27,CFi收盘揭秘：上证50V型反转是养老金低位建仓了？,中财网
1497,2018-04-27,港股异动︱一季度净利同比增长87% 白云山(00874)涨15%,智通财经
1498,2018-04-27,医药概念股早盘全线爆发 白云山涨停,中国经济网
1499,2018-04-27,板块异动：医药股再度上扬 白云山涨停,中金网
1500,2018-04-27,一季度利润同比暴涨86.76％ 白云山强势封涨停,金融界
1501,2018-04-27,医药股全面拉升，永安药业、白云山涨停,Wind
1502,2018-04-27,白云山2018年一季度实现净利9.05亿元 同比增长86.76%,中证网
1503,2018-04-27,医药行业个股普涨 白云山领涨,e公司
1504,2018-04-27,快讯：医疗服务早盘集体走强 白云山涨逾9%,中国经济网
1505,2018-04-26,白云山：一季度净利润同比增86.76%,Wind
1506,2018-04-26,白云山拟使用不超25亿元闲置资金进行现金管理,格隆汇
1507,2018-04-24,[增持评级]医药生物行业周报：调整行情下重视性价比优势 布局景气度高的优质成长股,中财网
1508,2018-04-24,医疗保健：港股新规推动创新医药公司上市 荐10股,中银国际
1509,2018-04-23,医药生物行业周报：短期调整不改长期看好 重点关注年报及一季报,中财网
1510,2018-04-20,零售头条：阿里收购中天微研发中国芯 有赞上市,联商网
1511,2018-04-20,一心堂挺进广东 与白云山和广药金申牵手,医药网
1512,2018-04-20,华泰联合证券有限责任公司关于广州白云山医药集团股份有限公司非公开发行股票之保荐总结报告书,证券时报
1513,2018-04-20,42家药企销售费用占营收比超30%，13家上市药企广告费超研发费用,Wind
1514,2018-04-20,医药零售整合疯狂一心堂、益丰药房加速,证券日报
1515,2018-04-20,白云山翘尾涨停,中证报
1516,2018-04-19,零售晚报：这16家企业成为首批南京市培育独角兽企业,亿邦动力
1517,2018-04-19,4月19日A股龙虎榜揭秘，机构最青睐5股,--
1518,2018-04-19,白云山龙虎榜数据（4月19日）,Wind资讯
1519,2018-04-19,白云山与一心堂 广药金申3亿挺近广东市场,亿邦动力
1520,2018-04-19,白云山再与一心堂联合 加速推进在医药连锁终端的布局,股城网
1521,2018-04-19,白云山(00874.HK)拟斥9000万元参设白云山一心堂 加速布局医药连锁终端,格隆汇
1522,2018-04-18,白云山(股票代码：600332)发布上海证券交易所对公司2017年年度报告的事后审核问询函的回复公告。,腾讯网
1523,2018-04-17,世界肿瘤日 健客首发季度健康消费大数据,财经网
1524,2018-04-16,[推荐评级]食品饮料行业周报：次高端逻辑陆续兑现 区域龙头估值待提升,中财网
1525,2018-04-12,医疗保健行业热点速评：流通龙头公司业绩预警引发担忧 短期行业承压 期待下半年回暖,中财网
1526,2018-04-12,广药董事长：消费升级的机遇，300亿的王老吉，毛利率92%的中国“伟哥”,和讯
1527,2018-04-11,白云山2017年年报收到上交所事后审核问询函,智通财经
1528,2018-04-10,深度挖掘低估值公司的修复行情—以低估值为主的防御型策略,财通证券
1529,2018-04-09,[买入评级]深度*行业*医药行业周报：国务院出台政策支持优质仿制药 将加快进口替代,中财网
1530,2018-04-08,券商评级:深挖释放业绩真成长 9股掘金,证券之星
1531,2018-04-06,白云山：2017年净利润20.62亿增近四成，拟每10股派3.81元,Wind
1532,2018-04-04,白云山(00874-HK)：合营公司收到《药品GMP证书》,财华社
1533,2018-04-04,中药板块防御性凸显 低估值股或迎修复机会,中证网
1534,2018-04-04,中药板块逆市上涨防御性凸显 5只成长股被低估受关注,证券日报
1535,2018-04-03,[强于大市评级]深度*行业*医药行业周报：溢价率处于13百分位 加配创新药械/服务/连锁药店,中财网
1536,2018-04-03,【天风研究·固收】信用早早报（4月3日）,固收彬法
1537,2018-04-02,中信建投：关注广药集团涉及重大诉讼及重大资产重组等事项,Wind
1538,2018-04-02,广州医药集团：下属公司白云山重大资产重组,Wind
1539,2018-03-29,118亿净资金流入 五大板块成资金热捧标的,证券之星
1540,2018-03-29,净利润首破20亿 白云山“金戈”等三大产品销量增长超三成,米内网
1541,2018-03-29,医药创新将迎黄金收获期 板块防御性凸显,中证报
1542,2018-03-29,创新药研发黄金收获期将至 六股将迎来腾飞良机,证券之星
1543,2018-03-29,创新药研发黄金收获期将至 4只绩优股受机构扎堆推荐,证券日报
1544,2018-03-28,同兴药业申请撤回裁决 白云山回购王老吉股权生波澜,每日经济新闻
1545,2018-03-28,一力制药业绩蹊跷增长：大客户解约自有产品“填坑” 消炎药出厂价涨逾2倍,每经网
1546,2018-03-27,同兴药业再度搅局白云山 回购王老吉药业股权又生波澜,e公司
1547,2018-03-26,医疗保健：生物科技带动板块热度持续上升 荐10股,和讯
1548,2018-03-21,今日资金抢入六只强势股一览（2018年3月21日）,中财网
1549,2018-03-21,[推荐评级]白云山(600332/00874.HK)公司动态：18年内生存在看点 广州医药并表有望增厚利润,中财网
1550,2018-03-21,白云山：综合毛利率提升 业绩增长好于预期,红周刊
1551,2018-03-20,[买入评级]白云山(600332/0874.HK)：2017年净利同比增长37% 业绩增长好于预期,中财网
1552,2018-03-20,早安！方正最新观点20180320,方正证券研究
1553,2018-03-19,豪掷重金分红，白云山是赚钱了还是赚钱了？,搜狐
1554,2018-03-19,早安！方正最新观点20180319,方正证券研究
1555,2018-03-16,白云山：2017年实现总营收290亿元 净利超20亿元,新浪医药
1556,2018-03-16,广药白云山2017年净利润同比增长36.71%,中证网
1557,2018-03-16,白云山2017年净利同比增36.71% 大品种增长理想,证券时报
1558,2018-03-16,【国信医药】白云山（0874.HK）结构优化效益提升，业绩好于预期,GuosenHealthcare
1559,2018-03-16,[港股]白云山2017年净利润20.62亿元 同比增36.71%,全景网
1560,2018-03-16,广东省今年将推进战略性重组 六股爆发在即,证券时报
1561,2018-03-15,公告精选：乐视网无任何引入投资者增资方案及意向，明起复牌；寒锐钴业3名股东拟合计减持股份不超7%,每日经济新闻
1562,2018-03-15,白云山：2017年度拟10派3.81元，证金公司整体增持,Wind
1563,2018-03-15,白云山：2017年净利增长36.7% 拟10派3.81,e公司
1564,2018-03-12,王老吉药业结束四年“无证经营” 总裁称回购股权具体执行还需时间,每日经济新闻
1565,2018-03-12,[强于大市评级]深度*行业*医药行业周报：每一次估值切换都是价值发现之旅,中财网
1566,2018-03-12,白云山旗下王老吉药业发布儿童药新品,证券时报
1567,2018-03-12,[推荐评级]食品饮料行业周报：提价潮中布局消费升级风口 业绩结合预期催化板块行情,中财网
1568,2018-03-06,[中性评级]深度*行业*医药行业周报：创业板回暖 建议加大中小市值配置,中财网
1569,2018-03-05,[推荐评级]食品饮料行业周报：继续看好白酒行情 静待一季报催化,中财网
1570,2018-03-05,"白云山:大健康大南药稳步增长,大商业做强做大可期",证券之星
1571,2018-02-28,白云山(00874)：星群药业与和记黄埔中药被认定为国家级“绿色工厂”,智通财经
1572,2018-02-28,[中性评级]2018年医药行业春季策略报告：平淡中孕育希望,中财网
1573,2018-02-27,健康中国纳入国家整体发展战略 行业有巨大增长空间,金融界
1574,2018-02-26,[推荐评级]食品饮料行业周报：春节销售陆续反馈 继续强调二线龙头的中长期投资机会,中财网
1575,2018-02-23,“国企改革概念”广州现象 A股搭台产业优势“二次”集聚,21世纪经济报道
1576,2018-02-13,辽宁食药监局：白云山活络止痛丸广告违规 暂停销售,中国网
1577,2018-02-13,[推荐评级]食品饮料行业周报：业绩和趋势不改 趁回调布局节后行情,中财网
1578,2018-02-13,巨丰热点前瞻：市场望迎结构性反弹,巨丰财经
1579,2018-02-13,A股迎来久违反弹，大盘或将企稳回升,第一财经
1580,2018-02-13,卫计委将加快实施健康中国战略 行业增长空间巨大(股),金融界
1581,2018-02-12,剥离非主业+注入医药商业资产 必康股份加速医药大健康全产业链布局,证券时报网
1582,2018-02-07,晨会聚焦180207：重点关注腾讯，旅游板块,国信研究
1583,2018-02-05,医疗保健行业周报：目前时点建议防御型配置 安全边际是核心,中财网
1584,2018-02-02,医药:新药注册申请与国际接轨 优质仿创仍为发展重点,证券之星
1585,2018-01-30,北京神农投资陈宇：A股“后散户”时代的大机会,和讯
1586,2018-01-30,专访北京神农投资总经理陈宇：A股“后散户”时代的大机会,红周刊
1587,2018-01-28,A股“后散户”时代的大机会,中财网
1588,2018-01-27,A股“后散户”时代的大机会——专访北京神农投资管理股份有限公司总经理陈宇,红周刊
1589,2018-01-25,白云山：1月24日融资余额为10.17亿元，较前一日骤增5.91%,Wind资讯
1590,2018-01-16,“两票制”致广州医药经营活动现金流净额为负,新京报
1591,2018-01-16,“两票制”致广州医药现金流净额骤降,新京报
1592,2018-01-15,医药生物行业周报：关注一致性评价及医药商业领域投资机会,中财网
1593,2018-01-14,医疗保健：关注一致性评价及医药商业领域投资机会 荐4股,川财证券
1594,2018-01-11,流感“高烧不退” 两类抗流感药物销售可观(受益股),金融界
1595,2018-01-10,“两票制”下的医药行业福兮祸兮？,环球老虎财经
1596,2018-01-10,瑞银：白云山目标价升至28.9元 维持买入评级,新浪
1597,2018-01-10,五日龙虎榜追踪 机构抢筹这14股,证券时报
1598,2018-01-10,*瑞银升白云山(00874.HK)目标价至28.9元 收购提升盈利,金融界
1599,2018-01-09,"白云山出昏招好事变损出,信心不足遭遇市场抛弃",银行信息港
1600,2018-01-09,股票1月9日评：逼空行情还能持续多久,证券之星
1601,2018-01-09,白云山收购广州医药:市值蒸发已超40亿 机构大额抛售,新浪
1602,2018-01-09,机构最近都在买这些股,证券时报
1603,2018-01-09,大参考：新能源车电机迎涨价潮 两股或开启井喷行情,巨丰财经
1604,2018-01-09,涨价题材接力狂飙：21个涨价细分行业42只龙头股,顶尖财经网
1605,2018-01-09,医药生物行业周报：环保高压延续原料药个股或持续走强,中财网
1606,2018-01-09,从3亿到负17亿，两票制对这家药商影响太大了,赛柏蓝
1607,2018-01-08,两票制惹的祸？广州医药去年1-9月现金流负17个亿！,健识局
1608,2018-01-08,白云山收广州医药复牌 股价大跌超7% 机构席位抛售逾4亿,经济观察网
1609,2018-01-08,1月8日A股龙虎榜揭秘，机构抢筹2股,--
1610,2018-01-08,复牌首日大跌 白云山遭五机构卖出4.71亿元,证券时报网
1611,2018-01-08,机构买入这3股 白云山复牌首日遭机构抛售逾4亿元,第一财经日报
1612,2018-01-08,白云山龙虎榜数据（1月8日）,Wind资讯
1613,2018-01-08,龙虎榜揭秘：敢死队大肆抢筹4股抛售4股 机构抛售6股,证券之星
1614,2018-01-08,“两票制”倒逼医药流通企业变革 广州医药纯销业务占比持续上升,21世纪经济报道
1615,2018-01-08,沪深两市上市公司复牌一览表（1月8日）,Wind
1616,2018-01-08,两医药营销书，太畅销了,赛柏蓝
1617,2018-01-07,白云山回复上交所：“两票制”致广州医药经营活动现金流净额为负,每日经济新闻
1618,2018-01-07,"白云山:收购广州医药30%股权,完善大商业版图",中国网
1619,2018-01-06,收购广州医药股权曾遭上交所问询 白云山拟下周一复牌,财富动力网
1620,2018-01-06,1月5日晚间上市公司利好消息一览（附名单）,证券之星
1621,2018-01-05,白云山拟控股广州医药8日复牌,顶尖财经网
1622,2018-01-05,1月5日晚重要停复牌,中证报
1623,2018-01-05,白云山：拟10.94亿收购广州医药30%股权 下周一复牌,e公司
1624,2018-01-05,白云山：1月8日复牌，拟购联合美华所持广州医药30%股权,Wind
1625,2018-01-05,原创药研发寥寥无几，“限抗”下抗生素行业陷“囚徒困境”,第一财经
1626,2018-01-05,医药港股2018年投资策略：强者恒强-掘金最具创新优势和长线价值的医药港股,国信研究
1627,2018-01-05,晨会聚焦180105：重点关注中青旅、中际旭创、宇通客车、木林森,国信研究
1628,2018-01-03,广药内部红罐绿盒两大凉茶势力并存：配方不同业绩相差六倍,华夏时报网
1629,2018-01-03,广药白云山业绩 或持续改善,南方日报
1630,2018-01-03,白云山新药头孢嗪脒钠获临床批件,中金在线
1631,2018-01-03,投3584万苦研10年白云山终获新头孢临床批文,每日经济新闻
1632,2018-01-03,“限抗令”下谋突围 白云山获抗生素新药临床批件,21世纪经济报道
1633,2018-01-02,上市公司正负面新闻2018年1月2日星期二,--
1634,2018-01-01,周一上市公司晚间重要公告,顶尖财经网
1635,2018-01-01,晚间重要公告2018年1月1日星期一,--
1636,2018-01-01,白云山：获得1类化学新药头孢嗪脒钠药物临床试验批件,e公司
