,2021-12-31,百润股份：公司未考虑进入白酒领域,Wind
0,2021-12-31,百润股份：目前公司在售系列产品中已有部分产品是零糖、代糖,每日经济新闻
1,2021-12-31,公司有无考虑进入白酒领域？百润股份：没有,每日经济新闻
2,2021-12-31,重大投资项目进展未披露 百润股份收上海证监局警示函 金融监管处罚,中证网
3,2021-12-31,百润股份：因未对重大投资项目进展进行临时披露，被出具警示函 金融监管处罚,新京报
4,2021-12-30,重大投资追加事项未及时披露 百润股份被出具警示函 金融监管处罚,e公司
5,2021-12-30,百润股份：上海证监局对公司出具警示函 金融监管处罚,e公司
6,2021-12-30,百润股份：收到上海证监局行政监管措施决定书 金融监管处罚,Wind
7,2021-12-28,节前A股“发红包”几率多大，7万亿板块要爆发？,Wind
8,2021-12-26,申港证券首予百润股份增持评级：时来天地皆同力,每日经济新闻
9,2021-12-21,主力紧急出手地产龙头、低位放量消费股出炉,Wind
10,2021-12-20,百润股份：频频募资VS持续大分红,证券市场周刊
11,2021-12-15,百润股份：公司产能布局基于中长期战略发展需要，暂时没有新增产能,每日经济新闻
12,2021-12-15,百润股份：公司香精业务有丰富的产品储备，目前不涉及电子烟相关业务,每日经济新闻
13,2021-12-15,百润股份：公司主营“RIO（锐澳）”牌预调鸡尾酒产品的研发、生产和销售,每日经济新闻
14,2021-12-13,RIO 鸡尾酒要涨价？创始人曾是卷烟厂工人，现身家超 35 亿美元,ZAKER
15,2021-12-13,贵州茅台78亿建包装物流园，多家酒企扩产动作不断,新浪
16,2021-12-13,【国海食饮 | 行业周报：板块持续走强，继续看好白酒岁末行情211212】,虎哥的研究
17,2021-12-13,华西证券：给予百润股份增持评级,证券之星
18,2021-12-13,一周酒讯丨茅台、五粮液座谈；前10月宜宾白酒营收1364亿元,新京报
19,2021-12-11,【华西食饮】百润股份（002568.SZ）：成长期远未结束,国金食品饮料寇星
20,2021-12-11,“吃”出来的投资机会：食品提价有望催生板块行情,Wind
21,2021-12-10,45股获机构买入型评级 百润股份关注度最高,格隆汇
22,2021-12-10,12月9日43只个股获券商关注，保龄宝目标涨幅达58.84%,每经网
23,2021-12-10,35股获券商买入评级，恒为科技目标涨幅达96.28%,Wind
24,2021-12-09,机构近五日调高7股评级,第一财经
25,2021-12-09,资本“上头”低度酒？RIO提价股市先嗨，百润股份红利能吃多久,华夏时报
26,2021-12-09,旗下主要产品将至少提价4%，百润股份涨停,新京报
27,2021-12-09,【解读】上调主要产品价格，股价跳空涨停！鸡尾酒龙头百润股份前景如何？,财华社
28,2021-12-09,百润股份宣布涨价，最高提价10%,环球老虎财经
29,2021-12-09,52股获买入评级 最新:保 龄 宝,中财网
30,2021-12-09,百润股份(002568)：目的、潜力与时点 关于预调酒提价逻辑探讨,新浪
31,2021-12-09,百润股份主要产品价格上调！年轻人爱喝的RIO鸡尾酒要涨价了,CNMO
32,2021-12-09,百润股份(002568)：提价超预期 看好公司长期增长潜力,光大证券
33,2021-12-09,12月9日百润股份涨停分析：饮料概念热股,证券之星
34,2021-12-09,百润股份25日起调价,搜狐
35,2021-12-09,百润股份(002568)事件点评：成本上涨驱动提价 利润弹性加大,国海证券
36,2021-12-09,【安信食品】百润股份：激励提价次第推出，品类经营稳健出众,安信食饮
37,2021-12-09,百润股份(002568)：低度龙头 行稳致远,新浪
38,2021-12-09,A股午盘综述：沪指大涨剑指3700点，深成指收复15000点；北向资金跑步入场！,Wind
39,2021-12-09,提价效应提振12月食品饮料预期，口子窖、百润股份涨停，食品ETF（159862）涨近3%,资本邦
40,2021-12-09,百润股份提价4%-10%，12月8日遭北向资金席位净流出,阿尔法工场
41,2021-12-09,快讯：百润股份涨停 报于68.22元,金融界
42,2021-12-09,快讯：公司主要产品价格上调4%-10%不等 百润股份高开高走触及涨停,新浪
43,2021-12-09,白酒概念持续走高 百润股份近涨停,红周刊
44,2021-12-09,百润股份首板，主要产品价格上调4%-10%不等,Wind
45,2021-12-09,百润股份高开逾4%，主要产品价格上调4%-10%,Wind
46,2021-12-09,盘前必读丨国产新冠中和抗体药来了，方大系正式入主海航航空主业,第一财经
47,2021-12-08,【开源食饮每日资讯1208】百润股份各系列产品出厂价上调4%-10%不等,宇光食饮日讯
48,2021-12-08,公告精选：*ST海航控股股东变更为方大航空；百润股份主要产品价格上调,e公司
49,2021-12-08,锐澳母公司百润股份宣布提价,北京商报
50,2021-12-08,百润股份12月25日起调整各系列产品出厂价，主要产品价格上调4%-10%,中华网
51,2021-12-08,快讯｜百润股份：因原辅材料、包材等成本上涨，上调产品出厂价4%-10%,财经网
52,2021-12-08,晚间公告｜12月8日这些公告有看头,第一财经
53,2021-12-08,百润股份(002568.SZ)：各系列产品出厂价上调4%-10%不等,格隆汇
54,2021-12-08,双节临近，“茅五泸”齐涨，消费股悄然崛起,Wind
55,2021-12-07,一周策略回顾与展望,新浪
56,2021-12-07,18股今日获机构买入评级,证券时报网
57,2021-12-07,食品饮料行业周报：老窖激励获批 顺鑫加快地产剥离 继续看多板块Q4行情,新浪
58,2021-12-07,百润股份(002568)公司点评：股权激励草案落地 绑定核心业务人员,新浪
59,2021-12-06,30股获买入评级 最新:晨光文具,中财网
60,2021-12-06,【国海食饮 | 行业周报：催化渐次落地提振情绪，白酒年末迎整体性反弹211205】,虎哥的研究
61,2021-12-06,广发证券：维持百润股份(002568.SZ)“买入”评级 目标价60.65元,智通财经
62,2021-12-06,国海证券：首予百润股份(002568.SZ)“买入”评级 股权激励 实现可持续发展,智通财经
63,2021-12-05,10股获买入评级 最新:川恒股份,中财网
64,2021-12-05,百润股份(002568)：股权激励激发活力 彰显长期发展信心,光大证券
65,2021-12-05,百润股份(002568)：股权激励方案出台 如何理解考核目标？,新浪
66,2021-12-05,百润股份(002568)事件点评：推出激励方案 与员工共享成长,国海证券
67,2021-12-05,食品饮料行业周报：老窖激励方案获批 把握白酒跨年行情,新浪
68,2021-12-03,百润股份(002568.SZ)拟推300万股限制性股票激励计划,格隆汇
69,2021-12-03,百润股份：推出2021年限制性股票激励计划,每日经济新闻
70,2021-12-01,食品饮料行业周报：白酒跨年行情可期密切关注提价进展,渤海证券
71,2021-12-01,百润股份：公司双十一期间在各大电商平台销售情况良好,每日经济新闻
72,2021-12-01,百润股份：公司坚定认为预调鸡尾酒行业具有长足的发展空间,每日经济新闻
73,2021-12-01,百润股份：公司香精业务有丰富的产品储备,每日经济新闻
74,2021-11-30,食品饮料行业周报：看好白酒估值切换 持续关注提价进展,新浪
75,2021-11-29,“喝酒”的张坤、刘彦春、萧楠、王宗合能翻身吗？,Wind
76,2021-11-23,板块强势反弹，看好白酒估值切换行情，大众品恢复在途,金融界
77,2021-11-22,食品饮料行业周报：白酒估值进入合理区间 静待大众品提价后业绩修复,新浪
78,2021-11-22,百润股份(002568.SZ)：潘煜取得《上市公司独立董事资格证书》,智通财经
79,2021-11-22,中信建投食品饮料行业2022年投资策略报告：今朝逆风前进，来日乘风破浪,Wind
80,2021-11-21,百润股份：伏特加及威士忌生产建设项目已基本建设完成,新京报
81,2021-11-21,食品饮料行业周报：白酒情绪回暖 关注板块跨年行情,新浪
82,2021-11-19,百润股份(002568.SZ)股东柳海彬质押190万股并解除质押56万股,智通财经
83,2021-11-19,百润股份：股东柳海彬累计质押股数为310万股,每日经济新闻
84,2021-11-18,食品饮料2022年投资策略报告：今朝逆风前进 来日乘风破浪,新浪
85,2021-11-17,预调鸡尾酒龙头百润股份现重大人事变动 涉及董事长、副总经、财务负责人等职务,中华网
86,2021-11-16,百润股份(002568.SZ)：持股5%以上的柳海彬质押120万股,格隆汇
87,2021-11-16,百润股份(002568.SZ)股东柳海彬质押120万股,智通财经
88,2021-11-16,食品饮料行业周报：双11战报出炉 乳品、零食龙头领跑,新浪
89,2021-11-16,公司的产品有没有在近期打算提高价格？百润股份：暂时没有,每日经济新闻
90,2021-11-12,百润股份接受4家机构调研！短期主力资金净流入，市场资金或早已察觉,每日经济新闻
91,2021-11-12,百润股份(002568)21Q3点评：收入符合预期 非经常性损益拖累利润增速 盈利能力下降,新浪
92,2021-11-11,食品饮料行业：需求复苏、估值筑底 2022年食品板块有望戴维斯双击,广发证券
93,2021-11-10,食品饮料提价潮 基金热情不高,金融投资报
94,2021-11-10,军工股走势强劲，芯片股人气回升,Wind
95,2021-11-09,食品饮料掀提价潮 基金布局热情不高,金融投资报
96,2021-11-09,大众品：至暗时刻已过，业绩有望边际改善,金融界
97,2021-11-08,【方正食饮211108】20-21年大众品板块复盘：至暗时刻已过，业绩有望边际改善,虎哥的研究
98,2021-11-04,【安信食品】百润股份：高基数下仍保持较快增长，扣非利润率稳升,北外滩食饮俱乐部
99,2021-11-03,可转债日报：预调酒龙头转债上市首日大涨31%，两只转债明日将迎最后交易日,Wind
100,2021-11-03,【方正食饮211103】食品饮料21年三季报综述：白酒趋势稳健向好，次高端亮眼，大众品需求仍在低位,虎哥的研究
101,2021-11-03,东方证券维持百润股份增持评级：预调酒业务欣欣向荣，扣非利润表现超预期,每日经济新闻
102,2021-11-03,食品饮料行业三季报业绩回顾：白酒业绩稳健 大众品面临成本压力,新浪
103,2021-11-02,华鑫证券：给予百润股份增持评级,证券之星
104,2021-11-02,安信证券维持百润股份买入评级：高基数下仍保持较快增长，扣非利润率稳升,每日经济新闻
105,2021-11-02,上海百润投资控股集团股份有限公司公开发行可转换公司债券上市公告书,证券时报
106,2021-11-01,百润股份：可转债将于11月3日起上市,财联社
107,2021-11-01,百润股份(002568.SZ)：11.28亿元可转债将于11月3日起在深交所挂牌交易,格隆汇
108,2021-11-01,德邦证券维持百润股份买入评级，三季报点评：业绩符预期，品牌产品年轻化,每日经济新闻
109,2021-11-01,德邦证券：给予百润股份买入评级,证券之星
110,2021-11-01,百润股份：前三季度净利润增长46.96% 预调酒占主营业务九成,中华网
111,2021-11-01,北向资金今日净买入7.11亿元，连续13日抢筹宁德时代累计加仓超76亿元,Wind
112,2021-11-01,百润股份：1128万张“百润转债”于11月3日起挂牌交易,每日经济新闻
113,2021-11-01,关于上海百润投资控股集团股份有限公司可转换公司债券上市交易的公告,深交所
114,2021-11-01,百润股份：没有参加今年的糖酒会,每日经济新闻
115,2021-11-01,图解百润股份三季报：第三季度单季净利润同比增13.54%,证券之星
116,2021-11-01,食品饮料行业周报：白酒分化首推汾酒老窖 食品优选啤酒乳业,新浪
117,2021-10-31,【开源食饮】食品饮料仓位回落，白酒获基金青睐——行业点评报告,宇光看食饮
118,2021-10-31,【百润股份三季报点评：保持稳健增长节奏，扣非利润率继续提升——方正食品饮料211030】,虎哥的研究
119,2021-10-29,RIO锐澳鸡尾酒母公司前三季度营收净利涨幅超40%,北京商报
120,2021-10-29,百润股份(002568.SZ)：第三季度净利升13.54%至1.94亿元,格隆汇
121,2021-10-29,百润股份：前三季度净利润同比增长46.96%,Wind
122,2021-10-27,百润股份：全资子公司获得政府补助,每日经济新闻
123,2021-10-27,张坤、刘彦春重磅发声！2大千亿顶流季报出炉,Wind
124,2021-10-27,薛洪言：预调鸡尾酒，这个赛道还能再火一次吗？,新浪
125,2021-10-27,“微醺经济”带火新赛道 令资本“上头”的低度酒前景几何？,投资者网
126,2021-10-23,银河龙头股票同类排名垫底，短期业绩遭质疑,Wind
127,2021-10-20,困在“一个人的小酒馆”，RIO需要新故事,36氪
128,2021-10-20,原料涨价推高调味品成本，机构高度关注9只概念股,Wind
129,2021-10-18,食品饮料行业周报：秋糖反馈积极 白酒业绩稳健建议加配 食品环比改善关注需求,新浪
130,2021-10-17,百润股份(002568.SZ)：拟使用募集资金对巴克斯酒业及其全资子公司提供无息借款以实施募投项目,格隆汇
131,2021-10-15,101股获买入评级 最新:爱 美 客,中财网
132,2021-10-15,西部证券给予百润股份买入评级：酒饮新势力，预调酒龙头成长正当时,每日经济新闻
133,2021-10-12,白酒双节旺季平稳度过，三季报业绩有保障,金融界
134,2021-10-11,食品饮料行业周报：次高端旺季表现超预期 预计秋糖反馈积极 建议加配白酒,新浪
135,2021-10-11,百润股份：公司伏特加威士忌工厂尚未正式投产,Wind
136,2021-10-11,【方正食饮211011】白酒双节旺季平稳度过，三季报业绩有保障,虎哥的研究
137,2021-10-11,华泰固收转债策略周报：变的不仅是股市风格，还有转债结构,Wind
138,2021-10-09,百润股份：公司预调鸡尾酒销售情况良好,每日经济新闻
139,2021-10-09,百润股份：公司伏特加威士忌工厂尚未正式投产,每日经济新闻
140,2021-10-08,食饮行业周报：白酒双节表现符合预期 重申食饮三大投资主线,新浪
141,2021-10-07,百润股份(002568.SZ)可转债网上中签结果出炉：中签号共13.2735万个,格隆汇
142,2021-10-07,转债中签结果：百润股份公布中签号,中财网
143,2021-10-07,融资超40次，低度酒依旧绕不开讲故事和OEM,联商网
144,2021-09-30,百润转债：Z世代的大众消费品种,新浪
145,2021-09-29,09.29 | 十一天猫超市茅台投放加量；品味舍得停货；金徽酒新设酒类销售公司,糖酒快讯
146,2021-09-29,转债申购结果：百润股份转债公布中签率,中财网
147,2021-09-29,百润转债申购价值分析：国元证券可转债研究-预调鸡尾酒行业领军者,新浪
148,2021-09-29,东北证券【新股】9月29日亚康股份、富吉瑞等申购，华尔泰、中捷精工等上市,东北证券金融世界
149,2021-09-28,【兴证固收.转债】品类拓展的预调酒龙头——百润转债投资价值分析,兴证固收研究
150,2021-09-28,百润股份：“百润转债”网上申购来了,每日经济新闻
151,2021-09-28,百润股份可转债发行网上路演将于9月28日14点举行,全景网
152,2021-09-28,食品饮料行业周报：次高端白酒Q3向好 调味品至暗已过,新浪
153,2021-09-28,百润转债：中国预调酒的龙头,新浪
154,2021-09-27,食品饮料：旺季来临 震荡中寻求超预期机遇,新浪
155,2021-09-27,百润股份(002568.SZ)：实控人刘晓东质押合计2011万股,格隆汇
156,2021-09-27,百润股份：公司产品销售目前以国内市场为主,每日经济新闻
157,2021-09-27,食品饮料行业周报：茅台新董事长带来新气象 海天引领大众品反弹,新浪
158,2021-09-26,【中金固收·可转债】百润股份转债投资价值分析,中金固定收益研究
159,2021-09-24,百润股份(002568.SZ)：“百润转债”将于9月29日开启申购,智通财经
160,2021-09-23,固定收益周报：转债下跌 谨防市场调整,新浪
161,2021-09-23,食品饮料行业周报：白酒动销平稳大众品望回暖,渤海证券
162,2021-09-22,“数据会说话”之2021年8月数据解读：8月疫情防控升级 社零增速不及预期,新浪
163,2021-09-22,食品饮料：基础建设年 稳中求进取,新浪
164,2021-09-22,食品饮料行业周报：中秋动销平稳白酒具备长期配置价值,新浪
165,2021-09-17,中国可转债策略周报：转债路演反馈,新浪
166,2021-09-15,百润股份(002568)：预调成长 绝对龙头 产品矩阵多渠道领跑行业,新浪
167,2021-09-14,德邦证券首予百润股份买入评级，百润股份：预调成长，绝对龙 头，产品矩阵多渠道领跑行业,每日经济新闻
168,2021-09-13,食品饮料：旺季来临 震荡中寻求超预期机遇,新浪
169,2021-09-13,固定收益周报：“高”不追 “疲”不打,新浪
170,2021-09-10,双节来临，“假日经济”给投资者送福利,Wind
171,2021-09-10,百润股份：证监会核准发行11.28亿元可转债,每日经济新闻
172,2021-09-10,百润股份(002568.SZ)公开发行可转债申请获中国证监会核准批复,智通财经
173,2021-09-10,百润股份(002568.SZ)：11.28亿元可转债计划获批,格隆汇
174,2021-09-10,食品饮料行业周报：白酒表现稳定 大众品迎拐点,渤海证券
175,2021-09-09,食品饮料行业2021年半年报业绩综述：白酒表现依旧稳健关注啤酒及乳制品,渤海证券
176,2021-09-05,食品饮料行业周报：白酒长期价值凸显 关注中秋旺季动销,新浪
177,2021-09-05,食品饮料行业周报：稳中求胜,新浪
178,2021-09-02,【异动股】酿酒行业板块下挫，百润股份(002568.CN)跌4.96%,财华社
179,2021-09-01,百润股份(002568.SZ)实控人刘晓东解除质押1440.6万股,智通财经
180,2021-09-01,百润股份：股东刘晓东累计质押股数约为1170万股,每日经济新闻
181,2021-08-31,上海百润投资控股集团股份有限公司 关于公开发行可转换公司债券申请获得中国证监会发审会审核通过的公告,证券时报
182,2021-08-30,证监会：贵州燃气、民和股份、百润股份三家公司发行可转债获通过,Wind
183,2021-08-30,百润股份(002568.SZ)公开发行可转债申请获得中国证监会审核通过,智通财经
184,2021-08-30,百润股份：发行可转债申请获证监会审核通过,每日经济新闻
185,2021-08-28,“千亿顶流”张坤隐形重仓股来了！,Wind
186,2021-08-20,食品饮料行业周报：啤酒提价启动 升级趋势不改,渤海证券
187,2021-08-17,【安信食品】百润股份：积极延展主业布局烈性酒，前景乐观,安信食饮
188,2021-08-16,【方正食饮210815】板块进入中报业绩和中秋预期的催化期,虎哥的研究
189,2021-08-13,预调酒是不是时间的朋友？行业龙头百润股份2年15倍 左手大额分红右手大额融资,新浪
190,2021-08-12,食品饮料行业月报：估值回落长线布局,渤海证券
191,2021-08-12,想抄明星基金经理作业，结果竟然……,Wind
192,2021-08-11,想抄明星基金经理作业，结果竟然,腾讯网
193,2021-08-11,抄明星基金经理作业能赚钱么？,Wind
194,2021-08-11,食品饮料行业周报：稳中求胜,新浪
195,2021-08-10,A股早报2021年8月10日星期二,Wind
196,2021-08-10,每日理财观察：央行发布二季度货币政策执行报告,Wind
197,2021-08-09,北向资金今日净买入44.66亿元，光伏股逆势遭大幅抛售,Wind
198,2021-08-09,涨停板解密：估值回升，食品饮料股遭资金抢筹！（8月9日）,Wind
199,2021-08-09,A股收盘综述：大小指数分化，“茅系股”走强“宁组合”低迷,Wind
200,2021-08-09,酒类股全面回暖，百润股份（002568.SZ）首板,Wind
201,2021-08-09,A股风格大逆转！芯片锂电股大跌，万亿巨头跳水,Wind
202,2021-08-09,A股午盘综述：大小指数分化，白马股全面回暖,Wind
203,2021-08-08,百润股份(002568)：缤纷预调酒 绚烂新征途,新浪
204,2021-08-06,转债商业模式系列报告六：逃不开的周期,新浪
205,2021-08-05,百润股份：上半年股东减持超10亿元 布局威士忌产业遭证监会问询 减持股份,面包财经
206,2021-08-03,食品饮料行业周报：稳中求胜,新浪
207,2021-08-02,食品饮料行业研究周报：白酒需自上而下拨云见日 关注食品超跌标的,新浪
208,2021-08-02,81股获券商买入评级 新城控股目标涨幅达108.40%,Wind
209,2021-08-01,一周酒讯丨高瓴岩恒拟投资金沙酒业；茅台等多家酒企发布半年报,新京报
210,2021-07-31,百润股份高速增长的背后隐患,凤凰网
211,2021-07-30,百润股份(002568)：经营效率不断优化 持续看好新品储备及推出,华福证券有限责任公司
212,2021-07-30,A股收盘综述：三大股指弱势整理，储能概念股井喷,Wind
213,2021-07-30,什么信号？张坤管理基金要更名，有4大变化,Wind
214,2021-07-30,46股获券商买入评级 志邦家居目标涨幅达107.75%,Wind
215,2021-07-30,策略日报：全球疫情反复 医药生物板块领涨,新浪
216,2021-07-29,汇添富基金7年老将风格单一 旗下基金重仓食品饮料年内“悲剧”,证券之星
217,2021-07-29,32股获机构买入型评级 百润股份、东鹏饮料关注度最高,证券时报网
218,2021-07-29,35股获机构买入型评级 百润股份、东鹏饮料关注度最高,证券时报网
219,2021-07-29,32股今日获机构买入评级12股上涨空间超20%,证券时报网
220,2021-07-29,西南证券首予百润股份买入评级，2021年半年报点评：产品+渠道共同发力，盈利能力再创新高,每日经济新闻
221,2021-07-29,广发证券：给予百润股份(002568.SZ)“买入”评级 目标价86.8元,智通财经
222,2021-07-29,华鑫证券给予百润股份审慎推荐评级：预调酒业绩表现亮眼净利率创近五年新高,每日经济新闻
223,2021-07-29,食品饮料行业周报：估值压力减小+高端仍为首选,渤海证券
224,2021-07-29,券商首次关注7股并给予买入评级（7月29日）,Wind
225,2021-07-29,西南证券首予百润股份买入评级：产品+渠道共同发力，盈利能力再创新高，目标价93.6元,每日经济新闻
226,2021-07-29,【东吴晨报0729】【行业】轻工、工程机械【个股】伟思医疗、百润股份、四环医药、容百科技、东诚药业,东吴研究所
227,2021-07-28,天风证券维持百润股份买入评级：预调酒业务持续放量，全产业链布局强化公司竞争力,每日经济新闻
228,2021-07-28,其他酒类-新消费系列专题二：以日本为镜观中国预调酒市场发展趋势,新浪
229,2021-07-28,安信证券维持百润股份买入评级：渠道下沉&产品推新助力快速增长，利润率稳步提升,每日经济新闻
230,2021-07-28,百润股份份(002568)2021年半年报点评：渠道下沉产品推新助力快速增长 利润率稳步提升,新浪
231,2021-07-28,安信证券：维持百润股份(002568.SZ)“买入-B”评级 目标价91元,智通财经
232,2021-07-28,A股收盘综述：沪指四连跌，创业板指止跌反弹,Wind
233,2021-07-28,食品饮料行业周报：稳中求胜,新浪
234,2021-07-28,二季度基金持仓分析：由表及里 策略具象,新浪
235,2021-07-28,东吴证券：首予百润股份(002568.SZ)“买入”评级 预调酒持续提速 业绩表现亮眼,智通财经
236,2021-07-28,百润股份(002568)2021年半年报点评：预调酒持续提速 业绩表现亮眼,新浪
237,2021-07-28,百润股份(002568)：2Q21业绩高增趋势延续 看好长期收入空间,新浪
238,2021-07-28,57股获券商买入评级，三一重工目标涨幅达97.37%,Wind
239,2021-07-27,东方证券维持百润股份增持评级：预调酒亮眼业绩持续高增，渠道完善新品推出蓄力成长，目标价83.25元,每日经济新闻
240,2021-07-27,百润股份(002568)：预调酒亮眼业绩持续高增 渠道完善新品推出蓄力成长,新浪
241,2021-07-27,光大证券：维持百润股份(002568.SZ)“买入”评级 预调酒业务高速发展 推动收入快速增长,智通财经
242,2021-07-27,百润股份2021上半年实现营业收入12.12亿元 正分阶段推出新产品,全景网
243,2021-07-27,百润股份半年报：营收净利双增 鸡尾酒毛利率下滑2个百分点,中华网
244,2021-07-27,方正证券：维持百润股份(002568.SZ)“强烈推荐”评级 预调酒保持高增 规模效应持续释放,智通财经
245,2021-07-27,中信建投：维持百润股份(002568.SZ)“买入”评级 目标价112元,智通财经
246,2021-07-27,华泰证券：维持百润股份(002568.SZ)“买入”评级 目标价下调33.4%至89.88元 机构下调估值,智通财经
247,2021-07-27,【百润股份中报点评：预调酒保持高增，规模效应持续释放】（2021-07-27）,虎哥的研究
248,2021-07-26,百润股份：上半年预调鸡尾酒业务同比增超五成，净利同比增超七成,新京报
249,2021-07-26,【开源食饮每日资讯0726】百润股份2021H1净利润同比增73.94%,宇光食饮日讯
250,2021-07-26,百润股份：上半年净利润同比增长73.94%,Wind
251,2021-07-26,晚间重要公告2021年7月26日星期一,Wind
252,2021-07-26,百润股份：上半年实现净利润3.69亿元，同比增长73.94%,36氪
253,2021-07-26,百润股份半年报：上半年净利3.69亿元同比增长74%,财联社
254,2021-07-26,百润股份：2021年半年度净利润约3.69亿元，同比增加73.94%,每日经济新闻
255,2021-07-26,百润股份(002568.SZ)上半年净利升73.94%至3.69亿元,格隆汇
256,2021-07-26,食品饮料行业：21Q2食品饮料基金持仓占比17.13% 环比下降1.88PCT,广发证券
257,2021-07-26,【百润股份（002568.SZ）】业绩持续高速增长，预调酒龙头地位稳固——2021年中报点评（陈彦彤）,光大证券
258,2021-07-25,【方正食饮210725】怎么看中报预期和板块未来走势？,虎哥的研究
259,2021-07-24,狂买这些股！新基金建仓大曝光,Wind
260,2021-07-23,食品饮料2020H1基金持仓分析：占比稳居第一 次高端与啤酒备受青睐,新浪
261,2021-07-23,【异动股】酿酒行业板块下挫，百润股份(002568.CN)跌4.8%,财华社
262,2021-07-23,18家千亿顶流基金公司调仓释放重要信息,Wind
263,2021-07-22,【开源食饮】食品饮料仓位回落，次高端白酒及啤酒获基金青睐 ——行业点评报告,宇光看食饮
264,2021-07-22,深度*行业*2Q21食品饮料基金仓位点评：食品饮料仓位小幅回落 白酒依旧受到青睐,新浪
265,2021-07-22,基金重仓股变化折射时代变迁，宁德时代晋升为公募基金第二大重仓股,Wind
266,2021-07-21,低度酒那么多，微醺的年轻人可能不够用了,新浪
267,2021-07-21,食品饮料行业周报：白酒景气延续以时间换空间,渤海证券
268,2021-07-20,张坤最爱还是它，3只基金共同持有2大龙头股,Wind
269,2021-07-20,张坤最新重仓股来了，傅友兴、冯波到底买了什么？,Wind
270,2021-07-19,食品饮料行业月报：高端白酒景气周期拉长大众品仍面临成本压力,渤海证券
271,2021-07-19,百润股份前次定增资金使用率不足7% 再拟发可转债融资12.8亿元,和讯
272,2021-07-15,食品饮料行业周报：稳中求胜,新浪
273,2021-07-15,A股收盘综述：金融绝地反击，稀土永磁午后崛起,Wind
274,2021-07-08,百倍市盈率的百润股份，如何解开高估值悖论,中国白酒网
275,2021-07-07,明星创业者、头部资本疯狂涌入的低度酒赛道，真那么香吗？,钛媒体
276,2021-07-06,食品饮料行业：必选大众品触底待反弹 白酒H2呈接力式发展,新浪
277,2021-07-06,资金流向分析,新浪
278,2021-07-05,百润股份：公司香精业务有丰富的产品储备,Wind
279,2021-07-04,13股获买入评级 最新:百润股份,中财网
280,2021-07-04,百润股份(002568)：新品迭出、渠道发力 二季度业绩持续超预期,新浪
281,2021-07-02,中国可转债周报：适合转债的走势划分、弹性重塑与PYTHON实践,新浪
282,2021-07-01,42股获券商买入评级，朗科智能目标涨幅达71.79%,Wind
283,2021-06-30,食品饮料行业研究周报：可选势头强劲至中报 H2必选数据有望回暖,新浪
284,2021-06-30,百润股份(002568)：预调酒业务向好 业绩表现亮眼,光大证券
285,2021-06-30,周谈 | Weekly Talk：可选势头强劲至中报，H2必选数据有望回暖,食品饮料光头阳线
286,2021-06-30,这些板块掀起涨停潮！中报披露季如何寻找高增长股？,Wind
287,2021-06-30,解盘：百亿资金流入，半导体、光刻胶、电解液、白酒领涨,Wind
288,2021-06-30,【百润股份事件点评：推新加速，连续第十个季度业绩超预期】（2021-06-30）,虎哥的研究
289,2021-06-30,【异动股】酿酒行业板块拉升，百润股份(002568.CN)涨10.0%,财华社
290,2021-06-30,A股异动|百润股份(002568.SZ)涨停料上半年净利同比增长超65%,格隆汇
291,2021-06-30,百润股份（002568.SZ）首板，中期业绩大幅预增,Wind
292,2021-06-30,百润股份：修正半年度业绩预告，预计基本每股收益0.47元-0.51元 业绩更正,Wind
293,2021-06-29,【开源食饮每日资讯0629】百润股份2021年半年度业绩预告净利润同比增长65%-80%,宇光食饮日讯
294,2021-06-29,百润股份(002568.SZ)半年度净利润预增65%-80%,格隆汇
295,2021-06-29,百润股份：上半年预计净利润同比增长65.0%~80.0%,Wind
296,2021-06-29,百润股份(002568.SZ)公开发行可转换公司债券申请获得中国证监会受理,智通财经
297,2021-06-29,百润股份：预计上半年净利润同比增长65%-80%,财联社
298,2021-06-29,食品饮料行业周报：关注白酒经营情况 啤酒动销超出预期,新浪
299,2021-06-24,食品饮料行业周观点：年中策略：坚持看好三条主线,新浪
300,2021-06-24,百润股份：RIO旗下“heypop 嘿泡泡”系列汽泡水5月已上线,Wind
301,2021-06-24,食品饮料行业周报：白酒景气度延续大众品首选啤酒,渤海证券
302,2021-06-22,食品饮料行业周报：稳中求胜,新浪
303,2021-06-22,食品饮料行业2021年半年度投资策略报告：白酒景气度分化 大众品啤酒更优,渤海证券
304,2021-06-18,快讯｜百润股份：国内预调鸡尾酒消费仍处培育过程中，未来罐装占比持续提升,财经网
305,2021-06-18,百润股份接受6家机构调研！短期主力资金净流出，存在资金分歧,每日经济新闻
306,2021-06-18,百润股份：会持续推出新品 近期微醺系列推出了新口味,e公司
307,2021-06-17,周谈 | Weekly Talk：啤酒旺季供销两旺，饮料板块有望全面回暖,食品饮料光头阳线
308,2021-06-17,食品饮料行业周报：情绪退潮 大浪淘沙,渤海证券
309,2021-06-16,食品饮料行业研究周报：啤酒旺季供销两旺 饮料板块有望全面回暖,新浪
310,2021-06-15,食品饮料行业2021年中期策略：白酒重视次高端红利 大众品关注啤酒、预调酒及速冻食品,广发证券
311,2021-06-15,【方正食饮210615】小酒情绪退潮，坚守行业长线趋势,虎哥的研究
312,2021-06-11,113家公司获机构调研（附名单）,证券之星
313,2021-06-11,揭秘送转股 132只除权以来股价上涨,证券时报网
314,2021-06-10,14股今日获机构买入评级,证券时报网
315,2021-06-10,食品饮料行业月报：成本持续上行 白酒情绪回落,渤海证券
316,2021-06-10,120家公司获机构调研（附名单）,证券之星
317,2021-06-10,【食饮】成本持续上行 白酒情绪回落——食品饮料行业月报——中报,渤海证券研究
318,2021-06-10,129只送转股走出贴权走势,证券时报网
319,2021-06-10,23股获券商买入评级，中远海控目标涨幅达67.03%,Wind
320,2021-06-09,48股获买入评级 最新:永高股份,中财网
321,2021-06-09,光大证券：百润股份（002568.SZ）预调酒巨头，目标价99.5元，首予“买入”评级,智通财经
322,2021-06-08,周谈 | Weekly Talk：啤酒旺季动销有望超预期，食品配料迎来春天,食品饮料光头阳线
323,2021-06-08,食品饮料行业周报：稳中求胜,新浪
324,2021-06-08,两市百元股数量达159只，科创板股票占38.36%,证券时报网
325,2021-06-07,想带起中国低度酒市场新风潮?可口可乐跨界卖酒能挺多久?,资本邦
326,2021-06-07,【方正食饮210607】小酒热度继续扩散，板块短期还看情绪催化,虎哥的研究
327,2021-06-04,百润股份：将加快烈酒基地升级项目建设进程,e公司
328,2021-06-04,抢权行情来临！下周11家公司高送转、43家高派现,Wind
329,2021-06-03,八大券商主题策略：看多白酒板块！5、6月份是一年内持有白酒股最好的时间段,中金在线
330,2021-06-02,【天风Morning Call】晨会集萃20210602,天风研究
331,2021-06-01,百润股份(002568.SZ)2020年度权益分派10转4派5元 股权登记日为6月7日,格隆汇
332,2021-06-01,百润股份(002568.SZ)每10股派5元,智通财经
333,2021-06-01,食品饮料行业研究周报：啤酒动销旺季有望超预期 次高端仍是当前主线,新浪
334,2021-06-01,周谈 | Weekly Talk：啤酒动销旺季有望超预期，次高端仍是当前主线,食品饮料光头阳线
335,2021-05-31,21股获券商买入评级，东鹏饮料目标涨幅达197.86%,Wind
336,2021-05-27,食品饮料行业周报：股东大会交流乐观 持续看好白酒板块,渤海证券
337,2021-05-27,百润股份(002568)：行业有望迎来新一轮较快增长 公司龙头地位稳固,广发证券
338,2021-05-26,低度酒正成为新的创业风口,金陵晚报
339,2021-05-26,低度酒赛道掀起第二轮投资热潮 原电子烟玩家集体涌入,金陵晚报
340,2021-05-25,晚间重要公告2021年5月25日星期二,Wind
341,2021-05-25,定增市场周报：竞价募足率环比下滑 本周解禁六成浮动破发 解禁,新浪
342,2021-05-25,食品饮料行业中期策略：寻找消费升级下结构性机会,新浪
343,2021-05-25,秒杀茅台五粮液，两年半股价飙涨15倍，一杯怪异的鸡尾酒,锦缎
344,2021-05-25,百润股份：减持计划完成，高原减持约66万股,每日经济新闻
345,2021-05-25,百润股份(002568.SZ)：董事高原已完成减持65.8825万股 减持股份,格隆汇
346,2021-05-25,百润股份：高原减持0.1229%公司股份 减持股份,Wind
347,2021-05-25,周谈 | Weekly Talk：二线三线全年发力可持续，大树底下好乘凉,食品饮料光头阳线
348,2021-05-25,【天风Morning Call】晨会集萃20210525,天风研究
349,2021-05-24,【方正食饮210524】市场情绪和一季报业绩短期主导板块行情,虎哥的研究
350,2021-05-24,中泰金工定向增发跟踪周报（05/23）,ZTQuant
351,2021-05-22,下周两市1110亿市值限售股解禁，环比增加74.82% 解禁,Wind
352,2021-05-21,粤开策略专题流动性观察：周期股有所回调(2021年第9期),新浪
353,2021-05-21,方正研究 | 2021年下半年宏观展望&六大行业中期策略报告,新浪
354,2021-05-20,食品饮料行业周报：成本压力仍存提价预期再起,渤海证券
355,2021-05-19,百润股份(002568.SZ)1604.98万股限售股于5月24日上市流通 解禁,智通财经
356,2021-05-19,百润股份：约1604.98万股限售股5月24日解禁，占比约3.00% 解禁,每日经济新闻
357,2021-05-19,股价两年半涨15倍 市盈率近140倍，百润股份名副其实吗？,新浪
358,2021-05-18,狂飙15倍，百润股份微醺还是大醉？,36氪
359,2021-05-18,百润股份：烟用香精为公司香精香料业务之一，占比很小,每日经济新闻
360,2021-05-18,百润股份：刘晓东解除质押1670万股,每日经济新闻
361,2021-05-18,百润股份(002568.SZ)：实控人刘晓东解押1670万股,格隆汇
362,2021-05-18,百润股份(002568.SZ)：与邛崃市政府签署了烈酒生产基地升级项目(二期)投资协议书,格隆汇
363,2021-05-14,直击百润股份股东大会：机构云集，董事长刘晓东指路预调鸡尾酒新风向,和讯
364,2021-05-13,直击百润股份股东大会，董事长刘晓东：预调鸡尾酒渗透率尚低 一线城市经销商网络仍有欠缺,每日经济新闻
365,2021-05-13,百润股份董事长刘晓东：预调酒品类在国内还不成熟,每日经济新闻
366,2021-05-13,新财富500富人榜：白酒企业无缘榜单，百润股份刘晓东以226.4亿元位列第200位,搜狐
367,2021-05-12,深“V”反弹，锐澳的回归是预调鸡尾酒市场的曙光吗？,糖酒快讯
368,2021-05-12,食品饮料行业一季报回顾：可选消费表现亮眼 必选消费有所承压,新浪
369,2021-05-12,百润股份：RIO旗下“heypop 嘿泡泡”系列汽泡水已上线,Wind
370,2021-05-11,老龄化程度加深，复盘日本十倍股，潜力股名单来了,Wind
371,2021-05-10,固定收益周报：“守正”易 “出奇”难,新浪
372,2021-05-09,上海区域股市周报：澜起科技市值缩水最多复星医药进入上海股市值前10强 连续下跌,每日经济新闻
373,2021-05-08,李迅雷：透过季报数据探讨投资方向,Wind
374,2021-05-06,百润股份(002568.SZ)董事高原减持计划时间过半 未减持公司股份,智通财经
375,2021-05-06,百润股份：部分董事减持计划时间已过半，尚未减持股票,每日经济新闻
376,2021-05-06,A股午盘综述：创业板指跌3.21%，疫苗概念深度回调,Wind
377,2021-04-30,A股早报2021年4月30日星期五,Wind
378,2021-04-29,百润股份：最近五年公司不存在被证券监督管理部门和深圳证券交易所处罚的情况,每日经济新闻
379,2021-04-29,百润股份：拟公开发行不超12.8亿元可转债,Wind
380,2021-04-29,“公募一哥”张坤“出手”天坛生物定增，最近半年三次参与定向增发,证券之星
381,2021-04-29,“公募一哥”近半年3次出手，这一把浮盈近100%,Wind
382,2021-04-29,这类投资火了！“公募一哥”近半年3次出手，这一把浮盈近100%！,中国基金报
383,2021-04-27,2021年基金一季报专题研究之二：四类基金画像 短跑、长跑、降仓、管大钱,新浪
384,2021-04-26,大消费行业周报：消费复苏+产品提价 二三线白酒市场关注度高,新浪
385,2021-04-25,最新！顶流基金重仓股大洗牌，40张图表全披露,Wind
386,2021-04-23,基金换打法：降仓位、填洼地、抓龙头,Wind
387,2021-04-22,百润股份净利飙毛利率降 首季张坤增持北向资金减持 盈利能力下降,中国经济网
388,2021-04-22,【百润股份年报及一季报点评：Q1预调酒收入再加速，连续第九个季度超预期—方正食品饮料210422】,虎哥的研究
389,2021-04-22,百润股份2020年盈利5.36亿，拟每10股转4股派5元,资本邦
390,2021-04-22,10张图一览社保、多名明星基金经理最新重仓股,Wind
391,2021-04-21,百润股份(002568.SZ)：拟在邛崃市建烈酒生产基地升级项目(二期),格隆汇
392,2021-04-21,快讯 | 百润股份去年营收增长31.2%至19.27亿元，今年Q1收入提升超5成,财经网
393,2021-04-21,百润股份2021年第一季度净利润1.3亿元，增长112％,中国白酒网
394,2021-04-21,百润股份(002568.SZ)一季度归母净利同比增112.15%至1.31亿元,智通财经
395,2021-04-21,百润股份(002568.SZ)2020年度净利润升78.31%至5.36亿元拟10转4派5元,格隆汇
396,2021-04-21,百润股份(002568.SZ)一季度净利润升112.15%至1.31亿元,格隆汇
397,2021-04-21,百润股份：2020年净利润同比增长78.31%，拟10转4派5元,Wind
398,2021-04-21,百润股份：全资子公司拟签署《烈酒生产基地升级项目(二期)投资协议书》,Wind
399,2021-04-21,百润股份：一季度净利润同比增长112.15%,Wind
400,2021-04-21,回血式上涨！白酒股狂飙还炸板，钢铁股价业绩双升，最高大涨70%,私募排排网
401,2021-04-20,增量资金集结造势，谁是基金新宠,Wind
402,2021-04-19,张坤持仓更均衡！易方达知名基金经理重仓股曝光,Wind
403,2021-04-19,易方达张坤：一季度增持计算机、医药，持仓结构趋于均衡,Wind
404,2021-04-19,张坤最新持仓曝光！十大重仓股有变动，保持高仓位，管理基金规模超1300亿元,上证报
405,2021-04-19,凌晨，张坤最新持仓曝光！基金规模超1300亿,Wind
406,2021-04-19,在管规模突破1300亿，张坤一季度大幅加仓医药、银行,Wind
407,2021-04-15,美特斯邦威，消失的未来路,《商学院》杂志
408,2021-04-13,【A股收盘综述】上证指数跌0.48%失守3400点，创业板指涨0.84%,Wind
409,2021-04-12,2020年饮品企业财报盘点：八成企业营收下滑 饮料生意不香了？ 盈利能力下降,GPLP犀牛财经
410,2021-04-09,两市百元股数量达134只，医药生物行业占比最高,证券之星
411,2021-04-08,百润股份：监事曹磊减持计划提前终止，减持公司股份约4.05万股 拟减持股份,每日经济新闻
412,2021-04-08,百润股份(002568.SZ)监事曹磊减持4.05万股 减持时间过半 减持股份,智通财经
413,2021-04-07,食品行业周报：1-2月全国规模以上酿酒企业总产量同比+37.96%,新浪
414,2021-04-06,【方正食饮210405】板块如期大涨，行情进入年报季报催化季,虎哥的研究
415,2021-04-03,周报︱白酒板块强劲反弹！泸州老窖领涨五大巨头,华夏时报
416,2021-04-02,百润股份 | 预调酒板块加速放量，公司业绩实现高增,食品饮料光头阳线
417,2021-04-02,23股获买入评级 最新:中京电子,中财网
418,2021-04-01,美特斯邦威，消失的未来路,商学院
419,2021-04-01,百润股份(002568)：21Q1业绩超预期 预调酒龙头增长空间广阔,新浪
420,2021-04-01,食品饮料行业周报：短期企稳反弹关注季报业绩,渤海证券
421,2021-03-31,张坤：评价一个投资人至少需要10年的维度,Wind
422,2021-03-31,【百润股份业绩快报&一季报预告点评：低度潮饮风口来临，RIO占据C位—方正食品饮料210331】,虎哥的研究
423,2021-03-31,东北证券--百润股份:高速增长的预调酒行业龙头【公司研究】,金融界股吧
424,2021-03-31,A股异动 | 百润股份(002568.SZ)涨4.8% 料一季度净利同比增100%-120%,格隆汇
425,2021-03-31,百润股份2020年净利增长近八成，预调鸡尾酒净利润约4亿,资本邦
426,2021-03-31,重磅！九大明星基金经理最新持仓和后市观点来了,Wind
427,2021-03-31,预调鸡尾酒发力 锐澳母公司百润股份营收净利双增长,北京商报
428,2021-03-30,重磅！“千亿顶流”基金隐形重仓股名单来了,Wind
429,2021-03-30,重磅！“千亿顶流”基金隐形重仓股名单来了，更有张坤、刘格菘、冯波、冯明远等明星基金经理最新研判,中国基金报
430,2021-03-30,易方达明星基金年报公布：腰部持仓不唯白酒 投资反思金句频频,新浪
431,2021-03-30,百润股份(002568.SZ)预计第一季度归母净利润同比增长100%-120%,智通财经
432,2021-03-30,百润股份(002568.SZ)2020年度归母净利润同比增长78.36%至5.36亿元,智通财经
433,2021-03-30,百润股份：2020年年度净利润约5.36亿元，同比增加78.36%,每日经济新闻
434,2021-03-30,百润股份：预计一季度净利润同比增长100%-120%,Wind
435,2021-03-30,百润股份：2020年净利润同比增长78.36%（业绩快报）,Wind
436,2021-03-30,“公募一哥”张坤隐形重仓股出炉，称对资本市场长期前景乐观,澎湃新闻
437,2021-03-26,百润股份：烟用香精占主营业务收入比例很小,Wind
438,2021-03-26,百润股份：烟用香精为公司香精香料业务之一，占主营业务收入比例很小,每日经济新闻
439,2021-03-23,RIO鸡尾酒母公司百润股份再发减持公告 高管曾半年套现近7亿 减持股份,科技新闻网
440,2021-03-23,近30家业绩预告出炉 看到“世界的参差”？,佳酿网
441,2021-03-22,百润股份：股东减持1.42%公司股份 减持股份,中证网
442,2021-03-22,百润股份(002568.SZ)股东柳海彬累计减持比例达1.42% 减持股份,智通财经
443,2021-03-22,百润股份：公司持股5%以上股东柳海彬减持约759万股 减持股份,每日经济新闻
444,2021-03-22,百润股份：持股5%以上股东柳海彬累计减持公司1.42%股份 减持股份,Wind
445,2021-03-22,策略日报：指数延续上行 化工板块领涨,新浪
446,2021-03-22,百润股份：盈利超预期 高管套现忙 减持股份,证券市场周刊
447,2021-03-22,A股早报2021年3月22日星期一,Wind
448,2021-03-22,【方正食饮210321】板块暂时真空期，静待糖酒会和一季报表现,虎哥的研究
449,2021-03-19,百润股份现2笔大宗交易合计成交380.41万股,证券时报网
450,2021-03-19,A股共发生99宗大宗交易成交22.02亿元（3月19日）,Wind
451,2021-03-19,透视大宗交易：3月19日共成交99笔，百润股份成交3.92亿元,每日经济新闻
452,2021-03-19,"百润股份现2笔大宗交易 共成交39,182.45万元",新浪
453,2021-03-19,百润股份今日大宗交易成交380.41万股，成交价103.0元溢价4.78%,Wind
454,2021-03-19,资产减值3.7亿，连续录得四连板，美邦服饰“不寻常之路”仍有机会？ 资产异常,第一财经
455,2021-03-19,A股早报2021年3月19日星期五,Wind
456,2021-03-19,每日理财观察：机构调仓换股路线图浮出水面,Wind
457,2021-03-18,金融街下午茶2021年3月18日星期四,Wind
458,2021-03-18,"百润股份现1笔大宗交易 共成交39,292.92万元",新浪
459,2021-03-18,百润股份今日大宗交易成交378.80万股，成交价103.73元溢价0.0%,Wind
460,2021-03-18,A股收盘综述：上证指数涨0.51%录得三连阳，石化、白酒、医美板块领涨,Wind
461,2021-03-18,沪指3连阳，外资半日大买36亿！这个板块涨停潮,Wind
462,2021-03-16,百润股份(002568.SZ)：烈酒(威士忌)陈酿熟成项目的实施主体巴克斯酒业已签订建设工程施工合同,格隆汇
463,2021-03-15,【方正食饮210315】白酒回归合理估值， 高成长性个股性价比显现,虎哥的研究
464,2021-03-12,周董也救不了美特斯邦威 服饰博物馆也要卖了依旧钱紧,新浪
465,2021-03-10,百润股份子公司拟收购美特斯邦威旗下企业房产,每日经济新闻
466,2021-03-10,知名品牌一年巨亏8个多亿，周杰伦曾代言 重大损失,搜狐
467,2021-03-10,美邦服饰卖房！百润股份子公司巴克斯酒业拟4亿接盘改造为酒类品鉴中心,资本邦
468,2021-03-10,百润股份旗下巴克斯酒业拟收购建立品鉴体验中心 增强消费者互动体验,财联社
469,2021-03-10,美特斯邦威拟卖资产“回血”：一年巨亏8个多亿 市值缩水300多亿 资产异常,发现网
470,2021-03-10,一年巨亏8个多亿，市值缩水300多亿，这家周杰伦曾代言的服装巨头拟卖资产“回血” 重大损失,每日经济新闻
471,2021-03-10,上市公司正负面新闻2021年3月10日星期三,Wind
472,2021-03-09,巨亏下美邦服饰拟卖资产“回血” 开馆15年的“服饰博物馆”将被用来展示RIO酒 重大损失,每日经济新闻
473,2021-03-09,美邦服饰卖公司模共实业百润股份接盘看中其持有的房产？,新京报
474,2021-03-09,晚间重要公告2021年3月9日星期二,Wind
475,2021-03-09,百润股份：子公司拟4.48亿元收购模共实业100%股权 有助于提升公司品牌价值,发布易
476,2021-03-09,快讯 | 百润股份：子公司巴克斯酒业4.48亿元收购上海模共实业，以用作烈酒品鉴空间,财经网
477,2021-03-09,百润股份(002568.SZ)：子公司拟4.48亿元收购上海模共实业100%股权,格隆汇
478,2021-03-01,创业板七连跌，价值洼地来了？低估值高增长股请收藏,Wind
479,2021-03-01,【方正食饮210228】行业基本面坚挺，市场因素导致板块大幅调整,虎哥的研究
480,2021-02-26,开盘冲涨停，通信板块迎修复？北上资金节后紧急调仓,证券时报网
481,2021-02-22,281万亿美元！全球债务创纪录，超级利好大宗商品？各类“茅”大跳水却是好事？又一条抄底主线来了！,每日经济新闻
482,2021-02-22,跌停板解密：6只前期强势股遭大单甩卖！（2月22日）,Wind
483,2021-02-22,百润股份龙虎榜数据（2月22日）,Wind
484,2021-02-22,酿酒板块午前跌幅扩大，茅五泸集体大跌,Wind
485,2021-02-20,这类投资突然火了！傅鹏博等顶流基金经理集体出手,中国基金报
486,2021-02-10,鼠年收官股民人均大赚14万，最牛A股暴涨14倍,中国基金报
487,2021-02-08,消费产业周报：本地消费活跃 静待牛年开启,新浪
488,2021-02-07,【方正食饮210207】春节消费旺销，聚焦业绩、聚焦趋势、聚焦龙头,虎哥的研究
489,2021-02-07,东北证券--百润股份：美酒三千，只取一罐微醺【公司研究】,金融界股吧
490,2021-02-05,百润股份（002568）：美酒三千，只取一罐微醺,食饮醉强歌
491,2021-02-03,两年涨15倍！继续看好RIO（锐澳）的理由何在,云掌财经
492,2021-01-30,本周北上资金逆市加仓电子股,Wind
493,2021-01-26,冷门板块蹿出大黑马！两年狂涨12倍，凭什么？,上证报
494,2021-01-25,百润股份：监事因误操作导致短线交易，误买入1000股,Wind
495,2021-01-25,百润股份(002568.SZ)：监事曹磊因误操作导致短线交易,格隆汇
496,2021-01-25,食品饮料2020Q4基金持仓分析 占比稳居第一 白酒加配明显,新浪
497,2021-01-24,【方正食饮210124】疫情影响春节消费结构，短期关注“享受型”宅家消费,虎哥的研究
498,2021-01-24,券商资管五大权益军团调仓路线图出炉：中信新进有色和工程机械，国君资管新进建筑，兴证新进中国平安，还有海康威视是“团宠”！,每日经济新闻
499,2021-01-21,65股携上证指数创新高，业绩成走牛关键,Wind
500,2021-01-19,百润股份上涨11倍 鸡尾酒的狂欢还能持续吗？,新浪
501,2021-01-19,食品行业周报：12月猪肉价格环比回升6.5％,新浪
502,2021-01-19,百润股份过山车上：削减销售费用保利润 模仿者加剧行业乱象,斑马消费
503,2021-01-18,机构、股东、高管争相买入这些业绩暴增股,证券时报网
504,2021-01-18,A股异动|百润股份(002568.SZ)涨停2020年度净利润预增70%-85%,格隆汇
505,2021-01-18,【食品饮料-苏铖】百润股份：年报预增超预期，轻库存助力Q1开门红,安信证券研究
506,2021-01-17,百润股份 | 点评：预调酒场景持续验证，公司竞争优势逐步扩大,食品饮料光头阳线
507,2021-01-17,【百润股份年报预告点评：业绩再超预期，低度酒饮势不可挡—方正食品饮料210117】,虎哥的研究
508,2021-01-17,【安信食品】百润股份：年报预增超预期，轻库存助力Q1开门红,北外滩食饮俱乐部
509,2021-01-16,上市公司正负面新闻2021年1月16日星期六,Wind
510,2021-01-15,百润股份：预调鸡尾酒及香精香料业务销售增长良好 2020年净利预增70%至85%,发布易
511,2021-01-15,晚间重要公告2021年1月15日星期五,Wind
512,2021-01-15,百润股份：预计2020年净利超5亿，增长70%-85%,中华网
513,2021-01-15,百润股份：预计2020年度净利润为5.1亿元-5.55亿元，同比增70%-85%,Wind
514,2021-01-15,百润股份业绩预告：2020年度净利润同比增长70%-85%,格隆汇
515,2021-01-12,抢购热度不减，公募掘金定增市场,Wind
516,2021-01-10,【方正食饮210110】提价、业绩和规划目标催化板块开年大涨,虎哥的研究
517,2021-01-10,首只食品ETF（515710）两日狂揽7.2亿元，新财富大咖后市观点精华合集,资本邦
518,2021-01-08,百润股份(002568.SZ)：董事高原拟减持不超66万股 拟减持股份,格隆汇
519,2021-01-08,百润股份：董事高原计划减持不超过0.12%股份 拟减持股份,Wind
520,2021-01-05,百润股份今日大宗交易成交26.50万股，成交价113.61元溢价2.18%,Wind
521,2021-01-04,并购、增产、提价……茅台携众白酒再创历史新高,Wind
522,2021-01-04,【方正食饮210104】2020年收官，白酒完成第五年强势上涨,虎哥的研究
523,2020-12-31,温故而知新！2021年哪些板块会走牛？,Wind
524,2020-12-31,巨头集体嗨了！这些指数创多年新高！机构：坚定看多！,e公司
525,2020-12-30,百润股份布局威士忌行业 提升自身鸡尾酒市场竞争优势,中研网
526,2020-12-28,【方正食饮201227】酒企经销商大会密集：传递积极信号，提振市场信心,虎哥的研究
527,2020-12-25,方正食品2021年度策略报告：短期高弹性，长期看好白酒次高端,方正证券
528,2020-12-23,消费行业日报：茅台力争打造成贵州省内首家世界500强企业,新浪
529,2020-12-22,精选丨三十回首：寻找巨人成长基因之百润股份,第一财经
530,2020-12-21,百润股份(002568.SZ)：实控人刘晓东解除质押2424.24万股,格隆汇
531,2020-12-21,百润股份：副总经理林丽莺减持0.1215%公司股份 减持股份,Wind
532,2020-12-21,百润股份(002568.SZ)：董事、副总经理林丽莺已减持63.8697万股 减持股份,格隆汇
533,2020-12-16,百润股份：监事曹磊拟减持25万股 拟减持股份,Wind
534,2020-12-16,百润股份：监事曹磊拟减持25万股股份 拟减持股份,格隆汇
535,2020-12-16,百润股份今日大宗交易成交120万股，成交价98.88元溢价2.66%,Wind
536,2020-12-14,【方正食饮201214】白酒情绪维持高位， 大众品成本上涨催化提价预期,虎哥的研究
537,2020-12-14,A股最强板块刷新历史纪录，10年翻3倍，股价还要涨？,证券时报网
538,2020-12-14,云南白药、百润股份等股近五日获机构净买入,证券时报网
539,2020-12-14,掘金龙虎榜 38股近期获机构净买入,证券之星
540,2020-12-13,龙虎榜揭秘：两大主力同向操作这14股,证券时报
541,2020-12-12,百润股份：公司财务负责人减持108.95万股，占总股本0.2% 减持股份,中华网
542,2020-12-11,百润股份：财务负责人张其忠减持0.2033%公司股份 减持股份,Wind
543,2020-12-11,百润股份(002568.SZ)遭副总经理张其忠减持108.95万股 减持计划完成 拟减持股份,智通财经
544,2020-12-11,百润股份(002568.SZ)：财务负责人张其忠已减持108.9475万股 减持股份,格隆汇
545,2020-12-11,五日龙虎榜追踪 机构抢筹这36股,证券之星
546,2020-12-10,龙虎榜：机构重金加仓百润股份 一线游资封板青青稞酒,第一财经
547,2020-12-10,A股早报2020年12月10日星期四,Wind
548,2020-12-10,百润股份创高内外资现分歧 市场遇冷游资备战开板新股,财富动力网
549,2020-12-09,一只票两波都涨10倍，小散“哭晕在厕所”！券商跳水怕不怕？大佬：这些行业还在儿童阶段！,每日经济新闻
550,2020-12-09,涨停复盘 | 白酒股已经强到没朋友 冷冬股受资金追捧逆势走强,第一财经
551,2020-12-09,机构现身17股，百润股份、河钢资源、梦网集团净买入位居前三！,第一财经
552,2020-12-09,12月9日龙虎榜，机构青睐这7股,证券时报网
553,2020-12-09,9只股股价创历史新高,证券时报网
554,2020-12-09,折叠A股：101家公司股价创新高，7成跑输指数,Wind
555,2020-12-09,百润股份龙虎榜数据（12月9日）,Wind
556,2020-12-09,百润股份今日涨停创新高，四机构买入1.49亿元,Wind
557,2020-12-09,为来年谋篇布局，机构重新聚焦成长板块,Wind
558,2020-12-08,百润股份(002568.SZ)将部分闲置募集资金不超过9亿元转为通知存款和定期存款方式存放,智通财经
559,2020-12-08,百润股份：股东柳海彬减持1.23%公司股份 减持股份,Wind
560,2020-12-08,百润股份(002568.SZ)：持股5%以上的柳海彬已减持1.23%的股份 减持股份,格隆汇
561,2020-12-07,"百润股份现1笔大宗交易 共成交14,595.16万元",新浪
562,2020-12-04,"百润股份现1笔大宗交易 共成交14,348.44万元",新浪
563,2020-12-04,食品饮料行业年度策略：聚焦业绩释放 坚守确定性,新浪
564,2020-12-04,多只基金浮盈过亿，定增市场成“香饽饽”,Wind
565,2020-12-03,易方达、东方红同时相中一股，高毅、宁泉、聚鸣竞相逐鹿这一赛道，布局跨年行情！,红周刊
566,2020-12-03,"百润股份现1笔大宗交易 共成交13,860.00万元",新浪
567,2020-12-03,酒类股尾盘拉升，百润股份、古井贡酒、山西汾酒领涨,Wind
568,2020-12-02,百润股份(002568.SZ)股东柳海彬质押686万股,智通财经
569,2020-12-02,百润股份(002568.SZ)：持股5%以上的柳海彬解质686万股,格隆汇
570,2020-12-01,招商证券基金评价|金融地产表现亮眼 明星基金经理现身增发公告,招商定量任瞳团队
571,2020-11-30,百润股份10亿扩产威士忌加速烈酒布局 两年股价涨1060%预调鸡尾酒成营收主力,长江商报
572,2020-11-27,寻求折价安全垫，基金积极参与定增,Wind
573,2020-11-26,百润股份(002568.SZ)：柳海彬11月24日减持124.05万股 减持股份,格隆汇
574,2020-11-26,A股午盘综述，上证指数跌0.13%，北向资金逆势净买入逾40亿元,Wind
575,2020-11-25,[公司]自筹顶替募集预先投入，百润股份拟加速威士忌陈酿熟成项目落地,全景网
576,2020-11-25,易方达张坤、萧楠刚大手笔杀入 这只曾经的10倍大牛股竟几近跌停,上证报
577,2020-11-25,百润股份(002568.SZ)拟使用募集资金对巴克斯酒业及巴克斯(成都)提供无息借款,格隆汇
578,2020-11-25,A股收盘综述：上证指数跌逾1%，创业板指跌逾2%,Wind
579,2020-11-25,发改委出手，调查新能车投资，这只股一度大跌9%！大黑马却8天7涨停,中国基金报
580,2020-11-25,A股午盘综述：上证指数跌0.22%，创业板指跌1.21%,Wind
581,2020-11-25,酿酒行业迎来大幅调整金枫酒业跌停百润股份、会稽山等前期暴涨股均大幅下挫 连续下跌,金融界
582,2020-11-24,"百润股份现1笔大宗交易 共成交9,821.02万元",新浪
583,2020-11-24,百润股份定增：易方达、东证资管旗下多只基金参与,资本邦
584,2020-11-24,食品饮料行业周专题：啤酒高端化新阶段 利润释放进入新周期,新浪
585,2020-11-24,大机构开始“戒酒”，多家酒企发减持公告,证券时报
586,2020-11-23,【光大金工|定增周报】本周定增项目发行折价空间较大，百润定增股份全部配售于公募基金,EBQuant
587,2020-11-20,华晨集团宣布破产重整：总负债超1300亿 旗下股票直线涨停 减资破产,腾讯网
588,2020-11-19,小酒涨疯了！今天白酒、黄酒、啤酒、鸡尾酒一齐上,上证报
589,2020-11-18,百润股份(002568.SZ)披露定增报告书：全部由易方达与东证资管认购,格隆汇
590,2020-11-18,百润股份(002568.SZ)定增1604.98万股新股将于11月23日上市,智通财经
591,2020-11-16,48股今日获机构买入评级5股上涨空间超50%,证券时报网
592,2020-11-16,【方正食饮201115】行情扩散，三四线白酒波动大，大众品继续回调,虎哥的研究
593,2020-11-14,食品饮料行业：食品饮料20Q3公募持仓占比提升4.24PCT 重回行业第一,广发证券
594,2020-11-11,食品饮料板块业绩总结：速冻等子板块百花齐放 白酒Q3修复抢眼,新浪
595,2020-11-10,食品饮料周专题-Q3 基金食品饮料持仓分析：持仓比重增加 伊利老窖重返前20 大,新浪
596,2020-11-09,【方正食饮201109】三季报业绩主导短期板块行情,虎哥的研究
597,2020-11-09,北上资金重点加仓股名单来了！连续7周加仓7股,证券时报网
598,2020-11-04,百润股份(002568.SZ)解除对锐澳营销借款担保,智通财经
599,2020-11-04,百润股份(002568.SZ)副总经理林丽莺减持40.1万股 减持股份,智通财经
600,2020-11-04,百润股份：董事林丽莺累计减持0.08%股份，减持时间过半 减持股份,Wind
601,2020-11-03,【2020年三季报总结：白酒业绩反转，大众品增速回归 —方正食品饮料201103】,虎哥的研究
602,2020-11-02,食品饮料行业周报：季报有喜有忧 长期仍看好,华福证券有限责任公司
603,2020-11-01,【安信食品】周专题—Q3基金食品饮料持仓分析：持仓比重增加，伊利老窖重返前20大,安信食饮
604,2020-10-30,【安信食品】周专题—啤酒高端化新阶段，利润释放进入新周期,安信食饮
605,2020-10-30,鸡尾酒领域的“茅台”——百润股份,网易
606,2020-10-29,上海百润投资控股集团股份有限公司 关于部分董事减持计划数量过半的进展公告 拟减持股份,证券时报
607,2020-10-28,百润股份(002568.SZ)副总经理林丽莺减持40.1万股 减持计划数量过半 拟减持股份,智通财经
608,2020-10-28,百润股份：董事减持0.077%股份，减持计划实施数量过半 拟减持股份,Wind
609,2020-10-26,消费产业周报：继续优先配置可选消费,新浪
610,2020-10-26,【方正食饮201025】季报密集披露，业绩波动影响高估值个股,虎哥的研究
611,2020-10-26,百润股份前三季净利3.8亿 2020黑啤酒行业市场规模分析,长江商报
612,2020-10-26,百润股份前三季净利3.8亿增近7成 加速布局烈酒寻新增长点,长江商报
613,2020-10-23,百润股份(002568)：预调酒板块延续高景气态势 公司量价齐升可期,新浪
614,2020-10-23,【百润股份三季报点评：Q3收入明显加速，预调酒消费氛围升温—方正食品饮料201022】,虎哥的研究
615,2020-10-23,【安信食品】百润股份：预调酒增长态势佳，品类成长性验证,北外滩食饮俱乐部
616,2020-10-23,百润股份(002568)2020年三季报点评：预调鸡尾酒业务延续高增 行业龙头尽享发展红利,新浪
617,2020-10-23,百润股份前三季度净利3.8亿元，增长67.7％,北京商报
618,2020-10-22,百润股份前三季度营收净利双增 年度数据有望继续保持增长,中证网
619,2020-10-22,晚间重要公告2020年10月22日星期四,Wind
620,2020-10-22,百润股份(002568.SZ)第三季度归母扣除非经常性损益的净利润1.33亿元,智通财经
621,2020-10-22,百润股份(002568.SZ)：前三季度净利升67.65%至3.83亿元,格隆汇
622,2020-10-22,百润股份：前三季度净利润同比增长67.65%,Wind
623,2020-10-19,百润股份：股东柳海彬质押40万股,Wind
624,2020-10-19,【三季度业绩前瞻： 白酒报表环比改善，大众品逐渐恢复常态 —方正食品饮料201019】,虎哥的研究
625,2020-10-16,百润股份(002568.SZ)：董事张其忠拟减持110万股 拟减持股份,格隆汇
626,2020-10-16,百润股份：董事张其忠拟减持不超0.21%股份 拟减持股份,Wind
627,2020-10-14,【安信食品】周专题—食品饮料Q3业绩前瞻及白酒旺季回顾,安信食饮
628,2020-10-11,【开源食饮周报1011】节日消费如期增长，关注秋糖渠道反馈,宇光看食饮
629,2020-10-09,日常消费观点聚焦：食品饮料行业3Q20业绩前瞻及推荐组合更新,新浪
630,2020-09-28,大消费行业周报：免税牌照依然稀缺 业务开展短期仍有挑战,新浪
631,2020-09-28,【方正食饮】行业周报200927：中秋动销反馈良好，舆论短期影响情绪,虎哥的研究
632,2020-09-28,21股获券商买入评级，华侨城A目标涨幅达60.90%,Wind
633,2020-09-28,食品饮料行业周报：酒企旺季渠道维护积极 Q3业绩复苏确定性高,新浪
634,2020-09-27,【开源食饮周报0927】茅台价格预期稳定，五粮液新品抢先机,宇光看食饮
635,2020-09-25,市场情绪一览,新浪
636,2020-09-25,9月25日龙虎榜，机构青睐这4股,证券时报网
637,2020-09-25,涨停复盘 | 大盘持续低迷 军工股逆势走强,第一财经
638,2020-09-25,百润股份龙虎榜数据（9月25日）,Wind
639,2020-09-25,百润股份三季报预喜今日涨停，机构借利好抛货,Wind
640,2020-09-25,三季度净利大幅预增 众兴菌业元隆雅图等涨停涨停,证券时报网
641,2020-09-25,百润股份 | 点评：预调酒板块景气度持续提升，看好公司长期发展,食品饮料光头阳线
642,2020-09-25,【安信食品】百润股份业绩预告点评：产品和营销两策略皆灵，独领预调酒风骚,安信食饮
643,2020-09-25,百润股份预计前三季度净利润增长60％至70％,中国白酒网
644,2020-09-25,上市公司正负面新闻2020年9月25日星期五,Wind
645,2020-09-24,200亿的预调酒市场去哪了？,读懂财经
646,2020-09-24,晚间重要公告2020年9月24日星期四,Wind
647,2020-09-24,百润股份(002568.SZ)：前三季度净利预增60%-70%,格隆汇
648,2020-09-24,百润股份：预计前三季度盈利3.66亿-3.89亿元，同比增长60%-70%,Wind
649,2020-09-22,百润股份：公司“箱”定义标准是“标准箱24瓶/罐”,Wind
650,2020-09-21,【方正食饮】行业周报200920：中秋终端动销启动，保持乐观预期,虎哥的研究
651,2020-09-21,食品饮料行业20年二季度资金仓位变动研究：行业基金持仓比例环比提升 白酒更受资金青睐,新浪
652,2020-09-10,"百润股份现1笔大宗交易 共成交2,500.00万元",新浪
653,2020-09-10,百润股份今日大宗交易成交51.82万股，成交价48.24元折价4.96%,Wind
654,2020-09-09,A股共发生107宗大宗交易成交26.98亿元（9月9日）,Wind
655,2020-09-03,百润股份(002568.SZ)：实控人刘晓东质押1029万股及解押2778万股,格隆汇
656,2020-08-31,百润股份(002568.SZ)：巴克斯酒业成都签署了国有建设用地使用权出让合同 资产异常,格隆汇
657,2020-08-24,百润股份非公开发行股票申请获证监会核准批复,上证报
658,2020-08-24,百润股份(002568.SZ)获核准非公开发行不超1.56亿股新股,格隆汇
659,2020-08-22,食品饮料板块股价冲高背后：中报业绩提振，券商再推乳业白酒,澎湃新闻
660,2020-08-21,疫情下的上半年，这些吃喝企业不愁“吃喝”,36氪
661,2020-08-21,疫情下食品饮料企业半年报：养猪、速冻食品赚翻时谁心伤？,中新经纬
662,2020-08-20,百润股份(002568.SZ)年报推10派6元股权登记日8月26日,格隆汇
663,2020-08-19,一瓶酱油“干翻”中石化！海天味业市值突破5300亿元,中国基金报
664,2020-08-19,“一瓶酱油”贵过“一桶油”！海天味业市值超中石化,中证报
665,2020-08-18,"百润股份现2笔大宗交易 共成交3,700.00万元",新浪
666,2020-08-18,百润股份今日大宗交易成交61万股，成交价60.65元溢价0.0%,Wind
667,2020-08-14,下周35股分红实施，三角度寻找潜力股,Wind
668,2020-08-13,MSCI指数调整！快看哪些A股纳入,上证报
669,2020-08-11,"百润股份现1笔大宗交易 共成交1,424.53万元",新浪
670,2020-08-07,下周37股分红实施，3倍疫苗股藏其中,Wind
671,2020-08-07,食品饮料行业周报：中报业绩逐渐披露关注乳制品成长性,渤海证券
672,2020-08-05,"百润股份现1笔大宗交易 共成交3,576.27万元",新浪
673,2020-08-05,逾6成预喜，食品饮料创历史新高，后市如何走？,Wind
674,2020-08-05,12股中期分红 百润股份派现最大方,证券时报网
675,2020-08-05,百润股份：上半年净利润增逾五成 拟壕派息3亿元,面包财经
676,2020-07-31,"百润股份现1笔大宗交易 共成交4,593.13万元",新浪
677,2020-07-31,下周37家公司分红实施，抢权行情来临,Wind
678,2020-07-31,8股中期分红 百润股份派现最大方,证券时报网
679,2020-07-31,上市公司中期分红一览,证券时报网
680,2020-07-31,53股昨日获机构买入评级 12股上涨空间超20%,证券时报网
681,2020-07-31,机构加减仓变动方向：25家公司现国家队身影,21世纪经济报道
682,2020-07-30,百润股份(002568)：持续高增验证前期逻辑 赛道思维重塑估值体系,新浪
683,2020-07-30,百润股份(002568)：预调酒表现强劲 费用率持续下降,新浪
684,2020-07-30,百润股份(002568)：预调酒业务加速趋势不改,新浪
685,2020-07-30,【面包财报】百润股份：2020年上半年归母净利润2.12亿元，同比增长55.02%,面包财经
686,2020-07-30,【百润股份中报点评：业绩继续超预期，增长可持续性强—方正食品饮料200729】,虎哥的研究
687,2020-07-30,百润股份(002568)：鸡尾酒业务Q2提速 费用投放效率提升提振业绩,新浪
688,2020-07-29,百润股份2020半年分配预案：拟10派6元,证券时报网
689,2020-07-29,亮眼！百润股份：2020年半年度净利润约2.12亿元，同比增加55.02%,每日经济新闻
690,2020-07-29,百润股份：上半年净利同比增55% 拟10派6元,e公司
691,2020-07-29,百润股份(002568.SZ)半年度净利润升55.02%至2.12亿元 拟10派6元,格隆汇
692,2020-07-29,百润股份：上半年净利润同比增长55.02%,Wind
693,2020-07-28,【开源食饮每日资讯0729】百润股份2020H1归母净利同比增长55.02%,宇光食饮日讯
694,2020-07-27,"百润股份现1笔大宗交易 共成交4,549.23万元",新浪
695,2020-07-27,百润股份(002568.SZ)：柳海彬解除质押900万股,格隆汇
696,2020-07-21,2020消费公司捞金榜：青海春天销售现金比率居尾 9家白酒公司下降 盈利能力下降,投资时报
697,2020-07-20,【安信食品|周观点】贵州茅台基本面强劲，白酒基本面有序恢复中,安信食饮
698,2020-07-13,强农惠农政策发布，机构看好，龙头量利双升,Wind
699,2020-07-13,百润股份：公司董事拟减持64万股 占股份总股本的0.12% 拟减持股份,中华网
700,2020-07-13,百润股份：副总经理林丽莺拟减持不超0.12%股份 拟减持股份,Wind
701,2020-07-13,午间公告2020年7月13日星期一,Wind
702,2020-07-13,预调鸡尾酒饮用场景创新市场盈利 百润股份上半年净利预增50%,中华网
703,2020-07-12,【安信食品|周专题】餐饮供应链—疫情催化变革，三全安井景气看长,安信食饮
704,2020-07-11,周杰伦带火Mojito 低酒精饮料风口来临？,中国经营报
705,2020-07-06,百润股份(002568)：新微醺引领 鸡尾酒龙头再启航,新浪
706,2020-07-06,食品饮料行业周专题：乳业访谈干货多 推荐大众品双子星伊利、双汇,新浪
707,2020-07-06,百润股份(002568)公司点评：鸡尾酒板块持续发力 规模效应随复苏而放大,新浪
708,2020-07-06,百润股份(002568)：业绩预告超预期 鸡尾酒延续强劲表现,新浪
709,2020-07-06,解盘：金融地产板块继续发力，沪指逼近3300,Wind
710,2020-07-06,A股午盘综述：上证指数大涨逾4%剑指3300点，券商再掀涨停潮,Wind
711,2020-07-06,A股异动 | 百润股份(002568.SZ)涨逾8% 料上半年净利同比增50%-60%,格隆汇
712,2020-07-03,百润股份：预调鸡尾酒业务良好 上半年业绩同比预增50%-60%,中证网
713,2020-07-03,百润股份：上半年净利润2亿元预增超50% 鸡尾酒销售良好,每日经济新闻
714,2020-07-03,百润股份：预计上半年净利润同比增长50%至60%,Wind
715,2020-07-03,百润股份(002568.SZ)半年度净利润预增50%-60% 预调鸡尾酒销售良好,格隆汇
716,2020-07-03,百润股份：上半年净利润同比预增50%-60%,格隆汇
717,2020-06-29,百润股份旗下成都巴克斯获政府补助 预计将增加公司本年度利润总额1368.10万元,发布易
718,2020-06-29,百润股份收到政府现金补助1368万元,上证报
719,2020-06-23,食品饮料行业研究周报：“赛道思维”驱动估值体系显着变化 半场验证持续升级,新浪
720,2020-06-23,解盘：大消费拉升，白酒、网络游戏、高价股、品牌龙头领涨,Wind
721,2020-06-22,食品饮料周专题：食品饮料2020年中报业绩前瞻,新浪
722,2020-06-20,百润股份产能低效忙融资扩产,证券市场周刊
723,2020-06-19,百润股份产能低效忙融资扩产,证券市场周刊
724,2020-06-19,消费行业日报：天猫618女性消费者购买茅台占比高达三成,新浪
725,2020-06-18,百润股份：实控人刘晓东解除质押公司股份1500万股,每日经济新闻
726,2020-06-18,百润股份(002568.SZ)：控股股东质押876万股及解押1500万股,格隆汇
727,2020-06-08,粤开食品饮料周观点：白酒板块领涨 夜经济短期或拉动啤酒及低端白酒消费,新浪
728,2020-06-08,食品饮料行业周报：白酒Q2 超额收益明显 可选复苏仍是主线,新浪
729,2020-06-07,【开源食饮周报0607】白酒淡季再提价，关注大众品复苏进程,宇光看食饮
730,2020-06-05,食品饮料行业研究：冠绝市场 牛市仍长,华安证券
731,2020-06-04,百润股份：非公开发行股票申请获得证监会受理,中证网
732,2020-06-02,跌停板解密：获利出逃，6只前期强势股封跌停！（6月2日）,Wind
733,2020-06-02,百润股份龙虎榜数据（6月2日）,Wind
734,2020-05-31,酒企转投威士忌是一阵风还是一个风口？,腾讯网
735,2020-05-29,百润股份(002568.SZ)：全资子公司完成设立登记手续并取得营业执照,格隆汇
736,2020-05-27,10瓶低度酒与1瓶53度飞天茅台，哪个“喝”起来更香？,北京商报
737,2020-05-20,割肉的哭了！苦等五年 他们 终于得救了！,搜狐
738,2020-05-19,食品饮料行业周报：消费动销如期逐步走强 乳制品行业实现边际改善,新浪
739,2020-05-14,食品饮料行业周报：消费复苏明显 消费升级持续,渤海证券
740,2020-05-13,布局威士忌 百润股份另辟蹊径,北京商报网
741,2020-05-13,百润股份募资10亿加码烈酒 国内威士忌市场升温竞争加剧,长江商报
742,2020-05-12,预调鸡尾酒一季度短暂缺货 百润股份拟募10亿加大基酒储藏能力,新浪
743,2020-05-11,5月11日你要知道的9条股市消息,中财网
744,2020-05-11,预调鸡尾酒2020年一季度短暂缺货，百润股份拟募10亿加大基酒储藏能力！,搜狐
745,2020-05-10,【百润股份事件点评：增发升级基酒产能，为长远发展夯实基础—方正食品饮料200509】,虎哥的研究
746,2020-05-09,百润股份募资10亿扩基酒产能，鸡尾酒市场震荡曾使净利下降130% 盈利能力下降,搜狐
747,2020-05-09,百润股份拟定增募资10.06亿元投资烈酒(威士忌)陈酿熟成项目,资本邦
748,2020-05-09,百润股份拟募集资金10亿元用于烈酒陈酿熟成项目,中国白酒网
749,2020-05-08,百润股份拟定增募资不超10.06亿元,金融界
750,2020-05-08,百润股份(002568.SZ)拟定增募资不超10.06亿元 用于烈酒(威士忌)陈酿熟成项目,格隆汇
751,2020-05-08,144家公司获机构调研（附名单）,证券时报
752,2020-05-06,【19年报和20一季报总结：最差时刻已过，关注板块后疫情影响的表现—方正食品饮料200505】,虎哥的研究
753,2020-05-05,【开源食饮周报0504】一季报业绩分化明显，把握二季度复苏机会,宇光看食饮
754,2020-04-29,巨·个股|对标白酒龙头！主力资金继续看好大消费 这一酒类龙头突破箱体？,巨丰财经
755,2020-04-27,机构合力封板百润股份 游资砸盘达安基因丨板块龙虎榜,第一财经
756,2020-04-27,【季报兑现影响，关注后疫情受益股—方正食品饮料200426】,虎哥的研究
757,2020-04-26,一季报曝机构行踪 多股业绩增长基金却“不待见”,中投网
758,2020-04-25,百润股份一季度营收净利双增 主要产品净利润同比增长近六成,证券日报
759,2020-04-25,业绩成个股上涨主推力，多只白马股创历史新高,Wind
760,2020-04-25,多股业绩增长 基金为何“不待见”,金融投资报
761,2020-04-25,一季报曝机构行踪：多股业绩增长 基金却“不待见”,新浪
762,2020-04-24,【安信食品】百润股份：疫情影响有限，微醺势头不减,微信
763,2020-04-24,4月24日A股龙虎榜揭秘，机构买入10股,Wind
764,2020-04-24,百润股份龙虎榜数据（4月24日）,Wind
765,2020-04-24,多股受益疫情业绩增长 却不受基金“待见”,金融投资报
766,2020-04-24,【民生食饮】百润股份（002568）2020年一季报点评：预调鸡尾酒显著放量，预收款及现金流亮眼,MS食品饮料
767,2020-04-24,【百润股份一季报点评：业绩表现靓丽，预调酒业务趋势明朗—方正食品饮料200423】,虎哥的研究
768,2020-04-24,五一临近，消费板块迎来“机遇”,第一财经
769,2020-04-24,美国确诊数将破百万，两大板块逆势走强，最新高送转名单曝光,证券时报网
770,2020-04-24,A股异动 | 百润股份(002568.SZ)涨停 鸡尾酒大卖助首季净利增四成,格隆汇
771,2020-04-24,【开源食饮每日资讯0423】百润股份2020Q1净利润同比增长45.16%,宇光食饮日讯
772,2020-04-24,百润股份涨停，一季度净利增四成,Wind
773,2020-04-24,百润股份2020年一季度净利润6173万元，增长45％,中国白酒网
774,2020-04-23,疫情之下鸡尾酒大卖 百润股份2020一季度净利增四成,e公司
775,2020-04-23,受益鸡尾酒产品，百润股份一季度净利增45.16%,资本邦
776,2020-04-23,百润股份(002568.SZ)一季度净利润升45.16%至6173.49万元,格隆汇
777,2020-04-23,百润股份：一季度净利润同比增长45.16%,Wind
778,2020-04-15,4月15日A股龙虎榜揭秘，机构抛售13股,Wind
779,2020-04-12,周谈|Weekly Talk：必选消费领跑一季报，食品超预期行情或将持续,食品饮料光头阳线
780,2020-04-10,[路演]百润股份：咖啡及新中式奶茶持续走热对公司香精香料板块的业务增长带来更多的商机,全景网
781,2020-04-10,[路演]百润股份：公司产品以折扣销售的方式给以经销商,全景网
782,2020-04-10,[路演]百润股份：公司已尝试开展直播带货,全景网
783,2020-04-07,【茅五批价继续回暖，下沉市场需求率先恢复—方正食品饮料200406】,虎哥的研究
784,2020-04-01,神州信息净利暴增近8倍 广深铁路深受香港事件和疫情影响,金融界
785,2020-04-01,上调评级至买入策略选股（4月1日）,Wind
786,2020-03-31,快讯年报 | RIO母公司百润股份2019营收14.68亿元，鸡尾酒业务强势砍下12.79亿元,糖酒快讯
787,2020-03-31,占主营收入87.61% 百润预调鸡尾酒业务2019年营收增两成,北京商报
788,2020-03-31,[年报]百润股份2019年赚3亿元 将推进烈酒全产业链建设,全景网
789,2020-03-31,【民生食饮】百润股份（002568）19年年报点评：业绩符合预期，长期成长可期,MS食品饮料
790,2020-03-31,巴克斯酒业拟在邛崃建设品牌文化体验中心,中国白酒网
791,2020-03-30,百润股份：2019年净利同比增143%,e公司
792,2020-03-30,百润股份：2019年净利润同比增长142.67%,中证网
793,2020-03-30,百润股份(002568.SZ)：拟投3亿元在邛崃市建巴克斯烈酒品牌文化体验中心,格隆汇
794,2020-03-30,百润股份(002568.SZ)2019年度净利润升142.67%至3亿元,格隆汇
795,2020-03-30,百润股份：为全资子公司提供1亿元担保 大额借贷担保,Wind
796,2020-03-30,百润股份：2019年净利润同比增长142.67%,Wind
797,2020-03-30,【白酒超跌修复启动，海外疫情升级必选受关注—方正食品饮料200329】,虎哥的研究
798,2020-03-29,周谈|Weekly Talk：必选类消费持续放大，白酒分化下重点推荐高端白酒,食品饮料光头阳线
799,2020-03-04,百润股份：股东减持期届满 累计减持股份比例达到公司总股本的0.09% 减持股份,中证网
800,2020-03-04,百润股份(002568.SZ)：财务负责人张其忠已减持48.5万股 减持股份,格隆汇
801,2020-03-04,百润股份：财务负责人张其忠减持0.0933%公司股份 减持股份,Wind
802,2020-02-27,[互动]百润股份：已复工复产 部分区域受物流影响仍然存在缺货现象,全景网
803,2020-02-25,【华泰食饮】2020年重点推荐五大标的最新跟踪,华泰食品饮料
804,2020-02-17,【安信食品】百润股份点评：春节动销良性，现代渠道库存加速去化,微信
805,2020-02-13,百润股份（002568）：居家独饮场景占比高，短期受疫情影响有限,食饮醉强歌
806,2020-02-12,东北证券：百润股份买入评级,东北证券
807,2020-02-10,【百润股份跟踪报告：疫情影响有限，家庭消费场景增加—方正食品饮料200207】,虎哥的研究
808,2020-01-31,百润股份（002568.SZ）: 看，那只参赛的乌龟！,搜狐
809,2020-01-15,盯盘:百润股份均线盘中黄金交叉,中财网
810,2020-01-14,百润股份(002568.SZ)：实控人解押3758万股及质押3510.24万股,格隆汇
811,2020-01-14,百润股份：股东3758万股解除质押，并将3510万股质押,Wind
812,2020-01-13,283家公司全年业绩预增,e公司
813,2019-12-30,【华泰食饮】茅台2020年销售计划3.45万吨——行业周报（第五十二周）,华泰食品饮料
814,2019-12-24,"百润股份现1笔大宗交易 共成交8,025.19万元",新浪
815,2019-12-24,百润股份今日大宗交易成交321.14万股，成交价24.99元折价7.38%,Wind
816,2019-12-23,44股今日获机构买入评级18股上涨空间超20%,证券时报网
817,2019-12-23,东北证券：百润股份买入评级,东北证券
818,2019-12-23,38股获券商买入评级 三利谱目标涨幅达57.19%,Wind
819,2019-12-20,43股今日获机构买入评级9股上涨空间超20%,证券时报网
820,2019-12-20,百润股份：行业新起点，预调酒龙头再起航,证券时报网
821,2019-12-17,"百润股份现1笔大宗交易 共成交7,828.04万元",新浪
822,2019-12-16,百润股份：1291万元回购股份 远低于回购计划金额,第一财经
823,2019-12-16,百润股份(002568.SZ)：回购期届满 回购总金额未达回购方案计划金额下限,格隆汇
824,2019-12-16,百润股份：回购总金额未达到回购方案计划金额下限,Wind
825,2019-12-14,下周401亿市值限售股解禁，环比增加95.22% 解禁,Wind
826,2019-12-12,百润股份(002568.SZ)：柳海彬及刘晓东合计解除质押2553万股,格隆汇
827,2019-12-11,【方正食品饮料】2020食品饮料行业推什么？,方正证券研究
828,2019-12-10,百润股份(002568.SZ)：600万股限售股12月16日解禁 刘晓东承诺36个月内不减持,格隆汇
829,2019-12-10,百润股份：600万股限售股12月16日上市流通 解禁,Wind
830,2019-12-04,百润股份：股东柳海彬质押686万股,Wind
831,2019-12-04,百润股份(002568.SZ)：张其忠已减持45万股 曹磊未减持公司股份,格隆汇
832,2019-12-04,百润股份：董事张其忠合计减持0.0866%公司股份 减持股份,Wind
833,2019-12-04,百润股份(002568.SZ)：股东柳海彬质押686万股,格隆汇
834,2019-12-03,A股共发生77宗大宗交易成交17.13亿元（12月3日）,Wind
835,2019-12-03,"百润股份现3笔大宗交易 共成交23,955.24万元",新浪
836,2019-12-02,百润股份(002568.SZ)截至11月底累计回购1291.32万元的股份,格隆汇
837,2019-12-02,【市场走弱白酒领跌，估值性价比逐渐显现—方正食品饮料191201】,虎哥的研究
838,2019-12-02,预调酒颓势渐深 路在何方？,佳酿网
839,2019-12-02,【方正食品饮料】百润股份：守得云开，预调酒迎来第二春,方正证券研究
840,2019-12-01,预调酒颓势渐深，RIO仍占80％份额，一家独大的幸与不幸,腾讯网
841,2019-11-26,11股获券商买入评级，兴齐眼药目标涨幅达49.89%,Wind
842,2019-11-25,【基本面淡季，未来趋势明确，短期调整为后市留下空间—方正食品饮料191124】,虎哥的研究
843,2019-11-18,百润股份称公司产品策略管控体系已提升,新京报
844,2019-11-12,【深度|国信食饮】11月投资策略：分化趋势中优选高确定性龙头,瑶食梦饮
845,2019-11-04,【19年三季报总结：白酒板块进一步分化，乳肉制品业绩超预期 —方正食品饮料191103】,虎哥的研究
846,2019-11-04,日常消费品：白酒业绩增速略有放缓 荐3股 盈利能力下降,中银国际
847,2019-11-01,百润股份(002568.SZ)继续刷新2016年1月以来新高 前三季预调鸡尾酒净利大涨92%,格隆汇
848,2019-10-30,食品饮料行业 | 业绩强分化，短期情绪扰动不改长期发展趋势 盈利能力下降,格隆汇
849,2019-10-29,【民生食饮】百润股份（002568）2019年三季报点评—鸡尾酒业务放量拉升业绩，公司未来可期,MS食品饮料
850,2019-10-28,【东兴食饮】百润股份：微醺助力业绩持续高增，消费场景逐步扩大,食品饮料光头阳线
851,2019-10-28,【业绩强分化，短期情绪扰动不改长期发展趋势—方正食品饮料191027】 盈利能力下降,虎哥的研究
852,2019-10-28,【百润股份三季报点评：收入利润再超预期，预调酒业务加速增长—方正食品饮料191027】,虎哥的研究
853,2019-10-28,百润股份前三季度营收超10亿 锐澳鸡尾酒立功,新京报
854,2019-10-28,百润股份营收净利双增 预调鸡尾酒业务持续发力,证券日报
855,2019-10-27,百润股份公布三季报 前三季净利增加75.23%,新浪
856,2019-10-27,百润股份(002568.SZ)第三季度净利润升77.53% 全年预增130%-160%,格隆汇
857,2019-10-27,百润股份：前三季度净利润同比增75.23%,Wind
858,2019-10-08,百润股份(002568.SZ)截至9月底累计耗资1291.32万元回购0.1964%股份,格隆汇
859,2019-09-27,三季报预喜股集中电子、科技领域 “聪明资金”提前布局,财富动力网
860,2019-09-23,[快讯]百润股份发布质押公告,中财网
861,2019-09-23,百润股份(002568.SZ)：实控人刘晓东解除质押7203万股及质押3130万股,格隆汇
862,2019-09-23,百润股份：实控人刘晓东所持1.09亿股处于质押状态，占公司总股本21%,Wind
863,2019-09-18,一天6家公司实施中报利润分配！填权行情即将上演？,重庆商报
864,2019-09-03,分化加剧，龙头更显稳健【申万食品饮料-吕昌、毕晓静】食品饮料2019年中报总结之大众消费品,申万食品饮料
865,2019-09-02,百润股份(002568.SZ)截至8月底累计耗资1291.32万元回购0.1964%股份,格隆汇
866,2019-08-29,土豪公司大盘点：26股年中股息率已超定存利率,证券时报
867,2019-08-27,物以稀为贵！半年报送转创新低，大数据筛选小而美,Wind
868,2019-08-21,超百股“剧透”三季报 这批绩优股逆市飙升值得一看！,红周刊
869,2019-08-21,社保基金大手笔加仓股名单来了,中财网
870,2019-08-21,三季度业绩预喜率超六成 10股前三季净利有望超去年全年,长江商报
871,2019-08-15,[快讯]百润股份公布2019年半年度分红实施方案,中财网
872,2019-08-15,百润股份(002568.SZ)年报推10派4元 股权登记日8月21日,格隆汇
873,2019-08-15,券商首次关注7股并给予买入评级（8月15日）,Wind
874,2019-08-15,"食品饮料行业周报:茅台直营方案落地,板块情绪重获提振",渤海证券
875,2019-08-13,百润股份董事、监事拟减持股份 预计减持不超总股本0.22% 拟减持股份,挖贝网
876,2019-08-13,百润股份：监事曹磊拟减持不超15万股 拟减持股份,金融界
877,2019-08-13,百润股份(002568.SZ)：部分董事、监事拟合计减持115万股 拟减持股份,格隆汇
878,2019-08-13,百润股份：多名股东拟合计减持100万股 减持股份,Wind
879,2019-08-07,A股三季报预告正式“开演”，弱市获利机会就在这几只绩优股,红周刊
880,2019-08-07,产业资本、金融资本齐发力，举牌风景这边独好！,Wind
881,2019-08-07,业绩超预期股逆势抗跌 9股获北上资金大手笔加仓,证券时报
882,2019-08-04,121只个股连涨3日以上，宏和科技涨159.25%居首,Wind
883,2019-08-02,中报分红预案扎堆出炉 哪些上市公司“红包”含金量最高？|聚焦财报季,第一财经
884,2019-08-01,上市公司中报分红预案扎堆出炉 “红包”含金量大幅提升,重庆商报
885,2019-08-01,"食品饮料行业周报:短期配置动力有限,长期坚守必有所得",渤海证券
886,2019-07-31,半年报业绩高增长，这些股票开启月线连涨模式（名单）,证券时报
887,2019-07-29,食品饮料行业周报:短期波动不改板块长期趋势,申万宏源
888,2019-07-27,那些年的RIO酒又“起死回生”了？百润股份净利暴涨、慷慨分红,环球老虎财经
889,2019-07-26,52股获券商买入评级 一心堂目标涨幅达76.13%,Wind
890,2019-07-25,"方正证券：将百润股份评级调高为""强烈推荐""",Wind
891,2019-07-25,方正证券：上调百润股份评级至强烈推荐,Wind
892,2019-07-25,百润股份：2019年前三季度业绩报告预告,深交所
893,2019-07-25,【百润股份中报点评：微醺放量，预调酒消费频次提升， 收入利润超预期—方正食品饮料190724】,虎哥的研究
894,2019-07-24,百润股份：2019年半年度报告主要财务指标及分配预案,深交所
895,2019-07-24,【长城食饮每日资讯0724】百润股份发布2019年半年度报告，净利同比增长73.72%,宇光食饮日讯
896,2019-07-24,百润股份上半年净利润同比增长74% 拟10派4元,中证网
897,2019-07-24,百润股份：上半年净利同比增长73.72%,第一财经
898,2019-07-24,百润股份2019年上半年净利1.37亿 预调鸡尾酒业务加大投入,挖贝网
899,2019-07-24,百润股份：上半年净利润同比增73.72%，拟10派4元,Wind
900,2019-07-24,百润股份：1-9月净利预增50%-70%,e公司
901,2019-07-24,百润股份(002568.SZ)中期净利润升73.72%至1.37亿元 拟每10股派4元,格隆汇
902,2019-07-24,百润股份：上半年净利润同比增73.72%,Wind
903,2019-07-10,主要矛盾切换 这些股获北上资金大幅买入,中证报
904,2019-07-09,中集安瑞科联手百润股份 拿下国内最大伏特加及威士忌酿造项目,证券时报网
905,2019-07-04,百润股份(002568.SZ)为伏特加及威士忌生产建设项目购买部分设备,格隆汇
906,2019-07-03,百润股份(002568.SZ)子公司获得政府补贴1465.73万元,格隆汇
907,2019-07-01,百润股份(002568.SZ)已累计回购102万股,格隆汇
908,2019-06-30,197只个股连续上涨3日及3日以上,Wind
909,2019-06-24,【市场走强板块弹性大，外资流入助推估值提升—方正食品饮料190623】,虎哥的研究
910,2019-06-11,百润股份近三年应收账款增速快于营收被问询 回复：经销商资金紧张 问询,挖贝网
911,2019-05-27,百润股份(002568.SZ)：柳海彬解除质押2299万股,格隆汇
912,2019-05-25,百润股份股东柳海彬减持1033万股 套现约1.54亿元,挖贝网
913,2019-05-24,百润股份：股东减持达到1%,Wind
914,2019-05-23,A股共发生36宗大宗交易成交8.81亿元（5月23日）,Wind
915,2019-05-23,百润股份今日大宗交易成交1033.44万股，成交价14.95元折价-1.01%,Wind资讯
916,2019-05-23,"食品饮料白酒价格数据4月版:Q1白酒高增速延续,Q2次高端品牌相继提价节奏明显",东兴证券
917,2019-05-13,[快讯]百润股份发布质押公告,中财网
918,2019-05-13,百润股份：股东质押206万股,Wind
919,2019-05-11,百润股份RIO“独木”强撑 6600万箱产能消化或成难题,中国经营报
920,2019-05-07,[路演]百润股份：佛山工厂预计年底前投产使用,全景网
921,2019-05-07,日常消费品：景气保持平稳 荐6股,申万宏源
922,2019-04-29,55只个股被逆市调高至“买入”，三维度挖掘反弹急先锋,证券日报
923,2019-04-25,【百润股份年报一季报点评：预调酒收入提速，调整中稳健前行—方正食品饮料190424】,虎哥的研究
924,2019-04-24,百润股份：2019年半年度业绩报告预告,深交所
925,2019-04-24,百润股份(002568.SZ)一季度净利升65.65%至4252.87万元 上边年净利预增40%-70%,格隆汇
926,2019-04-24,百润股份：一季度净利润同比增65.65%,Wind
927,2019-04-23,百润股份去年净利1.2亿元 同比下滑32% 董事长刘晓东薪酬95万元 盈利能力下降,挖贝网
928,2019-04-23,百润股份(002568.SZ)2018年净利润降32.24%至1.24亿元 盈利能力下降,格隆汇
929,2019-04-23,百润股份：2019年度对全资子公司提供不超过10亿元担保 大额借贷担保,Wind
930,2019-04-23,百润股份：2018年净利润同比减32.24% 盈利能力下降,Wind
931,2019-04-14,日常消费品：进入业绩密集披露期 五粮液加大改革力度,川财证券
932,2019-04-01,【百润股份一季报业绩预告点评：春节旺季销售强劲，新微醺稳步推进—方正食品饮料190331】,虎哥的研究
933,2019-04-01,一季度净利润预增50%-70% 百润股份涨停,金融界
934,2019-03-29,[快讯]百润股份公布第一季度业绩预告,中财网
935,2019-03-29,百润股份：预计一季度净利润同比增长50%-70%,Wind
936,2019-02-28,东兴证券2019年3月十大金股,东兴研究圈
937,2019-02-25,"食品饮料行业周报:白酒以价换量保增长,龙头消费升级抢份额",正点财经
938,2019-02-22,308份业绩快报“剧透” 50公司净利同比下降超100% 盈利能力下降,投资快报
939,2019-02-17,日常消费品：北上资金及春节延续行情推动板块上涨,川财证券
940,2019-02-14,百润股份：恢复后健康增长确定性强 强烈推荐评级,和讯
941,2019-02-14,25股获券商买入评级 保利地产目标涨幅达55.27%,Wind
942,2019-02-13,[互动]百润股份：新微醺产品销售情况良好,全景网
943,2019-02-12,近60家公司披露回购进展，康恩贝回购金额近6亿,证券时报
944,2019-02-11,30家公司披露回购进展 康恩贝回购金额已近6亿元,e公司
945,2019-02-11,A股早报2019年2月11日星期一,Wind
946,2019-02-10,日常消费品：春节动销强劲 荐5股,国盛证券
947,2019-02-01,A股共发生24宗大宗交易成交5.52亿元（2月1日）,Wind
948,2019-02-01,百润股份今日大宗交易成交476.70万股，成交价8.96元折价5.78%,Wind资讯
949,2019-01-31,[快讯]百润股份公布年度快报,中财网
950,2019-01-31,百润股份下调2018年利润：终止实施股票激励计划所致,挖贝网
951,2019-01-21,"食品饮料行业周报:qfii额度翻倍,白酒首先受益",正点财经
952,2019-01-07,[快讯]百润股份发布质押公告,中财网
953,2018-12-24,日常消费品：五粮液补短板促增长 荐11股,东兴证券
954,2018-12-21,百润股份股价大涨5.74%,中金在线
955,2018-12-21,百润股份将花不超3亿回购公司股份 用于股权激励,挖贝网
956,2018-12-21,"食品饮料行业十二月第三周周报:伊利扩品矿泉水,“提价+降本+减税”利好啤酒",东兴证券
957,2018-12-20,晨光生物战略画得太完美 业绩有点配不上,新浪
958,2018-12-11,日常消费品：大趋势下的小确幸 荐14股,东兴证券
959,2018-12-05,"食品饮料行业十二月第一周周报:大盘震荡微涨,白酒领涨食品饮料",东兴证券
960,2018-12-03,日常消费品：白酒领涨食品饮料 荐11股,东兴证券
961,2018-12-03,"食品饮料行业:五粮液系列酒提价,伊利加速海外布局",开源证券
962,2018-11-29,4个交易日17家公司发布回购预案 4只个股被机构看好,证券日报
963,2018-11-28,"食品饮料行业十一月第四周周报:大盘震荡回落,食品饮料防御性凸显",东兴证券
964,2018-11-27,多家公司加入回购大军，回购金额超900亿,e公司
965,2018-11-27,多家公司发布回购公告：横店东磁等获力捧,Wind
966,2018-11-27,百润股份：拟1.5亿元至3亿元回购股份,e公司
967,2018-11-27,百润股份：拟回购1.5亿元-3亿元股份,Wind
968,2018-11-26,日常消费品：食品饮料防御性凸显 荐11股,东兴证券
969,2018-11-19,日常消费品：社零消费数据放缓 荐15股,山西证券
970,2018-11-19,日常消费品：市场强势上行 荐11股,东兴证券
971,2018-11-18,日常消费品：高端白酒估值调整到位 荐4股,国盛证券
972,2018-11-05,上周机构调研123家公司数量飙升近四成，20只潜力股备受外资青睐,证券日报
973,2018-11-01,百润股份股东柳海彬补充质押150万股 占其所持股份的2.24%,挖贝网
974,2018-10-28,百润股份实际控制人刘晓东补充质押1666万股,挖贝网
975,2018-10-26,[快讯]百润股份发布质押公告,中财网
976,2018-10-23,百润股份近三年市值蒸发300余亿 RIO系微醺产品“井喷”业绩能否再现 连续下跌,财经网
977,2018-10-23,百润股份：微醺产品销售同比环比均实现较大幅度增长,Wind
978,2018-10-23,百润股份股东柳海彬质押200万股 占其所持的2.99%,挖贝网
979,2018-10-23,百润股份：微醺产品销售同比实现较大幅度增长,e公司
980,2018-10-23,百润股份：百润涅槃 低度酒精的革命和引领,红周刊
981,2018-10-19,百润股份股东质押1622万股 占比7.46%,挖贝网
982,2018-10-18,百润股份：2018年度净利同比预增0%-30%,e公司
983,2018-10-18,百润股份：2018年年度业绩报告预告,深交所
984,2018-10-18,百润股份：前三季度净利润同比增11.52%,Wind
985,2018-10-15,[看好评级]食品饮料行业周报：市场震荡 短期影响食品饮料 长期估值不变,中财网
986,2018-10-15,日常消费品：市场震荡 荐11股,东兴证券
987,2018-09-27,百润股份龙虎榜数据（9月27日）,Wind
988,2018-09-17,[快讯]百润股份公布2018年半年度分红方案,中财网
989,2018-09-17,日常消费品：食品板块迎中秋销售旺季 荐11股,东兴证券
990,2018-09-07,【申万食品饮料-吕昌、毕晓静】食品饮料2018Q2业绩总结之大众消费品：整体景气仍优，优质公司实力彰显,申万食品饮料研究
991,2018-08-28,上海百润投资控股集团股份有限公司发布今年上半年业绩报告,和讯
992,2018-08-27,食品饮料行业周报：茅台如期放量、中秋旺季启动，板块业绩确定性强,方正证券
993,2018-08-26,[推荐评级]百润股份(002568)中报点评：新战略推动预调酒品类的二次培育,中财网
994,2018-08-24,百润股份：香精业务未来几年有望保持较高增速,Wind
995,2018-08-24,百润股份预调鸡尾酒业务萎靡不振 现金流存压力,新浪
996,2018-08-24,[强烈推荐评级]百润股份(002568)中报点评：新品微醺焕发百润活力 激励费用短期影响不改长期逻辑,中财网
997,2018-08-22,[看好评级]食品饮料行业周报：食品饮料承压下行 紧握筹码待反击,中财网
998,2018-08-22,【百润股份中报点评：新微醺带动收入增长，短期扣非利润承压—方正食品饮料180821】,虎哥的研究
999,2018-08-21,百润股份：上半年净利同比增28% 拟10派1.2元,e公司
1000,2018-08-21,百润股份：上半年净利润同比增28.41%,Wind
1001,2018-08-21,食品饮料行业卓越推：广州酒家(603043),中财网
1002,2018-08-14,[看好评级]食品饮料行业周报：市场弱复苏 底部待确认 食品饮料不悲观,中财网
1003,2018-08-14,传嘉士伯收购锐澳 抱团取暖还是互相拖累？,新京报
1004,2018-08-08,[看好评级]食品饮料行业周报：市场情绪过度反应 食品饮料中期确定性强静待反击,中财网
1005,2018-07-26,[强烈推荐评级]百润股份(002568)深度报告：百润涅槃 低度酒精的革命和引领,中财网
1006,2018-07-25,[看好评级]食品饮料行业周报：中报业绩捷报频传 关注超预期个股,中财网
1007,2018-07-24,[看好评级]食品饮料行业周报：中报确定性的溢价 食品饮料不悲观,中财网
1008,2018-07-23,[看好评级]食品饮料行业周报：基金Q2持仓明显提升 继续看好板块配置价值,中财网
1009,2018-07-23,[推荐评级]食品饮料行业周报：6月白酒、啤酒产量同比下滑 不改行业中长期逻辑,中财网
1010,2018-07-23,[优于大市评级]食品行业周报：贵州茅台、五粮液加速改革值得关注,中财网
1011,2018-07-16,华讯投资：成于营销，也困于营销的百润股份,华讯财经
1012,2018-07-11,被综艺坑了的上市公司之百润股份:股价暴跌近80%,新浪
1013,2018-07-09,【申万食品饮料-吕昌团队】 周观点（7月第1周）：板块中期业绩确定 当前时点配置价值凸显,申万食品饮料研究
1014,2018-07-09,[看好评级]食品饮料行业周报：板块中期业绩确定 当前时点配置价值凸显,中财网
1015,2018-07-06,下周472亿市值限售股解禁，苏宁易购解禁市值近290亿,Wind
1016,2018-07-04,【长城食饮每日资讯0704】百润股份将解限重大资产重组部分限售股份,微信
1017,2018-07-04,百润股份：关于重大资产重组部分限售股份上市流通的提示性公告,深交所
1018,2018-07-04,[推荐评级]食品饮料行业周报：咬定业绩不放松 板块回调名优标的再现买入良机,中财网
1019,2018-06-15,下周816亿市值限售股解禁，环比减少一成,Wind
1020,2018-06-14,百润股份：收到政府补助2722万元,e公司
1021,2018-06-14,三年蒸发300亿！RIO的百亿泡沫神话,投资界
1022,2018-06-13,百家快消与零售企业角逐影响力TOP榜:谁将登顶榜首？,新浪
1023,2018-06-09,华创证券有限责任公司关于上海百润投资控股集团股份有限公司2017年现场检查报告,证券时报
1024,2018-05-29,明日最具投资机会六大牛股一览（2018年5月29日）,中财网
1025,2018-05-29,百润股份:竞争格局优化+产品力提升双轮驱动预调酒之王者归来,中证网
1026,2018-05-29,券商首次关注4股并给予买入评级（5月29日）,Wind
1027,2018-05-28,"食品饮料行业周报:世界杯行情独领风骚,建议关注食品投资机会",国海证券
1028,2018-05-22,[推荐评级]食品饮料行业周报：继续买入白酒超长周期 重视优质大众细分龙头,中财网
1029,2018-05-19,今年来逾三成并购标的业绩不达标,大众证券报
1030,2018-05-10,[推荐评级]食品饮料行业周报：2018年一季报总结 推荐小食品类公司,中财网
1031,2018-05-08,[看好评级]食品饮料行业周报：多一分耐心 少一分苛刻 理性看待龙头季报,中财网
1032,2018-05-03,百润股份：巨额收购巴克斯疑点重重 市值三年蒸发190亿,中金在线
1033,2018-05-02,百润股份49亿并购业绩暴雷 190亿市值蒸发坑惨股民,新浪
1034,2018-04-27,喝不醉的RIO，挂不住的55亿！,凤凰网
1035,2018-04-26,画饼充饥OR高瞻远瞩，大数据看A股多元化重组经历的三重门,--
1036,2018-04-25,创新助力食品饮料高景气 关注细分领域龙头,中证报
1037,2018-04-25,"百润股份一季报点评:短看收入下滑,长看恢复性增长",国海证券
1038,2018-04-24,食品饮料行业日报：FBIF 2018食品饮料创新论坛在上海召开,中财网
1039,2018-04-23,[推荐评级]百润股份(002568)季报点评：实际需求持续改善,中财网
1040,2018-04-22,百润股份：2018年半年度业绩报告预告,深交所
1041,2018-04-17,恢复期再遇挫 锐澳被告抄袭,北京商报
1042,2018-04-04,食品饮料行业月报：关注业绩稳健的超跌个股,中财网
1043,2018-04-03,因行业降温RIO母公司两年未达业绩承诺 期间销售人员减少2000余人,每日经济新闻
1044,2018-04-03,[看好评级]食品饮料行业周报：白酒及大众品纷纷预增 回归基本面 核心仍看业绩,中财网
1045,2018-04-03,食品饮料行业周报：啤酒个股业绩改善明显,中财网
1046,2018-04-02,[增持评级]食品行业周报：高端白酒业绩预期修正 可积极关注,中财网
1047,2018-03-29,百润股份：推出新微醺系列市场反响良好 将采取积极的营销策略,财富动力网
1048,2018-03-28,[路演]百润股份：新微醺系列产品目前正在加紧生产、补充渠道库存,全景网
1049,2018-03-28,[路演]百润股份：储备较丰富的预调鸡尾酒新产品 将适时推出,全景网
1050,2018-03-28,[路演]百润股份：预调鸡尾酒业务后续可实现持续稳定的增长,全景网
1051,2018-03-28,百润股份：长期来看国内预调鸡尾酒市场仍具有较好增长空间,Wind
1052,2018-03-23,2018年3月23日新闻发布会,深交所
1053,2018-03-21,锐澳业绩未达标 百润净利飙升暗藏玄机,佳酿网
1054,2018-03-21,预调鸡尾酒从“百花齐放”到所剩无几 市场渐归理性,每日经济新闻
1055,2018-03-20,RIO鸡尾酒“正反面”： 实控人“收获颇丰” 商标遭侵权“有苦难言”,每经网
1056,2018-03-20,百润股份“扭亏”背后： RIO母公司业绩承诺两年未完成,每日经济新闻
1057,2018-03-20,【申万食品饮料-吕昌团队】周观点（3月第3周）：耐心持股等风来,申万食品饮料研究
1058,2018-03-20,今日各大机构看好十大金股一览（3月20日）,金投网
1059,2018-03-16,A股共发生52宗大宗交易成交16.86亿元(3月16日),Wind
1060,2018-03-16,百润股份今日大宗交易成交30万股，成交价12.47元折价6.87%,Wind
1061,2018-03-16,百润股份并购后深陷亏损 再融资股东被套无保障,中金在线
1062,2018-03-16,食品饮料行业日报：我国瓶装水CR5占70%以上市场份额,中财网
1063,2018-03-16,百润股份并购后遗症 祸及再融资股东 实控人金蝉脱壳浮盈丰厚,21世纪经济报道
1064,2018-03-15,巴克斯酒业未实现业绩承诺 百润股份收购“踩雷”,北京商报网
1065,2018-03-15,百润股份公布2017年年度报告 公司整体业绩实现扭亏为盈,证券日报
1066,2018-03-15,百润股份(002568)2017年年报点评：预调鸡尾酒业务复苏增长，业绩扭亏为盈,国信研究
1067,2018-03-15,百润股份去年全年净利1.83亿同比扭亏为盈,酒业新闻网
1068,2018-03-15,百润股份扭亏为盈 背后暗藏危机,佳酿网
1069,2018-03-15,[推荐评级]百润股份(002568)观点聚焦：预调酒龙头2018年加速增长,中财网
1070,2018-03-14,百润股份：2017年年度报告主要财务指标,深交所
1071,2018-03-14,百润股份：2017年业绩同比扭亏净利为1.83亿元,Wind
1072,2018-03-06,[看好评级]食品饮料行业周报：基本面依然坚实 调整后才能走的更稳更远,中财网
1073,2018-03-06,食品饮料行业周报：舌尖上的春节告诉我们什么,中财网
1074,2018-03-05,【申万食品饮料-吕昌团队】周观点（3月第1周）：基本面依然坚实 调整后才能走的更稳更远,申万食品饮料研究
1075,2018-03-05,[增持评级]食品行业周报：财报季开启 业绩是硬道理,中财网
1076,2018-03-05,[推荐评级]食品饮料行业周报：继续看好白酒行情 静待一季报催化,中财网
1077,2018-03-05,"食品饮料行业周报:攻统计分析业绩快报,建议关注食品类龙头",国海证券
1078,2018-03-01,大参考：智慧交通再迎政策利好 两股或得突破契机,巨丰财经
1079,2018-02-28,预调鸡尾酒业务增长 百润股份2017年业绩扭亏为盈,证券时报
1080,2018-02-28,机构净卖出盈趣科技上亿元，游族网络现分歧,Wind
1081,2018-02-28,百润股份龙虎榜数据(2月28日),Wind资讯
1082,2018-02-28,涨停揭秘：中小创持续反弹 热点题材轮番炒作,巨丰财经
1083,2018-02-28,百润股份：收入及业绩符合预期,国海证券
1084,2018-02-28,百润股份2017年营收11.72亿 同比增长26.64%,佳酿网
1085,2018-02-12,【申万食品饮料-吕昌团队】周观点（2月第2周）：从“三高”到“三有” 食品饮料战略配置时点再次来临,申万食品饮料研究
1086,2018-01-29,A股共发生67宗大宗交易成交29.11亿元(1月29日),Wind
1087,2018-01-29,百润股份今日大宗交易成交217万股，成交价12.44元折价6.82%,Wind资讯
1088,2018-01-26,今日各大机构看好十大金股一览（1月26日）,中财网
1089,2018-01-25,"百润股份调研简报:夜店线上渠道增速快,餐饮渠道尚处打磨期",国海证券
1090,2018-01-10,卖香精的公司要上市，净利率堪比茅台！年营收30亿，利润10多亿……,环球老虎财经
1091,2018-01-03,大宗交易泄密！突击卖股增多，高位白马现获利了结迹象,--
