,2021-12-31,北向资金动向盘点：多点开花，平均推进,Wind
0,2021-12-31,北向资金扫货A股81亿元 增持银行减持电力（个股名单） 减持股份,21世纪经济报道
1,2021-12-30,数据复盘｜65股获主力加仓超亿元 北向资金抢筹招商银行、航发动力等,证券时报网
2,2021-12-30,北向资金锁定筹码连续四日扫货超125亿，招商银行获大幅净买入7.66亿元,Wind
3,2021-12-30,航发动力(600893.SH)及子公司收到政府补助1.2亿元,智通财经
4,2021-12-30,航发动力(600893.SH)及下属子公司1月1日至今累计收到政府补助1.2亿元,格隆汇
5,2021-12-30,【东北军工王凤华】行业周报：航天电子发布定增预案，产能释放加速行业需求分解,东北证券研究所
6,2021-12-27,国防军工行业研究周报：航空主机厂批产试飞完美收官 “十四五”高质量开局已奠定,新浪
7,2021-12-23,航发控制(000738.SZ)：中国航发南方转让500万股予航发资产公司获航发动力批准,格隆汇
8,2021-12-21,陕西区域股市周报：5亿融资买入隆基股份，康惠制药跌9.92%跌幅第一,每日经济新闻
9,2021-12-17,航发动力：公司控股股东由西航公司变更为中国航发，公司实际控制人仍为中国航发 控制人变化,每日经济新闻
10,2021-12-10,北向资金本周净买入额创历史新高，连续6日抢筹贵州茅台累计加仓超47亿,Wind
11,2021-12-10,“聪明钱”大手笔抢筹，跨年行情渐入佳境,Wind
12,2021-12-08,陕西区域股市周报：260家机构调研延安必康 陕西金叶涨30.23%涨幅第一,每日经济新闻
13,2021-12-08,巷观陕股〡260家机构调研延安必康，陕西金叶10天7板后闪崩,每日经济新闻
14,2021-12-06,晚间重要公告2021年12月6日星期一,Wind
15,2021-12-06,航发动力(600893)：子公司中拟通过公开拍卖方式购买资产 资产异常,资本邦
16,2021-12-06,航发动力(600893.SH)：黎明公司拟以公开拍卖方式购买黎明科技部分资产 资产异常,格隆汇
17,2021-12-06,航发动力(600893.SH)：南方公司拟大宗交易转让航发控制0.38%股权予航发资产,格隆汇
18,2021-12-06,航发动力(600893.SH)黎明公司拟不高于3.16亿元购买黎明科技相关资产,智通财经
19,2021-12-06,航发动力：拟非公开协议转让哈轴公司约3.33%股权,每日经济新闻
20,2021-12-06,航发动力(600893.SH)：南方公司将航发控制500万股股票转让给航发资产,智通财经
21,2021-12-04,天风2022年度策略·军工｜2022年新建产能将进入集中爬坡\达产期,天风研究
22,2021-12-02,航发动力：收到政府补助合计352.67万元,Wind
23,2021-11-30,陕西区域股市周报：1亿融资买入航发动力，5家上市公司被调研,每日经济新闻
24,2021-11-30,巷观陕股〡军工“隐身材料”冠军IPO过会，陕西金叶一周涨39.19%,每日经济新闻
25,2021-11-30,北向资金今日净卖出超34亿元11月累计加仓185亿，贵州茅台连续3日遭抛售,Wind
26,2021-11-29,航发动力获21家机构调研，公司毛利率下降因产品结构调整 盈利能力下降,阿尔法工场
27,2021-11-29,【中航证券军工】航发动力（600893）2021年三季报点评：2021Q3业绩提速，提质增效成效显著,中航军工研究
28,2021-11-28,国防军工行业周报：景气供需共振 关注军工电子、航发,广发证券
29,2021-11-28,国防军工行业周报：上游订货周期有望呈现 元器件最为直接,新浪
30,2021-11-26,航发动力接受11家机构调研！短期主力资金净流入，市场资金或早已察觉,每日经济新闻
31,2021-11-25,航空发动机专题深度报告(一)：把握历史发展机遇 航空发动机产业蓄势待发,新浪
32,2021-11-23,干货！2021年中国航空发动机行业市场竞争格局——航发动力：行业中的绝对龙头企业,前瞻研究院
33,2021-11-22,A股收盘综述：创业板指放量大涨重回3500点！宁德时代再创新高！,Wind
34,2021-11-22,【十大券商一周策略】一板块将成市场最确定主线,Wind
35,2021-11-21,国防军工行业：“供需共振”、“产能”、“空间” 景气稳增,广发证券
36,2021-11-19,国防军工行业周报：成长下的军工中枢向上 不断的布局机会,新浪
37,2021-11-19,朝闻国盛：向无风险化迈进？,新浪
38,2021-11-19,国盛证券：维持航发动力(600893.SH)“买入”评级 需求端中期快速成长,智通财经
39,2021-11-18,航发动力(600893)公司深度：我国军用航发总装唯一上市平台 万亿航发赛道上的“中国心”,新浪
40,2021-11-18,31股获买入评级 最新:天奈科技,中财网
41,2021-11-18,公募基金军工持仓创新高，航发动力6个月内获19家机构乐观评级,阿尔法工场
42,2021-11-18,陕西区域股市周报：总市值涨幅排名全国第1位 2只个股迎三类“热钱”流入,每日经济新闻
43,2021-11-18,融资客青睐10股，路德环境买入占比高达47.51%,Wind
44,2021-11-18,11股获券商买入评级 中国巨石目标涨幅达69.29%,Wind
45,2021-11-17,航发动力(600893)：航空强军 动力先行,新浪
46,2021-11-17,有哪些“显山不露水”的军工基金？,养基司令
47,2021-11-16,军工行业2022年年度策略：“十四五”需求里程碑式兑现 聚焦基本面把握结构性机会,新浪
48,2021-11-15,军工基金优选：基于重仓股预期收益率,新浪
49,2021-11-15,国防军工行业周报：航空产业链景气度持续高增 电科系资产证券化提速,新浪
50,2021-11-12,军工板块上中下游全面开花，多家券商认为有望保持高景气,Wind
51,2021-11-10,风格切换下A股资金去了哪里？,Wind
52,2021-11-10,军工行业：基本面趋势不改 盈利持续高增长,新浪
53,2021-11-09,军工板块获资金增配，机构持股最大增仓变动超50%,Wind
54,2021-11-09,军工行业2022年度投资策略：迎接十四五跨越式发展,新浪
55,2021-11-04,【华西军工】航发动力：航发景气度顺畅传导，业绩释放可期,机械军工e洞察
56,2021-11-04,国防军工：三季报业绩靓丽 进入发展快车道,新浪
57,2021-11-04,国防军工2021三季报综述：军工三季报增速40% 重点关注航发、导弹领域,新浪
58,2021-11-03,航发动力(600893)：营收业绩增长显著 上调关联交易预计额,新浪
59,2021-11-02,巷观陕股〡又108家机构扎堆调研，国际医学为何受关注？,每日经济新闻
60,2021-11-02,天风证券维持航发动力买入评级：单三季度营业收入环比+30%，跨越式发展驱动产品交付加速放量,每日经济新闻
61,2021-11-02,陕西区域股市周报：108家机构调研国际医学 3亿融资买入航发动力,每日经济新闻
62,2021-11-01,国防军工行业：基本面与关注度双升 格局、空间为要,广发证券
63,2021-11-01,国防军工行业周报：下游主机厂业绩释放如期而至,新浪
64,2021-11-01,国信证券：维持航发动力(600893.SH)“买入”评级 航发赛道高景气 营收规模快速提升,智通财经
65,2021-11-01,国防军工行业周报：基金配置比例环比提升 三季度业绩持续向好,新浪
66,2021-11-01,粤开策略 ｜ 2021年11月十大金股及市场展望,粤开崇利论市
67,2021-10-31,【最全】2021年中国航空零部件行业上市公司全方位对比(附业务布局汇总、业绩对比、业务规划等),前瞻研究院
68,2021-10-30,国信证券维持航发动力买入评级，2021年三季报点评：21Q3 营收快速提升，航发交付开始起量,每日经济新闻
69,2021-10-29,军工行业21Q3机构持仓分析,新浪
70,2021-10-29,航发控制：公司的控制系统产品主要用于航空发动机领域,Wind
71,2021-10-29,解盘：百亿资金流入，网游、食品、医疗、三胎概念领涨,Wind
72,2021-10-29,【异动股】航天航空板块拉升，航发动力(600893.CN)涨6.08%,财华社
73,2021-10-28,中航证券给予航发动力买入评级，2021年三季报点评：2021Q3 业绩提速，提质增效成效显著,每日经济新闻
74,2021-10-28,【招商军工】航发动力（600893）：三季度业绩加速改善，上调关联交易额度显示增长信心,招商军工研究
75,2021-10-28,国盛证券：给予航发动力买入评级,证券之星
76,2021-10-28,[公司]航发动力：前三季度净利润7.83亿元 同比增长23.58%,全景网
77,2021-10-27,航发动力(600893.SH)：第三季度净利增42.91%至3.22亿元,格隆汇
78,2021-10-27,图解航发动力三季报：第三季度单季净利润同比增42.91%,证券之星
79,2021-10-27,交卷！航发动力：2021年第三季度净利润约3.22亿元，同比增长42.91%,每日经济新闻
80,2021-10-27,航发动力：前三季度净利润同比增长23.58%,Wind
81,2021-10-26,国防军工行业周报：电科系上市公司表现亮眼 板块业绩增长确定性高,新浪
82,2021-10-22,季报行情打响 这三大行业稳增长势头不改,金融投资报
83,2021-10-21,航空发动机产业链：板块最高持续性赛道或将进入拐点 新型号维修带来中长期业绩弹性空间,新浪
84,2021-10-20,航发动力：公司有参与民用航空发动机的零部件研制及生产,Wind
85,2021-10-20,航发动力：公司及下属子公司目前未收到任何限电通知,Wind
86,2021-10-18,策略周报：“类滞涨”环境下的投资选择,西南证券
87,2021-10-18,国防军工行业周报：把握业绩确定性高及中下游抬升方向,新浪
88,2021-10-15,"航发动力现1笔大宗交易 共成交1,847.59万元",新浪
89,2021-10-15,航发动力今日大宗交易成交35.51万股，成交价52.03元折价3.0%,Wind
90,2021-10-14,拟减持5家公司股份 航空工业集团资本运作频频 拟减持股份,上证报
91,2021-10-12,【天风军工专题研究】天风问答系列,tf防务深评
92,2021-10-12,航发动力最新公告：拟向西航公司受让3宗土地及地上资产,证券之星
93,2021-10-12,航发动力(600893.SH)：拟向西航公司受让3宗土地及地上资产,格隆汇
94,2021-10-12,航发动力：公司对子公司下属公司实施破产清算 关联方问题,Wind
95,2021-10-12,航发动力(600893.SH)：拟对吉发公司实施破产清算 减资破产,格隆汇
96,2021-10-11,中信建投：维持航发动力(600893.SH)“买入”评级 军用航发需求旺盛,智通财经
97,2021-10-11,山西暴雨重创焦煤供应！煤炭狂飙电力承压，这些股票疯狂上涨,Wind
98,2021-10-11,解盘：资金回流，煤炭、军工、半导体、化工领涨,Wind
99,2021-10-11,航发动力、中航机电、爱乐达涨超5%，军工ETF（512660）涨超3%,资本邦
100,2021-10-10,国防军工行业：财报季临近 军工配置性需求上升,广发证券
101,2021-10-08,申万宏源十大金股组合,新浪
102,2021-10-08,策略周报：十月有望迎来开门红,西南证券
103,2021-10-07,国防军工行业周报暨10月策略：关注业绩确定性高及中下游业绩抬升的标的,新浪
104,2021-10-03,“全球首发”扎堆！上市公司竞技第十三届中国航展,Wind
105,2021-10-01,2021年中国燃气轮机行业产业链现状及区域市场格局分析 辽宁省企业数量分布较集中,前瞻研究院
106,2021-09-28,【行情】大飞机概念股异动拉升，航发动力、航发控制、中航沈飞等集体冲高，消息上，歼20用上国产发动机,金十数据
107,2021-09-28,大飞机板块异动，航发动力直线拉升3%,Wind
108,2021-09-28,陕西区域股市周报：板块总市值涨122亿 *ST大集涨12.46%涨幅第一,每日经济新闻
109,2021-09-27,中泰证券：首予航发动力(600893.SH)“买入”评级 受益国际航空制造业回暖复苏,智通财经
110,2021-09-27,陆家嘴财经早餐2021年9月27日星期一,Wind
111,2021-09-26,国防军工行业周报：板块触底回升 珠海航展大量新装备将亮相,新浪
112,2021-09-26,国防军工行业研究周报：珠海航展倒计时、俄新机型进度出炉 高景气赛道持续确认,新浪
113,2021-09-26,下周解禁股名单出炉！这一龙头解禁市值超三百亿 解禁,证券之星
114,2021-09-26,千亿“医美茅”300亿解禁！还有这些股解禁压力大,Wind
115,2021-09-26,千亿“医美茅”300亿解禁杀到！有股东浮盈超78倍，还有这些股解禁压力大（附名单） 解禁,中证报
116,2021-09-26,下周操盘攻略：长假临近，A股布局方向在哪？,Wind
117,2021-09-26,下周1003亿市值限售股解禁，环比减少22.37% 解禁,Wind
118,2021-09-22,国防军工行业周报：神舟十二号平安“回家” 天舟三号整装待发,新浪
119,2021-09-17,航发动力：本次限售股上市日为9月27日 占公司总股本8.51%,发布易
120,2021-09-16,晚间重要公告2021年9月16日星期四,Wind
121,2021-09-16,内蒙一机(600967)：签铁路货车合同；外贸高增长、业绩拐点向上,新浪
122,2021-09-16,航发动力(600893.SH)：2.21亿股限售股及28.8万股股改限售股将于9月27日解禁上市 解禁,格隆汇
123,2021-09-16,航发动力：约28.8万股限售股9月27日解禁，占比0.01% 解禁,每日经济新闻
124,2021-09-16,航发动力(600893.SH)2.21亿限售股于9月27日上市流通 解禁,智通财经
125,2021-09-16,航发动力：2.2亿股限售股9月27日上市流通 解禁,Wind
126,2021-09-15,1100家上市公司8700亿买理财，这类产品最受捧,Wind
127,2021-09-15,千余家上市公司购买理财产品,Wind
128,2021-09-14,军工行业周报：上半年经营及现金流持续向好 行业高景气度全面确认,新浪
129,2021-09-13,国防军工行业周报暨9月策略：军工短期调整是中长期配置良机,新浪
130,2021-09-13,军工板块半年报详尽分析：军工回调日 布局良机时,西南证券
131,2021-09-11,内蒙一机(600967)点评报告：获海外民品订单；期待军品放量、业绩拐点向上,新浪
132,2021-09-10,国防军工行业2021年中报财务分析：行业高景气再度确认 中下游扩产提速,新浪
133,2021-09-10,中国航发动力股份有限公司 收购报告书摘要,证券时报
134,2021-09-08,[公司]航发动力：国有股权无偿划转 中国航发为控股股东 减持股份,全景网
135,2021-09-07,航发动力(600893.SH)：航空工业集团拟将所持6.6%股份无偿划转给中国航发,格隆汇
136,2021-09-07,航发动力(600893.SH)国有股权无偿划转 控股股东变更为中国航发 减持股份,智通财经
137,2021-09-07,航发动力：控股股东将变更为中国航发 控制人变化,财联社
138,2021-09-07,军工板块回暖，航发控制一度大涨8%,Wind
139,2021-09-06,2分钟读财报 | 航发动力：预收款爆表高景气度确立 财报里还藏着另一个“航发动力”？,新浪
140,2021-09-04,“合同负债”大增藏玄机，军工赛道景气度料提升,Wind
141,2021-09-03,【异动股】航天航空板块下挫，航发动力(600893.CN)跌7.02%,财华社
142,2021-09-03,【异动股】航天航空板块下挫，航发动力(600893.CN)跌5.12%,财华社
143,2021-09-02,北向资金9天加仓近390亿，紫金矿业大幅净买入超11亿元,Wind
144,2021-09-02,航发动力(600893)中报点评：合同负债大幅增长853%；航空发动机龙头业绩拐点向上,新浪
145,2021-09-02,多家券商发布金股名单 看好高端制造和周期等主线,金融界
146,2021-09-01,财信证券首予航发动力谨慎推荐评级：业绩符合预期，新建脉动装配线，交付能力或将提升,每日经济新闻
147,2021-09-01,国海证券给予航发动力买入评级：Q2 增长加速，合同负债大幅增长，公司长期向上发展趋势明确,每日经济新闻
148,2021-09-01,快讯：航发动力跌停 报于61.27元,金融界
149,2021-09-01,国防军工多股跌停，国防军工ETF放量跌4.7%换手率超13%,Wind
150,2021-09-01,航发动力：公司有参加大飞机发动机零部件的研制,Wind
151,2021-09-01,航发动力(600893)：合同负债大增 看好航发龙头长期发展 偿债能力下降,广发证券
152,2021-08-31,北向资金连续7日净买入8月累计加仓270亿，中国平安逆势遭抛售超20亿,Wind
153,2021-08-31,航空航天与国防行业周报：重视军工主机厂的价值,新浪
154,2021-08-31,中航证券给予航发动力买入评级，近期获8份券商研报关注，目标均价涨幅26.36%,每日经济新闻
155,2021-08-31,北向资金动向盘点：“电新”总市值第一，“食品饮料”时代落幕,Wind
156,2021-08-31,【东北晨会0831】9月流动性展望/中化国际（深）、歌尔股份、阳光电源、航发动力、星期六、长城汽车,东北证券研究所
157,2021-08-31,【东北军工王凤华】航发动力（600893）中报点评：业绩稳步增长，航空发动机业务未来可期,东北证券研究所
158,2021-08-31,高景气赛道龙头股放量拉升，A股日成交额创今年以来新高,Wind
159,2021-08-30,A股资金流向（8月30日）：新能源持续吸金，“盐皇”遭大幅抛售,Wind
160,2021-08-30,航发动力2021年上半年实现净利润4.85亿元，同比增长14.28%,经济观察网
161,2021-08-30,千亿大白马闪崩跌停，各种茅大跌！新能源、军工爆发,Wind
162,2021-08-30,主力18亿抢筹航发动力，机构：军工行业进入黄金发展期,第一财经
163,2021-08-30,快讯：航发动力涨停 报于69.08元,金融界
164,2021-08-30,安信证券：维持航发动力(600893.SH)“买入-A”评级 目标价85元,智通财经
165,2021-08-30,兴业证券：维持航发动力(600893.SH)“增持”评级 合同负债爆发式增长 新机型预研突破瓶颈,智通财经
166,2021-08-30,天风证券维持航发动力买入评级：合同负债248亿，大增84.81%兑现行业高景气度,每日经济新闻
167,2021-08-29,国信证券维持航发动力买入评级，2021年半年报点评：21Q2净利率达6.9%，合同负债248亿，业绩拐点已现,每日经济新闻
168,2021-08-29,航发动力(600893)：业绩拐点初现 合同负债大增785% 偿债能力下降,新浪
169,2021-08-29,航发动力(600893)：21Q2净利率达6.9% 合同负债248亿 业绩拐点已现 偿债能力下降,新浪
170,2021-08-28,航发动力上半年净利增12.94%，预收款220亿元环比增长8倍,阿尔法工场
171,2021-08-27,【招商军工】航发动力（600893）：毛利率触底回升，大额预付款到位显着改善财务状况,招商军工研究
172,2021-08-27,航发动力：2021年半年度净利润约4.61亿元，同比增加12.94%,每日经济新闻
173,2021-08-27,航发动力(600893.SH)：上半年净利增12.94%至4.61亿元,格隆汇
174,2021-08-27,航发动力(600893.SH)子公司拟受让黎明科技部分资产,智通财经
175,2021-08-27,航发动力：上半年净利润同比增长12.94%,Wind
176,2021-08-27,融资客青睐6股，华纺股份买入占比高达39.23%,Wind
177,2021-08-26,国防军工行业快评：军工阶梯价格合理可控 不改业绩增长趋势,新浪
178,2021-08-25,改革红利！“中国神船”提速，军工迎最佳中报季,Wind
179,2021-08-24,军工股午后持续发力，天秦装备20%涨停,Wind
180,2021-08-24,军工股午后转暖，中兵红箭冲击涨停,Wind
181,2021-08-24,陆军倡议书，引发A股大讨论！军工“集采”来了？影响有多大？,中国基金报
182,2021-08-24,军工“集采”也要来了？陆军倡议书引发大讨论，军工板块接下来怎么走？,e公司
183,2021-08-23,A股收盘综述：创业板指放量大涨逾3%，两市近200股涨幅超10%,Wind
184,2021-08-23,A股午盘综述：市场普反创业板指升逾2%，工业母机概念井喷,Wind
185,2021-08-23,国防军工行业周报：军工已披露中报高增长 重视下游业绩拐点,新浪
186,2021-08-19,资金进出军工ETF频繁 基本面看好未来2-3年军工行业表现,中证报
187,2021-08-19,军工ETF交易活跃 基金经理看好背后逻辑,中证报
188,2021-08-19,军工板块走强 公募看好长期配置价值,发布易
189,2021-08-18,"""航组合""起飞：3个月大涨35% 披荆斩棘的军工股还能红多久",中证网
190,2021-08-18,“废太子”实名举报父亲，双汇、万州国际股价大跌,Wind
191,2021-08-18,航空航天与国防行业周报：看好军工材料及红外行业,新浪
192,2021-08-18,军工股发动攻势，博云新材涨超7%,Wind
193,2021-08-18,每日理财观察：国务院公布《关键信息基础设施安全保护条例》,Wind
194,2021-08-17,A股收盘综述：指数午后单边下挫，申万行业全军覆没,Wind
195,2021-08-13,主力出逃这些龙头股超10亿,Wind
196,2021-08-12,A股收盘综述：“茅族”、“宁族”集体哑火，周期股力扛指数,Wind
197,2021-08-12,【异动股】航天航空板块下挫，航发动力(600893.CN)跌6.03%,财华社
198,2021-08-12,千亿光伏龙头闪崩，万亿锂电巨头重挫！,Wind
199,2021-08-12,A股午盘综述：周期股延续强势，军工股回调,Wind
200,2021-08-12,军工板块回落 航发动力跌超5%,格隆汇
201,2021-08-10,北向资金尾盘加速进场连续2日净买入，白酒股强势反弹但仍遭外资抛售,Wind
202,2021-08-10,主力动向｜主力资金抢筹117股！五粮液、东方财富、泸州老窖、舍得酒业、航发动力位居前五！,上游新闻
203,2021-08-10,“盐湖提锂”火了：最高涨396%，重仓基金疯涨,Wind
204,2021-08-10,需求饱满、业绩强劲、估值低洼，军工板块长期成长确定丨牛熊眼,第一财经
205,2021-08-10,军工赛道又火了！基金经理、券商最新观点来了,Wind
206,2021-08-09,64股获买入评级 最新:绿茵生态,中财网
207,2021-08-09,国防军工行业：长景气赛道 配置性需求 趋势不变,广发证券
208,2021-08-09,军工接棒新能源车？公募持仓创新高，“军工一哥”转战买方,Wind
209,2021-08-09,航发动力(600893)重大事件快评：航发供应能力建设提升 业绩有望进入拐点,新浪
210,2021-08-06,每日理财观察：全球新能车产业链再迎高速增长指标,Wind
211,2021-08-05,金融街下午茶2021年8月5日星期四,Wind
212,2021-08-05,国防军工行业2021Q2军工行业基金持仓分析：主动基金军工持仓反弹 持续聚焦产业链中上游,新浪
213,2021-08-05,A股收盘综述：资金畏高指数集体回调，军工股逆势爆发,Wind
214,2021-08-05,军工板块全线爆发，核心个股业绩高增长将逐渐兑现，优质股名单收好（附股）丨牛熊眼,第一财经
215,2021-08-05,A股午盘综述：沪市权重力扛指数，军工股全线爆发,Wind
216,2021-08-04,国防军工行业H1持仓：机构化趋势强化 带来投资风格切换,天风证券
217,2021-08-04,航发动力(600893)：预付款到账 十四五景气度确认,新浪
218,2021-08-04,天风证券：维持航发动力(600893.SH)“买入”评级 发动机存量持续提升打开维修市场空间,智通财经
219,2021-08-04,【天风Morning Call】晨会集萃20210804,天风研究
220,2021-08-03,【天风军工】核心推荐-航发动力：航空工业半年完成交付过半，航发或于Q2出现交付提速,tf防务深评
221,2021-08-03,航发动力(600893)公司点评：航空工业半年完成交付过半 航发或于Q2出现交付提速,新浪
222,2021-08-02,航空航天与国防行业周报：看好军工次新标的,新浪
223,2021-08-02,暖风频吹！“十四五”军工迎重要窗口期，黄金时代来临,Wind
224,2021-08-02,军工股尾盘全线爆发，中航重机等多股涨停,Wind
225,2021-08-02,军工股逆势上攻，爱乐达率先封板,Wind
226,2021-08-02,周末大戏！2500亿赛道突生变数，1.3万亿锂矿大火,Wind
227,2021-07-29,军工行业-2021Q2军工基金持仓研究：持仓稳中有增 下游环节关注度提升,新浪
228,2021-07-28,航发动力(600893.SH)：“工程与管理数据中心建设项目”通过竣工验收,智通财经
229,2021-07-28,国防军工行业2021年中期投资策略：景气度持续 寻找高确定性成长赛道,光大证券
230,2021-07-28,国防军工21年Q2基金持仓分析：军工重仓持股比例略升 板块具备中长期配置价值,新浪
231,2021-07-28,军工行业高景气持续验证，可关注三条主线,东北证券
232,2021-07-27,融资客青睐7股，百川能源买入占比高达41.06%,Wind
233,2021-07-26,军工行业深度报告：军工行业21Q2机构持仓分析,新浪
234,2021-07-26,国防军工行业报告：蓝色起源进入亚轨道 低轨卫星潜力显现,新浪
235,2021-07-26,军工行业周报：行业中报表现突出 关注业绩高增长标的,新浪
236,2021-07-26,A股融资融券日报：两融余额减少25.75亿元（7月23日）,Wind
237,2021-07-25,浙商机械 邱世梁||王华君【铂力特】3D打印龙头20亿元大幅扩产：航空航天国防需求大增,高端装备制造及材料
238,2021-07-25,国防军工行业周报：公募基金重仓市值创新高 超配军工正当时,新浪
239,2021-07-23,A股震荡下行超46亿外资暂时撤离，新能源产业链股遭大幅抛售,Wind
240,2021-07-23,巷观十二时辰〡百强县人均财富比拼，陕西神木位居全国第3,每日经济新闻
241,2021-07-22,军工板块连续第二个交易日翘尾，中航沈飞涨近4%,Wind
242,2021-07-21,国防军工行业报告：2024年民航客机将全部安装北斗机载设备 北斗市场可期,新浪
243,2021-07-21,航发动力今日大宗交易成交56.23万股，成交价50.5元折价13.23%,Wind
244,2021-07-21,"航发动力现1笔大宗交易 共成交2,839.62万元",新浪
245,2021-07-21,军工股翘尾,Wind
246,2021-07-21,A股融资融券日报：两融余额增加20.89亿元（7月20日）,Wind
247,2021-07-20,航空航天与国防行业周报：关注中报期业绩有望上升品种,新浪
248,2021-07-20,资金流向分析,新浪
249,2021-07-20,【行情】军工股临近午盘异动，航新科技拉升涨近12%，新余国科、航天机电、中航高科、江龙船艇、航发动力、晨曦航空等跟涨,金十数据
250,2021-07-19,鹏华基金陈龙最新持仓，重仓航发动力（鹏华中证国防指数型基金(LOF)）,证券之星
251,2021-07-19,陕西区域股市周报：中熔电气登陆科创版 58家机构调研国际医学,每日经济新闻
252,2021-07-19,A股早报2021年7月19日星期一,Wind
253,2021-07-19,航发动力进行大额现金管理印证航空产业高景气,财联社
254,2021-07-18,国防军工行业周报：板块业绩有望持续超预期 超配军工,新浪
255,2021-07-18,军工产业链业绩传导机制开启，行业景气度持续强化,财联社
256,2021-07-17,本周86家A股公司购买108.67亿元理财产品，航发动力买入最多,每日经济新闻
257,2021-07-17,板块分化加剧，周期股逆势走强,Wind
258,2021-07-16,【焦点复盘】航发动力连续巨额现金管理，军工景气度获认可，锂电板块大分化,财联社
259,2021-07-16,A股资金流向（7月16日）：新能源龙头连遭抛售，军工股获避险资金青睐,Wind
260,2021-07-16,A股收盘综述：创业板指跌近3%，动力电池题材深度调整,Wind
261,2021-07-16,怎么回事？半年报预忧股现跌停潮，周期股持续大涨,Wind
262,2021-07-16,港交所15分钟涨6%！A股军工现涨停潮，茅指数大跌 连续下跌,Wind
263,2021-07-16,A股午盘综述：军工午前火力全开,Wind
264,2021-07-16,军工板块景气行情再度凸显，三季度或将成为行业重要拐点？,第一财经
265,2021-07-16,军工板块拉升走强 航发动力逼近涨停,格隆汇
266,2021-07-16,军工股大幅走强，中航重机率先涨停,Wind
267,2021-07-16,【行情】军工股异动拉升，航发动力、中航重机涨超8%，天和防务、晨曦航空、炼石航空、航发科技等跟随冲高,金十数据
268,2021-07-16,国防军工行业2021年中报业绩前瞻：2021H1业绩预计高增长 军工行业景气度持续兑现,新浪
269,2021-07-13,国防军工行业报告：国企改革进程加快 板块公司有望受益,新浪
270,2021-07-12,陕西区域股市周报：8282万融资买入凯立新材 隆基股份市值增长501.78亿,每日经济新闻
271,2021-07-12,国防军工行业周报：中报预告持续反映行业景气 仍可积极布局,新浪
272,2021-07-12,航空航天与国防行业周报：看好红外产业链,新浪
273,2021-07-12,陕西区域股市周报：2亿融资买入航发动力 宝钛股份跌12.88%跌幅第一,每日经济新闻
274,2021-07-08,军工股开盘拉升，中航沈飞涨超7%，三角防务、新研股份、航宇科技、航发动力、,新浪
275,2021-07-07,A股收盘综述：创业板指涨3.57%强势反包，新能源产业链再度狂欢,Wind
276,2021-07-07,军工行业2021年第26周周报：先进战机列装进入新阶段 验证航空航天高景气,新浪
277,2021-07-07,A股午盘综述：医药、白酒携手反弹，锂电产业链强者恒强,Wind
278,2021-07-07,航发动力大涨,新浪
279,2021-07-07,军工股迎来久违普涨，中航沈飞触及涨停,Wind
280,2021-07-07,下半年热门行业机会何在？刘彦春、方晗、杨德龙等9位公募大佬这么说,Wind
281,2021-07-07,航空航天与国防行业：看好板块估值切换,新浪
282,2021-07-07,偏爱结构性存款，千家上市公司逾6000亿元委托理财,Wind
283,2021-07-06,航空航天科技行业7月展望：进入中报季 产业链中游景气度高,新浪
284,2021-07-06,航空航天科技行业2H21展望：细分龙头迎戴维斯双击,新浪
285,2021-07-05,干货！2021年中国航空发动机行业龙头——航发动力：国内唯一能够研制全谱系军用航空发动机的企业,前瞻研究院
286,2021-07-02,【行情】军工股早盘继续回调，晨曦航空、中航沈飞跌超7%，航发动力、红都航空、新余国科、中航西飞等跟跌,金十数据
287,2021-07-02,国防军工7月投资策略：强军兴军 坚毅笃行,新浪
288,2021-07-02,军工行业2021年中期投资策略：航空装备景气度持续提升 看好中报业绩验证,新浪
289,2021-07-01,本月357家A股公司购买804.52亿元理财产品，航发动力买入最多,每日经济新闻
290,2021-07-01,解盘：指数高位盘整，医美、光刻胶、基因检测略涨,Wind
291,2021-07-01,航空装备板块重挫，航发动力跌超5% 连续下跌,格隆汇
292,2021-07-01,国防军工2021中期投资策略：强军兴军 坚毅笃行,新浪
293,2021-06-30,军工股午后发力,Wind
294,2021-06-29,航空航天与国行业周报：看好板块上游,新浪
295,2021-06-29,基金经理“半年考”临近，业绩冰火两重天,Wind
296,2021-06-23,国防军工行业报告：中国进入空间站时代 载人航天再下一城,新浪
297,2021-06-22,陕西区域股市周报：陕西莱特光电材料申报IPO 航发动力市值增长55.18亿,每日经济新闻
298,2021-06-22,国泰君安晨报,新浪
299,2021-06-18,解盘：科技股强势，半导体、IGBT、储能、大飞机领涨,Wind
300,2021-06-18,A股午盘综述：芯片板块保持热度，金融、周期股持续下探,Wind
301,2021-06-18,快讯：军工股早盘持续拉升 江航装备涨超10%,新浪
302,2021-06-18,国防军工板块异动拉升，航天电子涨近8%，江航装备、新光光电、航发动力、中科,新浪
303,2021-06-18,军工股发力，航天电子率先封板,Wind
304,2021-06-18,【东北晨会0618】市场快评：科技制造价值显现/5月经济数据点评/军工行业周报/5月航空数据点评/联创光电（深）、龙蟒佰利,东北证券研究所
305,2021-06-17,军工行业2021年度中期投资策略：岳镇渊渟,新浪
306,2021-06-17,关注低估值成长标的 | 晨会0617,中信建投证券研究
307,2021-06-16,航发动力(600893.SH)：2020年度权益分派10派1.3元 股权登记日6月22日,格隆汇
308,2021-06-16,航发动力(600893.SH)将于6月23日分红 每股派0.13元,智通财经
309,2021-06-16,国信证券--国防军工行业周报：航发117亿大额现金管理增加确定性，重申军工中长期投资价值【行业研究】,金融界股吧
310,2021-06-16,国防军工2021年中期投资策略：“十四五”需求加速落地 自下而上业绩为王,新浪
311,2021-06-16,国防军工行业：趋势不变 赛道空间、格局壁垒为要,广发证券
312,2021-06-15,军工股逆市上扬机构纷纷看多这些个股获推荐,第一财经
313,2021-06-15,航发动力(600893)：百亿闲置自有资金管理 预付款兑现印证产业景气度提升,新浪
314,2021-06-15,科技、军工股逆势上涨，券商研报密集看多！,Wind
315,2021-06-15,国防军工行业：佐证军工基本面大幅改善的有力证据持续释放,新浪
316,2021-06-15,融资客青睐8股，世茂股份买入占比高达54.84%,Wind
317,2021-06-15,A股融资融券日报：两融余额减少57.15亿元（6月14日）,Wind
318,2021-06-15,每日理财观察：7万亿理财市场重磅新规落地,Wind
319,2021-06-14,【天风军工周报】航发执行百亿现金管理，“十四五”大单采购首次验证,tf防务深评
320,2021-06-11,A股资金流向（6月11日）：新能源、疫苗龙头获资金回流,Wind
321,2021-06-11,【异动股】航天航空板块下挫，航发动力(600893.CN)跌6.43%,财华社
322,2021-06-11,【行情】军工板块午后继续走弱，航发动力一度跌近9%，现跌超7%,金十数据
323,2021-06-11,军工板块走弱航发动力盘中跌近9%,格隆汇
324,2021-06-11,航发动力一度迫近跌停，航天军工板块跌近3%,Wind
325,2021-06-11,航发龙头开展百亿理财 为何货币资金会出现大额增长？,上证报
326,2021-06-10,这个行业“钱包”充裕，未来景气可期！,Wind
327,2021-06-10,8部委突然剑指A股最火赛道！万亿资产迎洗礼？,Wind
328,2021-06-10,这个行业“钱包”充裕，未来景气可期！,上证报
329,2021-06-10,浙商证券：航发动力（600893.SH）关联交易存款限额翻倍，公司营收有望大幅增长，维持“买入”评级,智通财经
330,2021-06-10,A股融资融券日报：两融余额减少2.5亿元（6月9日）,Wind
331,2021-06-10,23股获券商买入评级，中远海控目标涨幅达67.03%,Wind
332,2021-06-09,48股获买入评级 最新:永高股份,中财网
333,2021-06-09,5月以来累计上涨超14%，A股军工板块的新一轮行情启动了？,21世纪经济报道
334,2021-06-09,航发动力涨2.32% 成交额32.35亿元,中新经纬
335,2021-06-09,天风证券：航发动力（600893.SH）百亿现金管理或为大单预付款首次确认，维持“买入”评级,智通财经
336,2021-06-09,浙商证券：航发动力（600893.SH）117亿现金管理或源于订单预收款，维持“买入”评级,智通财经
337,2021-06-09,军工行业重大事项点评：主机厂公告或表明大订单将落地 新一轮板块行情有望开启,新浪
338,2021-06-09,军工开盘强势拉升,Wind
339,2021-06-09,航母板块再度崛起，天和防务、中航沈飞等集体拉升,Wind
340,2021-06-09,白酒股“醉倒”拖累大盘，活跃资金挖掘新热点,Wind
341,2021-06-08,白酒概念大幅回调 军工板块获机构看好 保持板块轮动逢低布局,大众证券报
342,2021-06-08,中期业绩值得期待 超四成公司中报净利增长将翻倍,大众证券报
343,2021-06-08,国防军工板块午后爆发4股近日获机构联袂推荐,第一财经
344,2021-06-08,航发动力大涨,新浪
345,2021-06-08,军工板块尾盘大幅走升，天和防务涨停,Wind
346,2021-06-08,航母板块二度拉升，天和防务冲击涨停,Wind
347,2021-06-08,航空航天与国防行业周报：看好军工上游元器件和材料端,新浪
348,2021-06-07,国防军工行业：趋势性机会 赛道空间、格局壁垒为要,广发证券
349,2021-06-07,策略周报：如何抓住本轮中报行情？,西南证券
350,2021-06-07,军工行业观察：“十四五”需求持续释放 “硬核”标的风险收益比突出,新浪
351,2021-06-07,军工板块盘中崛起，晨曦航空大涨8%,Wind
352,2021-06-05,保密三级资格取消，军工订单爆发迎来新催化，板块能否再次崛起？,财联社
353,2021-06-04,牛市抬头部分基金已翻身，仍有逾千只基金亏损,Wind
354,2021-06-03,浙商证券：5月金股组合盈利5.66% 6月荐股名单出炉,新浪
355,2021-06-02,券商判势｜6月关注“聪明钱”青睐板块,搜狐
356,2021-06-01,高端制造与科技行业2021年中期投资策略：聚焦数字化和进口替代 优选估值与成长匹配的标的,新浪
357,2021-06-01,2021年六月策略金股报告：投资组合报告,新浪
358,2021-06-01,巷观陕股〡西安又一家军工类企业拟赴创业板上市（5月24日～30日）,每日经济新闻
359,2021-06-01,航空航天与国防行业周报：看好军工全产业链,新浪
360,2021-06-01,东北证券：基本面改善预期持续强化和逆周期性凸显，超配军工正当时,证券时报网
361,2021-05-31,陕西区域股市周报：北方长龙申报IPO，5家机构调研蓝晓科技,每日经济新闻
362,2021-05-31,军工板块牛股成群！“十四五”需求饱满持续，北上资金大举增持股曝光,e公司
363,2021-05-31,军工股午后大幅冲高，机构称超配正当时，把握三条主线,第一财经
364,2021-05-31,国防军工行业周报：军工配置窗口观点不变 坚定中长期信心,新浪
365,2021-05-31,军工股午后发力，科创板航亚科技直线封板,Wind
366,2021-05-31,【干货】燃气轮机产业链全景梳理及区域热力地图,前瞻研究院
367,2021-05-31,国防军工行业周报：“十四五”需求饱满持续 超跌绩优股性价比极高,新浪
368,2021-05-29,国防军工行业本周资金流入榜：7股净流入资金超5000万元,证券时报网
369,2021-05-28,上交所与中证指数公司调整上证50、上证180等指数样本,Wind
370,2021-05-28,【行情】军工股早盘异动拉升，江航装备涨超12%，天海防务、新余国科、中国海防、航发动力、中船应急、中船防务等跟涨,金十数据
371,2021-05-26,东北证券：军工行业部分个股调整至历史偏低位置，超配军工正当时,证券时报网
372,2021-05-26,18股获券商买入评级 浙商中拓目标涨幅达59.18%,Wind
373,2021-05-25,航发动力(600893)：航空发动机龙头 持续高增长可期,新浪
374,2021-05-25,A股收盘综述：上证指数涨2.4%，创逾7个月最大单日升幅,Wind
375,2021-05-25,浙商证券：航发动力（600893.SH）航空发动机龙头，维持“买入”评级,智通财经
376,2021-05-25,【行情】军工板块走强，航发动力涨停，中航西飞、中航沈飞、洪都航空涨超5%，北斗星通、广联航空、中直股份等跟涨,金十数据
377,2021-05-25,军工板块走强 航发动力(600893.SH)涨停,格隆汇
378,2021-05-25,华为放大招鸿蒙手机来了！A股大爆发，金融股掀涨停潮,Wind
379,2021-05-25,军工板块企稳，业绩高增长标的配置价值上升，两条思路布局,第一财经
380,2021-05-25,快讯：军工股集体走强 航发动力大涨7%,新浪
381,2021-05-24,航空航天与国防行业周报：看好中航工业集团下属军机产业链标的,新浪
382,2021-05-24,国防军工行业报告：卫星导航与位置服务产业白皮书发布 2020年蓬勃发展,新浪
383,2021-05-24,5月24日晚间重要行业研究汇总(附股),中金在线
384,2021-05-23,国防军工行业周报：多家军工央企将组织投资者交流活动 维持军工配置窗口观点,新浪
385,2021-05-20,航空航天科技FY20&1Q21业绩回顾：ROE创五年以来新高;行业高景气第三次验证,新浪
386,2021-05-20,5月20日晚间重要行业研究汇总(附股),中金在线
387,2021-05-20,国防军工行业报告：多项重大航天工程顺利推进 带动相关产业发展,新浪
388,2021-05-18,巷观陕股︱高铁电气过会，天和防务领涨，9家公司涨幅超10%（5月10日～5月16日）,每日经济新闻
389,2021-05-18,A股收盘综述：上证指数录得三连升，创业板指跌0.73%,Wind
390,2021-05-18,航发动力大涨7.33%，成交额173049万元,中新经纬
391,2021-05-18,军工板块涨势进一步扩大，新余国科升逾10%,Wind
392,2021-05-18,陕西区域股市周报：新增过会企业1家 2亿融资买入隆基股份,每日经济新闻
393,2021-05-18,2021Q1军工行业基金持仓研究：持仓略有下降 航空航天依旧是首选,新浪
394,2021-05-18,航空航天与国防行业周报：看好军工主机厂,新浪
395,2021-05-17,航天军工行业周报(第十九周),新浪
396,2021-05-17,“叶飞效应”？机构预测高增长超跌大盘股曝光,Wind
397,2021-05-16,暴涨后，券商、军工行情真来了？,搜狐
398,2021-05-15,长城双动力业绩不佳基金经理卸任，国瑞国家安全重仓军工净值大跌 基金经理离任,红周刊
399,2021-05-15,业绩不佳，长城双动力基金经理卸任，重仓军工，国瑞国家安全净值陷谷底 盈利能力下降,红周刊
400,2021-05-15,长城双动力业绩不佳：基金经理卸任 新人接班留隐患 盈利能力下降,新浪
401,2021-05-14,军工股表现亮眼主力加仓龙头超5亿元这些个股获推荐,第一财经
402,2021-05-14,航发动力大涨5.13% 振幅6.23%,中新经纬
403,2021-05-14,千亿市值股集体大回调后显分化 华熙生物等个股反弹逾40%,第一财经
404,2021-05-13,千亿抱团股集体跳水后分化，这些龙头因何迅猛反抽？,第一财经
405,2021-05-13,【东兴军工|行业跟踪】行业业绩向好，价值中见成长---2020年报，2021Q1复盘,微信
406,2021-05-13,国防军工行业报告：行业业绩向好 价值中见成长,新浪
407,2021-05-13,部分白马龙头最大回撤超50%仍未明显企稳，“性价比提高”不等于“高性价比”？,Wind
408,2021-05-12,国防军工行业周报：行业景气度持续上行 主动持仓仍属低配,国海证券
409,2021-05-11,航发动力大涨5.45% 成交额97606万元,中新经纬
410,2021-05-11,航发动力(600893)：21Q1业绩低于预期 全年收入有望快速增长,新浪
411,2021-05-10,国防军工：行业景气度持续提升 十四五有望保持高增长态势,新浪
412,2021-05-10,5月10日晚间重要行业研究汇总(附股),中金在线
413,2021-05-10,2021年年中主要宽基指数样本股调整预测：金山办公等5只科创板个股有望纳入沪深300,新浪
414,2021-05-10,航发动力(600893)：营收微增 看好国产航发龙头长期发展,广发证券
415,2021-05-10,军工行业观察：军工板块投资大有可为 自下而上把握成长红利,新浪
416,2021-05-09,浙商国防 邱世梁||王华君【内蒙一机】股权激励完成首次授予，业绩有望提速！,高端装备制造及材料
417,2021-05-08,内蒙一机(600967)：股权激励完成首次授予；业绩有望提速,新浪
418,2021-05-08,航发动力(600893)营收增速平稳 净利润短期下滑 盈利能力下降,新浪
419,2021-05-07,机会来了！这些公司有望调入沪深300、上证50指数,Wind
420,2021-05-07,国防军工行业报告：星网集团挂牌成立 卫星互联网发力在即,新浪
421,2021-05-07,陕西区域股市周报：1家公司过会，4亿融资买入隆基股份，蓝晓科技涨25.01%,每日经济新闻
422,2021-05-07,中金：医药、新能源多只股票或将纳入沪深300指数,Wind
423,2021-05-07,航发动力(600893)：2021Q1营收同比增长8.41% 向上游采购量已经大幅增长,新浪
424,2021-05-07,中金公司：医药、新能源行业多只股票或将纳入沪深300指数,Wind
425,2021-05-06,国防军工行业周报：军工年报及一季报业绩高增 是较好的配置窗口,新浪
426,2021-05-05,浙商国防 邱世梁||王华君【航发动力】Q1指示意义不大，中长期仍将高速增长,高端装备制造及材料
427,2021-04-30,A股收盘综述：上证指数跌0.81%，创业板指涨1.31%,Wind
428,2021-04-30,"医美成为本月最强势板块,还有哪些类似机会？",新浪
429,2021-04-30,A股午盘综述：上证指数跌0.51%，创业板指大涨收复3100点,Wind
430,2021-04-30,航发动力大跌7.51%，振幅3.17% 连续下跌,中新经纬
431,2021-04-30,军工股集体走弱，纵横股份跌超10%,Wind
432,2021-04-30,A股异动 | 航发动力(600893.SH)跌7.7% 一季度净利同比下降60.09% 盈利能力下降,格隆汇
433,2021-04-30,【行情】国防军工板块开盘走弱，中航光电跌停，中船防务、纵横股份、航发动力、中航沈飞跟跌,金十数据
434,2021-04-29,航发动力(600893.SH)第一季度归母净利润同比下降60%至3441.7万元 盈利能力下降,智通财经
435,2021-04-29,航发动力：一季度净利润同比减少60.09% 盈利能力下降,Wind
436,2021-04-27,国防军工行业报告：“云龙”发动机地面试验成功 空天运输低成本成为可能,新浪
437,2021-04-27,军工行业跟踪报告：Q1重仓维持标配 推荐有核心竞争力个股,新浪
438,2021-04-26,股价大跌基金一季度抱团股曝光（附名单）,Wind
439,2021-04-21,国信证券--国防军工行业周报：坚定板块业绩信心，关注航天日有望拉开卫星互联网序幕【行业研究】,金融界股吧
440,2021-04-20,“硬科技之都”迅速出圈 万亿新西安跑出加速度,证券时报
441,2021-04-17,国防行业：航天加速布局,财富动力网
442,2021-04-15,【中信建投军工|公司简评】航发动力：新老产品快速切换，资产减值轻装待发,韬扬军工高端制造沙龙
443,2021-04-14,浙商早知道 | 4月15日,浙商证券研究所
444,2021-04-14,信达证券--国防军工行业：信达军工E周刊187期，业绩为锚，震荡中锁定高景气赛道龙头【行业研究】,金融界股吧
445,2021-04-14,顶流基金持仓曝光，“抄作业”没那么简单,Wind
446,2021-04-13,国信证券--国防军工行业2021年4月投资策略：十四五尘埃落定，行业景气信心十足【行业研究】,金融界股吧
447,2021-04-12,重仓股接连暴雷，董承非却顶住了，他做了什么操作？,Wind
448,2021-04-12,军工行业观察：“十四五”开局一季报发力 业绩超预期引领军工主旋律,新浪
449,2021-04-12,艾小军+李鲁靖：超跌低估的军工板块基本面如何？,Wind
450,2021-04-12,过半A股公司发布2020年成绩单：全年稳中有增，多行业逆势爆发,Wind
451,2021-04-09,国信证券：十四五尘埃落定 国防军工行业景气信心十足,新浪
452,2021-04-08,航天军工行业周报(第十一周),新浪
453,2021-04-08,中信证券：军工行业投资转向“基本面驱动”，二季度将为首个景气印证期,Wind
454,2021-04-08,军工｜自下而上，守正出奇：2021Q2投资策略,中信证券研究
455,2021-04-07,国防军工行业跟踪：板块业绩陆续披露 2021或将维持高景气度,新浪
456,2021-04-07,机构近期抢筹这36股 你跟吗?,证券之星
457,2021-04-06,国防军工行业：下游关联交易预示高景气延续 军工外溢效应有望持续释放,新浪
458,2021-04-06,3个月跌20%，这个板块成最差生，券商：调整即机会,Wind
459,2021-04-06,订单、预采购大幅增长，什么行业如此景气火热？,Wind
460,2021-04-06,订单、预采购大增 军工行业景气火热依旧,上证报
461,2021-04-06,东吴证券：航空航天等领域将继续保持高景气，产业链核心企业业绩有望保持较高增速,证券时报网
462,2021-04-06,3个月跌掉20%，这个板块成A股最差生，券商：景气度无忧，调整即机会（附股）,21世纪经济报道
463,2021-04-06,军工行业景气火热依旧:订单预采购大增 红外北斗等细分行业受关注,上证报
464,2021-04-05,【天风军工】深度-主机厂关联交易分析：甲方大额预付模式或到来&高景气,tf防务深评
465,2021-04-03,碳中和概念再获市场关注 军工昙花一现资金出逃,财富动力网
466,2021-04-02,35公司获得增持评级-更新中,中财网
467,2021-04-02,光大证券--航发动力：主营业务收入增速持续提升，继续好看未来发展【公司研究】,金融界股吧
468,2021-04-02,航发动力(600893)：发动机总龙头 业绩稳步增长,新浪
469,2021-04-01,A股资金流向（4月1日）：白马股齐反弹，科技龙头获资金抢筹,Wind
470,2021-04-01,航发动力(600893)：资产减值或因产品换代 “十四五”型号成熟开启放量,新浪
471,2021-04-01,浙商国防 邱世梁||王华君【航发动力】航发收入符合预期；军机加速列装，民用未来空间大,高端装备制造及材料
472,2021-04-01,融资客青睐3股，纵横通信买入占比高达38.60%,Wind
473,2021-04-01,A股早报2021年4月1日星期四,Wind
474,2021-04-01,中信证券：军工行业进入逻辑切换期，短期波动加剧,Wind
475,2021-04-01,【情绪监控】大宗交易年内首现溢价，北向资金本周净流出近百亿元,量化藏经阁
476,2021-04-01,晨会0401｜制造业景气如期反弹,中信证券研究
477,2021-03-31,军工板块回调点评：行业进入逻辑切换期 短期波动加剧,新浪
478,2021-03-31,净利较预期几近腰斩！机构大幅抛售4.25亿，千亿市值航发动力跌停 盈利能力下降,21世纪经济报道
479,2021-03-31,龙虎榜：航发动力跌停 沪股通净卖出1.59亿元,e公司
480,2021-03-31,【华西军工】航发动力：2020扣非净利润+11.65%，聚焦主业保障军品,机械军工e洞察
481,2021-03-31,A股资金流向（3月31日）：部分业绩不及预期白马股遭抛售,Wind
482,2021-03-31,航发动力(600893)：主业增速创近五年新高 计提减值轻装上阵 资产异常,新浪
483,2021-03-31,【A股收盘综述】上证指数止步三连升，雄安新区概念逆市爆发,Wind
484,2021-03-31,2000亿市值白马股竟遭业绩杀，资金转而炒地图,Wind
485,2021-03-31,A股午盘综述：上证指数跌0.61%，创业板指跌0.62%,Wind
486,2021-03-31,快讯：航发动力跌停报于45.59元,金融界
487,2021-03-31,【异动股】航天航空板块下挫，航发动力(600893-CN)跌8.69%,财华社
488,2021-03-31,国防军工板块走低 航发动力跌逾8%,中证网
489,2021-03-31,【行情】军工股遭遇重挫，航发动力跌逾8%，洪都航空、鸿远电子、中天火箭、中航高科等跟跌,金十数据
490,2021-03-31,融资客青睐6股，奥来德买入占比高达56.26%,Wind
491,2021-03-30,贵州茅台豪爽分红242.36亿元 各路“X茅”跟不跟？,上证报
492,2021-03-30,航发动力：2020年度净利润约11.46亿元，同比增加6.37%,每日经济新闻
493,2021-03-30,航发动力(600893.SH)年度归母净利同比增6.37%至11.46亿元 每10股派1.3元,智通财经
494,2021-03-30,航发动力(600893.SH)2020年净利升6.37%至11.46亿元 拟10派1.3元,格隆汇
495,2021-03-30,航发动力：2020年净利11.46亿元 同比增6%,e公司
496,2021-03-30,航发动力：2020年净利同比增长6.37%拟10派1.3元,格隆汇
497,2021-03-30,航发动力：2020年计提减值准备47，087.69万元 资产异常,Wind
498,2021-03-30,航发动力：2020年净利润同比增长6.37%,Wind
499,2021-03-30,A股收盘综述：上证指数连升三日，新疆本地股掀涨停潮,Wind
500,2021-03-30,A股午盘综述：上证指数涨0.59%，创业板指涨1.36%,Wind
501,2021-03-30,中航沈飞快速涨停提振板块，军工股快速走强,Wind
502,2021-03-30,【行情】军工板块拉升走高，中航沈飞涨超8%，中航高科、洪都航空、航发动力、中航光电等跟涨,金十数据
503,2021-03-29,航空航天与国防行业周报：看好存有市场化改革预期的标的,新浪
504,2021-03-29,国防军工行业兴证军工观察：“十四五”需求释放初露锋芒 把握高成长优质标的黄金坑,新浪
505,2021-03-26,陕西股市周报：总市值跌2.05% 陕西黑猫跌16.24%排第一,每日经济新闻
506,2021-03-25,航发动力：3月25日主力资金净流入额占板块42.01%,每日经济新闻
507,2021-03-25,航天军工板块拉升，洪都航空、航发动力、三角防务领涨,Wind
508,2021-03-24,A股收盘综述：上证指数下滑1.3%，碳中和、券商、白酒板块冲高回落,Wind
509,2021-03-24,A股午盘综述：上证指数跌1.22%，碳中和、白酒、券商板块逆市走升,Wind
510,2021-03-23,中望软件(688083)：强势联手安怀信 国产CAE生态建设再迈重要一步,新浪
511,2021-03-23,基民不能承受之重，个别基金经理押注板块赌明天,Wind
512,2021-03-22,每日理财观察：易会满发声表态注册制、IPO排队、A股杠杆,Wind
513,2021-03-19,金融街下午茶2021年3月19日星期五,Wind
514,2021-03-19,A股收盘综述：上证指数下滑1.69%再守3400关口，牛年周线录得五连阴,Wind
515,2021-03-19,华泰证券：航发动力（600893.SH）国内航空发动机总龙头，首予“增持”评级,智通财经
516,2021-03-18,航发动力：3月18日主力资金净流入额占板块的42.58%,每日经济新闻
517,2021-03-18,【行情】军工板块异动拉升，中航光电涨近5%，中航高科、洪都航空、鸿远电子、航发动力等跟涨,金十数据
518,2021-03-17,A股史上首次蓝筹股泡沫破裂，6成私募反对抄底,Wind
519,2021-03-17,浙商国防 邱世梁||王华君【内蒙一机】股票激励计划获国资委批复；公司业绩有望提速,高端装备制造及材料
520,2021-03-16,机构近期抢筹这33股可关注（附名单）,证券之星
521,2021-03-15,航空航天与国防行业周报：年报披露期 关注业绩高增速标的,新浪
522,2021-03-15,航发动力等37股近五日获机构净买入,证券时报网
523,2021-03-15,龙虎榜揭秘 近五日机构最青睐37股,证券之星
524,2021-03-12,五粮液、金龙鱼、立讯精密、中信建投、通威股份、航发动力等均跌超3%,Wind
525,2021-03-11,机构看中这些股 近五日大手笔净买入,证券之星
526,2021-03-09,航发动力(600893.SH)股价异常波动 不存在应披露而未披露事项,智通财经
527,2021-03-09,航发动力龙虎榜数据(3月9日）,Wind
528,2021-03-09,主力资金近三日大量撤出这些概念股,证券时报网
529,2021-03-09,3月9日龙虎榜解析：航发动力净买入2.33亿元，中航西飞、永兴材料等37只个股被机构扫货,每日经济新闻
530,2021-03-09,龙虎榜：航发动力三日累跌逾25% 两机构累计买入1.8亿元,e公司
531,2021-03-09,A股收盘综述：上证指数再跌1.82%至3350位置，创业板指两日累挫超8%,Wind
532,2021-03-09,航发动力、美年健康等机构重仓股均再度下挫逾9%,Wind
533,2021-03-09,航空航天科技行业-3月金股推荐：板块底部有业绩支撑 中上游估值安全边际高,新浪
534,2021-03-09,机构逆势抄底比亚迪 游资撬板航发动力|板块龙虎榜,第一财经
535,2021-03-09,解盘：沪指盘中失守3400点，海运、挖掘机、白酒略涨,Wind
536,2021-03-09,快讯：军工板块早盘再度走低 航发动力逼近跌停 连续下跌,新浪
537,2021-03-09,航发动力大跌7.42%，领跌航空装备行业 连续下跌,中新经纬
538,2021-03-09,A股早报2021年3月9日星期二,Wind
539,2021-03-09,每日理财观察：证监会重磅发声，全面落实退市方案,Wind
540,2021-03-08,策略日报：指数延续回落 抱团板块下行,新浪
541,2021-03-08,跌停板解密：军工股现跌停潮！（3月8日）,Wind
542,2021-03-08,金融街下午茶2021年3月8日星期一,Wind
543,2021-03-08,A股蒸发2万亿创业板跌5%，基金重仓股杀跌！,Wind
544,2021-03-08,A股收盘综述：上证指数下滑2.3%，创业板指跌入技术性熊市,Wind
545,2021-03-08,军工板块大幅下挫 航发动力中航西飞等近10股跌停 连续下跌,证券时报网
546,2021-03-08,快讯：军工大市值个股午后重挫 航发动力等股封跌停 连续下跌,新浪
547,2021-03-08,航发动力、中航重机封住跌停，中航沈飞、中航西飞、洪都航空、航发控制接近跌停,Wind
548,2021-03-08,A股午盘综述：上证指数下滑1.01%，机构抱团股再度杀跌,Wind
549,2021-03-08,【行情】国防军工板块走弱，航发动力跌停，中航沈飞、中航西飞跌逾8%，洪都航空、航发控制等跟跌,金十数据
550,2021-03-08,【异动股】航天航空板块下挫，航发动力(600893-CN)跌6.53%,财华社
551,2021-03-08,军工板块走低，航发动力跌超8%,Wind
552,2021-03-08,民生军工行业周报：21年军费增速6.8% 国防预算保持稳定提升,新浪
553,2021-03-08,融资客青睐4股，中原高速买入占比高达33.89%,Wind
554,2021-03-08,国防装备行业周报：2021年国防预算增长6.8% 增速较上年提升,新浪
555,2021-03-08,券商晨会观点速递,第一财经
556,2021-03-08,航空航天科技行业2月观察&3月展望：业绩对底部形成支撑 个股具有较大机会,新浪
557,2021-03-05,航发动力跌8.5% 1月高点招商证券发研报强烈推荐,中国经济网
558,2021-03-05,A股主力资金流向（3月5日）：本周大幅抛售光伏、有色股，抢筹金融股,Wind
559,2021-03-05,融资客青睐2股，海亮股份买入占比高达43.47%,Wind
560,2021-03-04,解盘：白马股遭抛弃，稀土永磁、光刻胶、ST、半导体略涨,Wind
561,2021-03-04,军工股快速拉高，航天电子大涨7%,Wind
562,2021-03-04,融资客青睐7股，四创电子买入占比高达38.02%,Wind
563,2021-03-03,3月3日晚间重要行业研究汇总(附股),中金在线
564,2021-03-03,A股融资融券日报：两融余额增加19.67亿元（3月2日）,Wind
565,2021-03-02,A股收盘综述：上证指数下滑1.21%守住3500，资金流入碳中和概念股,Wind
566,2021-03-02,快讯：军工股尾盘拉升 航发动力涨逾5%,新浪
567,2021-03-02,【行情】国防军工板块尾盘拉升，景嘉微涨超7%，航发动力、中航重机、中航西飞、航发控制等跟涨,金十数据
568,2021-03-01,国产大飞机全球首单正式落地 万亿市场即将打开？机构扎堆推荐5只股,第一财经
569,2021-03-01,航空航天与国防行业周报：关注成飞产业链标的,新浪
570,2021-03-01,民生军工行业周报：军工投入有望加大 国企改革持续推进,新浪
571,2021-03-01,科技及智能设备产业链日报：机械板块表现优异 10只股票涨停,新浪
572,2021-02-28,方正证券：军工板块仍处于阶段性回调区间，但下行空间有限,Wind
573,2021-02-26,国防军工2021年3月投资策略暨2020年年报业绩前瞻：行业成长性渐获认可 关注企业预收款情况,新浪
574,2021-02-26,浙商国防 邱世梁||王华君【铂力特】拟新增员工610人、总人数将近翻倍；业绩将提速,高端装备制造及材料
575,2021-02-25,航发动力(600893.SH)：下属子公司拟减持中航资本2226.189万股股票 拟减持股份,格隆汇
576,2021-02-25,确定性极强，2021年军工板块最具潜力的十大金股,云掌财经
577,2021-02-23,国防军工行业深度：百页深度 军工产业缺乏长期成长逻辑吗？,新浪
578,2021-02-23,解盘：权重股回稳，风力发电、造纸、保险、军工领涨,Wind
579,2021-02-23,军工股逆势走强，中航机电率先封板,Wind
580,2021-02-23,【行情】军工板块拉升，中航机电涨停，航天工程、航发动力、航发控制等跟涨,金十数据
581,2021-02-23,先进战机产业链深度：先进战机列装加速是航空装备最景气方向 产业链持续彰显业绩高增长,新浪
582,2021-02-23,国防军工行业：盈利驱动 行稳致远,新浪
583,2021-02-22,A股三大指数收跌：创业板指跌逾4% 抱团股重挫、有色股大涨 连续下跌,中金在线
584,2021-02-22,方正策略：资产价格何时见顶？兼论金融、经济、股市、商品周期,方正证券
585,2021-02-22,【十大券商一周策略】市场有望迈进4000点,券商中国
586,2021-02-22,民生军工行业周报：进入景气周期 军工配置价值显着,新浪
587,2021-02-20,国防装备行业周报：关注两会国防预算、年报季报业绩高增长,新浪
588,2021-02-18,2月18日晚间重要行业研究汇总(附股),中金在线
589,2021-02-18,军工行业周报：深调后或再现配置良机,新浪
590,2021-02-18,军工行业航空发动机专题报告：航空发动机的演变及国内产业格局,新浪
591,2021-02-18,航发动力：有参加C919国产化发动机零部件的研制,Wind
592,2021-02-17,国防军工行业机构化延续：进入MSCI批量入选阶段,新浪
593,2021-02-14,调整酝酿新机 关注高成长标的配置机会,东吴证券
594,2021-02-10,每日理财观察：瞄准低估值绩优标的，84只新基金已建仓,Wind
595,2021-02-09,军工股大反弹 行业指数大跌22%后还有戏？,财联社
596,2021-02-09,华西证券给予航发动力买入评级，“一发托三机”三代中等推力发动机突破瓶颈,每日经济新闻
597,2021-02-09,A股收盘综述：上证指数涨2%重返3600点,Wind
598,2021-02-09,葛卫东赌赢了！化工、军工又疯涨，茅台也新高了,中国基金报
599,2021-02-09,军工午后继续走强，钢研高纳涨逾10%,Wind
600,2021-02-09,军工板块走强，航发动力逼近涨停,第一财经
601,2021-02-09,A股午盘综述：上证指数涨1.22%，创业板指涨1.58%重返3300点,Wind
602,2021-02-09,【行情】A股军工板块持续拉升，航发动力逼近涨停，西部材料、火炬电子、钢研高纳、洪都航空等跟涨,金十数据
603,2021-02-09,军工股回暖，天箭科技冲击涨停,Wind
604,2021-02-08,航发动力(600893.SH)：“三代中等推力航空发动机生产线建设项目”已通过竣工验收,格隆汇
605,2021-02-08,国防军工行业双周报：调整酝酿新机 关注高成长标的配置机会,新浪
606,2021-02-07,国防装备行业周报-2020业绩预告：国防装备未来几年有望快速增长,新浪
607,2021-02-05,国防军工行业2020年年报业绩前瞻：军工板块2020年业绩预计高增长 坚定看好军工行业中长期投资价值,新浪
608,2021-02-03,券商晨会观点速递,第一财经
609,2021-02-03,银河证券：军工板块进入蓄势期，调整意味着机会,Wind
610,2021-02-03,航空航天与国防行业周报：看好板块上游品种,新浪
611,2021-02-03,航发动力(600893)：航空发动机核心资产 需求旺盛成长提速,新浪
612,2021-02-02,国防军工行业军工观察：需求逐步释放业绩兑现有力 择机布局产业链高成长优质标的,新浪
613,2021-02-02,国防装备行业周报(2021年2月第1周)：关注国防集团年度会议 看好国防整机与低估值组合,新浪
614,2021-02-02,机械行业周报：军工短期情绪调整 业绩兑现将带来长期逻辑利好,新浪
615,2021-02-01,浙商早知道 | 2月2日,浙商证券研究所
616,2021-02-01,国防军工行业20年Q4基金持仓与一周行情回顾,新浪
617,2021-02-01,信达证券--信达军工E周刊181期：在波动中寻找业绩超预期或超跌优质个股【行业研究】,金融界股吧
618,2021-01-31,【信达军工】寻找业绩超预期或超跌优质个股|E周刊#181期,毅军凸起
619,2021-01-30,回调或许现更佳买点 半导体军工人工智能高景气仍在,金融投资报
620,2021-01-28,浙商国防 邱世梁||王华君【内蒙一机】2020年兵器集团净利润增长12%；公司业绩将提速,高端装备制造及材料
621,2021-01-28,国信证券--国防军工行业2021年2月投资策略：机构持仓仍处低位，行业向上逻辑坚实【行业研究】,金融界股吧
622,2021-01-27,工信部公布135个2020年制造业与互联网融合发展试点示范项目,Wind
623,2021-01-27,A股融资融券日报：两融余额减少91.71亿元（1月26日）,Wind
624,2021-01-27,场内逆回购利率脉冲 大市值热门股遇“颠簸”,上证报
625,2021-01-26,白酒、军工等抱团股突然砸盘 机构展开激烈多空搏杀,中国证券网
626,2021-01-26,跌停板解密：高位出逃，前期强势股轮流被甩卖！（1月26日）,Wind
627,2021-01-26,北向资金出逃35亿！两大利空信号预警，结构牛市还在否？,第一财经
628,2021-01-26,A股收盘综述：上证指数跌1.51%失守3600点，创业板指跌近3%,Wind
629,2021-01-26,军工E周刊180期：景气趋势加速向上 航空工业改革可期,新浪
630,2021-01-26,A股午盘综述：上证指数跌1.2%，创业板指跌2.39%.,Wind
631,2021-01-26,A股融资融券日报：两融余额增加71.43亿元（1月25日）,Wind
632,2021-01-25,国防军工行业动态：Q4公募基金军工持仓环比持续提升 关注两条投资主线,新浪
633,2021-01-25,【信达军工】景气趋势加速向上，航空工业改革可期｜E周刊#180期,毅军凸起
634,2021-01-25,航空航天科技行业4Q20基金持仓：机构持续加仓 略超配仍有较大提升空间,新浪
635,2021-01-25,国防军工行业周报：军工板块整体持仓大幅增长 板块超配比例环比继续提升,新浪
636,2021-01-25,军工股震荡攀升，中航沈飞冲击涨停,Wind
637,2021-01-25,【中泰军工李聪】2020年第四季度军工板块公募持仓报告——公募持仓环比再度提升，重仓前十平均年度回报率超150%,李聪军工研究
638,2021-01-23,国君策略基金重仓分析专题：抱团及南下情况如何？,Wind
639,2021-01-22,机械设备行业：崛起系列之三-航发零部件：PCC的海外启示录,广发证券
640,2021-01-21,A股融资融券日报：两融余额增加72.63亿元（1月20日）,Wind
641,2021-01-20,航天军工板块拉升，航发动力、中航沈飞、中航西飞、中航高科齐涨,Wind
642,2021-01-20,解盘：小金属整体活跃，稀土、动力电池、电源设备领涨,Wind
643,2021-01-20,私募悄然调仓，这些板块成新掘金方向,中证报
644,2021-01-19,A股融资融券日报：两融余额增加91.11亿元（1月18日）,Wind
645,2021-01-19,国防行业行业点评报告：中航推三年改革 打造若干千亿市值公司；首推整机！,新浪
646,2021-01-19,国泰君安：订单落地预期兑现，业绩预告将成为军工行情的推进器,Wind
647,2021-01-18,1月18日晚间重要行业研究汇总(附股),中金在线
648,2021-01-18,军工行业观察：“十四五”行业需求加速伊始 逢低配置军工优质资产,新浪
649,2021-01-17,【方正军工 | 周报】趋势性配置机会，业绩增速&空间佳者维持超配,军工正发声
650,2021-01-17,深圳上海彻底火了：市值狂增8万亿！这9大城市，首次突破1万亿,中国基金报
651,2021-01-15,A股收盘综述：上证指数探底回升涨0.01%，宁德时代等抱团股反弹,Wind
652,2021-01-15,警惕！一批明星基金经理大幅调仓了,中国基金报
653,2021-01-15,机构抱团股砸出“深坑”！未来高增长名单来了,证券时报网
654,2021-01-15,A股融资融券日报：两融余额减少33.94亿元（1月14日）,Wind
655,2021-01-15,每日理财观察：我国外贸进出口连续7个月实现正增长,Wind
656,2021-01-15,抱团股集体重摔，科技要“爷青回”？,Wind
657,2021-01-14,时代看盘：A股行情分化，外资不惧调整大肆扫货，回调就是加仓机会,时代在线
658,2021-01-14,航发动力跌停 两天前招商证券发研报强烈推荐,中国经济网
659,2021-01-14,A股抱团股跌倒，2股新力量崛起，蓝筹泡沫来了？,券商中国
660,2021-01-14,跌停板解密：高位甩卖，前期强势股纷纷封跌停！（1月14日）,Wind
661,2021-01-14,抱团股砸盘能否上车？机构称优质股抱团未尝不可,Wind
662,2021-01-14,A股收盘综述：上证指数跌0.91%，长城汽车、酒鬼酒、航发动力等抱团强势股跌停,Wind
663,2021-01-14,“军工一哥”航发动力午后封住跌停，主力净流出5亿元,Wind
664,2021-01-14,军工板块领跌，酒鬼酒跌停，接下来会怎样？,上证报
665,2021-01-14,航天军工板块跳水，航发动力、中航沈飞、中航西飞均跌超5%,Wind
666,2021-01-13,盘前情报丨多地碳酸锂价格上调；获百亿授信的小鹏汽车涨超22%（附股）,21世纪经济报道
667,2021-01-12,航天股“起飞”，重大航天工程持续推进，两条主线布局军工股,第一财经
668,2021-01-12,航母板块直线拉升，航天电子率先封板,Wind
669,2021-01-12,A股融资融券日报：两融余额增加10.43亿元（1月11日）,Wind
670,2021-01-11,航发动力(600893)：关联交易销售额大幅预增 下游需求景气度高企,新浪
671,2021-01-11,军工行业观察：“十四五”行业需求加速伊始 中长期板块估值有望显着扩张,新浪
672,2021-01-11,航发动力(600893)点评报告-国防装备龙头：2021年关联交易将大增 需求高增长,新浪
673,2021-01-11,A股融资融券日报：两融余额减少4.31亿元（1月8日）,Wind
674,2021-01-11,周一机构一致看好的七大金股（1.11）,中金在线
675,2021-01-10,【方正军工 | 周报】趋势性配置机会不变，业绩增速为要,军工正发声
676,2021-01-09,A股首周开门红，基金、北向跑步入场，盘后重磅传闻被否,Wind
677,2021-01-08,航发动力(600893.SH)：拟申请2021年度融资额度,格隆汇
678,2021-01-08,A股新年首周开门红，北上资金200亿紧急上车,Wind
679,2021-01-08,【华西军工】军民型号齐头并进 航空发动机产业大爆发,机械军工e洞察
680,2021-01-08,A股融资融券日报：两融余额增加99.38亿元（1月7日）,Wind
681,2021-01-08,航发动力(600893)：如何看航发动力的估值？,新浪
682,2021-01-08,每日理财观察：万亿境外资金涌入资本市场,Wind
683,2021-01-08,12股获买入评级 最新:英科医疗,中财网
684,2021-01-07,A股收盘综述：上证指数涨0.71%录得6连阳，茅台股价攀升至2140元,Wind
685,2021-01-07,航发动力盘中涨停 市值突破2000亿元,中证网
686,2021-01-07,快讯：军工板块发力 航发动力封板,新浪
687,2021-01-07,航发动力封住涨停，航天军工板块直线拉升,Wind
688,2021-01-07,机构最近都在买哪些股？,证券之星
689,2021-01-07,A股融资融券日报：两融余额增加74.06亿元（1月6日）,Wind
690,2021-01-06,军工行业专题报告：行业关注度持续提升，推荐优先配置高溢价能力个股，维持“强于大市”评级,中信证券
691,2021-01-06,A股市场白酒突然杀跌，三大板块却火了,中国基金报
692,2021-01-06,航天军工板块猛烈反弹，中航沈飞、中航西飞、航发动力领涨,Wind
693,2021-01-06,8股获买入评级 最新:卧龙电驱,中财网
694,2021-01-06,航发动力(600893)：中国航空发动机总装龙头 航空强国的中流砥柱,新浪
695,2021-01-06,券商首次关注4股并给予买入评级（1月6日）,Wind
696,2021-01-05,国防军工行业周报1月第1周：航发控制定增扩产 关注两条投资主线,新浪
697,2021-01-05,航空航天科技行业12月观察&1月展望：春季上攻行情已开启 优选高景气子板块,新浪
698,2021-01-05,【行情】军工板块走高，天秦装备大涨17%，中科星图、宝钛股份、隆盛科技、航发动力、航天发展等跟涨,金十数据
699,2021-01-05,每日理财观察：印花税法草案获通过,Wind
700,2021-01-05,【朝闻国盛0105】从“开正门”情况看地方政府债务风险,国盛证券研究所
701,2021-01-05,新年首批龙虎榜出炉 机构游资齐聚军工板块,上证报
702,2021-01-04,【4日资金路线图】主力资金净流出161亿元 龙虎榜机构抢筹航发动力等26股,证券时报网
703,2021-01-04,A股开门红！创业板指暴涨近4%，竟是虚涨？百亿级私募2021年看好这些行业机会！,每日经济新闻
704,2021-01-04,航发动力龙虎榜数据(1月4日）,Wind
705,2021-01-04,航发动力(600893.SH)：股价连续3个交易日内日收盘价格涨幅偏离值累计超过20%,格隆汇
706,2021-01-04,机构今日买入这26股，抢筹航发动力3.47亿元丨牛熊眼,第一财经
707,2021-01-04,中原证券：12月金股组合盈利2.3% 1月荐股名单出炉,新浪
708,2021-01-04,浙商证券：12月金股组合盈利16.39% 1月荐股名单出炉,新浪
709,2021-01-04,A股收盘综述：2021年开门红，上证指数重回3500上方、宁德时代涨15%,Wind
710,2021-01-04,中航证券2021年军工行业策略：三“军”过后尽开颜,中航军工研究
711,2021-01-04,军工股走强，公募机构配置比例加大，关注板块龙头,第一财经
712,2021-01-04,A股融资融券日报：两融余额增加25.69亿元（ 1月1日）,Wind
713,2021-01-04,民生证券研究周观点,新浪
714,2021-01-03,【方正军工 | 周报】趋势性配置机会，核心资产、逐步超配,军工正发声
715,2021-01-01,2021年券商看好的十大板块,Wind
716,2020-12-31,军工行业行业月度动态报告：美国行政令和分级基金退市整体影响较小 继续聚焦高景气赛道,新浪
717,2020-12-31,航发动力、中航机电涨停，航空军工板块继续拉升,Wind
718,2020-12-31,投资组合报告：2021年一月策略金股报告,新浪
719,2020-12-30,A股共发生282宗大宗交易成交73.89亿元（12月30日）,Wind
720,2020-12-30,航发动力(600893)：中国航发及航材院拟向贵阳精铸增资 利好公司长期发展,新浪
721,2020-12-30,航发动力今日大宗交易成交568.75万股，成交价47.21元折价13.06%,Wind
722,2020-12-30,内蒙一机(600967)点评报告：签铁路货车采购合同 民品有助增厚业绩,新浪
723,2020-12-30,【行情】军工股再度走强，中航重机拉升封板，航发动力、洪都航空、科思科技等涨逾6%,金十数据
724,2020-12-29,航发动力(600893.SH)子公司贵阳精铸获中国航发及航材院合计增资5.388亿元,智通财经
725,2020-12-29,航发动力(600893.SH)：贵阳精铸拟获公司实控人及其下属事业单位增资共53875.68万元,格隆汇
726,2020-12-29,航发动力(600893.SH)下属子公司拟开展无追索权应收账款保理业务,格隆汇
727,2020-12-28,浙商早知道 | 12月29日,浙商证券研究所
728,2020-12-28,"航发动力现5笔大宗交易 共成交10,177.14万元",新浪
729,2020-12-28,机械国防行业周报：持续力推光伏设备和国防装备；新能源“十四五”规划有望上调,新浪
730,2020-12-28,国防军工行业周报：年内多家企业发布股权激励计划 核心军工国企活力有望提升,新浪
731,2020-12-28,航天军工板块连续拉升，航发动力、中航沈飞涨超3%,Wind
732,2020-12-27,【方正制造α研究团队】核心资产周观察（第四十一期）,方正证券
733,2020-12-27,【方正军工 | 周报】趋势性配置机会正当时，核心资产时空兼备,军工正发声
734,2020-12-24,“酒劲”要醒？这个板块成了两市最强热点,中国财富网
735,2020-12-24,千亿市值股狂飙！航天军工上演涨停潮,中证报
736,2020-12-24,千亿市值股狂飙！航天军工上演涨停潮，酒类全线大跌，两只股突然闪崩跌停 连续下跌,中证报
737,2020-12-24,近10股涨停 军工板块大爆发 机构：紧扣“机”和“弹”两条主线丨牛熊眼,第一财经
738,2020-12-24,每日理财观察：央行稳妥推进数字货币研发,Wind
739,2020-12-23,巨·个股 | 军工板块涨停潮！聚焦航空发动机产业链 龙头就这几家（附股）,巨丰财经
740,2020-12-23,A股收盘综述：上证指数录升0.76%，酒类板块天价天量巨震跌超1%,Wind
741,2020-12-23,【行情】军工板块继续走强，中航沈飞、洪都航空双双拉升封板，晨曦航空、航发动力、钢研高纳、中航西飞等纷纷大幅走高,金十数据
742,2020-12-22,国防军工行业：如何看待决定军工业绩弹性的制度性因素？,新浪
743,2020-12-22,机械设备行业周报：新型军备列装、量产 军用设备迎来增长周期,新浪
744,2020-12-18,浙商早知道 | 12月21日,浙商证券研究所
745,2020-12-17,A股午盘综述：上证指数涨0.63%，喝酒吃药行情再现,Wind
746,2020-12-17,航天军工板块走低，亚光科技跌逾6%,Wind
747,2020-12-16,机械及国防行业2021年度策略：中国制造——高端化、全球化，给予“看好”评级,浙商证券
748,2020-12-15,A股“底部十字星”，反转信号确立？一条消息，妥了,财富动力网
749,2020-12-15,机械国防行业周报(2020年12月第二周)：挖掘机全年销量增速近40％；光伏设备、国防装备持续高景气,新浪
750,2020-12-11,"航发动力现1笔大宗交易 共成交3,451.38万元",新浪
751,2020-12-10,军工跨年行情逐步展开，把握主线精选优质个股，维持“推荐”评级,银河证券
752,2020-12-10,【银河军工李良/周义】行业动态 2020.11丨军工跨年行情逐步展开，把握主线精选优质个股,中国银河证券研究
753,2020-12-09,【GICS行业巡礼】38家“航天航空与国防”行业沪深港上市公司初筛选,宏赫臻财
754,2020-12-08,【研报掘金】军工行业发展有望迎来黄金时代 建议积极布局板块“跨年行情”,证券时报网
755,2020-12-08,银河证券：军工行业跨年行情展开 把握主线精选优质个股,证券时报网
756,2020-12-05,中原证券12月金股组合稳居行业前三！,中原证券研究所
757,2020-12-03,国防军工行业：航空发动机产业链梳理 扬帆起航正当时,新浪
758,2020-12-02,航空航天科技行业2021年度展望：十四五“新周期” 供需共振“高成长”,新浪
759,2020-12-02,“申万宏源十大金股组合”,申万宏源
760,2020-12-01,中原证券：11月金股组合盈利2.93% 12月荐股名单出炉,新浪
761,2020-12-01,【行情】国防军工板块拉升，中航光电涨6%，航发动力、爱乐达、中航沈飞、航天彩虹等集体跟涨,金十数据
762,2020-12-01,航发动力(600893)：补齐短板 快速增长,新浪
763,2020-12-01,解盘：百亿资金流入，权重与题材齐飞，工程机械领涨,Wind
764,2020-12-01,【中原策略】2020年第十二期：12月1日-12月31日：中原证券2020年12月十大金股组合,中原证券研究所
765,2020-11-30,军工行业2021Q1投资策略：开篇之年 围绕“产业拐点”布局,新浪
766,2020-11-30,航发动力：公司目前参与了C919在研发动机配套零部件产品的生产,发布易
767,2020-11-30,【华西军工】航发动力：补齐短板 快速增长,机械军工e洞察
768,2020-11-29,高端制造&国防军工2021年度策略：高端制造步入景气周期 建议关注细分龙头,新浪
769,2020-11-26,【预见】C919首单正式落地，大飞机制造开启“三国杀”模式！,财华社
770,2020-11-26,军工股走强，板块业绩或将加速兑现，四条赛道布局,第一财经
771,2020-11-25,国防军工行业：如何从财报角度印证军工行业订单出现真正改善？,新浪
772,2020-11-24,军工行业周报：鲲鹏“换心” 航空产业迎“新机”,新浪
773,2020-11-24,解盘：资金继续流入，锂矿、IGBT、半导体、充电桩领涨,Wind
774,2020-11-24,【行情】国防军工板块快速拉升，航新科技涨8%，航发动力、博云新材、中航飞机等跟涨,金十数据
775,2020-11-24,航天军工板块快速拉升，航新科技涨近10%,Wind
776,2020-11-23,融资客青睐10股，重庆水务买入占比高达44.71%,Wind
777,2020-11-20,国防军工板块盘初走强，晨曦航空涨超10%,Wind
778,2020-11-19,解盘：资金流入消费回暖，航母、存储器、白酒领涨,Wind
779,2020-11-19,【行情】国防军工板块异动拉升，中航飞机涨超7%，航发动力、洪都航空、航发控制、上海瀚讯等跟涨,金十数据
780,2020-11-19,军工股直线冲高，航天机电涨停,Wind
781,2020-11-19,礼包｜中信建投证券三季报解读系列之二,中信建投证券研究
782,2020-11-18,【行情】国防军工板块拉升，中航重机冲击涨停，国瑞科技、航发动力、航发控制等跟涨,金十数据
783,2020-11-18,军工股午后崛起，中航重机冲击涨停,Wind
784,2020-11-18,中信建投高端制造团队最新研究观点,中信建投证券研究
785,2020-11-17,A股收盘综述：上证指数收跌0.21%，白酒股午后高台跳水,Wind
786,2020-11-17,国防军工：三季度业绩拐点确立，中长期增长可期，维持“强于大市”评级,中信建投
787,2020-11-12,航空航天科技行业10月观察&11月展望：潜心布局四季度 重点跟踪“两条主线”,新浪
788,2020-11-11,军工行业20Q3财报总结：上游企业景气持续 主机厂开启业绩兑现,新浪
789,2020-11-11,国防军工2020年三季报综述：Q3业绩大幅提升 军工基本面向好,新浪
790,2020-11-09,机械军工行业：2020Q3基金持仓占比大幅提升 军工板块获全面性加仓,新浪
791,2020-11-08,【中信建投军工|行业动态】Q3公募基金军工持仓环比提升，关注三条投资主线,韬扬军工高端制造沙龙
792,2020-11-04,军工股午后快速走高，中船应急直线拉升逾8%,Wind
793,2020-11-04,航天军工板块急速拉升，航发动力、中航沈飞、航发控制、海特高新领涨,Wind
794,2020-11-04,中信建投证券八大研究团队三季报业绩复盘综述,中信建投证券研究
795,2020-11-02,【天风军工】20Q3军工剖析：基本面持续加速中，十四五方向集体共振,tf防务深评
796,2020-10-31,【招商军工】航发动力（600893）：航发主业增长提速，下游市场需求强烈,招商军工研究
797,2020-10-30,【财报智读】航发动力：2020年前三季度归母净利润6.34亿元，扣非净利润5.3亿元,面包财经
798,2020-10-30,【面包财报】航发动力：2020年前三季度归母净利润6.34亿元，扣非净利润5.3亿元,面包财经
799,2020-10-30,航发动力(600893)：3Q20业绩超预期 应收/应付增长反映需求和生产旺盛,新浪
800,2020-10-29,航发动力(600893.SH)前三季度净利润升53.30%至6.34亿元,格隆汇
801,2020-10-29,航发动力：前三季度净利润同比增长53.3%,Wind
802,2020-10-28,巨·个股 | 国产大飞机C919将亮相！航空发动机产业链核心受益股出炉（附股）,巨丰财经
803,2020-10-26,国防军工行业周报：被动电子元器件业绩大超预期 预示军工行业整体景气度提升,新浪
804,2020-10-25,【方正军工 | 周报】行业景气改善显著，核心白马迎配置机遇,军工正发声
805,2020-10-19,机械军工行业周报：挖掘机9月销量再超预期；聚焦光伏／风电／锂电等新能源设备,新浪
806,2020-10-18,【方正制造α研究团队】核心资产周观察（第三十二期）,方正证券
807,2020-10-18,【方正军工 | 周报】业绩预告凸显行业景气，核心赛道继续增配,军工正发声
808,2020-10-16,国防军工行业2020Q1-Q3业绩前瞻：下游总装标的预计实现高增长 坚定看好军工行业中长期投资价值,新浪
809,2020-10-13,买酒卖车！北向资金再度加仓135亿元（附名单）,21世纪经济报道
810,2020-10-13,北向资金动向盘点：急剧放量，重手加仓金融,Wind
811,2020-10-12,一文了解军用航空发动机研制龙头——航发动力的2020年成绩单,前瞻研究院
812,2020-09-30,【行业动态】军工 2020.9丨布局“十四五”，把握优质赛道,中国银河证券研究
813,2020-09-29,国防军工：布局“十四五” 把握优质赛道,新浪
814,2020-09-29,发生了什么？军工股突然大爆发，两只20%涨停,中国基金报
815,2020-09-29,航母板块连续拉升，晨曦航空、航发动力、中船防务、中航沈飞均涨超4%,Wind
816,2020-09-29,光大金工定增周报：外资大比例参与药明康德定增项目,光大证券
817,2020-09-28,航发动力：今年以来累计收到政府补助1.02亿元,中证网
818,2020-09-28,航发动力(600893.SH)2020年累计收到1.02亿元政府补助,格隆汇
819,2020-09-28,机械设备：预计9月挖掘机销量持续大幅增长；光伏设备下半年需求旺盛,新浪
820,2020-09-28,A股早报2020年9月28日星期一,Wind
821,2020-09-27,【方正制造α研究团队】核心资产周观察（第三十期）,方正证券
822,2020-09-27,大事超多！周末影响A股10大重磅消息来了,中国基金报
823,2020-09-27,金工定向增发跟踪周报,新浪
824,2020-09-27,下周操盘攻略：不差钱！蚂蚁战配基金火热，两天已售罄两只,Wind
825,2020-09-27,【中金电子与通信】航发动力（600893.SH）：航空发动机业务持续增长，维持跑赢行业评级,乐平科技视角
826,2020-09-26,下周947亿市值限售股解禁，环比增加3.28% 解禁,Wind
827,2020-09-22,航发动力(600893.SH)：1.6亿股限售股9月28日解禁 解禁,格隆汇
828,2020-09-22,航发动力：占总股本7.13%限售股将于9月28日上市流通 解禁,Wind
829,2020-09-22,国防军工行业2020H1业绩汇总：军工行业重点领域业绩实现高增长、盈利能力持续改善,新浪
830,2020-09-22,航发动力跌5.13%，成交2.22亿,中新经纬
831,2020-09-20,【方正制造α研究团队】核心资产周观察（第二十九期）,方正证券
832,2020-09-14,航发动力跌3.78%报39.21元，领跌航空装备业,中新经纬
833,2020-09-11,国防军工行业周报：平复情绪客观认知板块现状 高成长优质标的最能行稳致远,新浪
834,2020-09-11,航发动力发行股份购买的标的资产完成过户,中国证券网
835,2020-09-11,航发动力(600893.SH)：标的资产完成过户,格隆汇
836,2020-09-11,军工行业具备上涨基础 看多军工板块 6股热,证券时报
837,2020-09-10,国防军工行业2020年中报财务分析：前瞻性指标向好 经营效益持续改善 零部件民企积极扩产,新浪
838,2020-09-06,机械军工行业周报：持续看好军工、工程机械；制造业龙头中报好于预期、景气持续,新浪
839,2020-09-04,军工行业板块2020年中报总结：需求加速初现端倪 战略看多“十四五”,新浪
840,2020-09-01,国防军工行业动态报告：中报业绩稳定增长 把握三大投资主线,新浪
841,2020-09-01,国防军工行业周报：中报验证行业基本面持续向好 建议重点关注业绩持续改善优质标的,国海证券
842,2020-09-01,北向资金动向盘点：减仓80亿，“食、药”是重点,Wind
843,2020-08-28,【研报掘金】军工行业发展进入快车道 坚定看好后续板块行情,证券时报网
844,2020-08-27,航天军工板块午后拉升，航发动力、中航沈飞、中航机电、亚光科技普涨,Wind
845,2020-08-27,航发动力(600893)：盈利增速显着提升 下游需求旺盛,新浪
846,2020-08-27,券商首次关注11股并给予买入评级（8月27日）,Wind
847,2020-08-27,A股融资融券日报：两融余额减少69.23亿元（8月26日）,Wind
848,2020-08-27,航发动力(600893)：新产品交付不断提升 市场化债转股提升盈利能力,新浪
849,2020-08-27,北向资金动向盘点：小幅加仓非银、公用事业，减仓电子、医药,Wind
850,2020-08-26,航发动力(600893)中报点评：上半年各项任务目标完成情况好于预期 公司发展长期向好,国海证券
851,2020-08-26,融资客青睐14股，顺发恒业买入占比高达40.20%,Wind
852,2020-08-26,【安信军工】航发动力：2020H1净利润同比增长27%，我国发动机制造龙头企业,安信军工冯福章
853,2020-08-26,北向资金动向盘点：反手加仓茅台，但“食药”持仓占比已达31.3%,Wind
854,2020-08-26,【招商军工】航发动力（600893）：新产品交付不断提升，市场化转债股提升盈利能力,招商军工研究
855,2020-08-25,沪港通十大成交活跃股排名（8月25日）,Wind
856,2020-08-25,航发动力(600893.SH)：黎明公司拟吸收合并其下属全资子公司动力物流,格隆汇
857,2020-08-25,航发动力：子公司黎明公司吸收合并其下属公司,Wind
858,2020-08-25,航发动力(600893.SH)半年度净利润升26.52%至4.08亿元,格隆汇
859,2020-08-25,航发动力：上半年净利润同比增长26.52%,Wind
860,2020-08-25,午后军工股持续下挫 洪都航空、航发动力跌停 连续下跌,金融界
861,2020-08-25,申万国防军工板块跌近4%，航发动力触及跌停,Wind
862,2020-08-24,航亚科技连亏4年后净利跳涨 财务总监走马灯信披冲突 亏损,中国经济网
863,2020-08-21,航发动力、中国卫星等跳水，航天军工板块持续下滑,Wind
864,2020-08-19,军工股走弱 航发动力等跌超5%,e公司
865,2020-08-19,航天军工板块持续下滑，航发动力、光启技术均跌超6%,Wind
866,2020-08-16,军工类ETF平均涨幅40% 三大指数有8只个股相同,每日经济新闻
867,2020-08-14,军工类ETF火了：3大“门派”均倚重这8股 其中4股最耀眼,每经牛眼
868,2020-08-14,平均涨幅40%，军工类ETF火了：3大“门派”均倚重这8股，其中3股最耀眼！,每日经济新闻
869,2020-08-12,"航发动力现1笔大宗交易 共成交2,491.00万元",新浪
870,2020-08-12,航发动力今日大宗交易成交53万股，成交价47.0元折价1.16%,Wind
871,2020-08-11,A股融资融券日报：两融余额增加64.09亿元（8月10日）,Wind
872,2020-08-10,千亿市值的股票，为何老是大涨大跌……,上证报
873,2020-08-10,沪深两市尾盘明显回落，君正集团等多只热门股跳水,Wind
874,2020-08-10,解盘：百亿资金流入，广电、大基建、操作系统领涨,Wind
875,2020-08-10,军工板块继续逆势领涨，军工龙头ETF一度大涨5%,Wind
876,2020-08-10,【异动股】航天航空板块拉升，航发动力(600893-CN)涨停,财华社
877,2020-08-10,军工股再度发力，航发动力、航发科技等涨停,Wind
878,2020-08-10,【行情】军工板块早盘继续拉升，北斗星通封板，航发科技、航发动力、中船科技、中直股份等跟涨,金十数据
879,2020-08-08,A股：军工崛起板块，最新最好的30只潜力龙头股一览（名单）低估值！,搜狐
880,2020-08-07,A股共发生60宗大宗交易成交9.97亿元（8月7日）,Wind
881,2020-08-07,航发动力发生大宗交易成交折价率15.06%,证券时报网
882,2020-08-07,交易异动！航发动力：不存在应披露而未披露的重大信息,每日经济新闻
883,2020-08-07,航发动力龙虎榜数据(8月7日）,Wind
884,2020-08-07,航发动力(600893.SH)：公司滚动市盈率是行业滚动市盈率的1.23倍,格隆汇
885,2020-08-07,"航发动力现1笔大宗交易 共成交1,392.00万元",新浪
886,2020-08-07,A股收盘综述：上证指数跌近1%结束5连升，军工逆市逞强,Wind
887,2020-08-07,航发动力大涨7.13%，净流入6203.2万元,中新经纬
888,2020-08-06,军工股午后持续抬升，中航沈飞、北摩高科封板,Wind
889,2020-08-04,A股早报2020年8月4日星期二,Wind
890,2020-08-03,*ST湘电(600416)：低质量经营资产的剥离与业务关闭画上句号 公司Q3扭亏可期,新浪
891,2020-08-03,涨停板解密：市场火爆，多板块个股掀涨停潮！（8月3日）,Wind
892,2020-08-03,科创50涨6%，军工板块上演涨停潮，机构建议三主线配置,中证报
893,2020-08-03,8月3日午盘主力巨资抢筹四大板块(附股),金融界
894,2020-08-03,A股午盘综述：上证指数涨逾1%，军工股掀涨停潮,Wind
895,2020-08-03,国防军工行业周报：战略看多“十四五” 高成长优质标的是超额收益关键,新浪
896,2020-08-03,8月3日早盘主力巨资抢筹四大板块(附股),金融界
897,2020-08-03,【行情】军工板块开盘后大幅走高，个股掀起涨停潮，北方导航、江龙船艇、爱乐达、航发动力等逾20股涨停,金十数据
898,2020-07-31,专题策略：新时代西部大开发 助力构建国内国际双循环,新浪
899,2020-07-31,军工2020年度中期投资策略：敌戒与自强,新浪
900,2020-07-31,航发动力(600893)：下游需求旺盛 公司业绩有望加速增长,国海证券
901,2020-07-28,国防军工行业专题报告：Q2主动持仓延续低配 持股集中度依然较高,国海证券
902,2020-07-27,军工行业跟踪报告：Q2维持低配 军工电子和新材料仍为机构关注重心,新浪
903,2020-07-27,【中信建投军工|行业动态】AG600海上首飞圆满结束，关注产业链相关标的投资机会,韬扬军工高端制造沙龙
904,2020-07-27,国防军工行业周报：AG600海上首飞成功 关注产业链相关标的投资机会,新浪
905,2020-07-24,航发动力(600893)：确定性增长 长周期上行,新浪
906,2020-07-24,【东兴军工】航发动力：确定性增长，长周期上行,机械军工e洞察
907,2020-07-24,2020Q2军工行业基金持仓分析：主动基金低配幅度依然较大 元器件&原材料标的获青睐,新浪
908,2020-07-21,国防军工行业事件点评报告：建议关注航空发动机产业链优质标的,国海证券
909,2020-07-21,A股早报2020年7月21日星期二,Wind
910,2020-07-20,【方正策略+行业】御风而行，低估值价值崛起【附标的】,策略研究
911,2020-07-20,涨停板解密：军工、化工两大板块个股现涨停潮！（7月20日）,Wind
912,2020-07-20,天风策略对话军工：国内大循环之军工板块的投资机会,Wind
913,2020-07-20,快讯：航发动力涨停 报于33.89元,金融界
914,2020-07-16,*ST湘电(600416)：剥离后口径收入或出现94.8%左右增长 龙头启航,新浪
915,2020-07-16,航发动力等78股近五日获机构净买入,证券时报网
916,2020-07-13,国防军工行业周报：战略看多“十四五” 高成长优质标的将现稀缺性,新浪
917,2020-07-13,国防军工行业动态报告：龙头标的估值修复领涨 关注三大投资主线,新浪
918,2020-07-13,机械行业周度报告：工程机械高景气延续 看好H2 锂电设备预期改善,新浪
919,2020-07-10,龙虎风云，机构与游资都在炒哪些股？,搜狐
920,2020-07-10,杠杆资金跑步入场，两融余额7天增逾1600亿,Wind
921,2020-07-10,A股早报2020年7月10日星期五,Wind
922,2020-07-09,航发动力(600893.SH)近几日股价涨幅较大 不存在未披露的重大信息,格隆汇
923,2020-07-09,机构现身28股，净买入航发动力2.23亿元、净卖出中国软件5.69亿元,第一财经
924,2020-07-09,解盘：300亿资金流入，光刻胶、次新股、生物疫苗领涨,Wind
925,2020-07-09,A股早报2020年7月9日星期四,Wind
926,2020-07-08,航发动力(600893.SH)年报推10派1.44元股权登记日7月14日,格隆汇
927,2020-07-08,A股收盘综述：上证指数连升7日站上3400点,Wind
928,2020-07-08,航母板块涨幅超7%，航天发展、中直股份等多股封住涨停,Wind
929,2020-07-07,军工行业周报：市场交易情绪升温 关注军工优质低估值品种修复行情,新浪
930,2020-07-01,军工行业周报：上半年外资增持军工新材料、信息化等板块优质个股,新浪
931,2020-06-10,航空业复苏加快最差底部已确认 六股迎机遇,证券时报
932,2020-06-10,[公司]航发动力：重组事项获证监会核准批复,全景网
933,2020-06-10,航发动力(600893.SH)：向中国航发等发行股份购买资产事项获证监会核准批复,格隆汇
934,2020-06-03,国防军工周报：SPACEX载人火箭发射成功 商业航天发展未来可期,新浪
935,2020-06-01,国防军工行业周报：境外私人企业掀开商业载人航天新篇章 航天产业链有望受益,国海证券
936,2020-05-30,三大因素支持军工板块走强，机构建议两条主线布局,Wind
937,2020-05-26,【华创军工|行业深度】军工行业2020年一季度基金持仓分析报告：整体配置水平仍处历史低位，持股集中度仍较高,华创军工研究
938,2020-05-26,【华创军工|行业深度】军工行业2019年报&2020年一季报总结：板块高景气度持续得到验证，比较优势凸显,华创军工研究
939,2020-05-19,军工行业2019年报&2020年一季报总结：板块高景气度持续得到验证 比较优势凸显,新浪
940,2020-05-15,31股获券商买入评级 会畅通讯目标涨幅达95.56%,Wind
941,2020-05-14,航发动力重组方案获批 降低负债轻装上阵,证券日报
942,2020-05-13,航发动力(600893)：业绩符合预期 盈利能力大幅改善,新浪
943,2020-05-12,A股早报2020年5月12日星期二,Wind
944,2020-05-11,证监会：航发动力发行股份购买资产事项获有条件通过,中证网
945,2020-05-11,航发动力(600893.SH)：重组事项获有条件通过明日复牌,格隆汇
946,2020-05-08,5月9日上市公司重要公告集锦：航发动力重组上会 5月11日起停牌,证券日报
947,2020-05-08,A股共发生121宗大宗交易成交36.13亿元（5月8日）,Wind
948,2020-05-08,航发动力：购买资产事项周一上会，股票停牌 重大事项停牌,Wind
949,2020-05-08,航发动力：航空工业集团减持1.25%公司股份 减持股份,Wind
950,2020-05-08,航发动力：重组上会 股票停牌,e公司
951,2020-05-08,航发动力今日大宗交易成交562.45万股，成交价23.4元折价5.91%,Wind
952,2020-05-08,航发动力(600893.SH)：重组事项5月11日上会当天停牌,格隆汇
953,2020-05-08,航发动力(600893.SH)：航空工业集团累计减持2812.29万股减持计划实施完毕 拟减持股份,格隆汇
954,2020-05-06,证监会：航发动力发行股份购买资产事项将于5月11日上会,中证网
955,2020-05-06,证监会：航发动力5月11日重组上会,e公司
956,2020-04-30,航发动力(600893.SH)：重组事项近日上会当天停牌,格隆汇
957,2020-04-30,国联证券研究所5月投资组合,国联研究
958,2020-04-30,一季报十大增长王出炉：新劲刚增297倍领衔,投资快报
959,2020-04-29,【中金电子与通信】航发动力（600893.SH）：期间费用减少导致1Q20业绩大幅增长，维持跑赢行业评级,乐平科技视角
960,2020-04-29,【每日晨报】0429丨创业板注册制改革不是独立事件，专注时代浪潮公司,中国银河证券研究
961,2020-04-28,【天风军工】核心推荐-航发动力：期间费用显著降低，存货\固定资产投资高增预示需求高景气,tf防务深评
962,2020-04-27,航发动力：一季度净利润同比增长2106.25%,Wind
963,2020-04-27,航发动力(600893.SH)一季度净利升2106.25%至8623.21万元,格隆汇
964,2020-04-24,【华泰军工】航发动力2019年年报点评：总体经营稳健，经营现金流持续改善,华泰军工研究团队
965,2020-04-24,中国航发动力股份有限公司关于 《中国证监会行政许可申请项目审查一次反馈意见通知书》的回复公告,中证报
966,2020-04-17,航发动力：2019年净利同比增长1.27％ 拟10派1.44元,金融界
967,2020-04-17,航发动力(600893.SH)下属子公司拟受让南方宇航两宗土地使用权及其地上房产权,格隆汇
968,2020-04-17,航发动力(600893.SH)2019年度净利升1.27%至10.77亿元 拟10派1.44元,格隆汇
969,2020-03-30,航发动力大跌5.12%，最近一日融资余额130961.57万元 连续下跌,中新经纬
970,2020-03-27,航发动力(600893.SH)：董事长陈少洋辞职 选举董事杨森为公司董事长 董监高成员变化,格隆汇
971,2020-03-27,航发动力关于公司董事长辞职及补选董事长的公告 董监高成员变化,新浪
972,2020-03-27,航发动力：陈少洋辞去公司董事等职务 董监高成员变化,Wind
973,2020-03-20,航发动力(600893.SH)：南方公司拟减持不超1000万股航发控制股票 拟减持股份,格隆汇
974,2020-03-20,【投行参要】每日审核要点及市场动态 | 2020.03.20,兴业证券订阅号
975,2020-03-10,航发动力(600893.SH)：发行股份购买资产申请获证监会受理,格隆汇
976,2020-03-01,【天风军工 周报】强调Q1内资进入配置拐点，关注军工新基建,tf防务深评
977,2020-02-28,中国航发动力股份有限公司关于延期向中国证监会报送重组申请文件的公,证券时报
978,2020-02-27,航发动力(600893.SH)延期向中国证监会报送重组申请文件,格隆汇
979,2020-02-27,【行情】航空发动机概念股拉升，航发科技拉升封板，航天动力、航发动力、航发控制等跟涨。,金十数据
980,2020-02-27,航空发动机板块快速拉升,Wind
981,2020-02-22,2月21日有42家公司获重要股东增减持，光迅科技已被连续减持69次,Wind
982,2020-02-21,上市公司正负面新闻2020年2月21日星期五,Wind
983,2020-02-20,航发动力：发行股份购买资产事项获中国航发批复,e公司
984,2020-02-20,航发动力：航空工业集团减持1%公司股份 减持股份,Wind
985,2020-02-20,航发动力(600893.SH)：重组事项获中国航发批复,格隆汇
986,2020-02-20,航发动力(600893.SH)：航空工业集团已减持公司股份2249.84万股 减持股份,格隆汇
987,2020-02-19,航发动力(600893.SH)：资产重组尚待取得有权国资单位批准、公司股东大会批准、中证监核准,格隆汇
988,2020-02-19,2月19日A股龙虎榜揭秘，机构抢筹15股,Wind
989,2020-02-19,航发动力龙虎榜数据(2月19日）,Wind
990,2020-02-19,航空发动机再度走强 航发动力涨停,巨丰财经
991,2020-02-19,航空发动机持续走强,Wind
992,2020-02-19,军工股再度拉升，航发动力逼近涨停,Wind
993,2020-02-18,航发动力涨停，航空装备行业涨3.81%,中新经纬
994,2020-02-18,【天风军工】美预封锁我国大飞机，空天自主化对标半导体,tf防务深评
995,2020-02-18,军工股造好,Wind
996,2020-02-17,军工板块掀涨停潮 券商板块发力拉升 6股热,证券时报
997,2020-02-17,【麒麟研报】军工领涨 券商:行业再融资将加速（股）,新浪
998,2020-02-17,国防军工板块走强 航发动力涨停,巨丰财经
999,2020-01-23,【招商军工|深度报告】军工行业持仓分析：内资持仓比例持续下滑，估值与增长确定性优势凸显,招商军工研究
1000,2020-01-20,8股获重要股东大手笔增持 6股即将强势起飞,证券时报
1001,2020-01-20,航发动力债转股下半场：拟84.9亿收购3家子公司少数股权,面包财经
1002,2020-01-17,【中信建投军工】航发动力：债转股降低财务费用，业绩改善可期,韬扬军工高端制造沙龙
1003,2020-01-17,7股获重要股东大手笔增持（附股）,证券时报网
1004,2020-01-15,作价85亿，航发动力“买回”子公司65亿债转股股权,观察者网
1005,2020-01-14,航发动力好手段：84.9亿元全资并购3家子公司债转股降负65亿元,电鳗快报
1006,2020-01-13,航发动力(600893.SH)拟84.896亿元购买黎明公司等3家公司部分股权,格隆汇
1007,2020-01-07,【东北军工陈鼎如/刘中玉】航发动力（600893）深度报告：聚焦航空发动机主业，铸军民两用国之重器,东北证券研究所
1008,2020-01-03,航发动力：第九届董事会第二十一次会议决议公告,上交所
1009,2020-01-03,上调评级至买入策略选股（1月3日）,Wind
1010,2020-01-02,今年我国宇航发射有望达“40+”，机构推荐两条投资主线,第一财经
1011,2020-01-02,航发动力子公司参股贵州银行已港股IPO上市,资本邦
1012,2020-01-02,航发动力(600893.SH)：贵州银行已在联交所上市黎阳动力持股1.44%,格隆汇
1013,2020-01-02,航发动力：下属子公司参股的贵州银行在香港联合交易所挂牌上市,Wind
1014,2019-12-31,航发动力(600893.SH)：拟申请应收账款无追索权公开型国内保理业务,格隆汇
1015,2019-12-31,航发动力：航空发动机稀缺寡头资产，看好明年业绩回暖机遇,证券时报网
1016,2019-12-29,军工方法论探讨（二）：基于折现和期权定价模型寻找军工主机厂估值安全边际【东吴军工】,透视先进制造
1017,2019-12-12,【招商军工|深度报告】军工行业持仓分析：内资持仓比例持续下滑，外资逆势大幅增持,招商军工研究
1018,2019-12-11,航发动力：工业之花历经百年沉淀，世界航空发动机寡头垄断,证券时报网
1019,2019-11-16,ETF换购催生减持潮 监管层发声严格规范 减持股份,证券时报
1020,2019-11-11,航发动力：预计未来公司业务规模及盈利将保持较快速度增长,证券时报网
1021,2019-11-11,多家上市公司股东放弃ETF换购,--
1022,2019-11-08,基金份额认购失败便减持？航发动力股价创年度新低 减持股份,中新经纬
1023,2019-11-07,航发动力(600893.SH)：航空工业集团拟减持1.25%股份 终止基金份额认购 拟减持股份,格隆汇
1024,2019-11-07,航发动力：股东终止认购证券投资基金 拟减持股份 并购重组异常,e公司
1025,2019-11-07,航发动力：航空工业集团终止认购证券投资基金，并拟减持不超1.25%公司股份 并购重组异常,Wind
1026,2019-10-30,【招商军工|三季报点评】航发动力：交付节奏变化影响短期业绩，存货及采购款预示任务饱满,招商军工研究
1027,2019-10-29,航发动力：前三季度净利润同比减36.47% 盈利能力下降,Wind
1028,2019-10-09,航发动力(600893.SH)：股东航空工业集团暂未实施基金份额认购,格隆汇
1029,2019-09-30,【中金电子与通信】航发动力（600893.SH）：拟收购控股公司少数股权，有助于增厚净利润,乐平科技视角
1030,2019-09-18,16股获券商买入评级 南方航空目标涨幅达50.60%,Wind
1031,2019-09-16,航发动力(600893.SH)：航空工业集团减持1687.38万股 减持股份,格隆汇
1032,2019-09-16,航发动力：持股5%以上股东共减持1687.38万股 减持股份,Wind
1033,2019-09-01,【招商军工|中报点评】航发动力：航发主业稳步增长，期间费用影响当期净利润,招商军工研究
1034,2019-08-28,"浙商证券：将航发动力评级调高为""买入""",Wind
1035,2019-08-28,上调评级至买入策略选股（8月28日）,Wind
1036,2019-08-28,【东兴机械军工】军工主机厂业绩耀眼，订单需求迎来高峰,微信
1037,2019-08-23,航发动力(600893.SH)上半年净利润降10.29%至3.23亿元 盈利能力下降,格隆汇
1038,2019-08-23,航发动力：上半年净利润同比减10.29% 盈利能力下降,Wind
1039,2019-08-19,航发动力(600893.SH)：“航空发动机关键技术攻关建设项目”竣工验收,格隆汇
1040,2019-08-09,航发动力：回复上交所问询函,Wind
1041,2019-08-07,航发动力跌0.05%，创近1个月新低，报21.97元 连续下跌,腾讯网
1042,2019-08-02,航发动力收交易所问询函 要求补充披露重大资产重组预案事项 问询,中证网
1043,2019-08-02,航发动力：收到上交所对公司发行股份购买资产暨关联交易预案信息披露问询函,Wind
1044,2019-07-30,减负债、降杠杆，债转股新政激活市场，哪些是重点,Wind
1045,2019-07-30,军工行业周报:中国政府发布《新时代的中国国防》白皮书,浙商证券
1046,2019-07-29,航发动力65亿债转股再降负债率 期间费用年降5亿,新浪
1047,2019-07-25,【中信建投军工|行业动态】持仓占比处于低位，关注三季度投资机会,韬扬军工高端制造沙龙
1048,2019-07-23,【东兴军工】航发动力：市场化债转股降杠杆，三家子公司同时受益,军工e洞察
1049,2019-07-23,航发动力：三家子公司同时受益 强烈推荐评级,东兴证券
1050,2019-07-22,航发动力响应供给侧改革 重组优化公司治理结构,证券日报
1051,2019-07-22,航发动力65亿元债转股落地 轻装上阵迎接发展新机遇,中证网
1052,2019-07-22,A股早报2019年7月22日星期一,Wind
1053,2019-07-22,最新公告透露利好 12只个股有望爆发（07.22）,中金在线
1054,2019-07-22,65亿元债转股预案出台 航发动力拟增资3家子公司,证券日报
1055,2019-07-20,航发动力：关于披露发行股份购买资产暨关联交易预案暨公司股票复牌的提示性公告,上交所
1056,2019-07-19,航发动力拟发行股份购买三家公司 7月22日复牌,中证网
1057,2019-07-19,航发动力拟收三家公司股权 22日开市起复牌,金融界
1058,2019-07-19,航发动力(600893.SH)拟收购航发沈阳黎明航空发动机等三家公司股权 下周一复牌,格隆汇
1059,2019-07-19,航发动力：董事会同意对子公司增资84.8亿元,每经网
1060,2019-07-19,航发动力：拟收购黎明公司等3家公司股权,Wind
1061,2019-07-17,航发动力(600893.SH)：“精锻叶片生产能力建设项目”已通过竣工验收,格隆汇
1062,2019-07-15,四大券商周二看好六大板块,证券之星
1063,2019-07-15,资产证券化或加速 军工股布局正当时,投资快报
1064,2019-07-15,【东吴军工双周报】持续看好最能体现行业景气度的电子元器件和新材料标的,透视先进制造
1065,2019-07-12,航发动力：正在就债转股事宜与相关投资者进行接洽,Wind
1066,2019-07-09,筹划市场化债转股，航发动力并购“两步走”,IPO日报
1067,2019-07-08,航发动力筹划债转股及发行股份 欲改善旗3家子公司资产负债状况,e公司
1068,2019-07-08,航发动力拟实施债转股 标的为三家全资子公司,大众证券报
1069,2019-07-08,航发动力拟对3家全资子公司实施债转股 今日起停牌,中证网
1070,2019-07-08,航发动力：筹划债转股和发行股份购买资产事宜,e公司
1071,2019-07-08,“中国神船”再度扬帆起航 军工证券化加速,证券市场周刊
1072,2019-07-08,ST鹏起实控人被拘留，航发动力债转股停牌【太平洋军工日报】 其他违规处罚,太平洋军工瞭望台
1073,2019-07-07,工业综合：关注军工领域投资机会 荐13股,中信建投
1074,2019-07-04,军工行业资产整合有望加速 六股现上车良机,证券时报网
1075,2019-07-03,26股获券商买入评级 新宝股份目标涨幅达57.22%,Wind
1076,2019-06-25,航发动力动态点评:步入高质量发展快车道,国海证券
1077,2019-06-18,航发动力(600893.SH)：减持计划时间已过半 航空工业集团已减持1124.92万股,格隆汇
1078,2019-06-18,航发动力：航空工业集团累计减持公司0.5%股份 减持股份,Wind
1079,2019-06-17,融资客青睐13股，渝三峡A买入占比高达50.80%,Wind
1080,2019-06-17,军工板块逆市走强 机构看好低位布局机会,中证报
1081,2019-06-13,"国防军工行业周报:授权清单印发,国企改革深化",国海证券
1082,2019-06-04,航发动力：股东拟以不超1.25%公司股份换购基金份额,Wind
1083,2019-05-28,"国防军工行业:景气上行,坚定看多",德邦证券
1084,2019-05-27,19股获券商买入评级 汇川技术目标涨幅达67.39%,Wind
1085,2019-05-23,航发动力(600893.SH)拟每10股派1.42元 股权登记日为5月30日,格隆汇
1086,2019-05-19,航发动力董事长张民生辞职 公司去年净利同比增长11%,挖贝网
1087,2019-05-17,航发动力：新增2019年度对外担保 大额借贷担保,Wind
1088,2019-05-17,航发动力：公司董事长辞职 董监高成员变化,Wind
1089,2019-05-16,【华泰军工】中航电测回购点评：回购彰显信心，军民融合发力,华泰军工研究团队
1090,2019-05-05,工业综合：推荐关注绩优白马标的 荐15股,国海证券
1091,2019-05-05,【华泰军工】航发动力2019一季报点评：受益下游均衡生产，经营质量持续提升,华泰军工研究团队
1092,2019-05-04,航发动力一季度净利391万元 现金流量净额为-7.86亿元,挖贝网
1093,2019-04-30,军工行业周报:空军装备产业链全年持续高景气度,浙商证券
1094,2019-04-26,航发动力(600893.SH)一季度净利扭亏为盈至390.85万元,格隆汇
1095,2019-04-26,航发动力：一季度业绩同比扭亏净利为390.85万元,Wind
1096,2019-04-19,"军工行业信息周报:军费稳定增长,改革继续向前",正点财经
1097,2019-04-03,【国金研究】科创板：助推高端制造产业突破、估值重构 ——“科创板-高端制造”系列报告【国金机械军工】,国金证券研究所
1098,2019-03-29,航发动力：刘军和刘威辞去副总经理职务 董监高成员变化,Wind
1099,2019-03-29,"航发动力2018年报业绩点评:航发业务进入高景气周期,政策扶持提升潜力",开源证券
1100,2019-03-28,航发动力：2018年净利润同比增10.82%,Wind
1101,2019-03-25,军工股上演涨停潮底气何在？一文看懂背后逻辑,Wind
1102,2019-03-23,【中信建投军工|行业动态】当前继续看好军工板块的三大逻辑,韬扬军工高端制造沙龙
1103,2019-03-14,[看好评级]军工行业周报：2019国防军费预算公布 符合预期,中财网
1104,2019-03-14,[看好评级]国防军工行业：波音737MAX8两次发生事故 国产大飞机挑战与机遇并存,中财网
1105,2019-03-14,"国防军工行业第10周报:军费增长符合预期,关注行业整合进度",广发证券
1106,2019-03-07,航发动力今日大宗交易成交385万股，成交价24.0元折价7.05%,Wind资讯
1107,2019-03-06,机构另类抄底术：大宗交易上频现机构席位数亿资金抢筹，还有踏空私募接盘,每日经济新闻
1108,2019-02-25,"国防军工行业周报:市场风险偏好提升,看好军工板块表现",国海证券
1109,2019-02-21,工业综合：军品定价改革规则文件下发 荐6股,东兴证券
1110,2019-02-21,【招商军工】军工整体配置比例仍低，主动型基金重仓航空产业链——2018Q4公募基金军工持仓分析,招商军工研究
1111,2019-02-15,A股共发生71宗大宗交易成交21.11亿元（2月15日）,Wind
1112,2019-02-15,上海证券市场大宗交易公开信息(2019-02-15),上交所
1113,2019-01-21,"国防军工行业周报:民船重组有望,军船持续景气",国海证券
1114,2019-01-16,上海证券市场大宗交易公开信息(2019-01-16),上交所
1115,2019-01-14,"国防军工行业周报:打造一流示范企业,国企改革加速深化",国海证券
1116,2019-01-07,"军工行业2019年投资策略:近看稳健增长,远期改革红利",光大证券
1117,2019-01-05,航发动力股东增持447万股 耗资将近1亿元,挖贝网
1118,2019-01-04,男子5年24次行贿航发动力子公司员工 获利237万,新浪
1119,2019-01-02,"国防军工行业周报:新版目录发布,大幅降低准入门槛",国海证券
1120,2018-12-27,航发动力股票行情怎么样？航发动力股票（600893）行情,益盟操盘手
1121,2018-12-27,"航发动力动态点评:减负增效,加快前行",国海证券
1122,2018-12-18,4万亿蠢蠢欲动，军工“小资产大集团”逐渐改观,Wind
1123,2018-12-11,"军工板块2018年三季报分析:业绩仍然稳健,抗周期性带来显著相对收益",光大证券
1124,2018-12-04,A股市场各大指数成份股密集调整 6股成多个指数新宠,证券时报
1125,2018-12-04,"航发动力深度报告:军用航空发动机龙头企业,独享行业高景气度",浙商证券
1126,2018-12-04,"国防军工行业周报:第三艘航母确认在建,关注分系统和核心配套",国海证券
1127,2018-12-03,沪深300等指数17日起调整样本股,中证协
1128,2018-11-19,"军工行业周报:军工资产整合预期升温,看好军工全年行情表现",申万宏源
1129,2018-11-15,政策暖风频吹，军工整合暗流涌动，这些必看,Wind
1130,2018-11-13,(互动)航发动力：工业用途燃气轮机处于产品试制阶段,全景网
1131,2018-11-12,看好中国｜建军强国——建设强大现代化空军路线图公布 中航系再迎炒作机遇！,巨丰财经
1132,2018-11-08,【东兴军工】航发动力：歼10B应用矢量发动机点评,军工e洞察
1133,2018-11-07,"航发动力公司2018年三季度点评:航发市场逐步释放,公司盈利显著增强",正点财经
1134,2018-11-05,机械制造：机械军工周报 荐10股,开源证券
1135,2018-11-05,"航发动力:聚焦主业营收稳定增长,三费降低净利大幅提升",正点财经
1136,2018-11-02,"航发动力事件点评:业绩大幅增长,能力持续提升",国海证券
1137,2018-11-01,【长江军工】航发动力点评报告：科技强军，厚积薄发,长江军工研究
1138,2018-11-01,看好中国｜建军强国——军工行业整体业绩复苏 个股有望迎来估值修复时机,巨丰财经
1139,2018-11-01,"航发动力:三季报业绩高速增长,看好航发国产化替代趋势",方正证券
1140,2018-10-31,【招商军工】航发动力：聚焦航发主业，期间费用下降提高公司盈利能力 盈利能力下降,微信
1141,2018-10-18,【招商军工|19中期策略】业绩明显改善，国改进程箭在弦上,招商军工研究
1142,2018-10-11,航发动力午后异动重挫5.12%报21.87元 成交1.42亿元,腾讯网
1143,2018-10-10,A股共发生35宗大宗交易成交8.62亿元（10月10日）,Wind
1144,2018-10-10,航发动力今日大宗交易成交30万股，成交价23.05元折价0.0%,Wind资讯
1145,2018-10-08,【挖题材】国防军工行业：基本面预期将持续向好 核心企业有望率先受益,国盛证券
1146,2018-10-03,航发动力股票分析：航发主业增长稳定，经营效率稳步提升,长江证券
1147,2018-09-24,工业综合：研发抵扣新规 荐3股,国盛证券
1148,2018-09-19,航发动力：是三代主战机型发动机国内唯一供应商,Wind
1149,2018-09-19,航发动力发力混改 打造“军民融合”示范企业,证券日报
1150,2018-09-16,工业综合：继续关注业绩优异的整机厂与低估值龙头,方正证券
1151,2018-09-13,巨丰早评：突发消息或促A股展开反弹,巨丰财经
1152,2018-09-12,巨丰热点：军工题材全线活跃 中航电子盘中大涨7%以上,巨丰财经
1153,2018-09-12,29股获券商买入评级 保利地产目标涨幅达77%,Wind
1154,2018-09-03,航发动力：中报业绩高速增长 看好公司航空发动机产业长期发展,方正证券
1155,2018-08-31,【长江军工】航发动力点评报告：航发主业增长稳定，经营效率稳步提升,长江军工研究
1156,2018-08-30,"航发动力2018年中报点评:聚焦主业交付提速,优化费用业绩大增",光大证券
1157,2018-08-30,航发动力2018年半年报业绩点评:国家支持改善财务结构未来航发巨头起步,开源证券
1158,2018-08-29,8月29日券商晨会研报汇编,证券日报
1159,2018-08-29,聚焦航空发动机主业 航发动力上半年净利大增,证券日报
1160,2018-08-29,"航发动力事件点评:收入增长费用减少,航发龙头业绩大幅增长",国海证券
1161,2018-08-28,[审慎增持评级]航发动力(600893)中报点评：期间费用大减提升利润 航空发动机龙头厚积薄发,中财网
1162,2018-08-28,巨丰午评：大盘短线遇阻 反弹有望延续,巨丰财经
1163,2018-08-28,【招商军工】航发动力中报点评：航空主业增长趋势明确，期间费用减少提高公司盈利能力！ 盈利能力下降,招商军工研究
1164,2018-08-28,巨丰热点：军工题材延续昨日强势格局 航天通信等多股涨停,巨丰财经
1165,2018-08-28,[推荐评级]航发动力(600893)中报点评：中报业绩高速增长 看好公司航空发动机产业长期发展,中财网
1166,2018-08-28,[推荐评级]航发动力(600893)中报点评：1H18业绩超预期 强力削减期间费用促利润高增长,中财网
1167,2018-08-28,"国防军工行业周报:055万吨大驱试航,装备建设如火如荼",国海证券
1168,2018-08-27,[快讯]航发动力:部分募集资金投资项目调整实施内容,中财网
1169,2018-08-27,航发动力：上半年净利润同比增125.92%,Wind
1170,2018-08-27,航发动力：看好公司航空发动机产业长期发展 推荐评级,方正证券
1171,2018-08-27,航空航天军工行业周报：中报业绩密集发布 持续关注拐点逻辑的信号验证,中财网
1172,2018-08-27,巨丰热点：军民融合展会展开 军工股走强,巨丰财经
1173,2018-08-21,[推荐评级]国防军工行业周报：市场创新低 关注板块成长性,中财网
1174,2018-08-20,[优于大市评级]海通军工行业周报：关注低估值品种,中财网
1175,2018-08-19,工业综合：双百行动助力军工企业混改 荐12股,方正证券
1176,2018-08-16,看好中国｜建军强国——关注军工企业估值修复性机会,巨丰财经
1177,2018-08-13,[增持评级]航空航天行业周报：看好军工反弹 推荐飞行器产业链,中财网
1178,2018-08-13,航空航天军工行业周报：中船重工集团启动增持 关注估值底部布局机会,中财网
1179,2018-08-13,"国防军工行业周报:军工企业禁售事件充分消化,关注板块修复性投资机会",国海证券
1180,2018-08-03,8月3日有29家公司获重要股东增减持 华友钴业已被连续减持32次,Wind
1181,2018-07-30,航空航天军工行业周报：逐季度改善逻辑初步验证 维持推荐板块龙头,中财网
1182,2018-07-25,[看好评级]公募基金2018Q2军工重仓股持仓占比统计：2018Q2军工重仓占比仍然处于历史低位 看好全年投资机会,中财网
1183,2018-07-24,【安信军工-每周观点0722】重申关注军工板块跟随创业板的反弹性机会，18年军工板块将呈现明显的阶段性行情,安信军工冯福章
1184,2018-07-24,[领先大市-A评级]2018Q2公募基金持仓分析(国防军工行业)：四年低位 集中于主机厂和航空产业链,中财网
1185,2018-07-24,看好中国｜建军强国——央企第三批混改望提速军改,巨丰财经
1186,2018-07-24,[增持评级]国防军工行业周报：公募军工持仓集中度大幅提升 建议逐步中线布局,中财网
1187,2018-07-23,航空航天军工行业周报：关注市场风险偏好变化 重申推荐优质军工龙头,中财网
1188,2018-07-23,基金2Q18军工持仓分析(航空航天军工行业)：整体持仓回落 继续拥抱价值龙头,中财网
1189,2018-07-23,[推荐评级]国防军工行业周报：成长路径清晰确定性强 推荐关注总装龙头和核心配套,中财网
1190,2018-07-23,安信冯福章：基金持仓比例下降 继续关注军工反弹,金融界
1191,2018-07-17,[增持评级]国防军工行业周报：中报预告整体向好 拐点将至建议中线布局,中财网
1192,2018-07-16,航空航天军工行业周报：贸易摩擦再度升级 重申军工核心标的防御性特征,中财网
1193,2018-07-10,[增持评级]国防军工行业简评：航发产业将迎加速发展 平台增持彰显集团信心,中财网
1194,2018-07-10,航发动力实控人拟增持 多重机遇推动业绩增长,证券日报
1195,2018-07-06,航空航天军工行业热点速评：波音拟整合巴航工业民机业务 全球民机产业集中度进一步提升,中财网
1196,2018-07-05,航发动力：有参与C919大飞机国产发动机项目,Wind
1197,2018-07-05,[互动]航发动力：有参与C919大飞机国产发动机项目,全景网
1198,2018-07-04,[看好评级]国防军工行业动态跟踪：业绩和改革拐点渐进 看好军工板块投资,中财网
1199,2018-07-04,巨丰早评：科技股带动市场反弹,巨丰财经
1200,2018-07-03,7月3日有75家公司获重要股东增减持 蓝光发展已被连续增持46次,Wind
1201,2018-07-03,航发动力大涨6.02%，报23.76元,腾讯网
1202,2018-07-03,军工股全线上扬，航发科技、航发控制携手封板,Wind
1203,2018-07-02,航发动力：实控人拟斥资1亿至2亿元增持,e公司
1204,2018-07-02,航发动力：实控人拟继续增持公司股份不超过2亿元,中证网
1205,2018-07-02,晚间重要公告2018年7月2日星期一,Wind
1206,2018-07-02,看好中国｜建军强国——国防军工逆势呈现阶段性机会,巨丰财经
1207,2018-07-02,"国防军工行业周报:成长确定性强,行业价值显现",国海证券
1208,2018-06-29,[推荐评级]国防军工行业中期策略报告：聚焦核心关注改革 中美关系催化板块行情,中财网
1209,2018-06-29,【主题研究】船舶配套专题：全面推进国产替代 力争实现弯道超车,中财网
1210,2018-06-27,巨丰早评：市场底部探明 短期紧盯创业板,巨丰财经
1211,2018-06-25,看好中国｜建军强国——三大逻辑或将带来未来投资机会,巨丰财经
1212,2018-06-24,看好中国｜建军强国——事件性因素或催生短期机会,巨丰财经
1213,2018-06-21,军工行业中期策略：看好行业基本面改善的持续验证,金融界
1214,2018-06-20,融资客青睐14股，北京城建买入占比高达49.93％,Wind
1215,2018-06-19,"国防军工行业周报:板块深度调整,关注优质个股",国海证券
1216,2018-06-14,105只股即将实施分红（名单）,证券时报
1217,2018-06-11,看好中国｜建军强国——静待军工混改推行带来行业修复性机会,巨丰财经
1218,2018-06-04,[增持评级]军工行业周报：关注一季报资产负债表中积极变化 寻找估值扩张期标的,中财网
1219,2018-06-04,[强于大市评级]国防军工行业研究周报：中航三70%指标引领趋势 超跌触底价值配置机遇现,中财网
1220,2018-06-04,"国防军工行业周报:贸易摩擦再起波澜,国防军工支撑高端制造",国海证券
1221,2018-05-31,以4.59亿交易底价减资退出中航精铸 中航系资本割舍“挚爱”,每日经济新闻
1222,2018-05-30,[互动]航发动力：一季度应收账款高是行业特有现象,全景网
1223,2018-05-28,[强于大市评级]国防军工行业研究周报：多家院所改制继续获批 进入配置窗口迎夏季行情,中财网
1224,2018-05-28,"国防军工行业周报:板块继续调整,关注优质个股",国海证券
1225,2018-05-24,[路演]航发动力：正研制生产燃气轮机动力装置填补国内空白,全景网
1226,2018-05-22,航发动力：工业用途燃气轮机目前在产品试验阶段,中证网
1227,2018-05-22,"国防军工行业周报:练兵备战强化装备需求,股权激励提升公司活力",国海证券
1228,2018-05-17,航发动力：募投项目已竣工并获省发改委验收批复,中证网
1229,2018-05-15,[推荐评级]国防军工行业周报：科研院所转制新型战斗力形成 国防军工亮点不断,中财网
1230,2018-05-14,【安信军工-每周观点0429】一季报显示军工行业基本面改善，依旧首选航空装备,安信军工冯福章
1231,2018-05-14,47股获券商买入评级 金融街目标涨幅达44.48%,Wind
1232,2018-05-11,"航发动力:历史机遇开启只待努力前行,打造航发龙头动力更加强劲",正点财经
1233,2018-05-09,航发动力议案变卦 标的未实现预期目标,每日经济新闻
1234,2018-05-09,"航发动力动态点评:军机需求释放,业绩增长有望",国海证券
1235,2018-05-08,半月时间董事态度大转弯 航发动力重大决策如此反复,新浪
1236,2018-05-08,[领先大市-A评级]国防军工行业深度分析：一季报显示军工行业基本面改善 依旧首选航空装备,中财网
1237,2018-05-08,5月8日早间行业热点聚焦,中证网
1238,2018-05-07,看好中国｜建军强国——三大事件或催生国防军工短期机会,巨丰财经
1239,2018-05-05,军工板块盈利稳步提升 需求释放增长加速,投资快报
1240,2018-05-03,"国防军工行业周报:魂芯二号A发布,自主可控再获有力支撑",国海证券
1241,2018-05-02,安信冯福章：一季报显示军工基本面改善 首选航空装备,金融界
1242,2018-04-26,航发动力：一季度亏损同比收窄净亏5769.93万元,Wind
1243,2018-04-25,1Q18基金持仓分析(航空航天军工行业)：主动配置意愿提升 优选总装龙头与低估白马,中财网
1244,2018-04-23,[推荐评级]国防军工行业事件点评报告：核心技术孵化沃土 军工支撑自主可控,中财网
1245,2018-04-16,军工：重视军工、超配军工,巨丰财经
1246,2018-04-16,军工行业周报：南海海上阅兵提升军工板块关注度,中财网
1247,2018-04-13,军工行业日报：波音公司投资研制高超声速发动机,中财网
1248,2018-04-10,4月10日有13家公司获重要股东增减持 汉钟精机已被连续增持92次,Wind
1249,2018-04-10,[增持评级]国防军工行业双周报：持续看好军工板块行情 首推中航沈飞,中财网
1250,2018-04-08,东兴证券：不要在便宜的时候错过飞机制造公司,新浪
1251,2018-04-04,[看好评级]国防军工行业事件点评：为什么我们必须重视飞机制造,中财网
1252,2018-04-03,航发动力：稳健增长 厚积薄发,红周刊
1253,2018-04-03,军民融合深化开启军工板块新机遇 四逻辑选15只潜力股,证券日报
1254,2018-04-02,[标配评级]军工行业2018年二季度投资策略：看点众多 关注优质个股,中财网
1255,2018-04-02,[买入评级]航发动力(600893)年报点评：处置非核心资产导致净利润增长 长期看好发动机业务发展,中财网
1256,2018-04-02,"航发动力年报点评:航空发动机主业稳定增长,经营性现金流显著好转",东吴证券
1257,2018-04-01,[强烈推荐评级]航发动力(600893)年报点评：经营性业绩低于预期 不改长期看好逻辑,中财网
1258,2018-03-30,[推荐评级]航发动力(600893)年报点评：主营业务收入增长稳定 将持续受益于军机列装,中财网
1259,2018-03-30,航天军工板块午后持续走强 中直股份涨超6%,证券时报网
1260,2018-03-30,[推荐评级]航发动力(600893)年报点评：17年经营现金流好转 看好航发主业增长前景,中财网
1261,2018-03-29,航发动力：2017年净利润9.6亿元,中证网
1262,2018-03-29,航发动力：2017年净利润同比增7.78%,Wind
1263,2018-03-28,军工板块持续反弹 主流军工白马股受青睐,股城网
1264,2018-03-27,看好中国｜军工领域混改有望推进 军民融合分享政策红利,巨丰财经
1265,2018-03-27,[推荐评级]国防军工行业周报：贸易摩擦暴露航空短板 国防军工支撑大国崛起,中财网
1266,2018-03-27,军工行业日报：C919第二架机迎来2018年第一次飞行,中财网
1267,2018-03-27,航空发动机创新中心获批成立 四股有望率先发力,中财网
1268,2018-03-27,【军工】中国军工逆周期资产属性将出现，贸易战中的确定板块,微信
1269,2018-03-25,工业综合：持续推荐板块龙头标的 荐3股,和讯
1270,2018-03-20,[增持评级]海通军工行业周报(第10期)：重点关注一季报业绩增长较为确定或潜在超预期标,中财网
1271,2018-03-18,工业综合：国防军工周报,广发证券
1272,2018-03-12,[推荐评级]国防军工行业周报：军费增速超预期 行业基本面持续改善,中财网
1273,2018-03-12,工业综合：行业基本面持续改善 荐16股,长城证券
1274,2018-03-12,[推荐评级]国防军工行业周报：2018年国防支出增长8.1% 装备建设获得强力支撑,中财网
1275,2018-03-12,国产大飞机年内开展水上首次试飞 五股备受关注,证券时报
1276,2018-03-12,"国防军工行业周报:2018年国防支出增长8.1%,装备建设获得强力支撑",国海证券
1277,2018-03-06,航空航天军工行业热点速评：2018年我国国防预算预计增长8.1% 释放拐点信号,中财网
1278,2018-03-05,方正证券：工信部工业互联网专家解读工业互联网会议,新浪
1279,2018-02-28,巨丰复盘：题材板块轮番表现 行情分化酝酿风格切换,巨丰财经
1280,2018-02-28,[看好评级]军工行业动态跟踪：大飞机再签单 看好民航产业链,中财网
1281,2018-02-28,中泰证券：多重利好促军工板块爆发,金融界
1282,2018-02-28,军工股再度拉升，航发控制二连板,Wind
1283,2018-02-28,军工股再起波澜，航发控制两连板,Wind
1284,2018-02-28,【晨会聚焦】军工板块关注度提高,中泰证券研究所
1285,2018-02-27,数据王：中小创赚钱效应大增后市有望继续跑赢沪指,巨丰财经
1286,2018-02-27,军工板块迎来大爆发！两大投资逻辑逐渐清晰 这几只股被机构看好,中财网
1287,2018-02-27,巨丰复盘：权重股低迷拖累大盘 题材股轮番表现激活市场人气,巨丰财经
1288,2018-02-27,巨丰收评：权重股回调无碍创业板反弹,巨丰财经
1289,2018-02-27,军工板块午后强势不减，航发科技、耐威科技携手涨停,Wind
1290,2018-02-27,军工股异动拉升，航发控制涨停,Wind
1291,2018-02-27,军工板块异动，航发控制直线涨停,Wind
1292,2018-02-27,C919订单加码显大飞机发展势头10只机构看好股迎机遇,证券日报
1293,2018-02-27,军工行业双周报:建议重点关注低估值白马股和成长确定的龙头股,申万宏源
1294,2018-02-26,中上协“2017年度最受投资者尊重的上市公司评选”入围名单揭晓,中上协
1295,2018-02-26,[推荐评级]国防军工行业周报：法规清理保障军民融合深化 前期调整及边际变化带来投资机会,中财网
1296,2018-02-26,[增持评级]国防军工行业周报：板块进入战略配置机遇期,中财网
1297,2018-02-23,[增持评级]军工行业周报：重型猎鹰首飞成功 重点关注低估值央企龙头,中财网
1298,2018-02-22,[看好评级]军工行业动态跟踪：军工行业歼-20开始列装 看好军机中长期市场,中财网
1299,2018-02-21,军工行业：建议关注超跌白马及龙头股,申万宏源
1300,2018-02-14,五大券商下周看好6板块37股,证券之星
1301,2018-02-13,[看好评级]点评陆基反导、苏35战巡南海和歼20列装作战部队(军工行业)：我军打出组合拳 传递坚定信心,中财网
1302,2018-02-13,[看好评级]军工行业周报：建议关注超跌白马及龙头股,中财网
1303,2018-02-12,【招商军工-行业信息周报0205-0211】行业大幅调整，重点关注低估值白马,招商军工研究
1304,2018-02-12,[增持评级]E周刊79期暨2018年第7周报(航空航天行业)：休养生息节后再战 重点布局超跌白马,中财网
1305,2018-02-12,"国防军工行业周报:歼-20列装空军作战部队,推荐关注航空装备产业链投资机会",国海证券
1306,2018-02-11,[增持评级]军工2.0系列8之分级基金专题研究(航空航天行业)：军工分级基金下折对板块影响研究,中财网
1307,2018-02-09,军工行业日报：中国空军苏-35战机飞赴南海战斗巡航,中财网
1308,2018-02-09,[增持评级]航发动力(600893)动态点评：航空发动机龙头迎来战略机遇期,中财网
1309,2018-02-07,工业综合：核心军工受青睐 荐4股,长江证券
1310,2018-02-06,[看好评级]开源证券机械军工行业周报20180205,中财网
1311,2018-02-06,[增持评级]军工行业周报：外延并表驱动业绩增长 重点关注低估值央企龙头,中财网
1312,2018-02-06,【军工丨段小虎】分级基金或承压下折，择机增配价值白马,方正证券研究
1313,2018-02-05,【招商军工-行业信息周报0129-0204】从业绩预报看行业平稳增长，关注一季度基本面改善,招商军工研究
1314,2018-02-05,工业综合：建议重视基本面标的在调整中的配置及加仓机会 荐6股,申万宏源
1315,2018-02-05,[增持评级]国防军工行业周报：央企混改扩围升级 向广度与深度拓展,中财网
1316,2018-02-05,军工行业周报：电磁监测试验卫星“张衡一号”成功发射,中财网
1317,2018-02-05,[推荐评级]国防军工行业周报：业绩预告超六成个股实现增长 推荐关注主战装备龙头,中财网
1318,2018-02-03,"国防军工行业每周观点:重申重点关注1-2月军工行情,18年板块预计将呈现基本面变化和阶段性行情",中证网
1319,2018-02-01,[看好评级]军工行业周报：坚定看好军工中长期投资机会 短期择机布局军工白马优质标的,中财网
1320,2018-02-01,【军工*陈显帆团队】2017基金四季报总结报告：军工股基金持仓处于历史低位，建议关注低估值的主流白马标的,东吴研究所
1321,2018-01-30,航发动力：装备制造“核心资产” 坚定看好航发龙头,中证网
1322,2018-01-30,券商首次关注8股并给予买入评级(1月30日),Wind
1323,2018-01-29,"国防军工行业周报:中国船舶中船防务降杠杆,汽轮发电机组重大突破全电推进应用有望加速",国海证券
1324,2018-01-25,巨丰复盘：创业板冲高回落 沪指结束七连阳,巨丰财经
1325,2018-01-25,巨丰收评：创业板冲高回落 市场难以深调,巨丰财经
1326,2018-01-25,军工股再度走强 航发动力、晨曦航空暴涨7%,网易
1327,2018-01-25,军工板块持续发酵，航天长峰涨停,Wind
1328,2018-01-24,【招商军工-行业每日要闻0124】,招商军工研究
1329,2018-01-22,工业综合：国家队龙头配置价值凸显 荐14股,中信建投
1330,2018-01-20,业绩环比增长明显 军工行业拐点已现,投资快报
1331,2018-01-19,【晨会聚焦】经济短期回暖,中泰证券研究所
1332,2018-01-19,【军工】杨帆、吴张爽（联系人）：2018年军工投资策略:成长破浪会有时，改革云帆济沧海-20180118,中泰证券研究所
1333,2018-01-15,海通军工行业周报：安全边际为盾边际改善为矛重点关注航空产业链投资机会,中财网
1334,2018-01-15,国防军工行业周报：北斗三号发射启动全球组网,中财网
1335,2018-01-15,工业综合：推荐低估值白马和成长确定的龙头股 荐6股,申万宏源
1336,2018-01-15,军工行业周报：基本面边际改善重视军工春季行情,中财网
1337,2018-01-14,工业综合：我国2017造船三大指标位居世界第一 荐15股,国海证券
1338,2018-01-14,工业综合：启动全球组网 荐23股,中泰证券
1339,2018-01-10,1月10日有41家公司获重要股东增减持 易事特已被连续增持28次,Wind
1340,2018-01-10,陕西证监局联合省级投教基地进上市公司开展投资者教育,山西证监局
1341,2018-01-10,1月10日有8家公司获重要股东增减持 方正电机已被连续减持19次,Wind
1342,2018-01-08,2018年第1周军工行业观点：把握基本面且待云起时,中财网
1343,2018-01-08,军工行业周报:看好低估值白马股和成长确定的龙头股,中国网
1344,2018-01-08,国防军工行业周报：直18A重型直升机服役、军工集团公司制改制全部完成,中财网
1345,2018-01-05,机械军工行业年度策略：智造升级关键期新兴成长迎良机,中财网
1346,2018-01-04,陕西证监局投资者保护工作简报2017年第19期（总第 141 期）,山西证监局
1347,2018-01-03,军工板块受益股航发动力：势已形成,南方财富网
1348,2018-01-03,军工行业周报：看好订单增加带来的成长确定性坚定推荐军工白马龙头股,中财网
1349,2018-01-03,军工板块业绩确定性受关注六股腾飞在即,中证报
1350,2018-01-02,军工行业周报：微观结构优化风险收益比较提高,中财网
1351,2018-01-02,军工行业2018年度投资策略：板块活跃优选标的把握反转,中财网
