,2021-12-06,视源股份：公司未直接开展车载显示业务和VR业务,每日经济新闻
0,2021-12-06,视源股份：公司未直接开展车载显示业务，公司参股投资的广州六环信息科技有限公司主要经营汽车中控模组业务,每日经济新闻
1,2021-12-06,视源股份：公司暂无AR的产品布局,每日经济新闻
2,2021-12-06,15股获券商买入评级，安恒信息目标涨幅达45.45%,Wind
3,2021-12-03,视源股份(002841)：交互智能平板龙头 利润拐点显现,新浪
4,2021-12-03,国信证券：维持视源股份(002841.SZ)“买入”评级 价值区间86.69-88.33元,智通财经
5,2021-11-24,MAXHUB母公司视源股份 ，荣获Q3 LED一体机市占率第一,砍柴网
6,2021-11-24,家用电器行业2021W47周度研究：盘点家电企业第二成长曲线,新浪
7,2021-11-23,视源股份：公司目前在合肥、苏州设有产业园并已投入使用,每日经济新闻
8,2021-11-23,读书郎IPO的困局,凤凰网
9,2021-11-23,上市公司半导体产业基金调查：产业链布局为主 偏向财务投资,财联社
10,2021-11-22,视源股份(002841.SZ)参与设立的产业基金完成备案登记,智通财经
11,2021-11-22,电子行业周报：折叠屏关注度继续升温 德仪宣布大额扩产计划,新浪
12,2021-11-18,“数据会说话”之2021年10月数据解读：10月社零数据符合预期 看好中国消费韧性,新浪
13,2021-11-18,MAXHUB会议平板多年市占率领先 推“高效+”计划为企业降本增效,每日经济新闻
14,2021-11-16,家用电器2021W46行业研究周报：双十一家电销售全景追踪,新浪
15,2021-11-16,北向资金再度加仓近42亿连续4日净买入，批量扫货白酒医药股,Wind
16,2021-11-15,互联网传媒周报：从英伟达看元宇宙+互联互通,新浪
17,2021-11-05,视源股份：申万宏源证券、施罗德基金等13家机构于11月2日调研我司,证券之星
18,2021-11-04,A股传媒三季报总结：游戏有回暖信号 梯媒体现韧性,新浪
19,2021-11-02,A股异动 | 视源股份(002841.SZ)逆势涨4.75% 连续5日获得北上资金净买入,格隆汇
20,2021-10-31,视源股份接受65家机构调研！短期主力资金净流出，或存在资金分歧,每日经济新闻
21,2021-10-28,视源股份披露2021年三季报 实现营收152.82亿元,资本邦
22,2021-10-28,9家LED相关企业Q3业绩,Ofweek
23,2021-10-28,视源股份(002841)：业绩符合预期 印证基本面底部 未来有望逐季回升,新浪
24,2021-10-28,视源股份(002841.SZ)：第三季度净利降8.29%至7.92亿元 盈利能力下降,格隆汇
25,2021-10-27,视源股份(002841.SZ)前三季度累计计提信用减值准备和资产减值准备合计2.8亿元 资产异常,智通财经
26,2021-10-27,视源股份公布三季报 前三季净利减少13% 盈利能力下降,新浪
27,2021-10-27,图解视源股份三季报：第三季度单季净利润同比减8.29% 盈利能力下降,证券之星
28,2021-10-27,交卷！视源股份：2021年第三季度净利润约7.92亿元，同比下降8.29% 盈利能力下降,每日经济新闻
29,2021-10-27,视源股份：前三季度净利润同比减少13.0% 盈利能力下降,Wind
30,2021-10-25,电子行业周报：鸿蒙生态蓬勃发展 IOT产业加速,新浪
31,2021-10-21,圆满落幕：2021深圳国际新型显示与触控精英峰会,Ofweek
32,2021-10-21,视源股份、蓝普视讯、视爵光旭打响Q4规划第一炮！,Ofweek
33,2021-10-19,华微电子(600360)：IDM老兵 国产替代叠加产品升级带来成长,新浪
34,2021-10-18,电子行业周报：关注折叠屏创新、荣耀崛起以及苹果MINILED新品发布,新浪
35,2021-10-15,视源股份(002841.SZ)拟投9亿元扩建总部研发中心,智通财经
36,2021-10-15,视源股份：拟以9亿元投建视源股份总部扩建项目,Wind
37,2021-10-09,视源股份：增长天花板难破,红周刊
38,2021-09-30,晶赛科技(871981)深度报告：5G应用、IOT等需求旺盛 深耕石英晶振十余载龙头迎来大机遇？,新浪
39,2021-09-29,明星基金经理业绩垫底，交银施罗德怎么了？,AI财经社
40,2021-09-27,视源股份：增长天花板难破,证券市场周刊
41,2021-09-26,通信·产业追踪(31)：卡奥斯首入亚洲品牌500强 国内智能制造强势崛起,新浪
42,2021-09-26,视源股份：增长天花板难破,证券市场周刊
43,2021-09-24,视源股份(002841.SZ)：副总经理庄喆已通过集中竞价减持1.35万股 减持股份,格隆汇
44,2021-09-24,视源股份：公司副总经理庄喆减持1.35万股，减持计划完成,每日经济新闻
45,2021-09-24,A股万亿常态成交，三季度以来逾千家公司获机构调研,Wind
46,2021-09-23,热门公司调研机构云集，34家看涨逾100%,Wind
47,2021-09-22,“数据会说话”之2021年8月数据解读：8月疫情防控升级 社零增速不及预期,新浪
48,2021-09-22,视源股份：公司MAXHUB会议平板可兼容多款视频会议软件，包括腾讯会议rooms软件,每日经济新闻
49,2021-09-16,视源股份(002841.SZ)非公开发行A股股票申请获得中国证监会受理,智通财经
50,2021-09-16,视源股份：非公开发行A股申请获证监会受理,财联社
51,2021-09-16,A股共发生170宗大宗交易成交38.33亿元（9月16日）,Wind
52,2021-09-16,视源股份今日大宗交易成交7.15万股，成交价73.4元折价8.48%,Wind
53,2021-09-15,视源股份今日大宗交易成交8.15万股，成交价73.84元折价9.45%,Wind
54,2021-09-14,通信·产业追踪(29)：上海加码工业软件政策；中兴通讯高端路由器集采拔头筹,新浪
55,2021-09-14,视源股份：公司的海外业务以ODM为主，同时也在布局自有品牌的销售，未来会采用ODM和自有品牌两条腿并行,每日经济新闻
56,2021-09-14,视源股份：目前斐郡衣物护理机业务规模占公司总体营收比重很小，尚处于营销体系建设阶段,每日经济新闻
57,2021-09-14,锂电巨头扩产投资超700亿！机构近一月大笔买入这些股,Wind
58,2021-09-13,视源股份：上半年计提存货跌价准备大幅增加主要是期末存货大幅增加所致,Wind
59,2021-09-11,通信行业9月投资策略暨通信行业2021年半年报总结：板块行情分化 精选长期高景气赛道,新浪
60,2021-09-09,视源股份接受11家机构调研！短期主力资金净流入，市场资金早已察觉,每日经济新闻
61,2021-09-09,视源股份：国信证券、申万宏源等11家机构于9月7日调研我司,证券之星
62,2021-09-08,视源股份：广州六环、广州镭晨、广州源动的主营业务分别为汽车中控模组的研发和销售、工业自动检测设备的研发和销售、跑步机等运动产品的研发与销售,每日经济新闻
63,2021-09-06,家用电器2021W36周度研究行业研究周报：小家电企业非电产品现状,新浪
64,2021-09-04,A股港股互联网传媒1H21总结：数字娱乐和电商有结构成长 仍需跟踪政策变化,新浪
65,2021-09-03,视源股份：中信证券、广发证券等18家机构于9月2日调研我司,证券之星
66,2021-08-31,交易异动！视源股份：近3个交易日下跌19.48%,每日经济新闻
67,2021-08-31,视源股份(002841.SZ)股价异动 不存在应披露而未披露信息,智通财经
68,2021-08-31,视源股份跌8.95% 中信证券申银万国刚喊买入,中国经济网
69,2021-08-31,视源股份三个交易日跌近20%，机构净买1.5亿,证券之星
70,2021-08-31,视源股份龙虎榜数据（8月31日）,Wind
71,2021-08-31,A股异动 | 视源股份(002841.SZ)连续跌停 毛利率下滑 上半年同比下降20.90% 盈利能力下降,格隆汇
72,2021-08-31,快讯：视源股份跌停 报于86.02元,金融界
73,2021-08-31,【牛人重仓】视源股份:3日内股价跌逾20%，今日资金流入180.64万元，北向资金持股1090.27万股，融资余额8182.35万元；前3个交易日，北向资金增持-17.48万股，融资额增加-1137.73万元，主力资金净流入1033.63万元,每日经济新闻
74,2021-08-31,视源股份(002841)：交互智能平板高增长 但成本压力不可避免,新浪
75,2021-08-30,互联网传媒周报：《个人信息保护法》对互联网广告影响几何？,新浪
76,2021-08-30,视源股份跌停 中信证券今日刚喊买入,中国经济网
77,2021-08-30,视源股份2021年上半年实现净利润4.29亿元，同比下降20.90% 盈利能力下降,经济观察网
78,2021-08-30,视源股份接受48家机构调研！短期主力资金净流出，存在资金分歧,每日经济新闻
79,2021-08-30,视源股份：中信证券、交银施罗德基金等58家机构于8月28日调研我司,证券之星
80,2021-08-29,【国金通信】视源股份：营收结构优化，净利率短暂下滑且看未来 盈利能力下降,新经济的瞭望
81,2021-08-28,视源股份(002841.SZ)半年度净利润4.3亿元 同比下降20.51% 盈利能力下降,格隆汇
82,2021-08-27,视源股份(002841)：交互领域龙头 产品维度持续拓展,光大证券
83,2021-08-27,视源股份(002841.SZ)上半年归母净利润同比下降20.51%至4.3亿元 盈利能力下降,智通财经
84,2021-08-27,视源股份：2021年半年度净利润约4.3亿元，同比下降20.51% 盈利能力下降,每日经济新闻
85,2021-08-27,视源股份：上半年净利润同比减少20.51% 盈利能力下降,Wind
86,2021-08-24,三剑客业绩分化、两位名将季报道歉，交银基金重用老将慎用新人引质疑 盈利能力下降,红周刊
87,2021-08-22,国信证券上调视源股份评级至买入，动态点评：教育场景数字化孕育新蓝海，发力开拓2C教育市场,每日经济新闻
88,2021-08-20,碧桂园?美好中国ESG100指数完成2021年度调仓,新浪
89,2021-08-19,“数据会说话”之2021年7月数据解读：7月社零数据低于预期 弱复苏态势延续,新浪
90,2021-08-19,北向资金年内第三次单日净卖出超百亿，中国平安遭大幅抛售超18亿,Wind
91,2021-08-18,北向资金稳步加仓3日净买入超111亿，持续扫货大金融龙头股,Wind
92,2021-08-18,432家公司公布最新股东户数,证券之星
93,2021-08-02,视源股份：希沃交互智能平板产品2020年销量占中国大陆教育IFPD市场总销量的48.2%，希沃品牌排名位居首位,每日经济新闻
94,2021-08-02,视源股份：公司未开展K12校外培训或校外辅导业务，不属于“双减”政策调控的K12学科类校外培训机构，“双减”意见对公司主营业务不构成重大影响,每日经济新闻
95,2021-08-02,视源股份：公司未直接开展车载显示器的业务,Wind
96,2021-08-02,通信·产业追踪：重点关注【硬科技三剑客】宝信&中兴&紫光,新浪
97,2021-07-31,通信行业8月投资策略：基本面与估值同步复苏 相对收益显着,新浪
98,2021-07-31,计算机行业周报：IT投入顺周期还是逆周期？甲方自建还是乙方通用？,新浪
99,2021-07-30,计算机行业2021Q2基金持仓分析：行业CR20持仓集中度持续攀新高 互联网金融持仓大幅增加,新浪
100,2021-07-30,视源股份(002841.SZ)拟5000万元认购产业基金湖杉华芯出资份额,智通财经
101,2021-07-27,全市场共89只基金有重仓教育股 中公教育单人持仓有超19亿,新浪
102,2021-07-27,视源股份：公司未开展K12校外培训业务,Wind
103,2021-07-25,通信行业重大事项点评：六部委联合发文推动“教育新基建” 指引了哪些通信板块的应用方向？,新浪
104,2021-07-23,18家千亿顶流基金公司调仓释放重要信息,Wind
105,2021-07-21,景顺长城杨锐文二季报公开，6300字细讲投资方向，“未来更多机会来自95%非抱团股，赚钱难度加大”,财联社
106,2021-07-19,“数据会说话”之2021年6月数据解读：6月社零数据略好于预期 必需品消费改善但通胀高增仍持续抑制可选商品消费,新浪
107,2021-07-19,互联网传媒2021年中报业绩前瞻：期待下半年游戏、长视频内容景气回升,新浪
108,2021-07-17,视源股份：公司暂无AR、VR的产品布局,每日经济新闻
109,2021-07-16,视源股份(002841.SZ)：邓洁辞任财务总监刘丹凤接任 董监高成员变化,格隆汇
110,2021-07-16,视源股份：邓洁辞去副总经理、财务总监职务，聘任刘丹凤为公司财务总监 董监高成员变化,每日经济新闻
111,2021-07-16,视源股份：聘刘丹凤担任财务总监,每日经济新闻
112,2021-07-13,电子周报：关注半导体公司中报,新浪
113,2021-07-05,互联网传媒周报：预计长视频、游戏等内容下半年景气改善,新浪
114,2021-07-03,计算机行业周报：回归稳健公司！,新浪
115,2021-06-28,互联网传媒周报：静待下半年政策环境改善,新浪
116,2021-06-25,【行情】光伏板块早盘继续走强，视源股份、拓日股份、广田集团2连板，嘉寓股份涨超10%，瑞和股份、启迪设计、秀强股份、江河集团等跟涨,金十数据
117,2021-06-23,2021下半年互联网传媒行业投资策略：精选高壁垒平台与精品内容,新浪
118,2021-06-18,“数据会说话”之2021年5月数据解读：5月社零数据低于预期 消费延续恢复态势,新浪
119,2021-06-16,又出手！教育部重拳出击 成立新机构专治校外培训,券商中国
120,2021-06-15,视源股份：副总经理庄喆计划减持不超过13500股 拟减持股份,Wind
121,2021-06-15,视源股份(002841.SZ)：副总经理庄喆拟减持不超1.35万股 拟减持股份,格隆汇
122,2021-06-11,百元股数量达163只，一日增加5只,证券时报网
123,2021-06-08,两市百元股数量达159只，科创板股票占38.36%,证券时报网
124,2021-06-07,互联网传媒周报：吉比特新老游戏均超预期 长短视频版权之争加剧,新浪
125,2021-06-07,通信·产业追踪(15)：鸿蒙出鞘 万物归一,新浪
126,2021-06-04,视源股份(002841.SZ)向1107名激励对象授予809万份股票期权,智通财经
127,2021-06-02,新高在即减持加码，82公司5月净减持超亿元,Wind
128,2021-06-02,注意！机构通过大宗交易扫货这些股票,Wind
129,2021-05-31,通信行业周报2021年第06期：“东数西算”工程启动 鸿蒙支持万物智连,新浪
130,2021-05-31,消费产业2021年下半年投资策略：新品类、新品牌、新渠道,新浪
131,2021-05-31,中信证券：下半年消费配置方面，建议基于长期视角优选短期景气较高的行业和公司,证券时报网
132,2021-05-28,7成公司预喜！下周16家高送转、43家高派现,Wind
133,2021-05-28,20股获券商买入评级 三钢闽光目标涨幅达105.16%,Wind
134,2021-05-27,视源股份(002841.SZ)2020年度权益分派10派10元股权登记日为6月2日,格隆汇
135,2021-05-27,视源股份(002841.SZ)股东云南视欣等合计减持1181.73万股 减持计划完成,智通财经
136,2021-05-27,视源股份(002841.SZ)拟实施每10股派10元 于6月3日除权除息,智通财经
137,2021-05-27,视源股份：股东视欣、视迅减持计划完成，减持股份约1182万股,每日经济新闻
138,2021-05-27,视源股份：股东视欣、视迅累计减持1.77%股份 减持股份,Wind
139,2021-05-27,视源股份(002841)：交互平板景气度超预期 加强员工创新激励 重申买入评级,新浪
140,2021-05-27,A股早报2021年5月27日星期四,Wind
141,2021-05-27,视源股份(002841)：畅想未来5年的视源,新浪
142,2021-05-26,A股共发生144宗大宗交易成交53.13亿元（5月26日）,Wind
143,2021-05-26,"视源股份现19笔大宗交易 共成交53,760.71万元",新浪
144,2021-05-26,视源股份今日大宗交易成交449.73万股，成交价119.54元折价8.55%,Wind
145,2021-05-26,视源股份5月25日现9笔大宗交易,证券时报网
146,2021-05-25,"视源股份现9笔大宗交易 共成交12,310.48万元",新浪
147,2021-05-25,视源股份今日大宗交易成交104万股，成交价118.37元折价7.91%,Wind
148,2021-05-24,A股早报2021年5月24日星期一,Wind
149,2021-05-21,视源股份今日大宗交易成交138万股，成交价118.37元折价4.0%,Wind
150,2021-05-21,A股早报2021年5月21日星期五,Wind
151,2021-05-21,视源股份：员工持股公司拟大额减持 近年来营收增速持续放缓 拟减持股份,面包财经
152,2021-05-20,视源股份现12笔大宗交易总成交金额5.84亿元,证券时报网
153,2021-05-20,"视源股份现12笔大宗交易 共成交58,447.20万元",新浪
154,2021-05-20,利润增长靠削减研发视源股份的增长动能在哪？,搜狐
155,2021-05-20,视源股份现5.84亿元大宗交易 买方均为机构,e公司
156,2021-05-20,视源股份今日大宗交易成交490万股，成交价119.28元折价6.92%,Wind
157,2021-05-20,[路演]视源股份：行业面临原材料涨价及缺货问题,全景网
158,2021-05-19,“数据会说话”之2021年4月数据解读：4月社零数据低于预期 仍看好服务业全面复苏,新浪
159,2021-05-19,视源股份大涨,新浪
160,2021-05-18,视源股份(002841.SZ)回购注销148.13万股限制性股票,智通财经
161,2021-05-18,5月141家公司重要股东发布减持计划，中小市值股占比七成,Wind
162,2021-05-17,【股权激励大幅回暖，219家竞价定增待发行】开源中小盘丨增发并购半月谈,新浪
163,2021-05-17,通信周报：企业通信与协作趋势演绎：“云+端”模式强化 应用场景延伸,新浪
164,2021-05-17,通信行业周报：阿里涂鸦发布一季报 云物智联渗透提升,新浪
165,2021-05-17,互联网传媒周报：芒果超媒季风计划来袭 阿里、B站财报体现电商、短视频竞争变化,新浪
166,2021-05-13,视源股份(002841.SZ)：特定股东视欣、视迅拟合计减持不超1181.73万股 拟减持股份,格隆汇
167,2021-05-13,视源股份：股东拟减持合计不超1.7690%公司股份 拟减持股份,中证网
168,2021-05-13,视源股份(002841.SZ)特定股东视欣拟减持合计不超过356.73万股 拟减持股份,智通财经
169,2021-05-13,注意！视源股份：特定股东视欣、视迅拟减持不超过约1182万股 拟减持股份,每日经济新闻
170,2021-05-13,视源股份：特定股东视欣、视迅计划合计减持不超1.77%股份 拟减持股份,Wind
171,2021-05-12,广东区域股市周报：总市值跌3950亿 中信证券进入广东股市值前10强,每日经济新闻
172,2021-05-12,电子行业：FY20&1Q21业绩回顾和持仓分析,新浪
173,2021-05-11,5月11日晚间重要行业研究汇总(附股),中金在线
174,2021-05-10,通信持仓深度系列(2)：持仓创新低 建议聚焦“新应用+新网络”,新浪
175,2021-05-10,互联网传媒周报：2020、21Q1数字经济延续景气但竞争加剧,新浪
176,2021-05-08,视源股份企业采购商城上线，商越科技SaaS产品落地采购数字化,砍柴网
177,2021-05-07,定增市场周报：竞价募足率降至低于七成 募资额环比提升逾两倍,新浪
178,2021-05-07,安得智联“一盘货” 助推家电3C家居行业供应链升级,砍柴网
179,2021-05-07,东吴证券--传媒行业：营销及视频龙头业绩超预期，游戏底部期待新产品周期【行业研究】,金融界股吧
180,2021-05-06,视源股份(002841.SZ)：拟向激励对象授予股票期权900万份,格隆汇
181,2021-05-06,视源股份(002841.SZ)拟授出股票期权900万份,智通财经
182,2021-05-01,视源股份(002841)2021年一季报点评：提速增长的起点,新浪
183,2021-04-30,休闲服务行业周观点：海南离岛免税购物政策实施十周年 日揽金过亿元成为“常态”,新浪
184,2021-04-29,7连板！业绩暴涨157倍，牛散大举抄底，A股最靓仔还是拉高出货？,Wind
185,2021-04-28,"视源股份于2021-04-28发布定增预案,拟募资20.95亿元。",全景网
186,2021-04-28,【牛人重仓】视源股份:放量下跌，量比大于3，今日资金流入355.69万元，北向资金持股1129.3万股，融资余额10856.6万元；前3个交易日，北向资金增持32.99万股，融资额增加221.48万元，主力资金净流入-5443.6万元,每日经济新闻
187,2021-04-28,广州视源电子科技股份有限公司未来三年股东分红回报规划（2021年-2023年）,证券日报
188,2021-04-28,视源股份(002841.SZ)：一季度净利2.01亿元 同比增长24.50%,格隆汇
189,2021-04-28,73家公司获海外机构调研,证券时报网
190,2021-04-28,筹码连续集中股名单（附股）,证券时报网
191,2021-04-28,95股今日获机构买入评级,证券时报网
192,2021-04-28,视源股份：最近五年公司不存在被采取监管措施或受处罚情况,每日经济新闻
193,2021-04-28,视源股份拟募资约20.95亿元，面临市场地位下降的风险,每日经济新闻
194,2021-04-28,视源股份：拟非公开增发募资不超过约20.95亿元（含本数）,每日经济新闻
195,2021-04-28,视源股份：2021年第一季度净利润约2.01亿元，同比增长24.50%,每日经济新闻
196,2021-04-28,视源股份：拟定增募资不超20.95亿元,Wind
197,2021-04-28,视源股份：一季度净利润同比增长24.5%,Wind
198,2021-04-28,视源股份(002841.SZ)拟非公开发行股票募集不超过20.95亿元,智通财经
199,2021-04-27,视源股份(002841)：准确把握市场需求 交互平板增幅显着,新浪
200,2021-04-26,视源股份(002841)：智能平板业务优势继续扩大,新浪
201,2021-04-26,视源股份去年营收持平净利增18% ROE毛利率均降,中国经济网
202,2021-04-25,最新！顶流基金重仓股大洗牌，40张图表全披露,Wind
203,2021-04-23,家电3C家居行业大会成功举办！200+企业代表携手推动供应链新升级,砍柴网
204,2021-04-23,视源股份(002841.SZ)2020年度净利润升18.04%至19.02亿元拟10派10元,格隆汇
205,2021-04-23,视源股份：2020年净利润同比增长18.04%,Wind
206,2021-04-23,视源股份(002841.SZ)年度归母净利润同比增长18.04%至19.02亿元 拟10派10元,智通财经
207,2021-04-22,我国5G套餐用户超3.5亿 5G概念股龙头股有哪些？,至诚财经
208,2021-04-19,刘格菘助阵500亿级大佬狂买影视巨头，有人却卖卖卖,Wind
209,2021-04-12,电子行业周观点：业绩期来临 LCD将迎高光,新浪
210,2021-04-10,亿联网络(300628)：业绩持续回暖 全景生态夯实龙头地位,光大证券
211,2021-04-09,两市百元股数量达134只，医药生物行业占比最高,证券之星
212,2021-04-07,汽车“缺芯”或持续一年以上，国内细分龙头替代空间巨大（附股）,第一财经
213,2021-04-07,芯片短缺问题是否对公司的经营产生影响？视源股份回应,e公司
214,2021-04-06,视源股份：参股子公司广州六环经营汽车中控模组业务，目前与其存在一定的业务合作,每日经济新闻
215,2021-04-06,传媒行业周报：腾讯视频会员涨价；心动公司拟新一轮融资,广发证券
216,2021-04-05,互联网传媒周报：长视频提价趋势已定 互联网板块强势反弹,新浪
217,2021-03-30,传媒行周报：腾讯、美团业绩符合预期 关注传媒A股季报行情,广发证券
218,2021-03-30,电子行业周报：元器件板块超预期 面板价格持续上涨 物联网时代悄然开启,新浪
219,2021-03-25,"广州企业创新50强榜发布,希沃母公司视源股份位列民营企业第一",北国网
220,2021-03-22,视源股份：截至2021年3月20日，公司股东总户数为12171户,每日经济新闻
221,2021-03-22,互联网传媒周报：芒果超媒《陪你一起长大》定档3月28日 有望验证丰富内容矩阵,新浪
222,2021-03-22,高效灵活的组织，都在做这6件事,创业邦
223,2021-03-22,通信行业周报2021年第02期：中国电信回A 涂鸦智能上市 板块景气度渐升,新浪
224,2021-03-21,云通信系列报告(1)：云上通信 大有可为,新浪
225,2021-03-21,传媒行业：百度和哔哩哔哩将在港上市；关注龙头公司估值修复,广发证券
226,2021-03-19,视源股份跌5.03% 去年底中信证券研报喊增持,中国经济网
227,2021-03-19,视源股份跌5.09%，报126.08元,中新经纬
228,2021-03-19,17只个股获机构高频推荐,财富动力网
229,2021-03-18,视源股份：截至3月10日，股东总户数为11938户，机构户数为2743户,每日经济新闻
230,2021-03-18,上调评级至买入策略选股（3月18日）,Wind
231,2021-03-17,视源股份(002841)：研发立身 从“0-1-N”多场景衍生,新浪
232,2021-03-15,信达证券--通信行业·产业追踪（4）：解析“碳中和”下通信行业三大投资机会【行业研究】,金融界股吧
233,2021-03-15,电子行业专题研究：关注1Q21高景气及VRAR投资机遇,新浪
234,2021-03-15,传媒行业周报：网易重磅新品《忘川风华录》即将上线 美团“团好货”日单突破十万 继续深化电商布局,广发证券
235,2021-03-15,互联网传媒周报：建议回调中加仓高性价且基本面向上的核心资产,新浪
236,2021-03-15,筹码集中股名单出炉，最狠股东数近腰斩，11股降幅最猛！碳中和有看头，80亿市值公司大手笔投资70亿项目,证券时报
237,2021-03-09,电子行业3C月报：1月苹果国内份额迅速提升,新浪
238,2021-03-09,互联网传媒周报：互联网估值收缩明显 把握高景气 估值不高的核心资产和中小盘标的,新浪
239,2021-03-08,通信行业周报2021年第01期：运营商降费政策力度减弱 共建共享再迎利好,新浪
240,2021-03-05,通信行业3月投资策略：关注两会主题 持续推荐细分龙头和运营商,新浪
241,2021-03-03,鸿合科技：教育信息化龙头动作不断，多措并举推动企业发展,云掌财经
242,2021-03-01,中小盘次新股/科创板周报一百九十一期：次新股指数下跌 关注国内光学光电子元器件行业龙头企业美迪凯,新浪
243,2021-03-01,信达证券--通信行业·产业追踪（2）：物联网芯片国产化提速，赋能物联网发展【行业研究】,金融界股吧
244,2021-02-23,电子行业3C季报：4Q20手机出货同比转正,新浪
245,2021-02-22,电子行业专题研究：果粉换机潮兑现 IC国产替代提速中,新浪
246,2021-02-10,主题报告：从优学天下排队IPO 看智能互动教育设备的投资机会？,新浪
247,2021-02-10,中小盘次新股/科创板周报一百八十八期：次新股指数下跌 关注坚持技术创新的电子支付IT服务商创识科技,新浪
248,2021-02-06,户均持股市值最高超800万元，24股股东户数降超10%，最新一期筹码集中股名单出炉！,证券时报网
249,2021-02-06,计算机行业嵌入式软件深度研究-嵌入式软件：类SAAS 渠道乘法！,新浪
250,2021-02-04,通信行业21年2月投资策略暨20年年报业绩前瞻：精选业绩高增长标的 持续关注运营商,新浪
251,2021-02-03,国盛证券--通信行业点评：5G建网之后，市场在期待什么？【行业研究】,金融界股吧
252,2021-02-03,机构资金最近入驻这些股,证券之星
253,2021-02-03,【朝闻国盛0203】2021科创板机构配置新看点&疫情之年的财政,国盛证券研究所
254,2021-02-02,中小盘次新股/科创板周报一百八十七期：次新股指数下跌 关注国内化工新材料领域高新技术企业呈和科技,新浪
255,2021-02-02,机构看中这些股 近五日大手笔净买入,证券时报网
256,2021-02-01,家用电器行业2020W5周观点：2月空调外销排产持续向好 20Q4白电板块基金持仓提升,新浪
257,2021-02-01,教育行业周报2021W5：疫情反复 多地暂停线下培训,新浪
258,2021-02-01,掘金龙虎榜 56股近期获机构净买入,证券之星
259,2021-01-31,本周股价创历史新高股一览,证券时报网
260,2021-01-29,东吴证券--视源股份：Q4利润超预期，产品竞争力及优异管理能力凸显【公司研究】,金融界股吧
261,2021-01-29,五日龙虎榜追踪 机构抢筹这52股,证券之星
262,2021-01-28,6只股股价创历史新高,证券时报网
263,2021-01-28,机构五日抢筹26股 主力资金大量流入,证券之星
264,2021-01-27,视源股份(002841.SZ)股价异常波动 不存在应披露而未披露事项,智通财经
265,2021-01-27,传媒行业20Q4传媒公募重仓分析：传媒A股超配比例回落 港股重仓占比提升,广发证券
266,2021-01-27,视源股份(002841)20年年报快报点评：Q4业绩超预期 看好业务恢复和新市场放量,新浪
267,2021-01-27,视源股份龙虎榜数据（1月27日）,Wind
268,2021-01-27,视源股份(002841.SH)2020年度归母净利润同比增长6.55%至18.23亿元,智通财经
269,2021-01-27,社会服务行业2020Q4基金持仓分析：行业超配依旧显着 免税酒店再获青睐,新浪
270,2021-01-27,视源股份(002841)：4Q20利润预告大幅超预期 交互智能平板渗透率继续提升,新浪
271,2021-01-27,晨会聚焦210127重点关注中公教育、数字浪潮系列之钢铁行业数字化、苏农银行、奇安信、拓邦股份、视源股份,国信研究
272,2021-01-27,视源股份（002841）财报点评：Q4业绩超预期，看好业务恢复和新市场放量,国信研究
273,2021-01-27,A股异动|视源股份(002841.SZ)续涨6.7%料年度业绩增加叠加券商看好,格隆汇
274,2021-01-27,视源股份(002841)：盈利超预期 经营韧性强,新浪
275,2021-01-26,欧派家居、石头科技、视源股份、安井食品等明星股盘中均创历史新高,Wind
276,2021-01-26,A股异动|视源股份(002841.SZ)大幅高开逾9%2020年度净利润升18.22%至19.04亿元,格隆汇
277,2021-01-26,广州视源电子科技股份有限公司 2020年度业绩快报,证券日报
278,2021-01-25,视源股份业绩快报：2020年度净利润19.04亿元 同比增18.22%,e公司
279,2021-01-25,视源股份(002841.SZ)2020年度归母净利润同比增长18.22%至19.04亿元,智通财经
280,2021-01-25,视源股份(002841.SZ)业绩快报：2020年度净利润升18.22%至19.04亿元,格隆汇
281,2021-01-22,视源股份(002841.SZ)续聘董事会秘书和证券事务代表,智通财经
282,2021-01-22,最赚钱基金经理四季报：景顺长城“三驾马车”管理规模超1200亿,新浪
283,2021-01-22,沪指再上3600点，明星基金持仓曝光,Wind
284,2021-01-21,十大明星经理重仓股曝光！刘格菘4基金顶格买入一股,中国基金报
285,2021-01-20,中小盘次新股／科创板周报一百八十五期：次新股指数下跌 关注国内智能电网领域高新技术企业柯林电气,新浪
286,2021-01-20,视源股份(002841.SZ)选举张丽香为职工代表监事,智通财经
287,2021-01-19,传媒行业：腾讯股价创新高 20年微信小程序服务商数量同增40.8%；B站、TME等计划港股二次上市,广发证券
288,2021-01-19,晨会聚焦210119重点关注半导体制造行业专题系列、亿联网络,国信研究
289,2021-01-18,家用电器2020W3周观点：CES展显示技术各显神通 服务机器人未来可期,新浪
290,2021-01-18,晨会聚焦210118重点关注汽车行业、医药行业、德赛西威、中科创达、安踏体育、特步国际,国信研究
291,2021-01-15,视源股份跌7.4% 半个月前中信证券研报喊增持,中国经济网
292,2021-01-14,晨会聚焦210114重点关注社会服务行业、商贸零售、建筑行业、商业地产专题报告、高温合金专题,国信研究
293,2021-01-14,亿联网络(300628)深度研究：三阶成长曲线与两大低估,新浪
294,2021-01-12,视源股份：副董事长刘丹凤提前终止减持计划，已减持0.0299%股份 拟减持股份,Wind
295,2021-01-12,视源股份(002841.SZ)副董事长刘丹凤累计20万股 减持计划提前终止 拟减持股份,智通财经
296,2021-01-08,晨会聚焦210122重点关注数字浪潮系列之产业数字化、阿里巴巴-SW、海优新材、福斯特、柏楚电子、中汇集团,国信研究
297,2021-01-08,晨会聚焦210121重点关注银行行业专题、轻工行业、家电行业,国信研究
298,2021-01-08,晨会聚焦210120重点关注银行流动性月报、稀土行业快评、宝钢股份、冀东水泥,国信研究
299,2021-01-08,晨会聚焦210127重点关注中公教育、数字浪潮系列之钢铁行业数字化、苏农银行、奇安信、拓邦股份、视源股份,国信研究
300,2021-01-08,晨会聚焦210114重点关注社会服务行业、商贸零售、建筑行业、商业地产专题报告、高温合金专题,国信研究
301,2021-01-08,晨会聚焦210119重点关注半导体制造行业专题系列、亿联网络,国信研究
302,2021-01-08,晨会聚焦210118重点关注汽车行业、医药行业、德赛西威、中科创达、安踏体育、特步国际,国信研究
303,2021-01-08,晨会聚焦210112重点关注数字浪潮系列之电子科技硬件、泡泡玛特、纺织服装、电子,国信研究
304,2021-01-08,晨会聚焦210108重点关注风华高科,国信研究
305,2021-01-08,2020年11月中国消费电子行业月报：光学升级拐点 品牌格局重塑,新浪
306,2021-01-08,92股连续3期筹码集中，5股业绩向好,Wind
307,2021-01-07,晨会聚焦210107重点关注十部委《关于加强和改进住宅物业管理工作的通知》快评、中矿资源、水泥板块大涨快评,国信研究
308,2021-01-06,晨会聚焦210106重点关注波司登,国信研究
309,2021-01-05,晨会聚焦210105重点关注半导体行业专题、海底捞、信息安全深度剖析、银行行业快评、 成都银行,国信研究
310,2021-01-04,晨会聚焦210104重点关注医药生物、玲珑轮胎,国信研究
311,2021-01-04,TMT一周谈之电子行业：关注“疫情剪刀差”及3C情绪复苏,新浪
312,2020-12-31,晨会聚焦201231重点关注山石网科,国信研究
313,2020-12-30,中小盘次新股/ 科创板周报一百八十期：次新股指数下跌 关注国内知名非电行业烟气治理服务商同兴环保,新浪
314,2020-12-29,中小盘次新股／科创板周报一百八十二期：次新股指数下跌 关注工业互联网高新技术企业三旺通信,新浪
315,2020-12-29,晨会聚焦201229重点关注保险会计政策点评,国信研究
316,2020-12-28,晨会聚焦201228重点关注《关于证券公司主承销商独立开展主承销业务》点评,国信研究
317,2020-12-25,晨会聚焦201225重点关注汽车玻璃行业、华为汽车系列之八,国信研究
318,2020-12-25,股海导航 12月25日沪深股市公告提示,新浪
319,2020-12-24,视源股份：可转换公司债券部分募投项目延期 项目问题,Wind
320,2020-12-24,晚间公告热点追踪:1.1万股东难眠 家具龙头董事长遭证监会调查,新浪
321,2020-12-24,视源股份(002841.SZ)：可转债部分募投项目延期 项目问题,格隆汇
322,2020-12-24,视源股份：拟20亿元投建“视源股份智能制造及中试基地项目”,e公司
323,2020-12-24,视源股份(002841.SZ)：与广州开发区投资促进局签署智能制造及中试基地项目投资合作协议,格隆汇
324,2020-12-24,晨会聚焦201224重点关注京沪高铁,国信研究
325,2020-12-23,中小盘次新股／科创板周报一百八十一期：次新股指数下跌 关注豆制品50强企业祖名股份,新浪
326,2020-12-23,晨会聚焦201223重点关注恩捷股份、安踏体育,国信研究
327,2020-12-22,新洁能(605111)深度报告：MOSFET+IGBT国产替代先行者 行业高景气度下迎来新机遇,新浪
328,2020-12-22,CVTE视源股份上榜!粤港澳大湾区最具创新力公司GBA50总榜单,砍柴网
329,2020-12-22,晨会聚焦201222重点关注海外跟踪系列八、中央经济工作会议快评,国信研究
330,2020-12-21,教育行业周报：在线教育头部机构入局在线自习室,新浪
331,2020-12-21,晨会聚焦201221重点关注生鲜零售系列、斯达半导、宇通客车、保险行业、中芯国际、医药行业、连城数控,国信研究
332,2020-12-18,两融余额四连升 137.64亿增量杠杆资金进场,证券之星
333,2020-12-18,晨会聚焦201218重点关注社会服务行业12月投资策略,国信研究
334,2020-12-17,晨会聚焦201217重点关注百胜中国、零售行业,国信研究
335,2020-12-16,晨会聚焦201216重点关注运达股份,国信研究
336,2020-12-15,晨会聚焦201215重点关注铅锌行业,国信研究
337,2020-12-14,晨会聚焦201214重点关注视源股份、电子2020年12月投资策略、半导体行业、港股12月策略,国信研究
338,2020-12-14,视源股份（002841）深度：智能商显佼佼者，持续创新蜕变,国信研究
339,2020-12-14,TMT一周谈之电子行业：被动件高景气延续 3C创新仍可期,新浪
340,2020-12-08,中小盘次新股、科创板周报一百七十七期：次新股指数上涨 关注国内自动化领域高新技术企业正弦电气,新浪
341,2020-12-07,华为联想参与竞争：核心业务市占率萎缩 视源股份难保高增长,新浪
342,2020-12-04,"刻在基因里的“技术创新”,MAXHUB成就粤港澳大湾区“瞪羚”企业",砍柴网
343,2020-11-25,中小盘次新股/科创板周报一百七十七期：次新股指数上涨 关注国内贵金属催化剂龙头西安凯特,新浪
344,2020-11-23,教育行业周报：腾讯课堂发布“双十一”战报,新浪
345,2020-11-23,家用电器行业周观点：10月外销势头强劲 海尔美的内外销领跑,新浪
346,2020-11-18,京东方发布Mini LED启大屏风暴，将设逾十个创新中心,Wind
347,2020-11-18,中小盘次新股/科创板周报一百七十六期：次新股指数上涨 关注智能化设备制造领先高新技术企业利和兴,新浪
348,2020-11-18,华泰证券：“数字+科技”的化学变化正发生 2021年看好四条主线（附股）,证券时报网
349,2020-11-16,A股共发生135宗大宗交易成交42.4亿元（11月16日）,Wind
350,2020-11-16,视源股份现1笔大宗交易 共成交334.54万元,新浪
351,2020-11-16,视源股份今日大宗交易成交3.69万股，成交价90.66元折价9.89%,Wind
352,2020-11-16,消费者服务-教育行业周报：一起教育科技拟美股IPO,新浪
353,2020-11-16,TMT一周谈之电子行业：LCD缺货依旧 家庭教育数字化加速,新浪
354,2020-11-12,“抄基金经理作业”也是技术活！低换手长跑持仓值得一看,上证报
355,2020-11-11,视源股份现1笔大宗交易 共成交406.28万元,新浪
356,2020-11-10,视源股份现1笔大宗交易 共成交491.07万元,新浪
357,2020-11-09,视源股份现1笔大宗交易 共成交424.99万元,新浪
358,2020-11-04,视源股份(002841.SZ)：高管庄喆减持完毕累计减持1.8万股 减持股份,格隆汇
359,2020-11-04,视源股份：副总经理减持0.0027%股份，减持计划实施完毕 拟减持股份,Wind
360,2020-11-04,视源股份现1笔大宗交易 共成交568.09万元,新浪
361,2020-11-04,【朝闻国盛1104】聚焦5G全新边际机遇，重视轻工低估值洼地,国盛证券研究所
362,2020-11-02,视源股份现1笔大宗交易 共成交573.38万元,新浪
363,2020-10-31,广州上市公司创新力排行榜披露：广汽一枝独秀，白云山占比垫底,时代在线
364,2020-10-31,广州视源电子科技股份有限公司关于增加2020年日常关联交易预计的补充公告,证券时报
365,2020-10-30,视源股份现1笔大宗交易 共成交693.68万元,新浪
366,2020-10-30,300多家品牌投身“蓝海”，会议平板如何走出同质化怪圈？,IT时代网
367,2020-10-30,视源股份(002841)：逐季恢复得到确认 三季度实现正增长 市场领先地位依旧,新浪
368,2020-10-30,视源股份(002841)：三季度旺季来临订单恢复 业绩环比改善,新浪
369,2020-10-29,视源股份现1笔大宗交易 共成交836.37万元,新浪
370,2020-10-29,视源股份(002841)：Q3业绩增长 板卡及平板龙头竞争力彰显,广发证券
371,2020-10-29,视源股份(002841)：Q3收入增速转正 起步拓展2C市场,新浪
372,2020-10-28,视源股份现1笔大宗交易 共成交916.00万元,新浪
373,2020-10-28,视源股份：前三季度净利润同比减少0.65%,Wind
374,2020-10-27,中小盘次新股/科创板周报一百七十三期：次新股指数下跌 关注全国化纤行业应用创新企业宝丽迪,新浪
375,2020-10-27,视源股份公布三季报 前三季净利减少0.65% 盈利能力下降,新浪
376,2020-10-27,视源股份(002841.SZ)拟回购注销8.31万股限制性股票,智通财经
377,2020-10-27,视源股份(002841.SZ)第三季度净利润升1.67%至8.63亿元,格隆汇
378,2020-10-26,家用电器2020W42周观点：双十一清洁电器预售销量突出 继续看好小家电板块,新浪
379,2020-10-20,让会议平板市场告别“卡、糊、差”标签 MAXHUB让会议平板变“真香”,砍柴网
380,2020-10-20,中小盘次新股/科创板周报一百七十二期：次新股指数上涨 关注国内无机非金属复合材料细分龙头壹石通,新浪
381,2020-10-19,视源股份(002841.SZ)遭特定股东戴桦杨减持293.07万股 减持股份,智通财经
382,2020-10-19,视源股份(002841.SZ)：戴桦杨已通过集中竞价减持293.0697万股 减持股份,格隆汇
383,2020-10-19,视源股份：戴桦杨累计减持0.44%股份，完成减持计划 拟减持股份,Wind
384,2020-10-18,TMT一周谈之电子行业：IPHONE12全系亮相 关注苹果生态,新浪
385,2020-10-16,“小作坊”的“大作为”？MAXHUB如何决战会议平板乱局,和讯
386,2020-10-15,新洁能(605111)：高端功率器件国产替代先锋,国联证券
387,2020-10-14,数智化转型大势下的智能会议市场之争 厂商们如何应考,砍柴网
388,2020-10-13,中小盘次新股/科创板周报一百七十一期：次新股指数上涨 关注国内领先的建筑信息化产品供应商品茗股份,新浪
389,2020-09-27,视源股份段宇：要确保产品环节的可视化和数字化,新浪
390,2020-09-19,下周949亿市值限售股解禁，环比增加760.85% 解禁,Wind
391,2020-09-17,数字中国建设峰会下月举行 机构：未来十年产业新增空间超4万亿丨牛熊眼,第一财经
392,2020-09-16,视源股份(002841.SZ)：约132.89万股限制性股票9月21日解禁 解禁,格隆汇
393,2020-09-16,视源股份：132万股限售股9月21日上市流通 解禁,Wind
394,2020-09-15,视源股份：庄喆减持9000股 减持股份,Wind
395,2020-09-15,中小盘次新股／科创板周报一百六十八期：次新股指数下跌 关注国内领先的ITO服务提供商法本信息,新浪
396,2020-09-14,市场震荡调整机构调研“失焦”,中证报
397,2020-09-11,视源股份(002841.SZ)：副董事长刘丹凤拟减持不超50万股 拟减持股份,格隆汇
398,2020-09-11,视源股份：刘丹凤拟减持不超过总股本0.0748% 拟减持股份,Wind
399,2020-09-10,视源股份：联合评级终止公司主体及相关债项信用等级,Wind
400,2020-09-09,维持国内会议平板市场份额领先优势 MAXHUB的优越感从何而来？,飞象网
401,2020-09-08,中小盘次新股／科创板周报一百六十八期：次新股指数下跌 关注知名LED驱动芯片生产企业明微电子,新浪
402,2020-09-07,视源股份(002841.SZ)：9月8日起“视源转债”将在深交所摘牌,格隆汇
403,2020-09-06,通信行业周报：云视讯“云+端”模式强化 终端需求有望加速释放,新浪
404,2020-09-06,TMT一周谈之电子：2Q半导体／消费电子利润增长提速,新浪
405,2020-09-03,视源股份股价高位震荡 上半年经营现金净额大降108%,中国经济网
406,2020-09-03,十五年创新发展终结硕果，CVTE成功打造希沃seewo、MAXHUB两大强势品牌,砍柴网
407,2020-09-03,疫情爆发的特殊时期，CVTE用实际行动诠释企业社会责任感,砍柴网
408,2020-09-03,视源股份：板卡原材料采购受中美贸易争端影响较小,Wind
409,2020-09-03,LCD面板行业深度报告：周期性弱化 LCD龙头迈入收获期,新浪
410,2020-09-01,视源股份：预计下半年产品毛利率有下滑压力,Wind
411,2020-08-31,教育行业周报：秋季学期中小学全面恢复正常教学,新浪
412,2020-08-31,【国金通信】视源股份中报点评：平板逆势增长，H2有望整体回暖,新经济的瞭望
413,2020-08-30,视源股份(002841)：教育及商显逆势成长 业绩环比改善,新浪
414,2020-08-28,视源股份(002841)：板卡业务受到疫情冲击 教育和企业服务业务逆势增长,光大证券
415,2020-08-28,视源股份(002841)：交互平板优势明显,新浪
416,2020-08-28,广州视源股份联手深信服，基于“零信任”建设达成战略合作,砍柴网
417,2020-08-27,视源股份(002841.SZ)：上半年净利降4.13%至5.41亿元 盈利能力下降,格隆汇
418,2020-08-27,视源股份：上半年净利润同比减少4.13% 盈利能力下降,Wind
419,2020-08-17,广州视源电子科技股份有限公司关于“视源转债”停止交易,证券时报
420,2020-08-16,视源股份(002841.SZ)：“视源转债”停止交易日为8月17日,格隆汇
421,2020-08-16,消费者服务-教育行业周报：美团玩美季发布暑期教育行业复苏情况,新浪
422,2020-08-14,大华股份大涨近8%，提振超高清视频板块,Wind
423,2020-08-05,视源股份(002841.SZ)：视迅不再是持股5%以上股东,格隆汇
424,2020-07-28,视源股份(002841.SZ)：实控人及其一致行动人持股比例被动稀释至50.9684%,格隆汇
425,2020-07-27,中证指数公司：8月6日发布中证兴业证券ESG盈利100指数,Wind
426,2020-07-27,新三板精选层过半破发！最新基金抱团股请及时收藏,证券时报网
427,2020-07-23,线上办公哪家强 全面分析远程办公神器MAXHUB的实力！,砍柴网
428,2020-07-23,视源股份：“视源转债”赎回登记日8月28日,Wind
429,2020-07-22,视源股份(002841.SZ)：决定行使“视源转债”有条件赎回权,格隆汇
430,2020-07-20,赶紧来看：MAXHUB智能会议平板新品亮相超惊艳,砍柴网
431,2020-07-17,注意！视源股份：股东戴桦杨计划减持不超过293万股 减持股份,每日经济新闻
432,2020-07-17,视源股份(002841.SZ)特定股东戴桦杨拟减持不超293.0697万股 拟减持股份,格隆汇
433,2020-07-17,视源股份：持股0.45%的股东特定股东戴桦杨计划清仓减持 减持股份,Wind
434,2020-07-16,中小盘次新股科创板周报一百六十期：次新股指数上涨 国内绿色电池行业领先企业天能股份,新浪
435,2020-07-07,视源股份(002841.SZ)：副总经理庄喆拟减持不超1.8万股 拟减持股份,格隆汇
436,2020-07-07,视源股份：副总经理庄喆计划减持不超1.8万股 减持股份,Wind
437,2020-07-06,MAXHUB总裁刘洋：会议平板产品市场前景广阔,中新网
438,2020-07-04,视源股份(002841.SZ)：将班级优化大师计算机软件著作权、商标(客户资源)授权给闪畅信息经营使用,格隆汇
439,2020-07-01,MAXHUB、华为新老玩家混战，会议平板的万亿市场将由谁来瓜分？,36氪
440,2020-06-29,教育行业周报：大山教育通过港交所聆讯,新浪
441,2020-06-24,中小盘次新股科创板周报一百五十七期：次新股指数下跌 关注国内智能物流系统领军企业瑞晟智能,新浪
442,2020-06-22,视源股份股东户数下降10.04% 连降3期,证券时报网
443,2020-06-22,"传承实力,视源股份旗下CVTOUCH智能平板助力中小企业降本提效",砍柴网
444,2020-06-19,下周220亿市值限售股解禁，环比增加11.58% 解禁,Wind
445,2020-06-18,【安信电子|每日观点】Q1华为智能手表出货210万台，超越三星位列全球第二,晓说电子
446,2020-06-18,视源股份(002841.SZ)：161.808万股限制性股票6月23日解禁 解禁,格隆汇
447,2020-06-18,视源股份：占总股本0.2468%限售股将于6月23日上市流通 解禁,Wind
448,2020-06-17,6月逾200亿减持，4千亿巨量解禁下月将至,Wind
449,2020-06-17,计算机行业动态报告：创业板注册制落地 科技板块长期投资机会凸显,新浪
450,2020-06-17,超200公司股东户数“剧透”，视源股份等筹码集中、股价上升（附表）,红周刊
451,2020-06-15,视源股份：股东云南视迅企业管理有限公司减持计划完成，共减持1100万股 拟减持股份,每日经济新闻
452,2020-06-15,视源股份(002841.SZ)：视欣已通过大宗交易减持475.64万股 减持股份,格隆汇
453,2020-06-15,视源股份：视欣合计减持0.7254%公司股份 减持股份,Wind
454,2020-06-15,A股共发生114宗大宗交易成交28.25亿元（6月15日）,Wind
455,2020-06-15,视源股份今日大宗交易成交135.65万股，成交价86.38元折价9.19%,Wind
456,2020-06-10,疫情之下远程办公站上“风口” 会议平板市场迎蓝海？,每日经济新闻
457,2020-06-10,"视源股份现4笔大宗交易 共成交16,926.00万元",新浪
458,2020-06-09,中小盘次新股/科创板周报一百五十五期：次新股指数上涨 关注国内先进环保技术供应商路德环境,新浪
459,2020-06-09,迪显报告：MAXHUB市占率表现抢眼 新品将布局全球万亿级会议平板市场,砍柴网
460,2020-06-08,减持！视源股份：持股 5%以上股东减持约866万股 减持股份,每日经济新闻
461,2020-06-08,视源股份(002841.SZ)：云南视迅企业及郭玉良已合计减持1.3207%的股份 减持股份,格隆汇
462,2020-06-08,视源股份：公司股东视迅、郭玉良合计减持1.32%股份 减持股份,Wind
463,2020-06-08,A股早报2020年6月8日星期一,Wind
464,2020-06-05,视源股份发生9笔大宗交易 合计成交3.32亿元,证券时报网
465,2020-06-05,视源股份(002841.SZ)：161.808万股限制性股票解除限售条件成就,格隆汇
466,2020-06-05,"视源股份现9笔大宗交易 共成交33,192.01万元",新浪
467,2020-06-05,中小盘次新股科创板周报一百五十四期：次新股指数下跌 关注稀土永磁材料行业国内知名企业大地熊,新浪
468,2020-06-01,消费者服务-教育行业周报：金洲慈航拟收购优胜腾飞100%股权,新浪
469,2020-06-01,视源股份：公司不直接研发设计集成电路,第一财经
470,2020-05-29,MSCI尾盘数亿元扫货，北上5月吸金300亿,Wind
471,2020-05-27,视源股份每10股派发现金红利7.50元，6月2日除权除息,资本邦
472,2020-05-26,视源股份(002841.SZ)：视源转债转股价调整为74.97元/股6月2日生效,格隆汇
473,2020-05-26,视源股份(002841.SZ)及全资子公司拟向迈聆信息出售MindLinker软件著作权等无形资产 资产异常,格隆汇
474,2020-05-26,视源股份(002841.SZ)年报推10派7.5元 股权登记日6月1日,格隆汇
475,2020-05-24,【中信证券丨教育】两会下的教育投资：职教及高教板块受益,学而时思
476,2020-05-22,时代热评 | 拳头业务市占率罕见下滑，视源股份增长拐点隐现 盈利能力下降,时代在线
477,2020-05-21,视源股份：创新创造奠定市场领导地位,中金在线
478,2020-05-21,视源股份：视迅减持0.8944%公司股份 减持股份,Wind
479,2020-05-21,视源股份(002841.SZ)：视迅累计减持586.425万股 减持数量已过半 减持股份,格隆汇
480,2020-05-21,"视源股份现20笔大宗交易 共成交22,200.00万元",新浪
481,2020-05-19,传媒行业深度研究：下沉空间广 用户和技术双轮驱动在线教育长期发展,国联证券
482,2020-05-15,"视源股份现5笔大宗交易 共成交8,247.80万元",新浪
483,2020-05-14,视源股份现2笔大宗交易 均为折价成交,证券时报网
484,2020-05-14,公募权益类基金2020年一季报持仓分析：仓位小幅下调 医药基建TMT三大板块受关注,渤海证券
485,2020-05-13,策略专题：202005MSCI中国A股调整报告,新浪
486,2020-05-13,中国策略简评：MSCI中国半年度调整,新浪
487,2020-05-13,MSCI中国A股在岸指数增加成份股61只，剔除18只,Wind
488,2020-05-11,视源股份(002841.SZ)：17.95万股限制性股票5月13日解禁 解禁,格隆汇
489,2020-05-11,15家教育上市公司“消失的第一季度”：11家负增长，4家逆势上扬,36氪
490,2020-04-30,69家公司获机构调研（附名单）,证券时报
491,2020-04-29,[路演]视源股份：占全球液晶电视主控板卡2019年出货量比重为32.41%,全景网
492,2020-04-29,[路演]视源股份：家电智能控制业务已与国内外诸多品牌客户建立合作,全景网
493,2020-04-29,[路演]视源股份：目前公司教育业务正在积极布局教育信息化2.0,全景网
494,2020-04-29,61家公司获机构调研（附名单）,证券时报
495,2020-04-28,【国盛教育 | 年报】视源股份：智能平板贡献收入增量，毛利率持续提升,老鞠私塾
496,2020-04-28,视源股份：视欣拟减持不超过总股本0.7254 减持股份,Wind
497,2020-04-28,视源股份：视迅拟减持不超过总股本1.6777% 减持股份,Wind
498,2020-04-27,[互动]视源股份：在中美等国拥有授权专利超过4000件,全景网
499,2020-04-26,【中信证券丨教育】视源股份2019年年报暨2020年一季报点评：疫情之下仍显韧性，市场份额持续提升,学而时思
500,2020-04-25,视源股份(002841.SZ)2019年净利升60.41%至16.11亿元 拟10派7.5元,格隆汇
501,2020-04-25,视源股份(002841.SZ)一季度净利下降14.23%至1.62亿元  盈利能力下降,格隆汇
502,2020-04-25,视源股份：2019年净利润同比增长60.41%,Wind
503,2020-04-25,视源股份：一季度净利润同比减少14.23% 盈利能力下降,Wind
504,2020-03-31,视源股份：完成子公司股权出售及工商变更登记 资产异常,Wind
505,2020-03-30,9股筹码集中度上升大，最高户均持股市值近300万,证券时报网
506,2020-03-28,超高清行业新一轮景气周期开启 六股人气旺,证券时报网
507,2020-03-23,科技部发文支持5G等重大科技项目复工复产（附概念股）,证券时报
508,2020-03-10,视源股份：向5名受让方出售广州六环65%股份，转让对价合计1235万元 资产异常,Wind
509,2020-03-10,视源股份(002841.SZ)：拟出售广州六环65%股权及广州镭晨80%股权 资产异常,格隆汇
510,2020-03-06,视源股份吴成玲：帮助全国50万教师、700万学生实现在线教学,上证报
511,2020-02-24,优质科技企业梳理,和讯
512,2020-02-21,创业板指一周大涨7.6%，创业板单日成交额创新高,Wind
513,2020-02-20,MAXHUB触摸屏一体机，为办公场所注入新活力,砍柴网
514,2020-02-18,全面反弹勿忘风险，36家公司2月减持超亿元,Wind
515,2020-02-14,视源股份：智能交互龙头 远程科技引领公司新发展,安信证券
516,2020-02-14,【中信证券丨教育】疫情影响下的在线教育和教育信息化行业点评：长期明确利好，短期理性看待,学而时思
517,2020-02-13,视源股份：戴桦杨减持0.8952%公司股份 减持股份,Wind
518,2020-02-13,视源股份(002841.SZ)：戴桦杨累计减持586.93万股减持计划实施完毕 拟减持股份,格隆汇
519,2020-02-07,视源股份向火神山雷神山医院捐赠MAXHUB会议平板,凤凰网
520,2020-02-07,视源股份大涨5.17%，成交额11498万元,中新经纬
521,2020-02-05,多家云办公公司预计业绩大涨 远程办公迎百亿元市场风口,证券日报
522,2020-01-22,A股共发生81宗大宗交易成交21.97亿元（1月22日）,Wind
523,2020-01-22,"视源股份现20笔大宗交易 共成交50,000.01万元",新浪
524,2020-01-22,视源股份今日大宗交易成交638.49万股，成交价78.31元折价7.28%,Wind
525,2020-01-20,视源股份(002841.SZ)：戴桦杨拟减持不超587万股 拟减持股份,格隆汇
526,2020-01-20,视源股份：戴桦杨拟减持不超过总股本0.8953%,Wind
527,2020-01-19,近3000亿！上市公司限售股解禁潮下周来袭，首批科创板迎“大考”，更有知名大白马股千亿冲击来了！ 解禁,中国基金报
528,2020-01-17,[公司]视源股份业绩快报：2019年净利同比增62%,全景网
529,2020-01-17,视源股份业绩快报：2019年净利16.24亿元 同比增62%,e公司
530,2020-01-17,视源股份：2019年净利润同比增61.74%（业绩快报）,Wind
531,2020-01-17,CVTE视源股份获批国家企业技术中心！,凤凰网
532,2020-01-14,视源股份(002841.SZ)：5.808亿股限售股20日解禁 解禁,格隆汇
533,2020-01-14,视源股份：5.8亿股首发限售股1月20日上市流通 解禁,Wind
534,2020-01-13,春节前股市将迎来5000亿市值解禁 解禁,北青网
535,2020-01-12,5000亿！春节前巨额解禁来袭，这批股票将迎大考验 解禁,证券时报网
536,2020-01-09,专题：中国上市公司高质量发展在行动,证券时报网
537,2020-01-03,视源股份股东户数连续5期下降筹码集中以来股价累计上涨0.10%,证券时报网
538,2020-01-02,视源股份(002841.SZ)：2019年第四季度视源转债累计转股851股,格隆汇
539,2019-12-31,6900亿元解禁潮来袭！视源股份、五矿资本解禁比例超85% 解禁,格隆汇
540,2019-12-28,创纪录!股东日均净减持13.7亿 下月解禁市值7000亿 减持股份,中财网
541,2019-12-27,下月解禁市值近7000亿！24股解禁比例超60%，这家公司要延迟解禁 解禁,证券时报网
542,2019-12-13,视源股份(002841.SZ)：杨铭减持1.325万股 减持计划实施完毕 拟减持股份,格隆汇
543,2019-12-10,近五成公司年报业绩向好 两大主线布局岁末行情,大众证券报
544,2019-12-04,5G+超高清视频+教育，一文读懂全球最大液晶显示主控板卡厂商,云掌财经
545,2019-12-02,信息科技：11月份战略性新兴产业EPMI小幅回落 荐19股,银河证券
546,2019-12-01,【新时代传媒】1201周观点：网易上线云游戏平台，岁末年初紧握核心布局技术催化且业绩改善公司,关爱传媒成长小分队
547,2019-11-28,国金证券：视源股份买入评级,国金证券
548,2019-11-28,1股获买入评级 最新:视源股份,中财网
549,2019-11-27,爱玛科技IPO前遭诉讼回应：没啥影响 证监会取消审核 诉讼纠纷,新浪
550,2019-11-20,视源股份：副总经理杨铭拟减持不超过1.325万股 减持股份,Wind
551,2019-11-20,视源股份(002841.SZ)副总经理杨铭拟减持不超1.325万股 拟减持股份,格隆汇
552,2019-11-20,厚积薄发，MAXHUB再获中国音视频产业大会两项大奖,砍柴网
553,2019-11-20,重磅！CVTE视源股份旗下希沃与中国移动签署5G战略合作协议,凤凰网
554,2019-11-18,【中信建投可转债】考验短期抗压力，策略可存分化（2019-11-15）,文涛宏观债券研究
555,2019-11-14,400余家展商齐聚光博会，工信部释利好信息，光学光电子产业链现回暖趋势,第一财经
556,2019-11-13,毛利率碾压茅台，股价频创新高，原来有ROE撑腰！21只白马股业绩或持续高增长,证券时报
557,2019-11-12,[公司]视源股份拟4亿元建设华中区域总部项目,全景网
558,2019-11-12,视源股份(002841.SZ)签署投资协议 拟斥4亿元建设华中区域总部项目,格隆汇
559,2019-11-05,中泰电子刘翔团队|视源股份2019Q3点评：教育需求疲软拖累收入，成本下行提升盈利 盈利能力下降,刘翔电子研究
560,2019-10-29,周二机构一致看好的七大金股（10.29）,中金在线
561,2019-10-28,视源股份放量下跌 机构资金博弈激烈,证券时报网
562,2019-10-28,视源股份放量大跌9%，机构出现分歧,Wind
563,2019-10-28,【中信证券 | 教育】视源股份2019年三季报点评：高基数下收入阶段性放缓，盈利继续强劲,学而时思
564,2019-10-28,"视源股份2019年第三季度报告点评:Q3单季度业绩大增83%,盈利能力持续提升",光大证券
565,2019-10-28,"视源股份:交互平板龙头符合预期,单季度毛利率创新高",国信证券
566,2019-10-28,"视源股份:三季度净利润接近预告上限,长期增长潜力依旧",东吴证券
567,2019-10-27,【华泰电子】【继续推荐视源股份】收入结构优化，盈利能力再超预期,华泰电子研究
568,2019-10-27,【华西电子孙远峰团队-视源股份三季报点评】智能交互龙头，教育会议推动持续成长,远峰电子
569,2019-10-25,视源股份：2019年净利同比预增45%-70%,e公司
570,2019-10-25,视源股份：前三季度净利润同比增66.32%,Wind
571,2019-10-24,视源股份：白色家电相关产品将成为公司未来业务发展爆发点,e公司
572,2019-10-21,这些股票业绩环比增幅创新高，8股连续三季净利加速增长,证券时报
573,2019-10-14,教育行业跨市场周报(第93期):职教和信息化行业三季报业绩靓丽,光大证券
574,2019-10-09,CVTE视源股份上榜《粤港澳大湾区企业专利创新百强榜》,砍柴网
575,2019-10-08,视源股份(002841.SZ)：第三季度“视源转债”累计转股912股,格隆汇
576,2019-10-07,媒体：持续看好云游戏VR+AR高清视频等 荐18股,广发证券
577,2019-09-30,CVTE视源股份旗下品牌希沃亮相第九届智博会 | 展现教育现代化新成果,砍柴网
578,2019-09-30,"教育行业跨市场周报(第92期):恒企江勇任上市公司董事长,开元治理结构实现里程碑式跨越",光大证券
579,2019-09-30,"传媒周报:维持加配传媒观点,行业技术发展与业绩改善或将迎来共振",证券之星
580,2019-09-24,视源股份(002841.SZ)：股权投资基金已募集完成 到位资金3亿元,格隆汇
581,2019-09-23,MAXHUB成中国电信战略合作伙伴，共赢5G产业新生态,砍柴网
582,2019-09-22,视源股份：前三季度业绩指引超预期 买入评级,中泰证券
583,2019-09-20,下周674亿市值限售股解禁，圆通速递解禁市值226.5亿元居首 解禁,Wind
584,2019-09-18,[快讯]视源股份183万限售股9月23日解禁 解禁,中财网
585,2019-09-18,视源股份(002841.SZ)：183万股限售股9月23日解禁 解禁,格隆汇
586,2019-09-18,视源股份：183万股限售股解禁 解禁,Wind
587,2019-09-12,多次举牌渐成常态！长袖善舞，这边风景独好,Wind
588,2019-09-09,视源股份的“零应收”原则,证券时报
589,2019-09-08,【华泰电子周观点】华为再发重磅新品，由网到端的竞争力在5G时代锋芒毕露,华泰电子研究
590,2019-09-08,视源股份：未来MAXHUB业务的增长会相对快一些,e公司
591,2019-09-08,视源股份：公司一直都坚持零应收款原则,e公司
592,2019-09-08,【高管面对面】视源股份：500亿市值与不寻常路,e公司
593,2019-09-08,【华泰TMT王林团队】电子元器件: 华为引领的3C创新大幕正拉开,华泰证券研究所
594,2019-09-06,视源股份(002841.SZ)拟9000万元参设股权投资基金 主要投向新一代信息技术等等,格隆汇
595,2019-09-05,视源股份(002841.SZ)回购注销18.576万股限制性股票,格隆汇
596,2019-09-05,A股涨声一片！大金融发威，科技、世界铜王、5G妖股逞强,Wind
597,2019-09-05,媒体：下半年ROE将有望企稳回升 荐14股,广发证券
598,2019-09-05,【民生·教育团队】2019年中期策略报告：结构性机会把握双主线，职教+信息化,MS EDU研究
599,2019-09-04,视源股份：会议交互智能平板产品市场处于起步阶段,中金在线
600,2019-09-04,83只超级牛股最新评级 这些公司目标涨幅空间还有30%以上（名单）,证券时报网
601,2019-09-01,教育行业：跟谁学2019Q2净收入增413% 火花思维完成8500万美元D轮融资,广证恒生
602,2019-09-01,117只股票连续上涨3日或3日以上,Wind
603,2019-08-30,近10个交易日26家上市公司获海外机构调研,证券时报网
604,2019-08-29,"视源股份:毛利率全面提升,中报业绩超预期",德邦证券
605,2019-08-28,428家公司透露最新股东户数 306家筹码趋向集中,投资快报
606,2019-08-28,这些股抢先“剧透”三季报 89股净利有望超去年全年,证券时报
607,2019-08-27,【中信证券丨教育】视源股份（002841）2019年中报点评：毛利率提升显著，中报增长超预期,学而时思
608,2019-08-27,【视源股份】调研纪要20190827,EBSCN电子
609,2019-08-27,[公司]视源股份：会议交互智能平板市场正在起步 看好其长期发展,全景网
610,2019-08-27,券商首次关注6股并给予买入评级（8月27日）,Wind
611,2019-08-27,"视源股份:三季度业绩指引超预期,教育+企业业务市占率进一步提升(增持)",国信证券
612,2019-08-26,涨停板解密：汽车零部件股逆市火爆！（8月26日）,Wind
613,2019-08-26,【国信电子|点评】视源股份：三季度业绩指引超预期，教育+企业业务市占率进一步提升,国信电子研究
614,2019-08-25,【广证恒生传媒】-视源股份(002841)-点评报告-毛利率提升驱动高成长，上调公司业绩预期-20190825,广证恒生
615,2019-08-24,【申万宏源中小盘】视源股份中报点评：原材料降价至净利润大放异彩，下游需求承压是既成事实，上调19年盈利预测，维持增持评级,申万宏源中小盘研究
616,2019-08-23,视源股份：上半年净利润同比增46.46%,Wind
617,2019-08-21,邀您体验智能办公！MAXHUB新方案将亮相2019智博会,砍柴网
618,2019-08-21,齐心集团携手夏普构建行业商用屏共享平台,砍柴网
619,2019-08-17,一批黑马股走出连板行情 电子元器件与次新股吹响反弹号角,金融投资报
620,2019-08-16,上半年企业发明专利授权量排名 CVTE视源股份上升195位,砍柴网
621,2019-08-16,电子元件：华为鸿蒙问世 彰显IoT王者之志,财富动力网
622,2019-08-16,"教育行业跨市场周报(第85期):ATA宣布完成收购ACG,转型国际教育服务",光大证券
623,2019-08-15,小、中、大型会议室，选MAXHUB会议平板就够了！,砍柴网
624,2019-08-15,CVTE首登财富中国500强，科研实力助MAXHUB技术创新,砍柴网
625,2019-08-14,A股异动 | 鸿合科技(002955.SZ)午后涨逾6% 与视源股份签订专利诉讼和解协议,格隆汇
626,2019-08-14,午间公告：广生堂乙肝治疗全球创新药GST-HG141临床试验申请获得国家药监局受理,Wind
627,2019-08-13,华泰证券：华为鸿蒙问世，看好华为引领智能终端5G高速物联时代,Wind
628,2019-08-12,"传媒行业周报:从中报业绩看下半年机会,建议把握传媒行业低估值机会",证券之星
629,2019-08-11,【华泰电子周观点】华为鸿蒙问世，彰显物联网王者之志,华泰电子研究
630,2019-08-07,MAXHUB：以会议平板驱动智能办公变革与创新,飞象网
631,2019-08-05,行业巨头强势挤压 会畅通讯转型之路何往？,投资者报
632,2019-08-01,MAXHUB会议平板亮相2019 InfoComm，实力多方认可,砍柴网
633,2019-07-31,"传媒行业周报:国漫《哪吒》高票房引领暑期档,传媒板块配置正当时",证券之星
634,2019-07-30,"教育行业跨市场周报:好未来1Q20收入+28%,新东方4Q19收入+20%",光大证券
635,2019-07-30,"计算机行业2019年半年度策略报告:布局行业高景气,掘金科创真科技",西南证券
636,2019-07-28,媒体：暑期档娱乐内容略有回暖 荐15股,广发证券
637,2019-07-22,医疗保健：计算机中报业绩预告分析 荐11股,中信建投
638,2019-07-22,"教育行业跨市场周报(第82期):中汇集团在港上市,FY19H1收入3.5亿元",光大证券
639,2019-07-22,"传媒行业周报:悲观预期或已尽显,可关注下半年是否拐点将至",证券之星
640,2019-07-21,媒体：重仓比例持续下滑 行业整体转至低配,广发证券
641,2019-07-19,【中信建投教育&计算机】鸿合科技：教育类智能交互显示巨头，开拓海外客户推动业绩高增长,中信建投中小市值
642,2019-07-15,四大券商周二看好六大板块,证券之星
643,2019-07-15,【安信硬科技|科创板】光峰科技：国内激光显示领先企业,通信投研汪
644,2019-07-11,【中信证券丨社服】2019年中报业绩前瞻—总体平稳，龙头突出,麦高玩乐游
645,2019-07-10,社服｜总体平稳，龙头突出：A股重点公司2019年中报业绩前瞻,中信证券研究
646,2019-07-10,中报前瞻:重点公司预计持续靓丽表现,西南证券
647,2019-07-09,会议平板受热捧！MAXHUB百城品鉴会成功收官,砍柴网
648,2019-07-04,科创企业IPO阶段知识产权纠纷多发 律师呼吁警惕恶意诉讼,华夏时报
649,2019-07-03,"教育行业周报:中教控股收购南方翻译学院,科斯伍德整合龙门教育剩余股权",上海证券
650,2019-07-01,教育行业跨市场周报(第79期):中公教育和中国东方教育深度对比,光大证券
651,2019-06-28,视源股份:交互智能平板龙头,德邦证券
652,2019-06-26,MAXHUB 618再创新高，稳居会议平板首位！,砍柴网
653,2019-06-25,达华智能主营业务增长率为A股同行业公司1/18 规模为对手1/4,挖贝网
654,2019-06-25,"传媒行业周报:重组并购政策利好或可期待,关注暑期档电影和游戏电竞投资机会",证券之星
655,2019-06-24,教育行业跨市场周报(第78期):嘉宏教育、思考乐在港上市,光大证券
656,2019-06-21,信息科技：SLACK登陆美股 荐5股,国盛证券
657,2019-06-19,19股获券商买入评级 璞泰来目标涨幅达67.13%,Wind
658,2019-06-17,[快讯]视源股份128万限售股6月19日解禁 解禁,中财网
659,2019-06-17,视源股份：关于2017年限制性股票激励计划解除限售股份上市流通的提示性公告,深交所
660,2019-06-17,视源股份(002841.SZ)164.90万股限制性股票6月19日解禁,格隆汇
661,2019-06-17,视源股份：164.9万股限售股6月19日解禁 解禁,Wind
662,2019-06-17,23公司获得买入评级-更新中,中财网
663,2019-06-17,"教育行业跨市场周报(第77期):中国东方教育正式上市,职业技能龙头扬帆起航",光大证券
664,2019-06-16,【电子/刘翔团队】视源股份：快速崛起的电子新豪门,太平洋证券研究
665,2019-06-16,【华泰电子周观点】Zoom市值一路走高，软视频会议方兴未艾,华泰电子研究
666,2019-06-13,33股获券商买入评级 长城汽车目标涨幅达51.19%,Wind
667,2019-06-13,"太平洋证券：将视源股份评级调高为""买入""",Wind
668,2019-06-10,晶晨股份三回科创板问询：再被追问小米交易模式、第三方回款等5大问题,资本邦
669,2019-05-27,媒体：国家发布职教顶层设计方案 荐7股,广证恒生
670,2019-05-27,一图看懂交互智能平板视源股份V.S鸿合科技谁更强,新浪
671,2019-05-22,[路演]视源股份：通过内生孵化与投资并购 寻求新的增长点,全景网
672,2019-05-15,"教育行业跨市场周报(第72期):国务院发文规范婴幼儿照护市场,跟谁学递交招股书赴美上市",光大证券
673,2019-05-10,鸿合科技：迷雾重重的智能交互大屏制造商 闯关A股成色几何？,格隆汇
674,2019-05-07,跑赢正股！可转债左侧配置机会已现,Wind
675,2019-05-05,视源股份一季度净利1.88亿元同比增长47% 现金流量净额为-1.03亿元,挖贝网
676,2019-04-29,巨丰热点：第三届世界智能大会将召开 人工智能部分股逆势走强,巨丰财经
677,2019-04-29,【视源股份*张良卫】深度：屏显绝对龙头，交互智能产品增长潜力突出,东吴研究所
678,2019-04-28,【安信电子孙远峰团队-视源股份一季报点评】一季度业绩超预期，新市场开拓顺利,远峰电子
679,2019-04-28,【华泰电子】【视源股份继续推荐】19Q1业绩超预期，上半年展望乐观,华泰电子研究
680,2019-04-27,视源股份(002841.SZ)一季度净利润升47.39% 上半年预增30%-60%,格隆汇
681,2019-04-26,【国君通信】淳中科技（603516）：加大研发销售投入，盈利底有望显现 ——2018年年报与2019年一季度报告点评,国泰君安通信研究
682,2019-04-26,视源股份：一季度净利润同比增47.39%,Wind
683,2019-04-15,信息科技：三六零进军政企网络安全市场 荐6股,中信建投
684,2019-04-11,鸿合科技IPO“负案过会”大逆转 专利诉讼不再“一刀切”避免恶性竞争,华夏时报
685,2019-04-11,董秘解码：蓝思科技随5G换机热潮迎来新一轮重大发展机遇,巨丰财经
686,2019-04-09,[路演]视源股份：汽车电子和健康医疗业务均处于拓展阶段,全景网
687,2019-04-08,专利诉讼争议中IPO过会 鸿合科技缘何安全“上岸”？,21世纪经济报道
688,2019-04-04,资本市场上演生死阻击 鸿合科技IPO上会前夜遭遇专利诉讼 诉讼纠纷,华夏时报
689,2019-04-04,券商评级:沪指震荡收涨0.9% 九股迎掘金良机,证券之星
690,2019-04-04,鸿合科技“带病上市”,投中网
691,2019-04-04,【国信电子】视源股份：巩固板卡业务优势，持续深耕交互平板市场,微信
692,2019-04-04,视源股份（002841）2018年报点评：巩固板卡业务优势，持续深耕交互平板市场,国信研究
693,2019-04-04,视源股份去年净利10.04亿元 同比增长45% 董事长王毅然年薪41万元,挖贝网
694,2019-04-04,【电子-孙远峰】视源股份：板卡龙头高速增长，新市场开拓顺利,安信证券研究
695,2019-04-04,"视源股份:业绩高增,智能板卡加速出货,交互平板毛利提升",上海证券
696,2019-04-03,视源股份：澄清媒体报道,Wind
697,2019-04-03,视源股份2018年实现净利润10.04亿元 同比增长45.32% 拟每10股派5.41元,中证网
698,2019-04-03,专利诉讼阻路IPO 鸿合科技“突围”存变数 诉讼纠纷,21世纪经济报道
699,2019-04-02,视源股份(002841.SZ)2018年净利润升45.32%至10.04亿元 拟10派5.41元,格隆汇
700,2019-04-02,视源股份：2018年净利润同比增45.32%，拟10派5.41元,Wind
701,2019-04-02,鸿合科技上会前夕再遭起诉 诉讼纠纷,21世纪经济报道
702,2019-04-02,鸿合科技IPO疑云：夸大核心技术专利，涉嫌信息虚假披露 欺诈造假,大众证券报
703,2019-03-26,视源股份：年报预约披露日期变更为2019年4月3日,Wind
704,2019-03-13,视源股份:下一代超高清视频显控&教育信息化龙头持续高增长,正点财经
705,2019-03-13,券商首次关注5股并给予买入评级（3月13日）,Wind
706,2019-03-12,[快讯]转债中签结果：视源股份公布中签号,中财网
707,2019-03-12,兑奖了！视源股份可转债中签号出炉,Wind
708,2019-03-12,视源转债072841打新价值分析,银行信息港
709,2019-03-07,深交所：ST康得新、ST东海洋3月11日起将被调出多个指数,Wind
710,2019-03-07,电子元件标的，不妨试试打新 ——视源转债申购价值分析,岳读债市
711,2019-03-07,视源股份发行可转债 募资总额9.42亿元,挖贝网
712,2019-03-06,视源股份发行9.42亿元可转债 7日公开招募,中证网
713,2019-03-04,视源股份午后封涨停 成交额2.08亿元封单2429手,腾讯网
714,2019-02-27,"教育行业跨市场周报(第63期):《教育现代化2035》发布,三条主线把握教育投资机会",光大证券
715,2019-02-26,教育行业:《中国教育现代化2035》和实施方案再次确定职业教育为投资主线,申万宏源
716,2019-02-26,"跨市场教育行业观察之四:《中国教育现代化2035》发布,看好教育信息化投资机会",光大证券
717,2019-02-25,"视源股份:教育信息化+企业服务高增长,现金流提供高安全边际",正点财经
718,2019-02-25,"教育行业重大事项点评十六之《中国教育现代化2035》:目标迈入教育强国行列,持续看好教育行业投资机会",光大证券
719,2019-02-22,机构称A股中期反弹将进入第二阶段 4个交易日内13只强势股创出历史新高,证券日报
720,2019-02-22,机构称A股中期反弹将进入第二阶段 13只强势股创新高,证券日报
721,2019-02-21,鸿合科技IPO有待跨过专利“沟壑”,北国网
722,2019-02-19,"教育行业跨市场周报(第62期):中汇集团拟赴港IPO,国务院印发《高等职业教育改革实施方案》",光大证券
723,2019-02-18,机构春节后首周调研 关注大消费概念标的,中证报
724,2019-02-18,猪年首周机构调研16家上市公司 3家被集中造访,证券日报
725,2019-02-17,节后首周获调研个股全线飘红，视源股份最受关注！,e公司
726,2019-02-15,视源股份：公司教育领域交互智能平板产品毛利率同比有所提升,Wind
727,2019-02-14,"视源股份跟踪报告之四:不仅是交互平板之王,而是万屏时代“苹果”",光大证券
728,2019-02-13,30股获券商买入评级 天能重工目标涨幅达68.99%,Wind
729,2019-02-11,近250家公司去年净利有望超10亿 堪称A股“中流砥柱”,证券时报
730,2019-02-02,【中信证券 | 消费】从持仓结构看消费产业,麦高玩乐游
731,2019-02-01,A股10亿净利俱乐部都有谁？除了银行股，还有这些优秀民企,e公司
732,2019-01-29,视源股份2018年净利润10.01亿元 比上年同期增长45%,挖贝网
733,2019-01-29,视源股份：软件强化竞争力 教育市场潜力足,华泰证券
734,2019-01-29,国内教育信息化知识产权保护第一案 鸿合科技被诉1.43亿元专利侵权索赔,时代周报
735,2019-01-28,【国信电子】视源股份：业绩超预期增长，乘风起势的交互大平台,微信
736,2019-01-28,国信证券：视源股份增持评级,国信证券
737,2019-01-28,广州视源电子科技股份有限公司2018年度业绩快报,证券时报
738,2019-01-28,"视源股份2018年度业绩快报点评:业绩快报略超预期,高成长态势延续",光大证券
739,2019-01-27,视源股份业绩快报：2018年净利10亿元 同比增45%,e公司
740,2019-01-24,"视源股份重大事项点评:投资智慧终端拓展教育市场,股权激励稳步推进",光大证券
741,2019-01-23,24日机构强推买入六股成摇钱树,证券之星
742,2019-01-23,"教育行业跨市场周报:单体校企业相继赴港上市,北京将治理线上培训机构",光大证券
743,2019-01-23,"电子行业:集成电路进出口额均创新高,国产替代可期",国联证券
744,2019-01-15,鸿合科技IPO关头遇纠纷 视源股份称其涉嫌专利侵权索赔1.43亿 诉讼纠纷,每日经济新闻
745,2019-01-11,视源股份：拟5亿元投建“视源学生智慧终端研发中心项目”,e公司
746,2019-01-10,电子元器件行业周报(第一周),正点财经
747,2019-01-09,"海外科技教育行业周报:教育信息化进入2.0周期,软件应用及教学内容注入将为该阶段布局重点",正点财经
748,2019-01-03,"教育行业跨市场周报(第57期):教育部等九部门发文为中小学生减负,卓越教育敲钟上市",光大证券
749,2019-01-02,机构去哪儿？博时基金、星石投资等节前调研这些股,证券时报网
750,2018-12-31,节前机构调研股曝光，7股年报高预增且市盈率不足20倍,证券时报
751,2018-12-24,"教育行业跨市场周报:银杏教育通过港股上市聆讯,多地推进中小学课后服务政策",光大证券
752,2018-12-21,第十七届发审委2018年第198次会议审核结果公告,证监会
753,2018-12-21,视源股份：发行可转债申请获发审委审核通过,Wind
754,2018-12-17,第十七届发审委2018年第198次工作会议公告,证监会
755,2018-12-14,"计算机行业教育信息化专题报告:教育化雨润天下,科技春风促平等",安信证券
756,2018-12-07,教育周观点19期:教育部要求各地年底前完成校外培训机构的整改任务,安信证券
757,2018-11-21,"教育行业事件点评:幼教资产证券化受阻,关注职教领域政策红利",正点财经
758,2018-11-19,"教育行业跨市场周报(第51期):学前意见限制幼儿园资产证券化,建议关注三垒股份错杀机会",光大证券
759,2018-11-19,"教育行业2019年投资策略:政策影响有望消化,建议布局业绩确定",西南证券
760,2018-11-09,视源股份低开低走重挫5.02%报60.30元 成交1494万元,腾讯网
761,2018-11-05,视源股份：副总经理庄喆拟减持不超过2.4万股 减持股份,金融界
762,2018-11-04,教育行业：板块有望迎来明显的修复行情 荐6股,安信证券
763,2018-10-29,视源股份：第三季度TV板卡的毛利率或没有继续下滑,e公司
764,2018-10-29,国泰君安：视源股份增持评级,国泰君安
765,2018-10-27,【光大教育】视源股份（002841.SZ）2018年三季报点评——业绩表现符合预期，盈利能力持续提升,EBSCN新三板研究
766,2018-10-26,视源股份：前三季度净利润同比增42.53%,Wind
767,2018-10-26,视源股份午后异动重挫5.25%报52.50元 成交5003万元,腾讯网
768,2018-10-17,【申万宏源中小盘】中小创三季报增速有所放缓，中小板次新股三季报表现突出—中小创2018年三季报业绩前瞻,申万宏源中小盘研究
769,2018-09-27,视源股份布局海外：MAXHUB亮相InfoComm India 2018,证券之星
770,2018-09-27,业界首款三射频802.11ax 无线AP！锐捷RG-AP860-I来了,砍柴网
771,2018-09-26,"电子行业:汽车工控需求稳定,模拟IC稳健增长",国联证券
772,2018-09-23,90公司业绩环比连增，16家步入绩优股行列,Wind
773,2018-09-21,业界首款三射频802.11ax 无线AP！锐捷RG-AP860-I来了,C114通信网
774,2018-09-05,【光大教育】教育信息化研究合集,EBSCN新三板研究
775,2018-09-02,【光大教育|季报点评】视源股份2018年一季报点评——收入同比大幅增长，业绩增长符合预期,EBSCN新三板研究
776,2018-09-01,87公司利润环比连增 16家步入绩优股行列,证券时报
777,2018-08-31,国泰君安：视源股份增持评级,顶尖财经网
778,2018-08-31,[互动]视源股份：儿童平板处于试推阶段,全景网
779,2018-08-31,"视源股份:H1收入增速继续超预期,H2智能平板需求旺季可期",申万宏源
780,2018-08-30,视源股份高开高走拉升5.48%报62.17元 成交7699万元,腾讯网
781,2018-08-30,视源股份高开高走拉升5.09%报61.94元 成交5576万元,腾讯网
782,2018-08-30,视源股份（002841）2018年半年报点评：业绩符合市场预期，双主业持续稳健增长,国信研究
783,2018-08-29,视源股份：上半年净利润同比增24.36%,Wind
784,2018-08-29,【申万宏源中小盘 ? 每日带你复盘 2018.08.29】,申万宏源中小盘研究
785,2018-08-28,8月28日早间行业热点聚焦,中证网
786,2018-08-23,激活你的专属力量 视源股份（CVTE）2019秋季校招等你来,证券之星
787,2018-08-20,教育行业跨市场周报：早幼教企业宝宝树香港IPO拟募资10亿美元,中财网
788,2018-08-14,视源股份（CVTE）上榜2018广东企业500强,苏南网
789,2018-08-14,"教育行业跨市场周报(第40期):司法部公布《民促法实施条例》送审稿,金太阳教育拟赴美上市",光大证券
790,2018-08-07,教育行业跨市场周报(第39期):上海高端民办K12教育供应商尚德启智拟赴港上市,光大证券
791,2018-08-03,"教育行业在线教育深度:焦虑的在线教育,在线教育盈利逻辑之惑,从“出挑”的新东方在线谈起",国金证券
792,2018-08-02,MAXHUB专访|高效会议平台如何提高企业协作效率？,财经网
793,2018-08-01,教育行业重大事项点评之九：18H1中报业绩快速增长 18Q2基金持仓聚焦龙头,中财网
794,2018-07-31,【光大教育】18H1中报业绩快速增长，18Q2基金持仓聚焦龙头——教育行业重大事项点评之九,EBSCN新三板研究
795,2018-07-23,[领先大市-A评级]教育行业周观点：新东方在线赴港上市 港股教育板块多样性提高 下半年有望迎来发行潮,中财网
796,2018-07-23,教育行业跨市场周报：新东方在线和博骏教育两家公司拟港股上市,中财网
797,2018-07-18,它可能比老罗的TNT更好用，会议平板电脑MAXHUB X3问世,钛媒体
798,2018-07-17,[领先大市-A评级]教育行业周观点：板块中报预告密集披露 关注内生增长扎实且具估值优势的细分龙头,中财网
799,2018-07-17,教育行业跨市场周报：K12教育服务提供商天立教育港股上市,中财网
800,2018-07-12,"视源股份点评报告:股权激励绑定利益,持续拓展完善视源生态",正点财经
801,2018-07-12,"视源股份重大事项点评:发布二期股权激励,彰显公司发展信心",光大证券
802,2018-07-10,"教育行业周报:中报期临近,关注教育业绩高增长",上海证券
803,2018-07-10,"教育行业跨市场周报(第35期):立思辰发布大语文3.0,威创股份拟收购小橙堡",光大证券
804,2018-07-03,教育行业跨市场周报：好未来18财年业绩靓丽 卓越教育拟赴港上市,中财网
805,2018-07-02,[领先大市-A评级]教育行业周观点：百洋股份收购楷魔视觉释放协同效应 卓越教育、宝宝树加入赴港上市潮,中财网
806,2018-07-02,新三板TMT行业动态跟踪报告之一：2018MWC上海：聚焦物联网落地建设和5G应用场景,中财网
807,2018-06-29,视源股份大涨5.04%，报52.68元,腾讯网
808,2018-06-26,视源股份（CVTE）与中山大学联合发表论文，入选计算机视觉领域顶会CVPR 2018,苏南网
809,2018-06-25,"视源股份:深耕交互式大屏,业绩稳健成长",正点财经
810,2018-06-21,弱市重质!A股迎来中报行情，业绩叠加题材必看,Wind
811,2018-06-20,做反弹还看次新！管理层罕见唱多，二角度筛选小而美,--
812,2018-06-20,[互动]视源股份：液晶显示主控板卡用于小米和乐视等公司产品,全景网
813,2018-06-19,"视源股份:价值成长系列,多元交互时代的新龙头",国信证券
814,2018-06-15,教育行业跨市场研究报告之五：教育信息化：国家意志 智慧生态,中财网
815,2018-06-14,视源股份（002841）深度：价值成长系列，多元交互时代的新龙头,国信研究
816,2018-06-09,视源股份：在健康医疗、汽车电子等方向进行新业务布局,Wind
817,2018-06-06,新三板计算机通信行业2018年下半年投资策略：网络部署逐步完善 行业应用多点开花,中财网
818,2018-06-06,教育行业跨市场2018年下半年投资策略：凤凰涅槃 鹏程万里,中财网
819,2018-06-04,教育行业跨市场周报：神州数码调整启行教育收购方案,中财网
820,2018-06-02,视源股份：液晶显示主控板卡业务一季度收入超预期主要因世界杯赛事拉动,e公司
821,2018-06-01,走进视源股份：一家年轻自由的研发型企业,e公司
822,2018-05-31,京东+视源股份MAXHUB，共造未来智慧办公,证券之星
823,2018-05-30,中小板14周年 深交所调研弘亚数控视源股份深南电路,深交所
824,2018-05-29,[增持评级]汽车行业2018年中期投资策略研讨会：下一个浪潮：智能车机,中财网
825,2018-05-28,[强于大市评级]现代服务行业周报：21世纪教育即将上市 港股教育再添新军,中财网
826,2018-05-28,直播：走进国内交互智能平板龙头——视源股份,e公司
827,2018-05-28,"教育行业跨市场周报(第29期):海外教育机构赴港上市,港股教育板块持续升温",光大证券
828,2018-05-23,"现代服务行业周报:港股教育再创新高,板块投资价值持续显现",西南证券
829,2018-05-23,"教育行业跟踪报告之一:海外教育大涨,A股教育买什么",光大证券
830,2018-05-21,首款裸眼3D全息手机将发 六股腾飞在即掘金良机,证券时报
831,2018-05-21,计算机行业:计算机核心优质资产投资新时代到来,证券之星
832,2018-05-18,视源股份（CVTE）旗下教育品牌希沃与英特尔达成战略合作，携手推进数字校园建设,DoNews
833,2018-05-15,[强于大市评级]现代服务行业周报：推行终身职业培训 职业教育再获利好,中财网
834,2018-05-15,视源股份首次覆盖:强拓展的智能硬件龙头,正点财经
835,2018-05-14,教育行业跨市场周报：民办高等教育集团中国科培教育拟赴港上市,中财网
836,2018-05-11,新三板计算机通信行业2017年年报总结：腾云驾物 分化凸显,中财网
837,2018-05-10,视源股份（CVTE）+微软，共同探索AI创新与数字化转型,飞象网
838,2018-05-10,[增持评级]视源股份(002841)首次覆盖报告：强拓展的智能硬件龙头,中财网
839,2018-05-10,[强于大市评级]现代服务行业周报：中公教育借壳亚夏汽车 看多教育板块发展,中财网
840,2018-05-08,教育行业跨市场周报：中公教育借壳亚夏汽车 职教培训龙头或登陆A股,中财网
841,2018-05-03,教育:修订《民促法》 鼓励支持社会力量办教育,光大证券
842,2018-04-27,"教育行业重大事项点评之七:教育部修订《民促法实施条例》,鼓励和支持社会力量举办教育",光大证券
843,2018-04-27,"视源股份:交互智能平板驱动公司高增长,汇兑损失影响公司利润",证券之星
844,2018-04-26,"视源股份一季报点评:收入增速超预期,各项业务稳健发展,推荐持续关注",申万宏源
845,2018-04-25,[强于大市评级]现代服务行业周报：民促法草案发布 政策进一步细化,中财网
846,2018-04-24,[强烈推荐评级]视源股份(002841)季报点评：营收高增长毛利率下降压制业绩 维持长期看好公司成长,中财网
847,2018-04-24,[买入评级]视源股份(002841)一季报点评：教育保持高增长 板卡毛利下滑致Q1利润低速增长,中财网
848,2018-04-24,罗技与MAXHUB达成战略合作，共拓共赢视频协作市场,飞象网
849,2018-04-24,"视源股份2018年一季报点评:收入同比大幅增长,业绩增长符合预期",光大证券
850,2018-04-20,ICASSP的中国身影：视源股份（CVTE）亮相信号处理顶会,苏南网
851,2018-04-19,[买入评级]视源股份(002841)年报点评：2018：重回高增长轨道的元年,中财网
852,2018-04-18,[路演]视源股份：在智能家居领域已有业务在孵化之中,全景网
853,2018-04-18,高管面对面 | 30家上市公司2017年度业绩说明会 在全景·路演天下举行,全景网
854,2018-04-17,"视源股份:宏观因素引致下滑,不改长期看好逻辑",西南证券
855,2018-04-16,【光大教育|年报点评】38张图表详解视源股份2017年年报——收入和扣非业绩稳步增长，教育和会议业务空间广阔,EBSCN新三板研究
856,2018-04-16,广州视源电子科技股份有限公司关于举行2017年度网上业绩说明会的通知,证券日报
857,2018-04-16,广州视源电子科技股份有限公司前次募集资金使用情况报告,证券日报
858,2018-04-16,广州视源电子科技股份有限公司《公司章程》及《监事会议事规则》等制度修正案,证券日报
859,2018-04-15,晚间重要公告：重庆百货尚未与阿里系商谈混改,Wind
860,2018-04-15,视源股份：2017年净利下降6.86%，拟10转6派6元,Wind
861,2018-04-15,视源股份：2017年营收超百亿 拟10转6派6元,e公司
862,2018-04-15,教育行业跨市场周报：网龙拟收购K12教育平台EDMODO,中财网
863,2018-04-09,教育行业跨市场周报：深度报告再论视源股份会议业务 职教龙头中公教育拟借壳亚夏汽车,中财网
864,2018-04-09,视源股份：公司液晶显示主控板卡不直接出口至美国,Wind
865,2018-04-06,【光大教育】视源股份(002841.SZ)跟踪报告之二——再论会议平板业务：宏大市场空间，企业级服务入口,微信
866,2018-04-04,[强于大市评级]现代服务行业周报：新华教育成功挂牌 港股教育板块又添新军,中财网
867,2018-04-03,教育行业跨市场周报：中小学课外培训巨头精锐教育登陆美股,中财网
868,2018-04-03,CVTOUCH亮相阿里2018云栖大会：商业智能终端赋能新零售,DoNews
869,2018-04-01,3月机构密集调研293家上市公司：电子、计算机等行业关注度依旧较高,--
870,2018-03-30,视源股份（CVTE）：推动4K技术多场景应用，助力超高清产业发展,飞象网
871,2018-03-28,[强于大市评级]现代服务行业周报：尚德机构成功上市 板块或迎IPO热潮,中财网
872,2018-03-26,教育行业跨市场周报：上海中考改革 三项改革措施,中财网
873,2018-03-22,教育行业跨市场周报：培生拟3亿美元出售华尔街英语,中财网
874,2018-03-22,紧盯减持公告，基金经理防踩雷,--
875,2018-03-21,视源股份受邀参加中日企业合作知识产权研讨会,飞象网
876,2018-03-21,[谨慎推荐评级]传媒行业周报：传媒估值下调 影视内容板块迎来布局良机,中财网
877,2018-03-18,【光大新三板】每周研究回顾（20180312-20180317）,EBSCN新三板研究
878,2018-03-17,基金上半月调研106股 偏爱电子等四大行业,投资快报
879,2018-03-15,视源股份：MAXHUB会议终端主要客户为腾讯、阿里巴巴等,e公司
880,2018-03-15,【华泰证券研究所】每日晨会启明星20180315,华泰证券研究所
881,2018-03-15,"【华泰电子团队】视源股份(002841,买入): 借本土资源优势，布交互大屏蓝海",华泰证券研究所
882,2018-03-13,教育行业跨市场周报(第18期):维持视源股份A股教育首推标的,光大证券
883,2018-03-11,【光大新三板】每周研究回顾（20180305-20180310）,EBSCN新三板研究
884,2018-03-07,视源股份希沃市占率成就“六连冠”,飞象网
885,2018-03-06,教育行业跨市场周报：春来教育拟赴港IPO 精锐教育拟赴美IPO,中财网
886,2018-03-05,现代服务行业周报：调整正式生效 继续推荐“港股通三剑客”,中财网
887,2018-03-05,视源股份（CVTE）2018春季校招全面启动,飞象网
888,2018-03-05,70股获券商买入评级 金圆股份目标涨幅达78.52%,Wind
889,2018-03-04,【光大新三板】每周研究回顾（20180224-20180302）,EBSCN新三板研究
890,2018-03-02,"视源股份:源远根深,傲视天下",光大证券
891,2018-02-26,教育行业跨市场周报：聚焦龙头 兼顾成长,中财网
892,2018-02-26,[强于大市评级]现代服务行业周报：核心逻辑兑现 继续看多港股通投资机会,中财网
893,2018-02-26,[强于大市评级]家用电器行业研究周报：空调依然强势!洗碗机同比翻倍,中财网
894,2018-02-13,"教育行业跨市场周报(第15期):中教控股纳入恒生综指,新高教和睿见教育纳入港股通指数",光大证券
895,2018-02-12,视源股份成为微软亚洲研究院创新汇首家签约成员,砍柴网
896,2018-02-09,[强烈推荐评级]视源股份(002841)点评报告：收入增长超预期 研发投入+汇兑损益短期压制业绩,中财网
897,2018-02-08,[谨慎推荐评级]2017年传媒行业业绩前瞻：板块成长分化 推荐游戏、内容、营销内生稳定龙头,中财网
898,2018-02-06,控股股东被上市公司收购 欣威视通变更实际控制人,读懂财经
899,2018-02-06,视源股份获“广东省百强民营企业”称号,中国财经网
900,2018-02-05,[强于大市评级]现代服务行业周报：市场表现亮眼 继续推荐港股通投资机会,中财网
901,2018-02-05,教育行业跨市场周报(第14期):洪涛股份拟5.1亿元收购新概念公司51%股权布局职业教育,光大证券
902,2018-01-30,视源股份希沃新品亮相 持续发力未来教育领域,飞象网
903,2018-01-30,视源股份推新品 促教育信息化发展,中金在线
904,2018-01-28,【申万宏源中小盘 次新股周报 】次新股指数小幅上升，关注小批量PCB生产企业明阳电路上市,申万中小盘研究
905,2018-01-26,凯石财富2017年四季度基金重仓股抱团点评：公募投资聚焦效应凸显，中小创、细分龙头受青睐,中金在线
906,2018-01-26,"教育行业动态研究:17Q4教育板块持仓继续下调,板块性价比逐渐显现",上海证券
907,2018-01-24,视源股份MAXHUB合作伙伴大会全揭秘,砍柴网
908,2018-01-24,"教育行业跨市场周报:三四线城市空间巨大,凹凸个性教育乘风而起",光大证券
909,2018-01-24,"现代服务行业周报:港股通深度催化,港股教育机会显现",西南证券
910,2018-01-23,【光大教育】三四线城市空间巨大，凹凸个性教育乘风而起——教育行业跨市场周报（第12期）,EBSCN新三板研究
911,2018-01-22,赋能合作伙伴+MAXHUB合作伙伴大会顺利召开,东方网
912,2018-01-20,MAXHUB中国合作伙伴大会：携手共进，触动未来,飞象网
913,2018-01-08,现代服务行业周报：高教集团扎堆上市行业龙头优势显著,中财网
914,2018-01-04,教育行业跨市场周报：上海湖北两省市相继发布民办教育实施意见,中财网
915,2018-01-02,5家公司业绩大增机构本周密集调研,顶尖财经网
