,2021-12-31,民生证券：给予豫园股份买入评级,证券之星
0,2021-12-29,IPO观察|资金压力大！“卖身”不成，金徽矿业瞄准A股,金融界
1,2021-12-28,12月股东减持超650亿，45家大额解禁来袭,Wind
2,2021-12-28,豫园股份：“18豫园01”完成转售债券金额1.9亿元,Wind
3,2021-12-27,豫园股份旗下东家APP“传家节”总GMV超1.3亿元 同比增长29%,上证报
4,2021-12-27,豫园股份拟出资4.9亿元，与复星高科等联合设立私募股权投资基金,资本邦
5,2021-12-24,豫园股份拟联合复星高科等企业组建投资基金 规模为10亿元,观点地产网
6,2021-12-24,豫园股份：拟出资4.9亿元参设私募股权投资基金,e公司
7,2021-12-24,豫园股份拟与复星高科等联合设立私募股权投资基金，规模10亿元,乐居财经
8,2021-12-24,豫园股份(600655.SH)：拟注册发行不超60亿元中期票据,格隆汇
9,2021-12-24,豫园股份(600655.SH)组建复星(杭州)汉兴私募股权投资基金,智通财经
10,2021-12-23,金徽矿业资金链岌岌可危，转贷、拆借、抵押、对赌引资等融资手段花样百出,新浪
11,2021-12-22,十年成败 资本大佬的“西北酒局”,佳酿网
12,2021-12-21,上海豫园旅游商城（集团）股份有限公司 关于以集中竞价交易方式首次回购公司A股股份的公告,中证报
13,2021-12-20,豫园股份101.49万元回购10.15万股A股，占总股本0.002609%,乐居财经
14,2021-12-20,豫园股份(600655.SH)首次回购10.15万股 耗资101.49万元,智通财经
15,2021-12-17,今年年货怎么买？豫园推出百余款年货新品，外卖平台可购,东方网
16,2021-12-17,A股早报2021年12月17日星期五,Wind
17,2021-12-15,豫园股份拟回购不超过2000万股 资金总额2.9亿元,观点地产网
18,2021-12-14,豫园股份旗下东家APP启动第七届“传家节” 将推近500场线上直播拍卖,上证报
19,2021-12-14,豫园股份：目前公司经营一切正常,每日经济新闻
20,2021-12-14,复星集团持有青岛啤酒4年减持套现114亿港元，浮盈22亿港元 减持股份,中证报
21,2021-12-14,豫园股份：拟回购1000万至2000万股股份,中金在线
22,2021-12-14,上市公司正负面新闻2021年12月14日星期二,Wind
23,2021-12-13,晚间重要公告2021年12月13日星期一,Wind
24,2021-12-13,豫园股份拟不超2.9亿元回购股份,上证报
25,2021-12-13,豫园股份拟回购1000万至2000万股股份，资金总额为2.9亿元,乐居财经
26,2021-12-13,豫园股份(600655.SH)拟回购1000万至2000万股 回购价不超14.5元/股,智通财经
27,2021-12-13,豫园股份：拟回购1000万股-2000万股,e公司
28,2021-12-13,豫园股份：拟以1000万元-2000万元回购股份,财联社
29,2021-12-12,下周这只股解禁近140亿元！逾360亿市值股股东解禁浮盈超20亿元 解禁,Wind
30,2021-12-10,下周401亿市值限售股解禁，恒玄科技解禁139亿居首 解禁,Wind
31,2021-12-10,德胜门大讲堂“首届中华美食地标产品发展高峰论坛”成功举办,凤凰网
32,2021-12-07,化妆品周报：377普通用途化妆品下架 迪阿股份上市在即,国金证券股份有限公司
33,2021-12-07,“上海首富”郭广昌转身,斑马消费
34,2021-12-06,换帅拿地复地岁末剧情,国际金融报
35,2021-12-04,河南超硬材料扎堆造钻，市场已过热警惕产能过剩,Wind
36,2021-12-03,零售行业月度投资策略：消费市场加快回升 新兴电商平台带动销售增长,新浪
37,2021-12-02,豫园股份：员工持股计划413.4万股已经完成过户,观点地产网
38,2021-12-02,豫园股份(600655.SH)：回购账户的413.4076万股已过户至第二期员工持股计划,格隆汇
39,2021-12-02,豫园股份(600655.SH)第二期员工持股计划完成股票过户,智通财经
40,2021-12-01,豫园股份(600655.SH)首期合伙人期权激励计划第一个行权期行权条件成就,智通财经
41,2021-11-29,年末冲刺拿地，复地迎来“龙湖系”新总裁张智聪,搜狐
42,2021-11-29,豫园股份2021年第四期超短期融资券实际发行8亿元 利率3.4%,观点地产网
43,2021-11-29,三季度，百货行业超常发挥了吗？,联商网
44,2021-11-26,培育钻石行业专题分析报告：印度进出口高增 下游进场加速,国金证券股份有限公司
45,2021-11-25,舍得酒业申请“故逢佳酿”等酒类商标,乐居财经
46,2021-11-24,中国短期融资券及中期票据信用分析周报,新浪
47,2021-11-24,豫园股份：2021年限制性股票激励计划授予103人 募得3030万元补充流动性,中证网
48,2021-11-24,豫园股份股票激励计划筹资3030万元 用于补充流动资金,搜狐
49,2021-11-24,豫园股份：2021年限制性股票激励计划授予564万股 涉资3030万元,观点地产网
50,2021-11-24,豫园股份：授予564.27万股限制性股票 筹集资金3030.13万元,中金在线
51,2021-11-24,豫园股份(600655.SH)授予激励对象564.27万股限制性股票,智通财经
52,2021-11-24,豫园股份拟发行上限为10亿元的超短融：128亿元债券待偿还,中国网
53,2021-11-23,豫园股份拟发行不超过10亿元超短期融资券,观点地产网
54,2021-11-22,费品零售&化妆品行业行业周报：多家美股消费品零售公司发布最新一季财报 维持推荐优质零售标的,新浪
55,2021-11-19,舍得酒业申请“舍得传承”酒类商标,乐居财经
56,2021-11-17,豫园股份东家APP发布“千匠守艺计划” 助力打造东方美学产业新集群,上证报
57,2021-11-17,豫园股份11月26日对“18豫园01”付息，每手派49.7元,乐居财经
58,2021-11-17,豫园股份：2019年员工期权激励计划部分已获授股票期权注销完成,观点地产网
59,2021-11-17,豫园股份已完成67.28万份股票期权注销,乐居财经
60,2021-11-17,金徽酒申请“金徽一口双香”酒类商标,乐居财经
61,2021-11-16,豫园股份：“18豫园01”回售金额为16.65亿元，拟转售,Wind
62,2021-11-16,早读拾光（11.16）丨统计局：10月份大中城市商品住宅价格环比略降 佳兆业美好等三上市公司今日起复牌,和讯
63,2021-11-15,豫园股份：因员工离职和考核不达标 回购注销52.4万股 员工变动,观点地产网
64,2021-11-15,豫园股份：拟回购注销52.41万股限制性股票,中国网
65,2021-11-15,豫园股份地产拖累业绩第三季度净利下滑 34亿商誉高悬现金流净流出55亿 盈利能力下降,长江商报
66,2021-11-12,豫园股份东家APP：近100万件作品参展杭州文博会 平台销售额超6000万元,上证报
67,2021-11-12,承接进博会溢出效应 上海高定周今启幕,新民晚报
68,2021-11-05,豫园股份：公司于2018年收购IGI 80%的股权，总部位于比利时的IGI拥有40余年历史，是全球知名的宝石学培训及钻石鉴定组织，在家族股东的多年推动下形成了布局全球的钻石、宝石和首饰专业鉴定以及宝石学培训课程等业务，广泛服务钻石相关领域的各类合作伙伴、包括知名钻石零售商,每日经济新闻
69,2021-11-03,预见2022：《2022年中国珠宝首饰行业全景图谱》(附市场供需、竞争格局、发展前景等),前瞻研究院
70,2021-11-02,豫园股份(600655.SH)86.592万份股票期权行权条件已成就,智通财经
71,2021-11-02,【银河消费品零售&化妆品甄唯萱】行业周报丨消费品零售行业21Q3同比增长3.64%，但仍未恢复至疫情前同期水平，维持推荐优质标的,中国银河证券研究
72,2021-10-30,中国银河证券维持豫园股份推荐评级：收并购与自有产业双轮驱动多元业态发展增厚业绩，股权激励稳步推进彰显信心,每日经济新闻
73,2021-10-30,中国银河：给予豫园股份买入评级,证券之星
74,2021-10-29,豫园股份三季度营收同比增长6.77% 净利润较二季度环比下降近五成 盈利能力下降,中华网
75,2021-10-29,豫园股份：前三季度归属股东净利润18亿元,中金在线
76,2021-10-29,图解豫园股份三季报：第三季度单季净利润同比减24.45%,证券之星
77,2021-10-28,【开源零售|豫园股份：新兴消费产业布局多维发力，带动公司业绩增长】,泽鹏商业观察
78,2021-10-28,豫园股份(600655.SH)：前三季度净利增13.04%至18亿元,格隆汇
79,2021-10-28,豫园股份公布三季报 前三季净利增加13.04%,新浪
80,2021-10-28,豫园股份前三季度净利18亿元 向107名激励对象授予585万股限制性股票,e公司
81,2021-10-28,豫园股份前三季度实现营收322.31亿元 归属股东净利逾18亿元,和讯
82,2021-10-28,豫园股份前三季度净利润同比增长13.04％,观点地产网
83,2021-10-28,豫园股份三季度业绩持续上扬 归母净利润同比增长13.04%,上证报
84,2021-10-28,豫园股份前三季度营收322.31亿元 同比增10.87%,金融界
85,2021-10-28,豫园股份36.87亿元收购山东复地、眉山铂琅100%股权,观点地产网
86,2021-10-28,豫园股份三季度营收95亿元 前9月归母净利同比增13.04%,观点地产网
87,2021-10-28,豫园股份向107名激励对象授予585万股限制性股票,观点地产网
88,2021-10-28,豫园股份：前三季度净利润18亿元 同比增长13.04%,财联社
89,2021-10-28,豫园股份：前三季度净利润同比增长13.04%,Wind
90,2021-10-22,豫园股份杭州新设汉茶科技，持股比例100%,乐居财经
91,2021-10-21,9倍大牛股被质疑老酒造假，公司正面刚！今晚将披露三季报,Wind
92,2021-10-20,豫园股份：目前，公司经营一切正常,每日经济新闻
93,2021-10-19,豫园股份：旗下豫园珠宝时尚自主孵化了名为“LUSANT露璨”的培育钻石品牌,每日经济新闻
94,2021-10-19,豫园股份：完成发行5亿元中期票据 票面利率4.7%,中金在线
95,2021-10-19,【银河消费品零售李昂/甄唯萱】行业周报丨多家公司本周发布三季报预告，双十一大促下周开售，维持推荐优质零售标的,中国银河证券研究
96,2021-10-16,豫园股份：公司持有IGI的80%股权,每日经济新闻
97,2021-10-15,上海豫园旅游商城集团：下调“18豫园01”后2年票面利率至4.65%,Wind
98,2021-10-15,上海豫园旅游商城：延长“21豫园商城MTN004”簿记建档时间,Wind
99,2021-10-13,舍得酒业回购注销部分股票，沱牌舍得集团持股比例被动增至30.32%,新京报
100,2021-10-12,豫园股份短期闲置资金已实现收益1392.36 万元,乐居财经
101,2021-10-12,豫园股份(600655.SH)子公司以25.7亿元取得上海金山一地块使用权,智通财经
102,2021-10-12,豫园股份25.7亿元竞得上海金山107749.3㎡地块,乐居财经
103,2021-10-12,豫园股份(600655.SH)：子公司以25.7亿元竞得上海金山区一地块使用权,格隆汇
104,2021-10-11,豫园股份拟发行10亿元中期票据 期限2+1年,观点地产网
105,2021-10-09,疫情初期与后疫情时代下的要约收购公司盘点,红周刊
106,2021-10-09,南京复地御钟山项目施工单位遭罚 夜间违法施工扰民 其他违规处罚,中国经济网
107,2021-09-26,豫园股份东家APP秋拍销售额破亿元 同比增长86%,上证报
108,2021-09-23,豫园股份旗下汉辰表业启动海鸥表品牌振兴计划,上证报
109,2021-09-22,主承销商：10月11日召开“19豫园商城MTN001”2021年度第一次持有人会议,Wind
110,2021-09-19,海航投资人：辽宁方大集团探秘,Wind
111,2021-09-18,债券重大事件2021年9月18日星期六,Wind
112,2021-09-18,大力发展免退税经济，重振老字号……上海建设国际消费中心城市实施方案看点多,Wind
113,2021-09-18,上海豫园旅游商城：回购注销部分限制性股票减资 减资破产,Wind
114,2021-09-17,豫园股份：回购注销52.41万股限制性股票,中国网
115,2021-09-16,豫园股份(600655.SH)：子公司以19.28亿元竞得成都武侯区一地块使用权,格隆汇
116,2021-09-16,豫园股份：以19.28亿元竞得成都1宗商住用地,中国网
117,2021-09-16,豫园股份：子公司以19.28亿元竞得一组地块,e公司
118,2021-09-16,干货！发改委发布会：保供稳价、粮食安全、猪肉收储,Wind
119,2021-09-15,商业贸易行业：8月社零同比增长2.5% 疫情反复导致消费承压,广发证券
120,2021-09-15,豫园股份申请“图形”等商标，分类涉及日化用品等,乐居财经
121,2021-09-13,海航重整方案出炉，航空、机场板块敲定接盘方,Wind
122,2021-09-10,豫园股份：完成发行7亿元中期票据 票面利率4.2%,中金在线
123,2021-09-08,中国短期融资券及中期票据信用分析周报,新浪
124,2021-09-07,48家百货公司中报解读：7成业绩双增，开关店持平,联商网
125,2021-09-04,上海豫园旅游商城（集团）股份有限公司 2021年限制性股票激励计划内幕信息 知情人及激励对象买卖公司 股票情况的自查报告,证券日报
126,2021-09-03,零售行业月度投资策略：线上实物零售稳中向好 政策扶持实体业态优化发展,新浪
127,2021-09-03,豫园股份拟发行至多7亿元中期票据 期限2年,观点地产网
128,2021-09-03,豫园股份：拟发行不超过7亿元中期票据,中国网
129,2021-08-30,一周策略回顾与展望,新浪
130,2021-08-28,天风证券维持豫园股份买入评级：21H1归母净利润同增31.1%，内生外延推动大消费各板块不断前行，发布新一期股权激励计划稳健增长,每日经济新闻
131,2021-08-27,【山证零售】豫园股份（600655.SH）中报点评：珠宝业务带动业绩增长，产业融通协同发展,山西证券研究所
132,2021-08-26,研发、供应链、数字化，解读豫园股份业绩增长背后“看不见的秘密”,陆家嘴金融网
133,2021-08-25,豫园股份(600655)：珠宝禀赋优势逐步显现 产业运营或将成主旋律,新浪
134,2021-08-25,坐拥2家酒企、18家老字号！郭广昌借豫园股份“买买买”，34亿商誉招雷？,时代财经
135,2021-08-25,豫园股份中期业绩发布，饮食版块表现亮眼——老字号“出圈”守得住经典、当得了网红,陆家嘴金融网
136,2021-08-25,豫园股份2021年中报亮点之——珠宝时尚内生增长外延扩张，加速全生态产业链布局,陆家嘴金融网
137,2021-08-25,东兴证券维持豫园股份推荐评级：多产业齐头并进，优质赛道潜力十足,每日经济新闻
138,2021-08-25,"豫园股份投资""两瓶酒""浮盈200亿 珠宝业务收入回升47%",长江商报
139,2021-08-25,观点直击 | 地产业务占比减少 豫园股份的疫后复苏之路（实录）,观点地产网
140,2021-08-24,【东兴商社|珠宝】豫园股份：多产业齐头并进，优质赛道潜力十足,微信
141,2021-08-24,复星国际：上半年净利润逾40亿元，快乐板块业务仍然亏损 亏损,澎湃新闻
142,2021-08-24,复星国际：上半年产业运营利润达56.9亿元 同比上升40%,中证网
143,2021-08-24,山西证券维持豫园股份买入评级：珠宝业务带动业绩增长，产业融通协同发展,每日经济新闻
144,2021-08-24,郭广昌旗下豫园股份白酒生意：酒业收入占比4%，入股舍得浮盈90亿元,搜狐
145,2021-08-24,豫园股份(600655)：总体业绩增长显着 股权激励方案彰显发展信心,广发证券
146,2021-08-24,豫园股份(600655)：珠宝引领 产业运营多点发力,新浪
147,2021-08-24,【开源零售|豫园股份：上半年业绩实现高增长，打造家庭快乐消费产业集团】,泽鹏商业观察
148,2021-08-24,郭广昌投资白酒浮盈超130亿，复星效应如何延续？,时代周报
149,2021-08-24,郭广昌“饮酒”中场战事：投资白酒浮盈超130亿,时代周报
150,2021-08-23,豫园股份上半年实现营收227.24 亿元 同比增长 12.68%,中国财富网
151,2021-08-23,豫园股份上半年净利14亿，珠宝时尚营收约153亿,贝壳财经
152,2021-08-23,豫园股份上半年净利同比增长31.1% 推员工持股激励计划,e公司
153,2021-08-23,一图读财报：豫园股份上半年净利增长31.10% 各板块业务亮点频现,发布易
154,2021-08-23,豫园股份上半年归母净利润同比增三成，推员工持股激励计划,澎湃新闻
155,2021-08-23,豫园股份上半年净利14.09亿 白酒成产业运营中第二大营收来源,中华网
156,2021-08-23,复星国际(00656)：豫园股份上半年股东应占利润14.09亿元，同比增长31.1%,智通财经
157,2021-08-23,复星国际：豫园股份上半年归属上市公司股东净利润为14.09亿元，同比增31.1%,Wind
158,2021-08-23,豫园股份拟向107人授予不超过585万股限制性股票,搜狐
159,2021-08-23,豫园股份上半年销售签约面积约25.13万平,金融界
160,2021-08-23,豫园股份拟授予107位激励对象不超585万股限制股,乐居财经
161,2021-08-23,豫园股份：上半年营收增12.68%至227.24亿元丨中报快讯,乐居财经
162,2021-08-23,豫园股份(600655.SH)拟推第二期员工持股计划 筹集资金不超1529.61万元,智通财经
163,2021-08-23,豫园股份(600655.SH)拟推2021年限制性股票激励计划 授予价为5.37元/股,智通财经
164,2021-08-23,豫园股份：上半年净利14.09亿元 同比增31%,金融界
165,2021-08-23,豫园股份：拟向激励对象107人授予限制性股票585万股,每日经济新闻
166,2021-08-23,豫园股份(600655.SH)：上半年净利增31.10%至14.09亿元,格隆汇
167,2021-08-23,豫园股份：上半年净利润同比增长31.1%,Wind
168,2021-08-23,商业贸易行业周报：锦波生物新品申报获进展 胶原蛋白市场未来可期,新浪
169,2021-08-23,郭广昌“饮酒”中场战事：投资白酒浮盈约120亿 复星效应如何延续？,时代周报
170,2021-08-23,商贸零售行业周报：消费整体增速趋缓 关注珠宝及低估值改善龙头,新浪
171,2021-08-21,今天，郭广昌挨了一棒,凤凰网
172,2021-08-21,郭广昌酒局或遇监管风波，曾70亿入股白酒，投资还是投机？,钛媒体
173,2021-08-18,豫园股份(600655)：培育钻石行业冉冉升起 率先布局丰富品牌矩阵,新浪
174,2021-08-18,舍得酒业(600702)：“舍得+沱牌”双轮驱动 业绩高速增长,新浪
175,2021-08-18,半年报解读|金徽酒大客户运营战略成效渐显 新设沪苏子公司发力华东市场,财联社
176,2021-08-17,金徽酒上半年净赚1.87亿，复星入主一年浮盈超40亿,中华网
177,2021-08-17,中报︱净利3倍！舍得酒业绩背后的复兴大梦,星空财富
178,2021-08-16,豫园股份首板,Wind
179,2021-08-13,培育钻石行业里程碑：豫园珠宝推出国内首个培育钻石品牌【国信机械】,机械老司机
180,2021-08-11,中国短期融资券及中期票据信用分析周报,新浪
181,2021-07-27,豫园股份捐赠900万元驰援河南防汛救灾,鲸平台
182,2021-07-27,商贸零售周报2021年第25期：深圳将建大湾区国际免税城 推动免税消费扩围提速,新浪
183,2021-07-27,豫园股份：向河南省灾情严重地区捐赠900万元,中国网
184,2021-07-27,豫园股份(600655.SH)捐款900万元支持河南省抗击暴雨灾情,智通财经
185,2021-07-27,豫园股份：捐款900万元支持河南省防汛救灾,e公司
186,2021-07-27,同质化成传统商旅文模式最大痛点 新国潮要适应年轻人消费需求,每日经济新闻
187,2021-07-27,去年净利下滑45%，投资海航会否让复星国际背上过重包袱？ 盈利能力下降,中访网
188,2021-07-23,豫园股份：成功发行5亿元公司债券 票面利率4.10%,中国网
189,2021-07-20,豫园股份拟发行不超过20亿元公司债 最终票面利率待定,观点地产网
190,2021-07-20,豫园股份：拟发行20亿元公司债券,中国网
191,2021-07-19,郭广昌继续重仓海南，400亿欲将海航收入囊中？,观察者网
192,2021-07-12,多家企业跨界白酒业击寻新出路，酒企尝试”曲线“上市,新京报
193,2021-07-11,【信用债待发及储备项目0711】中山证券承销信用债,中山证券债券发行
194,2021-07-09,豫园股份：2021年上半年公司短期闲置资金综合管理余额9800万元,乐居财经
195,2021-07-09,豫园股份上半年短期闲置资金投资收益1232.24万元,观点地产网
196,2021-07-02,郭广昌“扶植”商旅文，调了一个股权层级,乐居财经
197,2021-06-25,豫园股份选举郝毓鸣为董事会薪酬与考核委员会委员,观点地产网
198,2021-06-24,上海土拍：没有大赢家,Wind
199,2021-06-23,房地产行业周报2021第24周：重点城市新房成交转弱,新浪
200,2021-06-22,商贸零售周报2021年第20期：5月社费零售总额达3.6万亿元同比增长12.4% 京东全资控股北京华冠,新浪
201,2021-06-22,纺织服装行业6月第三周周报：5月服装及化妆品社零增速保持双位数增长,新浪
202,2021-06-22,方大集团300亿成立航空发展公司，与复星均瑶竞购海航航空资产,第一财经
203,2021-06-22,豫园股份：公司采用黄金租赁及黄金T+D延期交易业务等金融工具对黄金存货进行套期保值,Wind
204,2021-06-21,园城黄金“买醉”未遂，众兴菌业欣然接盘,环球老虎财经
205,2021-06-21,复星系“饮酒”成瘾 旗下投资机构注资走岂清酿,中华网
206,2021-06-21,豫园股份：公司持有金徽酒38%股权；持有沱牌舍得70%股权,Wind
207,2021-06-21,商贸零售行业周报：商贸板块持续承压 电商618完美收官,新浪
208,2021-06-21,白酒太香了？卖金针菇的也想拿下酒厂，园城黄金刚刚放弃收购 并购重组异常,证券时报
209,2021-06-19,零售行业周报第389期：618数据不愠不火 国货潮牌崛起,光大证券
210,2021-06-18,豫园股份51.71亿元摘得上海徐汇区黄浦江一宗地块,新京报
211,2021-06-18,豫园股份51.7亿元竞得上海市徐汇区一宗商住用地 溢价率0.21%,中国网
212,2021-06-18,豫园股份：51.705亿元竞得上海徐汇区黄浦江南地块使用权,乐居财经
213,2021-06-18,上海集中供地：豫园股份51.7亿元竞得徐汇黄浦江南延伸段1宗地块,观点地产网
214,2021-06-18,豫园股份：51.71亿元成功摘得上海徐汇一宗地块,财联社
215,2021-06-18,豫园股份(600655.SH)子公司以51.705亿元竞得徐汇区一地块,智通财经
216,2021-06-16,杭州城建收购豫园股份旗下复地苏豫75%股权 联合开发苏州吴中地块,乐居财经
217,2021-06-11,私募大V质疑股价操纵 舍得酒业跌停事件存争议,21世纪经济报道
218,2021-06-10,3天市值蒸发200亿！这只白酒股遭私募大V实名举报，怎么回事？刚刚，公司回应了 诉讼纠纷,21世纪经济报道
219,2021-06-10,私募经理举报舍得酒业股价被操纵，舍得内部人士称无实质证据 诉讼纠纷,Wind
220,2021-06-09,豫园股份(600655.SH)于6月18日每10股派发现金红利3.3元,智通财经
221,2021-06-08,豫园股份股价跌5.3% 现报13.46元,乐居财经
222,2021-06-08,豫园股份大跌 连续下跌,新浪
223,2021-06-08,上市公司正负面新闻2021年6月8日星期二,Wind
224,2021-06-07,晚间重要公告2021年6月7日星期一,Wind
225,2021-06-07,茅台迎来2大利好，全球最大中国股票基金再出手,Wind
226,2021-06-06,【近两周待发项目0606】中山证券承销信用债及ABS,中山证券债券发行
227,2021-06-06,舍得酒业涨出茅台的感觉，牛散9个月赚16亿元,Wind
228,2021-06-05,海航重整进入冲刺阶段 减资破产,经济观察报
229,2021-06-03,豫园股份(600655.SH)：37.29亿元竞得苏州吴中区地块,格隆汇
230,2021-06-03,白酒里的战斗机又飙了！3个月涨3倍，有股民称“第二个茅台”,Wind
231,2021-06-03,【行情】冰雪产业持续拉升，河钢资源涨超5%，豫园股份、雪人股份、三夫户外跟涨,金十数据
232,2021-06-03,舍得酒业(600702)：易主前行 焕颜新生 控制人变化,新浪
233,2021-06-01,海航资产重组进行时：专家表示可能还有更多“上海系”资本参与,IT时报
234,2021-06-01,商贸零售周报2021年第17期：7-11以210亿美元完成收购SPEEDWAY 瑞士钟表出口额已恢复至疫情前水平,新浪
235,2021-06-01,八连阳！定增、回购、重整齐上阵，花样保壳迎转机,Wind
236,2021-06-01,交通运输交运＆中小盘行业周报：疫苗加速接种 京东物流上市,新浪
237,2021-05-31,复星医药(600196.SH)不再持有佛山禅曦股权,格隆汇
238,2021-05-31,苏州土拍首日：豫园股份、绿城、华侨城分别37.29亿、20亿 27.3亿落子,中华网
239,2021-05-31,苏州集中供地：豫园股份底价37.29亿获吴中区商住地块,观点地产网
240,2021-05-31,苏州土拍快报|豫园股份底价拿下吴中区1宗商住用地,金融界
241,2021-05-31,豫园股份37.29亿元摘得苏州市吴中区一宗商住用地,中国网
242,2021-05-29,9交易日7涨停！几大巨头竞购，海航资产火了,Wind
243,2021-05-28,舍得酒业高管再次“集体团灭”，复星系腾位子的手笔？,搜狐
244,2021-05-28,郭广昌“改组”舍得酒业，多名董事监事突然辞职，股价刚创新高 董监高成员变化,时代周报
245,2021-05-28,舍得酒业人事巨震？51个交易日股价暴涨250% 复星时代如何复星？,新浪
246,2021-05-28,舍得酒业多名高管集体辞职，谁在导演这场“人事地震”？ 董监高成员变化,财经网
247,2021-05-27,复星赴云南寻酒 白酒版图欲再扩张,北京商报
248,2021-05-27,甘肃富豪资本局：18亿卖掉金徽酒 又推金徽矿业上市,新浪
249,2021-05-27,商业贸易行业周报(第十五周),新浪
250,2021-05-27,海航重组进程加快！复星、京东、平安等有关公司有意投资,物流指闻
251,2021-05-26,复星携手海航背后：或产生产业生态“乘数效应”,证券日报网
252,2021-05-26,豫园股份大涨,新浪
253,2021-05-25,豫园股份监事黄杰辞职，去年薪酬70万元 董监高成员变化,贝壳财经
254,2021-05-25,豫园股份：上海豫园旅游商城（集团）股份有限公司关于公司监事辞职的公告 董监高成员变化,新浪
255,2021-05-25,豫园股份(600655.SH)监事黄杰辞职 董监高成员变化,智通财经
256,2021-05-25,豫园股份：黄杰辞任监事会监事职务 董监高成员变化,中国网
257,2021-05-25,豫园股份：公司监事黄杰辞职 董监高成员变化,Wind
258,2021-05-25,渤海信托2020年资产不良率激增超16个百分点 净利暴跌98% 盈利能力下降,中国网
259,2021-05-25,【异动股】珠宝首饰板块下挫，莱绅通灵(603900.CN)跌3.6%,财华社
260,2021-05-25,还能涨吗？舍得酒业提示交易风险，称未提供业绩预测信息,Wind
261,2021-05-24,年报观察｜百货上市企业11家去年亏损，全渠道进程加速,新京报
262,2021-05-24,豫园股份盘中快速上涨,新浪
263,2021-05-23,搜狐快消周报丨国际奶粉巨头雅培收909万元罚单；呷哺呷哺解聘行政总裁,搜狐
264,2021-05-23,【开源零售|周视角】爱美客冭活泡泡针发布，卡位医美抗衰优质赛道,泽鹏商业观察
265,2021-05-22,400亿切入航空产业，郭广昌在下一盘大棋？,钛媒体
266,2021-05-22,复星旗下的“豫园股份”组400亿财团，参与海航重组,腾讯网
267,2021-05-22,零售行业周报：高端可选品仍然可期 大众消费品需要观望,光大证券
268,2021-05-21,海航争夺战打响 郭广昌和王均金入局竞购,新浪
269,2021-05-21,组团“拯救海航”再迎同盟军？爱建集团拟40亿入股上海吉道航,21世纪经济报道
270,2021-05-21,两大航空并购产业基金横空出世，未来或现更多上市公司身影,华夏时报
271,2021-05-21,解局 | 商业版图再扩 郭广昌400亿元谋航空产业,观点地产网
272,2021-05-21,参与设立400亿元豫航产业？豫园股份：目前正处接触阶段 仍有很多不确定性|公司问答,第一财经
273,2021-05-21,爱建集团、豫园股份纷纷投资航空资产 张心朔：产业投资是双赢,第一财经
274,2021-05-21,新生的复豫酒业背后，是复星的资本游戏？还是郭广昌的白酒梦想？,新京报
275,2021-05-21,3000亿疫苗巨头大挫！板块快速轮动，机构怎么看,Wind
276,2021-05-21,郭广昌抄底海航？复星系鏖战航空争夺战,凤凰网
277,2021-05-21,拟与吉祥航空联手“竞购”海航航空资产，爱建集团涨近7%,第一财经
278,2021-05-21,【食品饮料α掘金】白酒板块走势坚挺，行业仍处于良性发展状态，紧握高成长型标的，赚取成长的钱,新浪
279,2021-05-21,郭广昌又出手：豫园股份拟投资航空企业，打造航空梦，复星系首单或为*ST海航,金融投资报
280,2021-05-21,豫园股份版图扩容拟百亿参投航企 投资“两瓶酒”已赚134亿增值1.89倍,新浪
281,2021-05-21,爱建集团与关联方拟斥资300亿投资航企,全景网
282,2021-05-20,海南航空成香饽饽 上海滩“大佬”郭广昌、王均金入局竞购？,每日经济新闻
283,2021-05-20,“复星系”400亿大手笔布局航空 谁是神秘标的？,国际金融报
284,2021-05-20,吉祥航空联手爱建集团“竞购”海航航空资产,第一财经
285,2021-05-20,豫园延伸产业链，郭广昌踏进了机舱,乐居财经
286,2021-05-20,爱建集团参与吉祥航空等共同投资吉道航，出资额不超40亿元,澎湃新闻
287,2021-05-20,多家公司有意投资海航,民航资源网
288,2021-05-20,股市动态 | 沪指坚守3500点，白酒、券商火热上涨，黑色系遭重挫,财经网
289,2021-05-20,A股异动 | ST海航A、B股均涨停 复星旗下豫园股份拟参与海航航空资产重组,格隆汇
290,2021-05-20,豫园股份：成功发行10亿元超短期融资券 票面利率2.99%,中国网
291,2021-05-20,豫园股份涨停，回应投资海航：以公告为准,贝壳财经
292,2021-05-20,千亿龙头大跌15%！白酒股大涨，A股风格又变了？,Wind
293,2021-05-20,解盘：资金小幅流入，白酒、家电、高送转、次新略涨,Wind
294,2021-05-20,A股午盘综述：股指维持窄震，周期股连续回调,Wind
295,2021-05-20,白酒概念股集体走强 水井坊、豫园股份涨停,中国经济网
296,2021-05-20,豫园股份参投航空企业“剑指”海航重组 总投资不超过400亿元,证券日报网
297,2021-05-20,郭广昌又出手！“复星系”豫园股份拟参与投资航空企业,资本邦
298,2021-05-20,白酒板块强势 豫园股份涨停,新浪
299,2021-05-20,拟出资不超100亿元参投航空企业，复星旗下豫园股份涨停,第一财经
300,2021-05-20,参与海航航空资产重组？豫园股份触及涨停，此前公告称将投资航空实体,金融界
301,2021-05-20,今天股票涨停预测 A股今日涨停股票(5月20日),至诚财经
302,2021-05-20,豫园股份大涨,新浪
303,2021-05-20,豫园股份(600655.SH)触及涨停 参与设立400亿元豫航产业,格隆汇
304,2021-05-20,豫园股份（600655.SH）首板,Wind
305,2021-05-20,参与设立400亿元豫航产业 豫园股份高开近6%,新浪
306,2021-05-20,豫园股份高开近6%，拟不超100亿元参与设立合伙企业投资航空实体企业,Wind
307,2021-05-20,5月20日 8股盘前利好公告速递,中财网
308,2021-05-20,股海导航 5月20日沪深股市公告提示,新浪
309,2021-05-20,豫园股份拟100亿参投航企 引发海航重组猜想,证券时报
310,2021-05-20,400亿大动作！郭广昌又出手,中国基金报
311,2021-05-19,晚间要闻2021年5月19日星期三,Wind
312,2021-05-19,"晚间公告热点追踪：""扫地茅""股东拟套现11亿离场",新浪
313,2021-05-19,均瑶之后复星组团入局？海航主业引资不冷场,华夏时报
314,2021-05-19,豫园股份参与设立400亿元豫航产业，复星系 “航空梦”首单或锁定*ST海航,中国证券网
315,2021-05-19,上海首富400亿竞购海航？,腾讯网
316,2021-05-19,5月19日晚间沪深上市公司重大事项公告最新快递,中金在线
317,2021-05-19,海航又一战投浮出水面？豫园股份公告称将投资航空实体,澎湃新闻
318,2021-05-19,400亿！复星旗下豫园股份拟参与海航航空资产重组,Wind
319,2021-05-19,复星旗下豫园股份拟出资不超100亿元参与投资航空企业,北京商报
320,2021-05-19,晚间重要公告2021年5月19日星期三,Wind
321,2021-05-19,豫园股份专设酒业发展公司：酱酒成下一目标,搜狐
322,2021-05-19,豫园股份拟联合战略投资人出资400亿投资航空实体企业,观点地产网
323,2021-05-19,晚间公告丨5月19日这些公告有看头,第一财经
324,2021-05-19,“复星系”豫园股份拟参与投资航空企业，神秘标的是否涉及海航？,贝壳财经
325,2021-05-19,重磅| 400亿！复星旗下豫园股份拟参与海航航空资产重组,第一财经
326,2021-05-19,豫园股份：拟不超100亿元参与设立合伙企业投资航空实体企业,Wind
327,2021-05-19,豫园股份：拟不超100亿元参与设立合伙企业投资航空实体企业,e公司
328,2021-05-19,中国短期融资券及中期票据信用分析周报,新浪
329,2021-05-19,豫园股份(600655.SH)拟参设总额不超400亿元合伙企业以投资航空实体企业,智通财经
330,2021-05-19,豫园股份(600655.SH)拟斥不超100亿元参设合伙企业 投资航空实体,格隆汇
331,2021-05-19,豫园股份拟联合相关方投资航空实体企业 出资总额不超过400亿元,民航资源网
332,2021-05-18,舍得酒业成功“摘帽” 郭广昌4个月豪赚近60亿,新浪
333,2021-05-14,豫园股份拟发行10亿超短期融资券 用于偿还借款以及补充营运资金,观点地产网
334,2021-05-14,豫园股份：拟发行10亿元超短期融资券,中金在线
335,2021-05-13,复星“席中”换酒抛青啤，本金收回+浮盈百亿,财经网
336,2021-05-12,上海豫园数字化转型：数据大屏实时掌握客流、销售等动态,澎湃新闻
337,2021-05-11,马荣波波阿里腾讯们23亿的“救命药”，救得了巨亏40亿的华谊兄弟吗？,钛媒体
338,2021-05-11,一般零售行业专题研究：21Q1双节引领行业疫后复苏 头部品牌营收高速增长,新浪
339,2021-05-11,天风研究 | 2020年报·2021一季报总结,天风研究
340,2021-05-10,黄金珠宝行业2020年报及2021年一季报综述：行业快速复苏 企业显着分化,新浪
341,2021-05-09,多款老字号红色文创、数字化项目将亮相“中国品牌日”,澎湃新闻
342,2021-05-08,郭广昌新酒局：又减持青岛啤酒，已连饮金徽、舍得，还是白酒香？ 减持股份,新京报
343,2021-05-07,不爱啤酒爱白酒？郭广昌的白酒野心,新京报
344,2021-05-07,今天股市行情最新消息 今日股市新闻（5月7日）,至诚财经
345,2021-05-07,豫园股份(600655)：1Q21净利润同比增77.6% 大消费产业快速成长,新浪
346,2021-05-07,郭广昌突然出手！又套现20亿,中国基金报
347,2021-05-06,ST舍得：连续涨停，股价异动,Wind
348,2021-05-06,东北证券维持豫园股份买入评级：线下消费恢复营收高增长，舍得并表增厚业绩,每日经济新闻
349,2021-04-30,一举变现14亿元！郭广昌再度减持青岛啤酒，不爱啤酒爱白酒？ 减持股份,中证报
350,2021-04-30,白酒股真正的王炸来了！净利暴增1000%，半年多股价暴涨300%,Wind
351,2021-04-29,复星国际(00656)：豫园股份首季归母净利同比增长77.88%至5.78亿元,智通财经
352,2021-04-29,豫园股份一季度营收108.58亿 归母净利润5.78亿,观点地产网
353,2021-04-29,豫园股份首季营收108.58亿 地产开发签约销售15.36亿,观点地产网
354,2021-04-29,豫园股份：一季度房地产物业开发实现销售签约额约15.36亿元,中国网
355,2021-04-29,豫园股份：一季度净利润同比增长77.88%,Wind
356,2021-04-29,【异动股】珠宝首饰板块拉升，莱绅通灵(603900-CN)涨3.63%,财华社
357,2021-04-28,商贸零售行业周报2021年第13期：孩子王IPO过会 建议关注绩优标的,新浪
358,2021-04-27,豫园股份“上瘾”关联交易，郭广昌画了一个闭环,乐居财经
359,2021-04-27,复星将携全球“尖货”参展首届消博会,经济日报
360,2021-04-27,复星医药(600196)：创新药驱动成长 创新疫苗带来高弹性空间,国金证券股份有限公司
361,2021-04-27,港股公告精选：美团收到国家市场监督管理总局调查通知书，公司称将积极配合调查,Wind
362,2021-04-27,复星医药(02196.HK)与豫园股份订立股权和债权转让合同 资产异常,格隆汇
363,2021-04-26,复星医药(02196)子公司拟5.5亿元向豫园股份转让佛山禅曦房地产100%股权及债权 资产异常,智通财经
364,2021-04-26,复星医药：拟向豫园股份转让佛山禅曦100%股权,Wind
365,2021-04-26,豫园股份(600655.SH)拟以“股+债”方式收购佛山禅曦房地产开发100%股权,智通财经
366,2021-04-25,豫园股份旗下东家春茶季总销售额同比增长200%,证券时报网
367,2021-04-25,金徽酒2020年未完成营收目标 郭广昌仍豪赚57亿元,电鳗快报
368,2021-04-22,【异动股】退税商店板块下挫，豫园股份(600655-CN)跌2.65%,财华社
369,2021-04-20,【行情】白酒概念异动拉升，金徽酒涨超8%，迎驾贡酒、豫园股份、青海春天跟涨,金十数据
370,2021-04-17,知名白酒股火了！股价创ST股新高，此前因“吸血前任”被戴帽,中国财富网
371,2021-04-16,4天翻倍，15股创历史新高——大数据探究牛股基因,Wind
372,2021-04-16,解盘：百亿资金流入，白酒、二胎、数字货币、医美领涨,Wind
373,2021-04-16,【行情】白酒概念持续拉升，大湖股份此前涨停，伊力特、豫园股份、老白干酒、青青稞酒跟涨,金十数据
374,2021-04-16,A股首只百元ST股诞生，ST舍得给郭广昌再添多少收益？,资本邦
375,2021-04-16,复地集团有息负债增长近两成，净负债率已连续三年上升 偿债能力下降,中金在线
376,2021-04-15,上海首富郭广昌地产版图有息负债持续增长，净负债率连续三年上升 偿债能力下降,云掌财经
377,2021-04-15,4月15日，ST舍得股价突破100元，成为A股史上首支突破百元的ST股。,证券时报
378,2021-04-15,A股首只！“ST”百元股来了，ST舍得拔得头筹，行业普遍回调，为何它一枝独秀？,证券时报
379,2021-04-15,东北证券--豫园股份：珠宝品类升级&渠道扩张，Q1业绩超预期【公司研究】,金融界股吧
380,2021-04-15,【东北轻工唐凯】豫园股份(600655)：珠宝品类升级&渠道扩张，Q1业绩超预期,东北证券研究所
381,2021-04-14,4月14日晚间重要行业研究汇总(附股),中金在线
382,2021-04-14,豫园股份：成功发行13亿元中期票据 票面利率4.12%,中金在线
383,2021-04-14,东北证券：豫园股份（600655.SH）珠宝时尚业务将迎来高速发展，建议“买入”,智通财经
384,2021-04-14,【行情】白酒概念拉升回暖，大湖股份涨停，今世缘、水井坊、豫园股份跟涨,金十数据
385,2021-04-13,业绩快报 | 新力一季度合同销售273.2亿 世茂股份签约额55.6亿,观点地产网
386,2021-04-13,产业运营与投资双轮驱动成效显着 豫园股份一季度净利预增69%-78%,证券日报网
387,2021-04-13,复星全球合伙人谈投资白酒逻辑：一方面运营 一方面对酒投入,21世纪经济报道
388,2021-04-13,豫园股份：一季度净利同比预增69%-78%,东方网
389,2021-04-13,豫园股份：预计一季度归母净利润5.5亿元至5.8亿元,乐居财经
390,2021-04-13,豫园股份：一季度预计净利润同比增长69.0%~78.0%,Wind
391,2021-04-13,豫园股份：预计2021年一季度归属股东净利润5.5-5.8亿元 同比增69%-78%,金融界
392,2021-04-13,豫园股份：预计第一季度净利润同比增长69%-78%,格隆汇
393,2021-04-12,金徽酒午后异动拉升冲击涨停,金融界
394,2021-04-12,午后酿酒行业异动，金徽酒、ST舍得双双涨停,金融界
395,2021-04-08,修炼内功，组织机制全面进化,财华社
396,2021-04-07,豫园股份：拟发行20亿元中期票据,中金在线
397,2021-04-06,张亚东话音刚落，绿城闪电“牵手”豫园股份,乐居财经
398,2021-04-06,餐饮旅游行业周报：清明酒店&景区订单量高增 锦江酒店持续降本提效,新浪
399,2021-04-05,奢侈品消费意外增长 这些上市公司业绩火爆,上证报
400,2021-04-04,郭广昌首谈收购舍得：看好未来发展，将继续布局酒产业,澎湃新闻
401,2021-04-02,【行情】黄金概念股午后异动，中国黄金、园城黄金涨停，曼卡龙涨近8%，赤峰黄金、明牌珠宝、紫金矿业、豫园股份等跟涨,金十数据
402,2021-03-31,原则上不拓展新赛道、仍将布局白酒复星业绩发布会还有哪些看点,新京报
403,2021-03-31,观点直击 | 净利跌超4成 郭广昌说这是复星成立以来最好的一年 盈利能力下降,观点地产网
404,2021-03-31,万联证券--商业贸易行业周观点：贝泰妮登陆创业板，华熙生物推玻尿酸饮用水【行业研究】,金融界股吧
405,2021-03-31,复星国际：去年净利润80.2亿元，豫园股份贡献超三成收入,澎湃新闻
406,2021-03-30,东兴证券给予豫园股份推荐评级，黄金主业逆势扩张，进军优质赛道潜力十足,每日经济新闻
407,2021-03-30,复星国际(00656)公布2020年业绩：总收入1366亿元，收购DJULA、舍得酒、金徽酒等领先品牌,智通财经
408,2021-03-30,商贸零售周报2021年第9期：深国际入股苏宁落地与否看尽调 关注年报一季报绩优标的,新浪
409,2021-03-30,【社服-刘文正】豫园股份：业绩稳健增长，珠宝展店+外延布局助力长期发展,安信证券研究
410,2021-03-29,零售行业周报：《加快培育新型消费实施方案》发布 维持推荐创新变革的零售行业优质标的,新浪
411,2021-03-29,安信证券给予豫园股份买入评级，业绩稳健增长，珠宝展店+外延布局助力长期发展，目标价格为13.15元,每日经济新闻
412,2021-03-29,豫园股份(600655)2020年报点评：重压之下逆势增长 静待业务多点开花,新浪
413,2021-03-29,豫园股份(600655)：加大白酒行业布局 珠宝餐饮继续拓店,新浪
414,2021-03-29,背靠复星系的豫园股份：营收止步不前利润双位数增长,中华网
415,2021-03-29,东北证券--豫园股份：加大白酒行业布局，珠宝餐饮继续拓店【公司研究】,金融界股吧
416,2021-03-29,金徽酒高端产品占比过半 连续五年营收净利双增,新浪
417,2021-03-28,豫园股份业绩说明会：人才升级推动业务多元化布局,全景网
418,2021-03-28,豫园股份业绩说明会：疫情之下业绩逆势增长 珠宝业务转型成功,全景网
419,2021-03-28,【豫园股份：黄金珠宝版图稳健扩张，双轮驱动发力新兴消费赛道】开源零售黄泽鹏团队,泽鹏商业观察
420,2021-03-28,接连并购豫园股份负债升至721亿 2020年扣非净利润降一成 偿债能力下降,GPLP犀牛财经
421,2021-03-28,豫园股份主业利润萎缩，经营现金流下滑128%，先后拿下金徽酒和舍得酒业！ 盈利能力下降,云掌财经
422,2021-03-27,豫园股份(600655)：2020年营收逆势增长 内生+外延双轮驱动,广发证券
423,2021-03-26,豫园股份(600655)年报点评：网点拓展与结构优化并行 优势产业矩阵不断完善,新浪
424,2021-03-26,豫园股份去年豪掷逾123亿拿地 经营现金流大幅下滑 连续下跌,财联社
425,2021-03-26,山西证券给予豫园股份买入评级：网点拓展与结构优化并行，优势产业矩阵不断完善,每日经济新闻
426,2021-03-26,3月26日异动股点评：白酒板块进入财报季 盘点四牛与四熊,山东神光
427,2021-03-26,长城证券：豫园股份(600655.SH)珠宝时尚开店增速领跑行业，给予“强烈推荐”评级,智通财经
428,2021-03-26,Q4超预期，金徽酒5天4板，白酒要企稳了吗？,云掌财经
429,2021-03-26,豫园股份(600655)2020年年报点评：2020韧性尽显 2021望更进一步,新浪
430,2021-03-26,华泰证券维持豫园股份买入评级：逆势向上，20年净利润表现符合预期,每日经济新闻
431,2021-03-26,豫园股份(600655)：2020年归母利润+12.8% 资产重组3年业绩承诺超额完成,新浪
432,2021-03-26,践行双轮驱动构建“1+1+1”战略 豫园股份2020年净利创历史新高,上证报
433,2021-03-26,豫园股份2020年酒业收入约6.18亿元，毛利率43.59%,新京报
434,2021-03-25,豫园股份2020年营收441亿，酒业占6.18亿,中国白酒网
435,2021-03-25,复星国际(00656.HK)：豫园股份2020年净利升12.82%至36.1亿元,格隆汇
436,2021-03-25,晚间公告｜3月25日这些公告有看头,第一财经
437,2021-03-25,豫园股份2020年营收440.51亿 归母净利润增12.82%至36.1亿,观点地产网
438,2021-03-25,豫园股份：2020年营收440.5亿 净利润增长12.82%,中华网
439,2021-03-25,豫园股份：2020年营收440.51亿元，同比增加0.27%,乐居财经
440,2021-03-25,豫园股份(600655.SH)年度归母净利同比增12.82%至36.1亿元 拟10股派3.3元,智通财经
441,2021-03-25,豫园股份：2020年归属股东净利润36.10亿元 同比增12.82%,中金在线
442,2021-03-25,豫园股份：2020年度净利同比增长12.82%拟10派3.3元,格隆汇
443,2021-03-25,豫园股份(600655.SH)：提请授权2021年度复合功能地产业务投资总额不超150亿元,格隆汇
444,2021-03-25,豫园股份(600655.SH)：2021年度母公司计划借款总额不超260亿元,格隆汇
445,2021-03-25,豫园股份(600655.SH)：2020年度净利升12.82%至36.1亿元拟10派3.3元,格隆汇
446,2021-03-25,豫园股份(600655.SH)拟申请统一注册多品种债务融资工具(DFI),格隆汇
447,2021-03-25,豫园股份：董事辞职 董监高成员变化,Wind
448,2021-03-25,豫园股份：2020年净利润同比增长12.82%,Wind
449,2021-03-24,金徽酒业绩超预期 这杯“酒”能持续喝吗?丨解财报,第一财经
450,2021-03-24,3月24日异动股点评：券商走强有何玄机？盘点四牛与四熊,山东神光
451,2021-03-24,金徽酒强势复苏，领衔二线方阵？,酒业新闻网
452,2021-03-23,紧跟机构调研 | 金徽酒(603919.SH)中长期成长确定性明显提高，瑞普生物(300119.SZ)家禽业务板块有望持续增长,智通财经
453,2021-03-23,3月23日异动股点评：光刻胶概念卷土重来 盘点四牛与四熊,山东神光
454,2021-03-23,2020年净利增幅超22% 金徽酒未来有四大看点,佳酿网
455,2021-03-22,金徽酒：目前控股股东为复星旗下上海豫园旅游商城（集团）股份有限公司,每日经济新闻
456,2021-03-22,3月22日异动股点评：长源电力9天7涨停 盘点四牛与四熊,山东神光
457,2021-03-22,郭广昌进军白酒首战告捷 金徽酒去年净利润同比增两成,21世纪经济报道
458,2021-03-21,年报解读|金徽酒产品和财务结构持续优化 正借力“复星系”拓展华东市场,财联社
459,2021-03-21,酒水周观点：白酒板块年报季开启 金徽酒利润表现亮眼,新浪
460,2021-03-18,豫园股份：正在积极推动上海豫园商城二期项目的投资开发,每日经济新闻
461,2021-03-11,【行情】白酒概念走弱，金种子酒跌5%，青青稞酒、青海春天、豫园股份等跌逾4%,金十数据
462,2021-03-04,豫园股份子公司成立上海复喔食品有限公司，注册资本6000万元,企查查
463,2021-03-02,郭广昌的复星开启A股“买买买”：逆势大采购 从酒买到化工,新浪
464,2021-03-02,商贸零售周报2021年第5期：深圳国资入股苏宁 COSTCO落地深圳龙华,新浪
465,2021-03-02,刚过去的二月浮盈不见60亿 郭广昌押白酒能成“赌神”吗？,华夏时报
466,2021-02-25,中国公司债及企业债信用分析周报,新浪
467,2021-02-25,39家上市公司要换老板，这一波易主潮有何不同,Wind
468,2021-02-20,郭广昌的复地“新愿”：豫园股份签下上海金山810万㎡海滨项目,观点地产网
469,2021-02-19,解局 | 郭广昌的复地“新愿”,观点地产网
470,2021-02-19,A股异动 | 豫园股份(600655.SH)涨逾4% 与金山新城建设合作开发上海金山区文旅项目,格隆汇
471,2021-02-18,豫园股份(600655.SH)：将与金山新城建设合作开发上海金山滨海国际文化旅游度假区项目,格隆汇
472,2021-02-18,豫园股份：签署上海金山滨海国际文化旅游度假区合作协议,格隆汇
473,2021-02-15,资本“痛饮”白酒 一年十起重大并购,新浪
474,2021-02-14,开源证券春节大礼包：吃喝玩乐投资地图,开源证券研究所
475,2021-02-08,眼看茅台再创新高 为啥这些酒企却跌跌不休？,上证报
476,2021-02-08,豫园股份：完成工商变更登记,Wind
477,2021-02-07,上市公司跨界入“酒局”热情不减，行情 “沾酒就醉”屡试不爽？,第一财经
478,2021-02-07,零售行业周报第372期：把握春节前情绪面机会,光大证券
479,2021-02-07,2020年酒资本市场四大关键词 白酒主战场频迎资本入局,中华网
480,2021-02-05,豫园股份股价跌5.1% 现报10.01元,乐居财经
481,2021-02-05,【行情】白酒概念快速走弱，金种子酒跌7%，豫园股份、老白干酒、皇台酒业、大豪科技等均跌逾4%,金十数据
482,2021-02-04,A股收盘综述：上证指数跌0.44%，创业板指跌0.72%,Wind
483,2021-02-04,豫园股份进军电商新零售 于中山新设复星心选,乐居财经
484,2021-02-03,一年控股三家上市公司，八个月爆赚150%，“中国巴菲特”凭什么？,云掌财经
485,2021-02-02,南钢股份28亿拿下控股权，万盛股份成“复星系”A股老八,云掌财经
486,2021-02-02,长城证券--商贸零售行业周报2021年第2期：王府井拟吸收合并首商股份，建议关注低估值龙头【行业研究】,金融界股吧
487,2021-01-29,郭广昌“猎A”新收获，一年内耗资近百亿 “复星系”版图再扩,资本邦
488,2021-01-29,郭广昌27.6亿入主万盛股份 九个月耗百亿收购三家A股公司,长江商报
489,2021-01-29,郭广昌A股购物车又添新，揽入万盛股份即大涨，复星系32家全名单来了,证券时报网
490,2021-01-28,透视郭广昌A股“7子”版图,北京商报
491,2021-01-28,透视郭广昌A股版图7家公司业绩分化明显,北京商报
492,2021-01-28,金徽酒原控股股东再质押1120万股 已累计质押过半持股,GPLP犀牛财经
493,2021-01-28,涨停板被炸！豪掷28亿元，郭广昌“复星系”又拿下一家A股公司,中证报
494,2021-01-28,郭广昌又出手！1个月内拿下两家A股公司，3000多亿复星系又火了,中国基金报
495,2021-01-28,万盛股份拟易主“复星系”，郭广昌将掌控8家A股公司！ 控制人变化,环球老虎财经
496,2021-01-28,郭广昌出手！万盛股份复牌一度涨停，市值突破百亿大关,第一财经
497,2021-01-28,郭广昌将掌控8家A股公司 8个月连演3场并购大戏,上证报
498,2021-01-28,8个月连演3场并购大戏！郭广昌将掌控8家A股公司,上证报
499,2021-01-27,万盛股份连发股权转让与定增方案 将易主”复星系“郭广昌 资产异常,e公司
500,2021-01-26,商贸零售周报2021年第1期：就地过年政策 利好超商板块,新浪
501,2021-01-25,豫园股份10亿元超短期融资券完成发行 票面利率3.35%,乐居财经
502,2021-01-25,豫园股份：成功发行10亿元超短期融资券 票面利率3.35%,中国网
503,2021-01-23,徐晓亮独家详解：入“酒局”后，复星如何发力白酒赛道？丨直击上海两会,第一财经
504,2021-01-21,1月21日异动股点评：返乡政策引爆一类股 盘点四牛与四熊,山东神光
505,2021-01-20,中国短期融资券及中期票据信用分析周报,新浪
506,2021-01-19,豫园股份拟发行10亿元超短期融资券用于偿债 利率未定,观点地产网
507,2021-01-18,豫园股份：白酒是战略赛道 三点原因促成舍得收购,新浪
508,2021-01-18,关联交易凶猛 老铺黄金账面盈利与现金流连年背离,中国经营报
509,2021-01-17,零售行业周报第369期：消费需求分化 关注房价变化趋势对消费的影响,光大证券
510,2021-01-15,解盘：白酒杀跌，金融撑指数，次新、高送转预期、半导体略涨,Wind
511,2021-01-14,又现沾“酒”成金？ST亚星也想跨界卖白酒,新浪
512,2021-01-14,跌停板解密：高位甩卖，前期强势股纷纷封跌停！（1月14日）,Wind
513,2021-01-14,豫园股份：计划发行15亿元中期票据,乐居财经
514,2021-01-14,地产股收盘丨三大股指集体收跌 泰禾集团、格力地产涨停 豫园股份跌停 连续下跌,中国网
515,2021-01-14,ST舍得两跌停 郭广昌成实控人后股价连续下跌 连续下跌,中国经济网
516,2021-01-14,豫园股份：拟发行15亿元中期票据 用于偿还金融机构借款、补充运营资金,中国网
517,2021-01-14,复星 酒业大买家的算盘,佳酿网
518,2021-01-13,浦发银行：“18豫园商城MTN001”、“18豫园商城MTN002”持有人会议无效,Wind
519,2021-01-11,A股新年首周人均赚1.5万！最牛股暴涨61％，为啥散户还是亏钱？,腾讯网
520,2021-01-11,又有A股要“买醉”， 上一个暴拉12个涨停,中国基金报
521,2021-01-11,A股魔幻行情还能持续多久？知名机构都来泼冷水,券商中国
522,2021-01-11,零售行业周报第368期：低估值品种或可逐步关注 国企改革稳步进展,光大证券
523,2021-01-11,扩张白酒版图“迎娶”舍得酒业，豫园股份被指救“舍得”于水火，股价创5年新高,华夏时报
524,2021-01-11,股民嗨了！又有A股要“买醉”，上一个暴拉12个涨停,中国基金报
525,2021-01-10,一周20大牛熊股：豫园股份市值猛增242亿 新年首只退市股诞生,21世纪经济报道
526,2021-01-10,透视一周20大牛熊股：豪饮白酒，它一周市值猛增242亿元！锂电新贵登场,21世纪经济报道
527,2021-01-10,【开源零售|周视角】12月化妆品线上销售相对平淡，看好皮肤学级护肤品赛道,泽鹏商业观察
528,2021-01-10,搜狐快消周报丨瑞幸咖啡CEO郭谨一遭联名罢免；豫园股份取得舍得集团70%股权,搜狐
529,2021-01-09,白酒行业多疯狂？连化工企业都想“醉”一把，或成山东白酒第一股,腾讯网
530,2021-01-09,舍得股权拍卖前后,经济观察网
531,2021-01-08,上海首富“贪杯”！45亿豪饮舍得，市值暴增242亿元，仅用了一周,中国基金报
532,2021-01-08,豫园股份连续6日涨停，沪股通近三日买入1.26亿元并卖出7873万元,Wind
533,2021-01-08,涨停秘钥：市场持续分化 北向资金流入超200亿,巨丰财经
534,2021-01-08,地产股收盘丨沪指收跌0.17% 豫园股份涨停,中国网
535,2021-01-08,快讯：白酒概念拉升 豫园股份、老白干酒涨超7%,新浪
536,2021-01-08,[公司]ST舍得：新控股股东有意向调整现董事和高管,全景网
537,2021-01-08,上市公司正负面新闻2021年1月8日星期五,Wind
538,2021-01-08,247股获机构买入型评级，超六成股价上涨,Wind
539,2021-01-08,舍得酒业股份有限公司详式权益变动报告书,证券日报
540,2021-01-07,晚间重要公告2021年1月7日星期四,Wind
541,2021-01-07,ST舍得：豫园股份12个月内无增持或处置已拥有权益股份计划,中证网
542,2021-01-07,ST舍得：豫园股份45.3亿元竞得沱牌舍得集团70%股权,Wind
543,2021-01-07,涨停复盘 | 个股表现与指数背离 来看看资金都抱团在哪些股上,第一财经
544,2021-01-07,地产股收盘丨沪指收涨0.71% 苏宁环球、豫园股份、鲁商发展涨停,中国网
545,2021-01-07,郭广昌投资有道：“舍”45亿“得”190亿 仅用了一周,上证报
546,2021-01-07,豫园股份打开一字涨停,第一财经
547,2021-01-07,机构最近都在买哪些股？,证券之星
548,2021-01-07,【东北轻工唐凯/钟天皓】豫园股份（600655）事件点评：加大白酒布局，丰富餐饮产业结构,东北证券研究所
549,2021-01-06,复盘复星郭广昌的酒业版图：靠“买酒”赚了几百亿,证券时报网
550,2021-01-06,重看2020资本“饮酒”实录，白酒产业真是“赌徒”们的梦幻港湾？,糖酒快讯
551,2021-01-06,豫园股份：无法确定ST舍得与天洋控股的资金占用能否清偿,中华网
552,2021-01-06,ST舍得公告实控人变更为郭广昌 股价今日下跌1.25% 控制人变化,中国经济网
553,2021-01-06,白酒股冲高回落疯狂杀跌！郭广昌砸45亿元“狂喝”舍得，豫园股份连拉4个涨停！,上游新闻
554,2021-01-06,地产股收盘丨沪指收涨0.63% 豫园股份、招商积余涨停,中国网
555,2021-01-06,上海豫园旅游商城：以45.3亿元的价格成功竞得舍得集团70%股权,Wind
556,2021-01-06,A股市场白酒突然杀跌，三大板块却火了,中国基金报
557,2021-01-06,A股风云突变！白酒突然狂杀跌，三大板块却火了！河北突增20+43，有人4天3场婚宴！石家庄一区全域高风险！客运站停运，高速管控！,中国基金报
558,2021-01-06,解盘：成交量放大，军工、基建、乳业、高端装备领涨,Wind
559,2021-01-06,郭广昌“喝上”舍得酒，控股的豫园股份拍卖拿ST舍得70%股权 司法拍卖,资本邦
560,2021-01-06,这些个股盘中异动 豫园股份遭主力撤买13亿元,第一财经
561,2021-01-06,天洋控股退出舍得集团70%股权 豫园股份接盘,乐居财经
562,2021-01-06,茅台破2000后“势不可挡” 带领白酒股持续冲高 豫园股份、巨力索具等多股涨停,金融界
563,2021-01-06,豫园股份连续四日涨停，郭广昌成为ST舍得实控人,Wind
564,2021-01-06,终于摆脱“吸血前任”！知名白酒股“名花易主”,中国财富网
565,2021-01-05,ST舍得：天洋控股所持沱牌舍得集团70%股权解冻 公司实控人将变更为郭广昌 控制人变化,中证网
566,2021-01-05,郭广昌豪饮白酒：豫园股份控股舍得，三连涨停市值增长百亿,财经无忌
567,2021-01-05,郭广昌成为 ST舍得实控人,中华网
568,2021-01-05,ST舍得：豫园股份取得公司70%股权 郭广昌成为实控人 控制人变化,第一财经
569,2021-01-05,ST舍得(600702.SH)：天洋控股所持沱牌舍得集团70%股权解冻公司实控人拟变更为郭广昌 控制人变化,格隆汇
570,2021-01-05,豫园股份龙虎榜数据(1月5日）,Wind
571,2021-01-05,ST舍得：豫园股份间接控制公司29.95%股权，郭广昌成实控人,格隆汇
572,2021-01-05,ST舍得：郭广昌成为公司的实际控制人,Wind
573,2021-01-05,复星系豫园股份业绩大增 为何资本市场并不买单？,新浪
574,2021-01-05,舍得集团70%股权解除冻结，豫园股份正式获得相关产权,格隆汇
575,2021-01-05,豫园股份连续三日涨停：以45.3亿元竞得舍得集团70%股权,企查查
576,2021-01-05,豫园股份(600655.SH)：法院裁定四川沱牌舍得集团70%股权归买受人所有并解除冻结,格隆汇
577,2021-01-05,豫园股份：公司经营情况正常 未发生重大调整,中国网
578,2021-01-05,豫园股份：公司竞得的舍得集团70%股权即将过户,Wind
579,2021-01-05,45.3亿元竞得ST舍得控股权 豫园股份连续三日涨停,证券时报网
580,2021-01-05,地产股收盘丨沪指收涨0.73% 苏宁环球、豫园股份涨停 格力地产收跌5.33%,中国网
581,2021-01-05,纺织服装行业：一季度复苏较为确定 适度关注低估值龙头,新浪
582,2021-01-05,解盘：能源、金融拖累指数，乳业、白酒、猪产业领涨,Wind
583,2021-01-05,商贸零售行业周观点报告：小商品城申请“免税经营资质” 海南免税市场多元化,新浪
584,2021-01-05,豫园股份三连板，45.3亿元竞得舍得集团70%股权,Wind
585,2021-01-04,豫园股份：586.6万股公司股已过户至第一期员工持股计划 占总股本0.15%,乐居财经
586,2021-01-04,并购、增产、提价……茅台携众白酒再创历史新高,Wind
587,2021-01-04,展望与回眸|“白酒信仰”不灭 资本涌动并购潮起,时代在线
588,2021-01-04,豫园股份：586.6万股公司股票已过户至第一期员工持股计划,中国网
589,2021-01-04,地产股收盘丨沪指收涨0.86% 豫园股份、奥园美谷涨停,中国网
590,2021-01-04,【豫园股份：45.3亿元竞得舍得集团70%股权，继续加码消费产业布局】开源零售黄泽鹏团队,泽鹏商业观察
591,2021-01-04,【异动股】白酒板块拉升，豫园股份(600655-CN)涨10.01%,财华社
592,2021-01-04,每日理财观察：中国新冠病毒疫苗获批上市并为全民免费提供,Wind
593,2021-01-04,时代点金（0104）：三年内中联重科业绩有望翻倍,时代在线
594,2021-01-04,上海豫园旅游商城（集团）股份有限公司,中证报
595,2021-01-01,【财经早报】2021/1/1星期五,云掌财经
596,2021-01-01,豫园股份45.3亿元揽下ST舍得控股权,中证报
597,2020-12-31,郭广昌45亿豪饮舍得，历经27轮竞拍，5年前就有意入主,每日经济新闻
598,2020-12-31,郭广昌又出手！刚喝舍得又剑指万盛股份，复星系版图有多大？,腾讯网
599,2020-12-31,获复星旗下豫园股份45.3亿入主 ST舍得人士：跟金徽酒不存在太大的同业竞争,每日经济新闻
600,2020-12-31,控股舍得酒！郭广昌“买酒上瘾”豪掷126亿,野马财经
601,2020-12-31,ST舍得将易主吃跌停中信证券等为股东 豫园股份涨停 控制人变化,中国经济网
602,2020-12-31,“豪饮”金徽酒嫌不过瘾，郭广昌45.3亿元“续杯”沱牌舍得,新浪
603,2020-12-31,涨停复盘 | 券商集体涨停！牛市的味道越来越浓了,第一财经
604,2020-12-31,才饮“金徽”又喝“舍得”！豫园股份斥资45亿拍下舍得集团70%股权,环球老虎财经
605,2020-12-31,ST舍得将换新“东家” 新资本或有利未来推进高端化、全国化布局,证券日报网
606,2020-12-31,地产股收盘丨三大股指全线飘红 南山控股、豫园股份涨停 格力地产跌停,中国网
607,2020-12-31,豫园股份43.5亿竞得舍得酒业母公司70%股权,金融界
608,2020-12-31,45.3亿拍下沱牌舍得集团70%股权 复星系成为舍得酒业实控人 控制人变化,佳酿网
609,2020-12-31,沱牌舍得狗血剧落幕：股权花落复星,网易
610,2020-12-31,豫园股份(600655.SH)：45.3亿元成功竞得舍得集团70%股权,格隆汇
611,2020-12-31,豫园股份45.3亿竞得四川舍得集团70%股权 后者持有舍得酒业约30%股权,观点地产网
612,2020-12-31,蓬溪县法院官宣！豫园股份拿下沱牌舍得集团70%股权,21世纪经济报道
613,2020-12-31,45.3亿！复星集团购得舍得酒业，未来或面临同业竞争问题,时代在线
614,2020-12-31,官宣：复星旗下豫园股份45.3亿赢得拍卖 舍得酒业将易主,每日经济新闻
615,2020-12-31,豫园股份、ST舍得：豫园股份以45.3亿元的价格竞得舍得集团70%股权,Wind
616,2020-12-31,蓬溪县人民法院：豫园股份以45.3亿元成交价竞得舍得集团70%股权,中证网
617,2020-12-31,豫园股份直线封板 封单超34万手,新浪
618,2020-12-31,快讯丨复星或45.3亿元拍下沱牌舍得集团70%的股权,21世纪经济报道
619,2020-12-31,A股午盘综述：上证指数半日涨0.83%，茅台、五粮液、宁德时代等再创新高,Wind
620,2020-12-31,豫园股份封住涨停，报道称公司拿下沱牌舍得股权,Wind
621,2020-12-31,豫园股份拿下沱牌舍得股权但现场未宣布,Wind
622,2020-12-31,复星集团或45.3亿元拍下沱牌舍得集团70%股权,Wind
623,2020-12-31,郭广昌A股购物车又添新，揽入万盛股份即大涨，复星系32家全名单来了,证券时报网
624,2020-12-30,一级市场也“醉酒”，新派白酒成新宠,Wind
625,2020-12-29,A股早报2020年12月29日星期二,Wind
626,2020-12-28,晚间重要公告2020年12月28日星期一,Wind
627,2020-12-28,资本圈 | 融创20亿购房尾款ABS获受理 建发物业将以介绍方式登陆港交所,观点地产网
628,2020-12-28,豫园股份(600655.SH)拟与复星商社向复星心选共同投资2.18亿元,格隆汇
629,2020-12-28,豫园股份：拟增资复星心选，用于投资新零售公司淘通科技和开心购,Wind
630,2020-12-28,豫园股份：拟与海南复星商社向复星心选科技共同投资2.1787亿元,中国网
631,2020-12-28,豫园股份：拟1.07亿元参与增资复星心选,e公司
632,2020-12-28,豫园股份(600655.SH)拟对复星心选增资1.07亿元,智通财经
633,2020-12-28,豫园股份：拟向复星心选增资1.0675亿元,乐居财经
634,2020-12-28,豫园股份：拟向复星心选增资2.18亿元用于投资新零售公司淘通科技和开心购,格隆汇
635,2020-12-23,豫园股份(600655)：珠宝地产定基调 餐饮美妆添活力 家庭快乐巨轮启航,新浪
636,2020-12-21,零售行业2021年年度策略：渠道购物近场化 线上价值稳步攀升,新浪
637,2020-12-21,2020，这些资本大佬为酒企“疯狂”,国际金融报
638,2020-12-19,豫园股份董事长徐晓亮：今天中国三股巨浪扑面而来,第一财经
639,2020-12-19,“老八股”的30年：1只已退市 6只丢了“真身”,新浪
640,2020-12-19,土地热线 | 金地、大华近百亿夺地上海 北京200亿宅地预申请,乐居财经
641,2020-12-18,豫园股份发布全新升级“豫园年礼节”,中证网
642,2020-12-18,豫园股份(600655.SH)子公司竞得天津滨海新区空港经济区两地块,智通财经
643,2020-12-18,豫园股份：16亿元竞得天津2宗地块,中国网
644,2020-12-18,豫园股份约16亿竞得天津市滨海新区两宗地,观点地产网
645,2020-12-18,豫园股份：15.97亿元摘天津2宗地块,乐居财经
646,2020-12-18,豫园股份(600655.SH)：获取2个房地产项目,格隆汇
647,2020-12-18,一手直播一手免税，百货上半年还是跑不动,联商网
648,2020-12-17,亲历资本市场30周年：从“中华商业第一股”到全球一流家庭消费产业集团,第一财经
649,2020-12-15,豫园股份(600655)：金徽酒协同老庙黄金蓄势腾飞 大消费转型已成定局,新浪
650,2020-12-15,这些资本大佬“疯狂”并购酒企 疯狂为哪般？,新浪
651,2020-12-14,豫园股份(600655.SH)：229.977万股限制性股票12月18日解禁 解禁,格隆汇
652,2020-12-14,本周洪峰来袭！45股解禁，8股流通盘增逾1倍 解禁,中证报
653,2020-12-14,顺周期行情熄火？跨年行情还有吗？龙头券商最新研判出炉,中证报
654,2020-12-13,下周洪峰来袭！A股解禁市值超1900亿,Wind
655,2020-12-10,豫园股份现1笔大宗交易 共成交661.29万元,新浪
656,2020-12-10,豫园股份今日大宗交易成交67万股，成交价9.87元溢价11.78%,Wind
657,2020-12-08,金徽酒的战略定力为何如此之强,酒业新闻网
658,2020-12-08,“双循环”新发展格局下，企业机构代表共话如何分享消费升级红利,21世纪经济报道
659,2020-12-04,豫园股份CFO兼副总裁邹超：双循环带来文化红利、产城融合、产业C2M三个浪潮,21世纪经济报道
660,2020-12-01,豫园股份(600655.SH)：子公司26.66亿元竞得杭州余杭区一宗商住地块,格隆汇
661,2020-12-01,豫园股份：26.66亿元竞得杭州市余杭区一宗商住用地,中国网
662,2020-11-30,176亿！上海2021年土拍开场就扔“王炸”，地头蛇复星或参拍,时代在线
663,2020-11-27,金徽酒董秘石少军：复星能够带给金徽酒东部市场生态环境的突破,新浪
664,2020-11-25,郭广昌重返杭州 复地27亿摘下东湖新城35万方综合体,观点地产网
665,2020-11-23,郭广昌减持青啤套现35亿！放下啤酒，痛饮白酒？ 减持股份,野马财经
666,2020-11-23,遭复星集团减持套现千万 青岛啤酒股价到头了吗？ 减持股份,佳酿网
667,2020-11-22,8股获买入评级 最新:广汽集团,中财网
668,2020-11-19,复星郭广昌的「眼光」,搜狐
669,2020-11-19,豫园股份：拟回购注销限制性股票26.35万股,中国网
670,2020-11-18,商贸零售行业2021年度策略：新消费 新格局,新浪
671,2020-11-18,组织人才机制升级 豫园股份第一期员工持股计划获股东大会通过,证券时报网
672,2020-11-18,金徽酒(603919)：陇上金徽名酒 多因共振再启航,新浪
673,2020-11-17,2021年商贸零售行业投资策略：从流量到内容 数字经济引领消费新趋势,新浪
674,2020-11-16,一个月暴涨200% 金徽酒净利却下降2.28%,GPLP犀牛财经
675,2020-11-16,餐饮行业动态点评：中式连锁快餐强复苏 数字化升级加速,新浪
676,2020-11-13,老凤祥前三季度应收账款激增14倍 收现比创历史新低 资产异常,新浪
677,2020-11-13,商业贸易行业报告：复苏预期+疫苗预期+低基数 助推可选消费发力,新浪
678,2020-11-13,复地集团：失去的10年,中金在线
679,2020-11-12,金徽酒一个多月暴涨2倍之谜：郭广昌“豪饮”，多个顶级游资席位现身，神秘席位惊现大手笔！,每经牛眼
680,2020-11-12,二线白酒掀涨停潮！“带头大哥”金徽酒实现三连板！,环球老虎财经
681,2020-11-12,最牛白酒股？8个月竟能暴涨500% 券商称白酒估值仍在提升通道,中国基金报
682,2020-11-11,领涨白酒板块，势头远超茅台五粮液，小酒企背后有大佬加持,南都报
683,2020-11-09,过了“金字招牌”时代 “老字号们”何以求生机？,中投网
684,2020-11-09,复星FOSUNHAPPINESS首次亮相进博会品质生活展区，法国文化主题日带你领略多样风情,经济网
685,2020-11-08,进博会高光时刻的背后：全球化的豫园股份是如何炼成的？,环球老虎财经
686,2020-11-08,与豫园成立合资企业后，珠宝品牌Damiani迎来中国首秀,澎湃新闻
687,2020-11-07,东家亮相第三届进博会 与日本丸红、IGI中国达成战略合作,证券时报
688,2020-11-07,进博会也有上海表？老字号与海外品牌跨界联名首发新品,澎湃新闻
689,2020-11-06,豫园股份五大国际品牌参展第三届进博会,证券时报网
690,2020-11-06,链接五大洲 促进“双循环” “民企军团”进博会大显身手,上证报
691,2020-11-05,中小公司研究-一周策略回顾与展望,新浪
692,2020-11-04,豫园股份(600655.SH)子公司上海复地真文实业获取两宗西安房地产项目,智通财经
693,2020-11-04,老八股的全球变形计：豫园股份五大国际品牌首现进博会,上证报
694,2020-11-04,豫园股份：9.23亿元竞得西安2宗地块,中金在线
695,2020-11-04,豫园股份9.24亿元拿下西安经开区两宗地,乐居财经
696,2020-11-04,豫园股份(600655.SH)：获取西安2个房地产项目,格隆汇
697,2020-11-04,五大国际品牌首度亮相进博会 豫园股份服务“双循环”新发展格局,证券日报网
698,2020-10-31,10月十大牛股新鲜出炉 中能电气近2倍涨幅问鼎榜首,第一财经
699,2020-10-31,三季度净利润增长40.07% 金徽酒还是那个“西北龙头”,红周刊
700,2020-10-30,股票异常波动，金徽酒回应：无应披露而未披露重大信息,资本邦
701,2020-10-30,豫园股份(600655)：20Q3净利润+138%持续上扬 线上线下会员生态加速布局,新浪
702,2020-10-29,被收购后暴涨127% 金徽酒还能买吗？,新浪
703,2020-10-29,5个月浮盈近40亿！郭广昌豪饮金徽酒,上证报
704,2020-10-29,前三季仅完成全年目标一半 金徽酒业绩持续下滑 盈利能力下降,中国商报
705,2020-10-29,豫园股份(600655)公司信息更新报告：三季度业绩高增长 拟推出首期员工持股计划,新浪
706,2020-10-28,金徽酒(603919)：高档发力结构升级 复星入驻期待协同,新浪
707,2020-10-28,【面包财报】豫园股份：2020年前三季度归母净利润15.88亿元，同比增长31.1%,面包财经
708,2020-10-28,复星系进驻金徽酒：三季度营收净利双下滑，省外市场占比不足五分之一 盈利能力下降,搜狐
709,2020-10-28,豫园股份：前三季度净利润同比增长31.1%,Wind
710,2020-10-27,豫园股份(600655.SH)拟推第一期员工持股计划筹集资金总额不超2213.04万元,格隆汇
711,2020-10-27,前三季度净利同比增三成 豫园股份推动老字号连锁化发展,每日经济新闻
712,2020-10-27,复星国际(00656)：豫园股份前三季度归属于上市公司股东的净利润15.88亿元 同比增加31.1%,智通财经
713,2020-10-27,复星国际(00656.HK)：豫园股份前三季净利升31.10%至15.88亿元,格隆汇
714,2020-10-27,前9月豫园股份净利润15亿，十一商城客流恢复至去年八成,澎湃新闻
715,2020-10-27,豫园股份前三季度业绩持续上扬 归母净利润同比增长31.1%,第一财经
716,2020-10-27,豫园股份三季度业绩持续上扬 归母净利润同比增长逾30％,上证报
717,2020-10-27,豫园股份:前9月归母净利15.88亿元 同比增加31.1%,乐居财经
718,2020-10-27,豫园股份推员工持股计划 计划上限2213万元,中国网
719,2020-10-27,豫园股份：前三季度房地产物业开发销售签约额约98.71亿元,中国网
720,2020-10-27,豫园股份：前三季度净利润15.88亿元同比增长31%,格隆汇
721,2020-10-27,豫园股份(600655.SH)：前三季度净利升31.10%至15.88亿元,格隆汇
722,2020-10-27,金徽酒(603919)：业绩符合预期 甘肃白酒龙头改革持续深化,国金证券股份有限公司
723,2020-10-27,【招商食品】金徽酒：Q3业绩靓丽，结构升级明显,招商食品饮料
724,2020-10-26,【民生食饮】金徽酒（603919）2020年三季报点评：Q3延续复苏态势，与大股东业务协同有望加强,MS食品饮料
725,2020-10-26,百年历史品牌五芳斋张小泉排队冲刺A股 A股56家老字号市值年内增1.65万亿,长江商报
726,2020-10-23,郭广昌：给地产一点酒味 | 进深,乐居财经
727,2020-10-22,上海豫园旅游商城：回购注销部分限制性股票减资及董事辞职 减资破产,Wind
728,2020-10-21,正式归属复星系 金徽酒能否脱胎换骨,电鳗快报
729,2020-10-20,豫园股份：完成对金徽酒的要约收购 持股比例为38%,中证网
730,2020-10-20,财华洞察| 有备而来！25亿拿下金徽酒，投资大鳄复星如何谋定“酒局”？,财华社
731,2020-10-20,豫园股份收购金徽酒38%股权已完成过户,乐居财经
732,2020-10-20,金徽酒(603919.SH)：海南豫珠要约收购公司股份交割完成,格隆汇
733,2020-10-20,豫园股份(600655.SH)要约收购金徽酒过户完成当前持有金徽酒38%股份,格隆汇
734,2020-10-20,营收下滑股价上涨？金徽酒上半年仅完成四成年度营收目标 盈利能力下降,投资时报
735,2020-10-19,零售美妆三季报业绩预览：环比向好 龙头公司强者恒强,新浪
736,2020-10-19,推出要约收购，持股比例将提升至38%，郭广昌为何看好金徽酒？,21世纪经济报道
737,2020-10-19,要约收购完成复星系为何多次增持金徽酒？,经济观察网
738,2020-10-19,金徽酒要约收购结果出炉 豫园股份进一步“固权”,上证报
739,2020-10-18,要约收购完成 金徽酒控股股东豫园股份持股比例升至38%,上证报
740,2020-10-18,豫园股份增持金徽酒股份至38%,北京商报
741,2020-10-18,豫园股份所持金徽酒股份提升至38% 后者将于19日复牌,乐居财经
742,2020-10-18,金徽酒：约9901万股接受海南豫珠发出的收购要约,Wind
743,2020-10-15,“复星系”要约收购结果待确认 金徽酒迎股票一日停牌,中华网
744,2020-10-15,要约收购期满 金徽酒股票停牌,北京商报
745,2020-10-14,刘斌辞任豫园股份董事一职 复星全球合伙人高敏接任 董监高成员变化,乐居财经
746,2020-10-14,豫园股份关于公司董事辞职的公告 董监高成员变化,新浪
747,2020-10-14,豫园股份：刘斌辞任董事等职务 董监高成员变化,中国网
748,2020-10-14,豫园股份：董事刘斌辞职 董监高成员变化,Wind
749,2020-10-12,杭州复地壹中心公寓长霉斑蘑菇 为豫园股份子公司开发,中国经济网
750,2020-10-12,郭广昌砸26亿痛饮金徽酒！“复星系”布局白酒老字号,野马财经
751,2020-10-09,商业贸易“十一”黄金周消费数据点评：国庆黄金周消费同比＋4.9％ 消费内循环活力强劲,新浪
752,2020-10-09,郭广昌能否让金徽酒逆袭？省内市占率不够高 大本营下滑严重,新浪
753,2020-10-02,“复活”的复地：收购云南仙湖山水项目 扩充产城融合版图,乐居财经
754,2020-09-30,【开源食饮每日资讯0930】ST威龙控股股东部分股份被司法划转 股权冻结,宇光食饮日讯
755,2020-09-30,郭广昌能否让金徽酒逆袭？省内市占率不够高 大本营下滑严重,新浪
756,2020-09-30,一手直播一手免税 百货上半年还是跑不动,联商网
757,2020-09-30,一手直播一手免税，百货上半年还是跑不动,联商网
758,2020-09-30,豫园股份11.84亿收购融创云南文旅项目，将打造休闲旅游度假园,观点地产网
759,2020-09-30,消费行业日报：中国消费者今年奢侈品消费需求或将增30%,新浪
760,2020-09-30,豫园股份11.8亿收购融创云南文旅项目，扩充优质土地储备,澎湃新闻
761,2020-09-29,豫园股份11.84亿收购融创间接持股公司获云南文旅综合项目,乐居财经
762,2020-09-29,豫园股份：拟作价11.84亿元以“股+债”方式收购澄江益邦100%股权,Wind
763,2020-09-29,豫园股份：11.84亿元收购澄江益邦100%股权,中国网
764,2020-09-29,豫园股份(600655.SH)子公司拟以“股+债”方式收购澄江益邦100%股权,格隆汇
765,2020-09-27,郭广昌再调仓：复星旅文过冬，复星医药春来,腾讯网
766,2020-09-23,豫园股份(600655)：战略重构业务版图 百年豫园焕发活力,新浪
767,2020-09-22,豫园股份(600655.SH)：拟回购注销7名激励对象已获授但未解除限售的26.35万股限制性股票回购总价62.99万元,格隆汇
768,2020-09-22,豫园股份回购注销26.35万限制性股票 回购总价款101.35万元,观点地产网
769,2020-09-22,豫园股份：回购注销17.45万股限制性股票,中国网
770,2020-09-22,豫园股份(600655)：顺应中华文化复兴潮流 打造家庭快乐消费平台,新浪
771,2020-09-21,要约收购4058万股 金徽酒业发布提示性公告,北京商报
772,2020-09-21,【豫园股份：三季度业绩高增长，拟推出首期员工持股计划】开源零售黄泽鹏团队,泽鹏商业观察
773,2020-09-21,券商评级：三大指数下跌 九股迎来掘金良机,证券之星
774,2020-09-21,【方正食饮】行业周报200920：中秋终端动销启动，保持乐观预期,虎哥的研究
775,2020-09-21,豫园股份(600655)：家庭快乐消费龙头 新兴赛道蓄势待发-公司首次覆盖报告,新浪
776,2020-09-18,复星系神奇操作“解救”金徽酒原实控人，限售股或迎提前解除,中华网
777,2020-09-18,三个月内再豪掷25亿元加码金徽酒 复星系凭什么信心满满？,中华网
778,2020-09-16,复星系再度“加码”金徽酒 全年业绩目标恐难实现,中国网
779,2020-09-15,豫园股份要约收购金徽酒8％股份,中国白酒网
780,2020-09-14,食品饮料行业周报：关注回调后布局机会,新浪
781,2020-09-13,【民生食饮】周观点0914:Q3乳企抢奶超预期，行业竞争趋缓确定性持续走高,MS食品饮料
782,2020-09-12,新消费观察丨金徽酒上市4年营收累增28%落后同行，“复星系”入主能否“改运”,搜狐
783,2020-09-11,豫园股份(600655)：从老豫园到新消费 开启家庭快乐消费新征程,新浪
784,2020-09-10,哪个“南翔小笼包”才是正宗？“南翔”商标案今日再开庭 诉讼纠纷,澎湃新闻
785,2020-09-10,豫园股份拟7.15亿元要约收购金徽酒8%股份 表决权将超三成,GPLP犀牛财经
786,2020-09-09,金徽酒(603919)：豫园股份提出要约收购 持股比例将增至38％,新浪
787,2020-09-09,同是要约收购报价高低有何玄机,上证报
788,2020-09-08,再豪掷超7亿增持 “复星系”缘何“执饮”金徽酒？,国际金融报
789,2020-09-08,商业贸易行业2020中报总结：必选消费稳健增长 可选消费回暖,新浪
790,2020-09-08,豫园股份拟要约收购金徽酒8%股份郭广昌二度增持看上了啥?,金融投资报
791,2020-09-08,7.15亿“加注”金徽酒控制权 复星系全球44家上市公司版图曝光,21世纪经济报道
792,2020-09-08,豫园股份7.15亿要约收购金徽酒股份8%股权，复星系全球44家上市公司版图完全曝光,21世纪经济报道
793,2020-09-08,豫园股份7.15亿增持金徽酒 进一步巩固控制权,佳酿网
794,2020-09-08,晚间公告热点追踪：两只创业板股将被实施其他风险警示,新浪
795,2020-09-08,上市公司正负面新闻2020年9月8日星期二,Wind
796,2020-09-07,金徽酒获7.15亿元增资以提升品牌价值,北京商报
797,2020-09-07,公告精选：安纳达、中核钛白上调钛白粉产品价格；豫园股份要约收购金徽酒8%股份,e公司
798,2020-09-07,【开源食饮每日资讯0907】豫园股份拟通过收购进一步增持金徽酒股份，持股比例将由30%增至38%,宇光食饮日讯
799,2020-09-07,晚间重要公告2020年9月7日星期一,Wind
800,2020-09-07,金徽酒控股股东豫园股份拟以7.15亿元增持8%股份 持股将超30%,证券日报
801,2020-09-07,巩固控制权，豫园股份拟以7.15亿增持金徽酒8%股份,中新经纬
802,2020-09-07,豫园股份拟以7.15亿增持金徽酒 持股将超30%,新浪
803,2020-09-07,豫园股份拟7亿元要约收购金徽酒8%股份，进一步巩固控制权,澎湃新闻
804,2020-09-07,豫园股份：拟以7.15亿元要约收购金徽酒4058万股股份,金融界
805,2020-09-07,金徽酒：豫园股份拟要约收购公司8%股份,Wind
806,2020-09-07,金徽酒(603919.SH)：海南豫珠拟17.62元/股要约收购公司4058.08万股,格隆汇
807,2020-09-07,豫园股份(600655.SH)：拟要约收购金徽酒4058.08万股要约价17.62元/股,格隆汇
808,2020-09-07,豫园股份：拟再度要约收购金徽酒总股本8%要约价格为17.62元/股,格隆汇
809,2020-09-07,豫园股份：拟要约收购金徽酒8%股份，要约价格17.62元/股,Wind
810,2020-09-04,豫园股份(600655)：逆势扩张 “产业运营+产业投资”双驱动,新浪
811,2020-09-01,【豫园股份：家庭快乐消费龙头，新兴赛道蓄势待发】开源零售黄泽鹏团队,泽鹏商业观察
812,2020-09-01,国泰君安证券：半年报必选和线上零售韧性强 可选零售逐步恢复,金融界
813,2020-08-31,豫园股份(600655)2020年中报点评：业绩逆势增长 外延布局持续推进,新浪
814,2020-08-31,豫园股份频繁并购纳入17家老字号 珠宝地产营收186亿占比超九成,长江商报
815,2020-08-28,复星国际董事长：疫情是否阻碍全球化拓展,第一财经
816,2020-08-27,豫园股份(600655)：疫情下营收短期承压 时尚珠宝业务持续扩张,新浪
817,2020-08-27,豫园股份(600655)：20H1归母净利润逆势增长10.37% 多渠道布局家庭快乐消费产业,新浪
818,2020-08-26,豫园股份疫情下逆势增长背后，战略逻辑能否被资本市场认可？,第一财经
819,2020-08-26,豫园股份(600655)中报点评：外延并购完善多品牌矩阵建设 科技引领强化产业协同,新浪
820,2020-08-26,【华创商社】豫园股份（600655）2020年中报点评：珠宝时尚逆势拓店，产业运营模式持续改善,华创悦享现代生活
821,2020-08-26,豫园股份(600655)：多赛道布局家庭快乐产业 上半年实现逆势增长,新浪
822,2020-08-25,豫园股份半年报实现逆势增长：净利润同比增10.37％,金融界
823,2020-08-25,复星国际(00656.HK)：豫园股份上半年净利增加10.37%至11.05亿元,格隆汇
824,2020-08-25,复星国际(00656)：豫园股份上半年净利同比增长8.19%至约11.05亿元,智通财经
825,2020-08-25,豫园股份上半年归母净利润增10%至11.05亿元,观点地产网
826,2020-08-25,豫园股份：上半年归母净利润11.05亿元 同比增10.37%｜半年报风云,乐居财经
827,2020-08-25,豫园股份(600655.SH)：上半年净利同比增10.37%至11.05亿元,格隆汇
828,2020-08-25,豫园股份：上半年净利润同比增长10.37%,Wind
829,2020-08-25,复星系豫园股份入主金徽酒，预收下降近3成销售不容乐观 | 中报季 盈利能力下降,新浪
830,2020-08-24,二季度净利同比增长141.69% 券商：看好金徽酒实现全年目标,佳酿网
831,2020-08-20,豫园股份与品谱集团签署战略合作协议 携手开拓宠物行业新发展,e公司
832,2020-08-17,复星系与金徽酒签约后首互动：加速东进或迎新阶段,中华网
833,2020-08-11,资本进退下的白酒赛道有哪些新变化,中国商报
834,2020-08-11,商贸零售行业周观点报告：7月美妆线上销售增速趋于平稳 免税概念波动,新浪
835,2020-08-10,上海豫园旅游商城：2020年1-7月累计新增借款占2019年末净资产21.30% 大额借贷担保,Wind
836,2020-08-10,商业贸易行业周报(第三十二周),新浪
837,2020-08-09,独家：车建新抄底院线|8.3《晚参》,乐居财经
838,2020-08-08,易主！豫园股份18.37亿拿下金徽酒控股股东后遇一大难题，2020业绩恐难达标 控制人变化,和讯
839,2020-08-07,借力“东家” 豫园股份打通家庭快乐消费产业,上证报
840,2020-08-07,加入复星系后，东家FC2M战略升级,第一财经
841,2020-08-06,今年来实控人变更数量激增八成 近半数公司调整前无实控人 控制人变化,大众证券报
842,2020-08-06,东家联合十余家拍卖行成立“东家大拍战略联盟”,证券时报网
843,2020-08-06,豫园股份：1-7月累计新增借款占上年末净资产的比例21.30% 大额借贷担保,Wind
844,2020-08-06,维维撤离 复星入场 白酒赛道有哪些新变化,中国商报
845,2020-08-06,消费行业日报：股价创新高 建议把握未来产能释放节奏,新浪
846,2020-08-05,豫园股份60亿公司债注册申请获中国证监会同意,观点地产网
847,2020-08-05,豫园股份：60亿元债券获证监会审批通过,乐居财经
848,2020-08-05,豫园股份：60亿元公司债券获准注册,中国网
849,2020-08-05,豫园股份(600655.SH)公开发行公司债券获中国证监会注册批复,格隆汇
850,2020-08-05,复星系高位接盘金徽酒 东阳人郭广昌能否喝得下陇酒？,腾讯网
851,2020-08-04,豫园股份：复星高科技累计增持公司216.86万股A股,中国网
852,2020-08-04,豫园股份(600655.SH)：复星高科技增持期届满 累计增持216.862万股A股,格隆汇
853,2020-08-03,豫园股份控股金徽酒完成过户 复星系蹭上白酒热,中华网
854,2020-08-03,汇丰：复星国际目标价为15.2港元 重申买入评级,新浪
855,2020-08-03,豫园股份18.37亿购金徽酒近30%股权完成过户 成后者控股股东,观点地产网
856,2020-08-03,豫园股份：18.37亿元收购金徽酒1.52亿股过户完成,乐居财经
857,2020-08-03,金徽酒(603919.SH)：亚特集团协议转让公司1.52亿股完成过户,格隆汇
858,2020-08-03,豫园股份：1.52亿股金徽酒股份过户完成,中国网
859,2020-08-03,汇丰看好复星国际(00656.HK)疫情后的增长机遇，重申买入评级,格隆汇
860,2020-08-03,金徽酒：股份完成过户，控股股东变更为豫园股份 控制人变化,Wind
861,2020-08-03,老字号注入新资本,第一财经
862,2020-07-31,财华洞察|有备而来！25亿拿下金徽酒，投资大鳄复星如何谋定“酒局”？,财华社
863,2020-07-29,控股股东累计质押2.04亿股，金徽酒加入“复星系”能否破局？,搜狐
864,2020-07-27,走势完爆全球股指！国际金价刷新纪录，买黄金收益超过25%！黄金概念龙头名单来了,证券时报
865,2020-07-27,中证指数公司：8月6日发布中证兴业证券ESG盈利100指数,Wind
866,2020-07-27,豫园股份(600655.SH)：成功发行10亿元中期票据,格隆汇
867,2020-07-27,豫园股份3宗中期票据获准注册 金额合计50亿元,中国网
868,2020-07-27,豫园股份10亿元中期票据发行完成 利率3.94%,中国网
869,2020-07-26,餐饮旅游行业周报：社服零售2020Q2基金持仓分析 免税景气持续上行,新浪
870,2020-07-25,复星国际预期上半年归母利润同比收窄 深度产业运营重振利好,证券日报
871,2020-07-25,触底反弹，复星(00656)增长可期,智通财经
872,2020-07-24,2020Q2商业贸易行业公募基金持仓分析：行业重仓持股市值环比提升 专业连锁板块获增配,新浪
873,2020-07-23,零售行业点评报告：零售行业获超配但比例略有回落 电商市场关注度持续提升,新浪
874,2020-07-23,金价创9年来新高，融资客斥资逾17亿元潜伏6只黄金股,Wind
875,2020-07-22,中国短期融资券及中期票据信用分析周报,新浪
876,2020-07-22,蚂蚁金服指数午盘涨1.4%，财通证券获主力净流入7.4亿元,Wind
877,2020-07-22,【国信零售|黄金珠宝行业系列】线上化将如何推动黄金珠宝行业迈入发展新纪元,光仔看消费
878,2020-07-21,蚂蚁金服指数收涨4.18%，张江高科、复星医药、凤凰传媒主力资金净流入居前,Wind
879,2020-07-21,保利发展上半年总营收737亿 新湖中宝拟设10.5亿CMBS,腾讯网
880,2020-07-20,豫园股份拟发行10亿元中期票据 期限不超过3年,观点地产网
881,2020-07-16,豫园股份与意大利珠宝品牌Damiani成立合资公司,第一财经
882,2020-07-13,珠宝行业开启消费新时代，豫园股份能否成为“搅局者”？,阿尔法工场
883,2020-07-10,引入国际知名珠宝品牌 豫园股份加速布局珠宝时尚生态链,中证网
884,2020-07-10,杠杆资金跑步入场，两融余额7天增逾1600亿,Wind
885,2020-07-10,融资客青睐12股，洪都航空买入占比高达45.35%,Wind
886,2020-07-10,A股早报2020年7月10日星期五,Wind
887,2020-07-10,股、金、汇携手齐涨，减持也来了！,Wind
888,2020-07-09,煤飞色舞！多品种涨价纷至沓来，下个风口是谁,Wind
889,2020-07-09,A股收盘综述：上证指数涨1.39%录得8连升，创业板指大涨4%,Wind
890,2020-07-09,解盘：300亿资金流入，光刻胶、次新股、生物疫苗领涨,Wind
891,2020-07-09,A股午盘综述：上证指数涨逾1%，创业板指涨3.7%,Wind
892,2020-07-09,黄金概念股持续走高 豫园股份等多股涨停,中国经济网
893,2020-07-09,金价刷阶段新高促港A两市黄金股全线上涨园城黄金和豫园股份涨停,格隆汇
894,2020-07-09,黄金板块异动拉升 豫园股份、园城黄金等多股涨停,e公司
895,2020-07-09,黄金概念大幅走强 豫园股份等4股涨停,金融界
896,2020-07-08,【食品饮料】金徽酒：控股股东变更事宜有序推进，看好金徽酒中长期发展 控制人变化,中银证券研究
897,2020-07-07,【A股收盘综述】上证指数连升6日，创业板指涨2.44%,Wind
898,2020-07-07,A股异动|豫园股份(600655.SH)涨停子公司竞得南京一地块,格隆汇
899,2020-07-07,A股午盘综述：上证指数涨逾1%盘中站上3400点，创业板指涨超3%,Wind
900,2020-07-07,金徽酒控股股东签署股份转让补充协议,中国白酒网
901,2020-07-06,控股股东股份锁定承诺获董事会豁免 金徽酒继续推进股权转让事宜 减持股份,中国证券网
902,2020-07-06,亚特集团解除质押金徽酒股份7327万股 推进复星系收购事项,中华网
903,2020-07-06,豫园股份18.37亿收购金徽酒获董事会审议通过,观点地产网
904,2020-07-06,豫园股份：子公司30.9亿元竞得南京玄武区地块,中证网
905,2020-07-06,豫园股份：30.9亿元竞得南京1宗商住用地,中国网
906,2020-07-06,豫园股份：拟18.37亿元收购金徽酒1.52亿股份,乐居财经
907,2020-07-06,豫园股份(600655.SH)：30.9亿元竞得南京玄武区地块,格隆汇
908,2020-07-05,豫园股份:旗下2家单位为上海首批离境退税定点商店,投资家
909,2020-07-03,华谊兄弟：拟向阿里影业、腾讯等发行股票，募资不超22.9亿元,Wind
910,2020-07-03,南京市184.3亿元出让7宗地块 宝龙、苏宁置业、豫园股份各有斩获,中国网
911,2020-07-03,宝龙、豫园股份71.7亿平分南京玄武区两宗商住地 均为底价成交,观点地产网
912,2020-07-03,豫园股份30.9亿元摘得南京市玄武区一宗商住用地 楼面价11030元/㎡,中国网
913,2020-07-02,豫园股份：收购策源股份90.09%股权并完成过户 交易涉现金5.66亿,中华网
914,2020-06-30,豫园股份：成为策源股份第一大股东 控制人变化,中证网
915,2020-06-30,策源股份：第一大股东变更为上海豫园旅游商城（集团）股份有限公司 控制人变化,Wind
916,2020-06-30,豫园收购策源股份90.09%股权完成过户 为后者第一大股东,观点地产网
917,2020-06-30,豫园股份：要约收购手续已办理完毕 持有策源股份90.09%股份成为第一大股东 控制人变化,中国网
918,2020-06-30,豫园股份：要约收购策源股份过户完成 持有90.09%股份,乐居财经
919,2020-06-30,豫园股份(600655.SH)：公司持有策源股份90.09%的股份,格隆汇
920,2020-06-30,2020年下半年商贸零售行业投资策略：消费流量变迁 渠道价值重塑,新浪
921,2020-06-29,豫园股份60亿元小公募公司债券已获上交所受理,中国网
922,2020-06-23,保利投顾研究院地产早茶(6月23日),保利投顾研究院
923,2020-06-22,豫园股份：要约收购上海策源置业顾问股份有限公司生效,中证网
924,2020-06-22,豫园股份要约收购策源股份8108万股 占总股本90.09%,观点地产网
925,2020-06-22,豫园股份一宗40亿元超短期融资券获准注册,中国网
926,2020-06-22,豫园股份(600655.SH)披露要约收购策源股份的结果：预受要约的股份数达8108.35万股,格隆汇
927,2020-06-19,豫园股份(600655.SH)披露要约收购策源股份的进展：要约收购期已届满,格隆汇
928,2020-06-19,豫园股份：要约收购策源股份期限已届满,中国网
929,2020-06-19,涨停复盘 | 创业板指刷新四年新高，新零售板块持续活跃,第一财经
930,2020-06-18,豫园股份：60亿元小公募债已获上交所受理,乐居财经
931,2020-06-17,腰部主播性价比不如素人，上海老字号加快线上线下融合,第一财经
932,2020-06-17,2020年5月社零数据点评：可选弹性释放 必选表现稳健,新浪
933,2020-06-16,豫园股份(600655)：拟收购金徽酒和复星津美,新浪
934,2020-06-16,科技、工业板块机构关注度提升，成长驱动逻辑不变,Wind
935,2020-06-12,“A投A”频现市场 再融资新规玩出“攻守道”,上证报
936,2020-06-09,豫园股份：2019年报拟10派2.9元 股权登记日6月16日,新浪
937,2020-06-09,豫园股份(600655.SH)年报推10派2.9元 股权登记日6月16日,格隆汇
938,2020-06-09,豫园股份(600655)：收购复星津美 继续加码消费产业布局,新浪
939,2020-06-09,“复星系”、“海银系”接连买买买 白酒并购新周期到了？,佳酿网
940,2020-06-08,金徽酒销售净利率下滑 复星系下豫园股份18亿入主“钱景”如何？ 盈利能力下降,投资时报
941,2020-06-08,17股获券商买入评级，汤臣倍健目标涨幅达50.18%,Wind
942,2020-06-06,金徽酒：新舵手能带出重围？,证券市场周刊
943,2020-06-05,金徽酒：新舵手能带出重围？,证券市场周刊
944,2020-06-05,22股获券商买入评级 大族激光目标涨幅达50.47%,Wind
945,2020-06-04,豫园股份加码化妆品市场 拟5.58亿元间接控股AHAVA和WEI,每日经济新闻
946,2020-06-04,豫园股份：20.18亿元竞得苏州市相城区一宗商住用地,中国网
947,2020-06-04,豫园股份(600655.SH)：20.18亿元竞得苏州相城区地块,格隆汇
948,2020-06-04,豫园股份逾5亿元投资收购复星津美，控股两国际知名化妆品牌,澎湃新闻
949,2020-06-04,每日全球并购：豫园股份子公司拟5.58亿元收购复星津美，国信利安拟收购四川阿波罗太阳能85%股权（06/04）,晨哨网
950,2020-06-04,深度布局化妆品赛道 豫园股份拟收购复星津美,上证报
951,2020-06-04,22股获券商买入评级，万科A目标涨幅达67.66%,Wind
952,2020-06-04,豫园股份(600655)：拟收购复星津美74.93%股权，加码化妆品垂直生态,中信建投证券研究
953,2020-06-03,豫园股份拟5.58亿元收购复星津美74.93%股权，间接控股以色列化妆品公司,资本邦
954,2020-06-03,晚间重要公告2020年6月3日星期三,Wind
955,2020-06-03,豫园股份：拟收购复星津美74.93%股权 进一步丰富快乐时尚版图战略性品牌及资源,发布易
956,2020-06-03,豫园股份(600655.SH)：拟向复星消费与科技基金一期继续增资3亿元,格隆汇
957,2020-06-03,豫园股份(600655.SH)：子公司拟5.58亿元投资收购复星津美74.93%股权,格隆汇
958,2020-06-03,32股获券商买入评级 招商蛇口目标涨幅达76.86%,Wind
959,2020-06-02,豫园股份60亿元小公募公司债券获上交所受理,中国网
960,2020-06-02,金徽酒18亿易主复星 郭广昌“豪饮”志在整合 控制人变化,时代在线
961,2020-06-01,22股获券商买入评级，晶盛机电目标涨幅达63.55%,Wind
962,2020-05-31,快讯周评丨复星如愿以偿，金徽如释重负？,糖酒快讯
963,2020-05-31,周谈|Weekly Talk：六月数据重要性凸显，看好可选消费持续回暖,食品饮料光头阳线
964,2020-05-29,金徽酒易主复星系 “西北王”有望加速布局全国市场？ 控制人变化,中国经营网
965,2020-05-29,18.37亿元！金徽酒易主豫园股份 控制人变化,中华网
966,2020-05-29,豫园股份(600655)：收购金徽酒 加速消费全产业链布局,新浪
967,2020-05-29,豫园股份拟收购金徽酒近30%股权 金徽酒涨停,金融界
968,2020-05-29,豫园股份(600655)：拟收购金徽酒30%股份 时尚快乐消费布局再下一城,新浪
969,2020-05-29,A股异动 | 金徽酒(603919.SH)涨停 豫园股份拟18.37亿元收购金徽酒近30%股权,格隆汇
970,2020-05-29,豫园股份拟斥资18亿收购金徽酒，郭广昌将成实控人,环球老虎财经
971,2020-05-29,4股获买入评级 最新:伯 特 利,中财网
972,2020-05-29,23股获券商买入评级，豫园股份目标涨幅达44.10%,Wind
973,2020-05-29,金徽酒逾18亿易主豫园股份 成为复星系白酒板块主力军 控制人变化,长江商报
974,2020-05-29,郭广昌的大消费版图,斑马消费
975,2020-05-29,豫园股份(600655)：收购金徽酒布局白酒赛道 多产业集群协同增效,新浪
976,2020-05-29,郭广昌再度“喝酒” 复星系加速白酒布局,腾讯网
977,2020-05-29,金徽酒易主复星 郭广昌打的什么算盘？ 控制人变化,金融投资报
978,2020-05-28,金徽酒股份被多次质押 豫园股份回应谁来为质押买单？,中华网
979,2020-05-28,“复星系”18.3亿控股金徽，下一个目标是谁？,中国白酒网
980,2020-05-28,每日全球并购：华大智造完成超过10亿美元B轮融资，苹果收购机器学习公司Inductiv以改善Siri数据（05/28）,晨哨网
981,2020-05-28,复星再入白酒局,北京商报
982,2020-05-28,豫园股份拿下第17家老字号 背后唱的是“复星醉酒”？,国际金融报
983,2020-05-28,豫园股份(600655)：拟收购金徽酒29.9%股权并取得控制 持续加码家庭消费产业,新浪
984,2020-05-28,豫园股份5.37亿元竞得金山工业区国有建设用地使用权,上证报
985,2020-05-28,18亿入主金徽酒，复星系如何“快乐饮酒”,时代在线
986,2020-05-28,豫园股份5.37亿摘上海金山一宗商住地 面积约4.91万方,观点地产网
987,2020-05-28,收购金徽酒三成股份 豫园股份18.37亿入主金徽酒,佳酿网
988,2020-05-28,豫园股份(600655)：消费产业驱动 开启新一轮成长,新浪
989,2020-05-28,豫园股份：5.37亿元竞得上海市金山区一宗商住用地,中国网
990,2020-05-28,豫园股份(600655.SH)：5.37亿元竞得上海金山区一宗商住地,格隆汇
991,2020-05-28,【金徽酒事件点评：股东变更不改向好经营趋势，疫情消退销售恢复加快—方正食品饮料200528】,虎哥的研究
992,2020-05-28,豫园股份控股金徽酒 郭广昌正式入主白酒行业,乐居财经
993,2020-05-28,复星系拟18.3亿收购金徽酒29.9%股权 郭广昌将成金徽酒实控人,中国网
994,2020-05-28,拟18.3亿元收购金徽酒近30%股权 豫园股份将成其控股股东,证券日报
995,2020-05-28,豫园股份拟斥资18亿元入主，金徽酒一度跳空涨停,格隆汇
996,2020-05-28,金徽酒18.37亿元易主，“复星系”掌门人郭广昌成实际控制人 控制人变化,中华网
997,2020-05-28,金徽酒控股股东签署《股份转让协议》以12.07元/股转让1.52亿股 减持股份,和讯
998,2020-05-28,最新公告透露利好 15只个股有望爆发（05.28）,中金在线
999,2020-05-28,顶级大佬的无奈之举，除了金徽酒，他还能选谁呢？,新浪
1000,2020-05-27,郭广昌再“饮酒”！旗下豫园股份布局白酒赛道 拟18.37亿元收购金徽酒约30%股权,每日经济新闻
1001,2020-05-27,18.37亿！豫园股份成金徽酒控股股东,中华网
1002,2020-05-27,豫园股份拟18.37亿元收购金徽酒29.9%股权 成为其控股股东 控制人变化,e公司
1003,2020-05-27,豫园股份拟收购金徽酒29%股权，交易总价款为18.4亿元,第一财经
1004,2020-05-27,豫园股份拟18.3亿收购金徽酒29.9%股权,上证报
1005,2020-05-27,豫园股份18.37亿元收购白酒品牌金徽酒约30%股份,观点地产网
1006,2020-05-27,豫园股份拟18.37亿元溢价收购金徽酒控股权,上证报
1007,2020-05-27,豫园股份：拟18.36亿元协议收购金徽酒29.999%股份,中国网
1008,2020-05-27,豫园股份：拟收购金徽酒29.99998%股权 交易总价款为18.4亿元,金融界
1009,2020-05-27,豫园股份：拟18.37亿元收购金徽酒近30%股权 成为其控股股东 控制人变化,e公司
1010,2020-05-27,豫园股份：拟收购金徽酒29.99998%股权，成为其控股股东,Wind
1011,2020-05-27,豫园股份(600655.SH)：公司成为金徽酒控股股东 控制人变化,格隆汇
1012,2020-05-27,豫园股份45.3亿元揽下ST舍得控股权,中证报
1013,2020-05-26,资本圈 | 会德丰可能6月19日起退市 平安香港总部大楼增资113亿港元 风险警示,观点地产网
1014,2020-05-26,豫园股份获准注册发行50亿中期票据,观点地产网
1015,2020-05-26,豫园股份：50亿元中期票据获准注册,中国网
1016,2020-05-26,豫园股份(600655.SH)获批注册50亿元中期票据,格隆汇
1017,2020-05-22,22.9亿定增交易突现变数！华谊兄弟当前资金缺口超40亿,投资时报
1018,2020-05-20,健康城市新物种 复地发布“WISE健康+”体系赋能家庭生活,和讯
1019,2020-05-20,豫园股份：拟5.95亿元收购策源股份94.69%股份,澎湃新闻
1020,2020-05-20,豫园股份拟6月19日前完成收购策源股份总股本94.69%,观点地产网
1021,2020-05-20,豫园股份(600655.SH)拟要约收购策源股份并已收到要约收购证券代码,格隆汇
1022,2020-05-19,薇娅、国潮、二次元——A股老兵豫园股份，在董事长徐晓亮心中还是那个少年,每日经济新闻
1023,2020-05-17,豫园股份成功发行首笔10亿元超短期融资券,证券日报
1024,2020-05-16,豫园股份成功发行10亿元超短期融资券 利率为2.20%,观点地产网
1025,2020-05-15,豫园股份成功发行首笔超短期融资券,证券时报网
1026,2020-05-15,走进豫园股份：老字号发力线上业务 疫情之下业绩抢眼|全景云调研,全景网
1027,2020-05-15,豫园股份：成功发行10亿元超短期融资券 票面利率2.20%,中国网
1028,2020-05-15,豫园股份(600655.SH)完成发行10亿元超短期融资券,格隆汇
1029,2020-05-15,豫园股份“云调研”：用流行的方式诉说经典，豫园已做好准备迎接国潮老字号盛宴,全景网
1030,2020-05-13,豫园股份2020年第一期超短期融资券发行金额调为10亿元,观点地产网
1031,2020-05-13,中国短期融资券及中期票据信用分析周报,新浪
1032,2020-05-11,国货品牌崛起背后：从营销增量到新品孵化“缝合”产业链,第一财经
1033,2020-05-11,【国信零售|年报暨一季报综述】必选及电商表现相对突出，可选消费复苏可期,光仔看消费
1034,2020-05-09,错失豫园2020新春民俗艺术灯会？云上“中国品牌日”见,上观
1035,2020-05-08,珠宝年报|老凤祥低毛利率难解 经营净现金流连续为负,新浪
1036,2020-05-06,五一小长假结束后没玩够是不是不甘心。豫园股份星泓带你享受新政策,证券之星
1037,2020-05-06,豫园股份：累计回购A股股份1000万股 占公司总股本的0.2575%,中国网
1038,2020-05-06,豫园股份：复星高科技累计增持公司96.862万股A股,中国网
1039,2020-05-06,豫园股份(600655.SH)：复星高科技累计增持96.862万股A股,格隆汇
1040,2020-05-06,豫园股份(600655.SH)：回购期届满 已累计回购7402.53万元的股份,格隆汇
1041,2020-05-06,逆势募资23亿，国资首度入股，华谊兄弟（300027.SZ）为何获资本青睐？,格隆汇
1042,2020-04-30,加入消费“复苏”计划：复星旗下多板块业务启动线上线下促销活动,21世纪经济报道
1043,2020-04-30,豫园股份回复上交所对2019年销售下降、业绩承诺等疑问 问询,观点地产网
1044,2020-04-30,豫园股份回复关注函：2019年度黄金珠宝板块收入增长可以被会计师获得的审计证据支持 关注函,Wind
1045,2020-04-30,拯救“华谊兄弟们”：影视A股掀募资潮 股价票房能否绝地逢生,华夏时报
1046,2020-04-30,华谊兄弟22.9亿定增加码“影视+实景” 阿里系腾讯系联袂捧场,上证报
1047,2020-04-30,一年巨亏40亿：华谊兄弟 引入豪华战投“补血” 重大损失,21世纪经济报道
1048,2020-04-29,华谊兄弟拟定增23亿加码新商业模式 腾讯与阿里影业等重磅战投联袂捧场,上证报
1049,2020-04-29,阿里、腾讯同时相中！巨亏40亿的华谊兄弟，突然涨停了 重大损失,中国基金报
1050,2020-04-29,华谊近定增背后：腾讯阿里再平衡 流动性危机依旧,21世纪经济报道
1051,2020-04-29,华谊兄弟逆市定增22.9亿元国资首度入局 腾讯、复星系、阿里影业再加码,中证网
1052,2020-04-29,华谊兄弟逆市定增22.9亿元 国资首度入局,中证网
1053,2020-04-29,华谊近23亿定增背后:腾讯阿里再平衡 流动性危机依旧,21世纪经济报道
1054,2020-04-29,太罕见！阿里、腾讯同时相中，这家巨亏40亿A股公司，突然涨停了！ 重大损失,中国基金报
1055,2020-04-29,华谊兄弟：业绩跳水巨亏40亿 阿里腾讯成为战投“供血”还债 盈利能力下降,新浪
1056,2020-04-29,华谊定增23亿，国资首入局、腾讯阿里再加码,36氪
1057,2020-04-29,华谊开盘涨停：定增23亿 阿里腾讯复星携手国资战投入局,新浪
1058,2020-04-29,复地集团去年总营收454亿 地产开发业务收入占比降至45% 盈利能力下降,观点地产网
1059,2020-04-29,华谊兄弟逆市定增23亿：腾讯、复星系、阿里影业再加码 国资首度入局,中国财富网
1060,2020-04-29,华谊兄弟去年亏40亿，拟从阿里、腾讯等9战投处募资23亿“补血” 亏损,搜狐
1061,2020-04-29,华谊兄弟：拟向腾讯、阿里影业等非公开发行股票 募集资金不超23亿元,发布易
1062,2020-04-29,引入阿里、腾讯、复星系，这家创业板公司拟募资不超22.9亿元,中证报
1063,2020-04-28,阿里腾讯们23亿的“救命药”，救得了巨亏40亿的华谊兄弟吗？ 重大损失,36氪
1064,2020-04-27,豫园股份：发行超短期融资券获得批准,金融界
1065,2020-04-27,豫园股份：40亿元超短期融资券获准注册,中国网
1066,2020-04-27,豫园股份获批注册40亿元超短期融资券额度,观点地产网
1067,2020-04-27,上海“五五购物节” 已吸引商家补贴130亿元,第一财经
1068,2020-04-26,百联、豫园等扎堆“五五购物节”，老字号加速数字化转型,第一财经
1069,2020-04-25,豫园股份将举办国潮游园会 全面推动老字号升级,上证报
1070,2020-04-25,郭广昌二度重组豫园股份,乐居财经
1071,2020-04-24,策源股份收到豫园股份要约收购报告书,上证报
1072,2020-04-24,【中信建投零售】豫园股份：Q1收入逆势提升，扣非业绩同比增长36%,建投纺服零售
1073,2020-04-24,豫园股份要约收购新三板关联公司策源股份,资本邦
1074,2020-04-24,复星地产业务注入豫园股份，拟要约收购策源股份100%股权,澎湃新闻
1075,2020-04-24,豫园股份：前3月房地产物业开发实现销售签约额约20.8亿元,中国网
1076,2020-04-24,豫园股份控股收购法国DJULA,经济日报
1077,2020-04-24,豫园股份：拟要约收购上海策源100%股权,中国网
1078,2020-04-24,郭广昌的一步新棋：私有化策源装入豫园股份,乐居财经
1079,2020-04-24,【华泰零售 林寰宇】豫园股份：Q1珠宝时尚实现营收正增长,华泰家电研值
1080,2020-04-23,豫园股份第一季度归母净利3.25亿 总资产1007.8亿,观点地产网
1081,2020-04-23,豫园股份一季度营收103.03亿 物业开发销售营收为41.5亿,观点地产网
1082,2020-04-23,豫园股份拟要约收购策源股份100%股权 另增资时装公司3.51亿,观点地产网
1083,2020-04-23,豫园股份一季度营业收入同比增27.1% 扣非净利润同比增35.81%,证券时报网
1084,2020-04-23,复星国际(00656)：豫园股份一季度营业收入103亿元 同比增长27.10%,智通财经
1085,2020-04-23,复星国际(00656.HK)：豫园股份一季度扣非净利润升35.81%至3.64亿元,格隆汇
1086,2020-04-23,豫园股份(600655.SH)一季度扣非净利润升35.81%至3.64亿元,格隆汇
1087,2020-04-23,豫园股份：拟向FFG增资4600万欧元 持股7.8%,中国网
1088,2020-04-23,豫园股份：一季度净利润同比减少19.1% 盈利能力下降,Wind
1089,2020-04-20,131股获券商买入评级，鲁亿通目标涨幅达99.33%,Wind
1090,2020-04-17,豫园股份合肥星泓城消防遭通报 复星集团总投资85亿,中国经济网
1091,2020-04-13,复星国际净利8连增加码线上营销 5家子公司贡献超八成收入,长江商报
1092,2020-04-11,【安信证券】复星国际2019年报点评：利润稳步增长，战略聚焦助于提高ROE,新角度新金融
1093,2020-04-11,上市公司正负面新闻2020年4月11日星期六,Wind
1094,2020-04-10,土地热线 | 广州167公顷旧改招标 无锡69亿挂牌6宗地,观点地产网
1095,2020-04-10,豫园股份14.72亿竞得长沙岳麓区一宗商住地 不排除合作开发,观点地产网
1096,2020-04-10,豫园股份：上海全资子公司14.72亿元长沙拿地,Wind
1097,2020-04-10,豫园股份：14.72已经竞得长沙市一宗商住用地,中国网
1098,2020-04-10,豫园股份(600655.SH)子公司14.72亿元竞得长沙市房地产项目,格隆汇
1099,2020-04-08,货币资金负增长，资产负债率走高，豫园股份还能顺利买买买吗？ 偿债能力下降,投资时报
1100,2020-04-08,豫园股份：前3月短期闲置资金实现收益712.60万元,中国网
1101,2020-04-05,【近两周待发项目0405】中山证券承销信用债及ABS,中山证券债券发行
1102,2020-04-02,复星国际去年利润增10% 高管回应新冠肺炎疫苗进度,新京报
1103,2020-04-01,观点直击 | 郭广昌：去年不易今年更难 复星2020年的增长要靠“聚焦”（实录）,观点地产网
1104,2020-04-01,豫园股份3月无新增股份回购 目前累计回购1000万股,观点地产网
1105,2020-04-01,豫园股份：累计回购1000万股公司股份 涉及金额7402万元,中国网
1106,2020-04-01,豫园股份(600655.SH)：截至3月底累计回购7402.53万元的股份,格隆汇
1107,2020-03-31,一线丨复星国际2019收入1429.8亿元增31％，超四成来自海外,腾讯网
1108,2020-03-31,复星国际(00656.HK)发布2019全年业绩：利润保持两位数增长，苦练内功应对疫情,格隆汇
1109,2020-03-26,91股获券商买入评级 精工钢构目标涨幅达70.16%,Wind
1110,2020-03-25,石琨：以用户视角拓展豫园股份产业谱系,中证网
1111,2020-03-25,【山证零售】豫园股份（600655.SH）：产地融合双轮驱动，战略投资丰富经营版图,山西证券研究所
1112,2020-03-24,豫园股份2019年营收同比上涨26.47% 2020年经营目标不变,每日经济新闻
1113,2020-03-24,鹰眼预警：豫园股份营收净利双增 短期偿债能力趋弱,新浪
1114,2020-03-24,【面包财报】豫园股份：2019年归母净利润32.08亿元，同比增长5.79%,面包财经
1115,2020-03-24,豫园股份：2019年归母净利润32.08亿元，同比增长5.79%,面包财经
1116,2020-03-24,港股异动︱附属豫园股份年度归母净利增5.79%至32.08亿 复星国际(00656)涨超9%,智通财经
1117,2020-03-24,【华泰零售 林寰宇】豫园股份：业绩稳健增长，时尚产业布局积极推进,华泰家电研值
1118,2020-03-24,拟收购策源股份，豫园股份2019盈利32.08亿元,资本邦
1119,2020-03-24,复星国际(00656-HK)：豫园股份(600655-CN)2019年度多赚6.2%,财华社
1120,2020-03-24,盘前必读公告：上市公司重大消息一览！,巨丰财经
1121,2020-03-24,全面修复产业链，上海上市公司复工“有招”,Wind
1122,2020-03-23,A股头条之上市公司（3.24）,金融界
1123,2020-03-23,豫园股份：要约收购上海策源置业顾问股份有限公司,金融界
1124,2020-03-23,每日全球并购：豫园股份收购法国轻奢珠宝品牌DJULA55.4%股权，LVMH集团或以购买股票更低市价收购Tiffany（03/23）,晨哨网
1125,2020-03-23,豫园股份2019年营收429.12亿元 拟10派2.9元,证券日报
1126,2020-03-23,豫园股份：去年营业收入429亿元，同比增加26%,澎湃新闻
1127,2020-03-23,豫园股份发布2019年业绩报告：600余场直播带动创新营销，发力高黏性线上线下会员运营,金融界
1128,2020-03-23,豫园股份探索新营销 公司会员规模超800万,上证报
1129,2020-03-23,每日并购资讯 | 吉翔股份24亿元收购无人机资产；普利特拟1亿元收购振兴化工80%股权 前次重组刚收深交所问询函,和讯
1130,2020-03-23,豫园股份持续高增长：2019年营收429.12亿元 净利润32.08亿元,上证报
1131,2020-03-23,豫园股份2019年净利32.08亿元 拟要约收购策源股份100%股权,e公司
1132,2020-03-23,豫园股份：预计2020年为子公司担保总额不超过354.62亿元 大额借贷担保,中国网
1133,2020-03-23,豫园股份2019年度分配预案：拟10派2.9元,证券时报网
1134,2020-03-23,豫园股份：拟发行60亿元公司债券,中国网
1135,2020-03-23,复星国际(00656)：豫园股份年度归母净利润增5.79%至32.08亿元,智通财经
1136,2020-03-23,豫园股份2019年扣非后净利增长逾四成 拟10派2.9元,金融界
1137,2020-03-23,豫园股份拟要约收购策源股份100%股权 拓展房地产业务链条,北京商报
1138,2020-03-23,复星国际(00656.HK)：豫园股份2019年度净利升5.79%至32.08亿元,格隆汇
1139,2020-03-23,豫园股份2019年营收增26.48%至429亿 归母净利增5.79%,观点地产网
1140,2020-03-23,豫园股份：推进产城融合|透析房企布局,乐居财经
1141,2020-03-23,豫园股份(600655.SH)2019年度净利升5.79%至32.08亿元 拟10派2.9元,格隆汇
1142,2020-03-23,豫园股份：2019年净利同比增5.79% 拟要约收购策源股份100%股权,e公司
1143,2020-03-23,豫园股份：拟以8.42亿元收购复地东郡32%股权,金融界
1144,2020-03-23,年报｜豫园股份：2019归母净利润32.08亿元 同比增长5.79%,乐居财经
1145,2020-03-23,豫园股份：2019年归属股东净利润32.08亿元同比增5.79%,中国网
1146,2020-03-23,豫园股份：2019年净利润同比增长5.79%,Wind
1147,2020-03-23,豫园股份：2019年净利润32.1亿元，拟10派2.9元,Wind
1148,2020-03-17,A股半数公司跌逾10%，这120家高股息率高增长公司或被误伤,Wind
1149,2020-03-09,华绿生物拟二度冲击IPO 九成收入来自金针菇或有风险,投资者网
1150,2020-03-02,豫园股份：累计回购1000万股 占公司总股本0.26%,乐居财经
1151,2020-03-02,豫园股份(600655.SH)截至2月末累计回购1000.01万股涉资7402.53万元,格隆汇
1152,2020-03-02,豫园股份：累计回购1000万股公司股份 占公司总股本的0.2575%,中国网
1153,2020-02-28,青岛啤酒股份：樊伟辞任执行董事和总裁职务 董监高成员变化,新京报
1154,2020-02-27,青岛啤酒拟跨界布局威士忌 公司人士：长远来看，黄酒我们也有兴趣,每日经济新闻
1155,2020-02-24,豫园股份：公司注册资本变更为38.84亿元人民币,中国网
1156,2020-02-24,豫园股份：成功发行19亿元公司债券 票面利率3.60%,中国网
1157,2020-02-21,复星国际高层大调整：汪群斌任联席董事长 陈启宇、徐晓亮联席CEO 董监高成员变化,观点地产网
1158,2020-02-20,豫园股份2020年首发19亿元公司债,中证网
1159,2020-02-20,豫园股份确定19亿元公司债票面利率为3.60%,证券日报
1160,2020-02-20,19亿元公司债券品种一票面利率为3.60%品种二未发行,搜狐
1161,2020-02-19,豫园股份：千万捐赠专项抗疫 复工防疫两手抓,证券时报网
1162,2020-02-19,[公司]豫园股份拟捐款1000万元用于支持抗击新冠肺炎疫情|资本市场 同心抗疫,全景网
1163,2020-02-19,豫园股份(600655.SH)：决定捐款1000万元用于支持抗疫,格隆汇
1164,2020-02-19,豫园股份：为应对疫情 向上海复星公益基金会专项捐款1000万元,中国网
1165,2020-02-18,豫园股份拟发行19亿公司债 用于偿还到期债务和补充流动资金,观点地产网
1166,2020-02-18,豫园股份：拟发行19亿元公司债券,乐居财经
1167,2020-02-10,【近两周待发项目0209】中山证券承销信用债及ABS,中山证券债券发行
1168,2020-02-05,豫园股份1.66亿元回购方案开始执行,证券时报网
1169,2020-02-05,豫园股份(600655.SH)首次回购38.77万股A股涉资272.15万元,格隆汇
1170,2020-02-05,A股“抗疫”进行时：多家上市公司启动预热式护盘,Wind
1171,2020-02-05,A股“抗疫”进行时：多家上市公司启动预热式护盘,21世纪经济报道
1172,2020-02-04,A股翻红 近10家上市公司拟增持或回购股票 多家基金公司认购自家产品,经济观察网
1173,2020-02-04,豫园通过回购股份议案 控股股东承诺6个月内无减持计划,观点地产网
1174,2020-02-04,提振信心 上市公司奏响护盘“四部曲”,北京商报网
1175,2020-02-03,豫园股份：拟回购不超过2000万股公司A股股份,中金在线
1176,2020-02-03,豫园股份宣布1.66亿元股份回购计划,上证报
1177,2020-02-03,豫园股份拟1.66亿回购最多2000万股 用于股权激励计划,观点地产网
1178,2020-02-03,豫园股份：拟回购1000万股至2000万股,e公司
1179,2020-02-03,豫园股份(600655.SH)拟回购1000万股-2000万股A股 回购价不超8.3元/股,格隆汇
1180,2020-01-17,上海人大代表徐晓亮：建议豫园地区打造长三角文化交融新高地,上证报
1181,2020-01-13,黄金机遇正起之时，招金矿业（01818）管理层再获股东激励,智通财经
1182,2020-01-13,复星国际联席总裁、豫园股份董事长徐晓亮就任上海国际时尚联合会会长,证券时报网
1183,2020-01-13,豫园股份附属公司H股全流通申请获受理 并设激励机制,观点地产网
1184,2020-01-13,豫园股份：招金矿业H股全流通申请获证监会受理,e公司
1185,2020-01-08,豫园股份：2019年公司闲置资金实现收益1274.77万元,中国网
1186,2020-01-07,豫园股份2019年短期闲置资金投资收益1274.77万元,观点地产网
1187,2019-12-26,复地产发首进珠海 积极推进产城融合,和讯
1188,2019-12-26,解局 | 豫园股份35亿珠海拿地与它的地产角色,观点地产网
1189,2019-12-26,豫园股份：全资子公司近35亿元竞得珠海一宗地块,发布易
1190,2019-12-26,豫园股份：34.83亿元摘珠海一房地产项目,乐居财经
1191,2019-12-26,豫园股份：34.83亿元竞得珠海斗门区1宗商住用地,中国网
1192,2019-12-14,下周401亿市值限售股解禁，环比增加95.22% 解禁,Wind
1193,2019-12-13,豫园股份3.75亿摘江苏如东一宗地 另解锁139.92万限制股,观点地产网
1194,2019-12-13,豫园股份(600655.SH)：139.92万股限制性股票12月18日解锁上市,格隆汇
1195,2019-12-13,豫园股份(600655.SH)：子公司3.75亿元竞得江苏如东一宗商住地,格隆汇
1196,2019-12-09,复星时尚董事长：正接洽外部战略合作者 无IPO时间表,新浪
1197,2019-12-07,从投资部门到产业集团董事长 程云阐释复星时尚的生意经,每日经济新闻
1198,2019-12-06,两市下周441亿市值限售股解禁，环比增加504.52% 解禁,Wind
1199,2019-12-06,豫园股份借款余额达301.8亿元 较去年末新增71.4亿 大额借贷担保,观点地产网
1200,2019-12-06,豫园股份：前11月累计新增借款71.40亿元 占上年末净资产的22.19% 大额借贷担保,中国网
1201,2019-12-06,豫园股份(600655.SH)当年累计新增借款超上年末净资产20% 大额借贷担保,格隆汇
1202,2019-12-06,豫园股份：当年累计新增借款占上年末净资产的22.19% 大额借贷担保,Wind
1203,2019-12-05,豫园股份(600655.SH)完成授予301.8万股限制性股票,格隆汇
1204,2019-12-05,豫园股份：授予41名激励对象301.8万股限制性股票,中国网
1205,2019-12-05,豫园股份：365万份2019年员工期权激励计划授予登记完成,中国网
1206,2019-12-04,豫园股份参与海鸥表业混改 老牌腕表重拾“昔日时光”,经济日报
1207,2019-12-01,豫园股份完成发行6亿公司债 票面利率4.95%,观点地产网
1208,2019-11-27,豫园股份发行最多6亿元公司债利率确定为4.95%,观点地产网
1209,2019-11-27,收购海鸥表业豫园股份旗下老字号已达16个,中国商报
1210,2019-11-25,豫园股份：拟发行6亿元公司债券,乐居财经
1211,2019-11-25,豫园股份最多发行6亿元五年期公司债 票面利率未定,观点地产网
1212,2019-11-25,豫园股份：拟发行3亿元公司债券并于上交所上市,中国网
1213,2019-11-24,又一传统巨头易主 豪掷5.22亿占股65% 复星拿下新中国第一块手表,投中网
1214,2019-11-21,豫园股份收购海鸥手表 打造国民腕表战略布局,上证报
1215,2019-11-21,豫园股份拿下新中国“第一块手表”，“上海牌”“海鸥牌”从此比翼齐飞,上观
1216,2019-11-21,豫园股份：回购注销31.99万股股份 价格为3.61元/股,中国网
1217,2019-11-21,豫园股份(600655.SH)拟回购注销31.99万股限制性股票,格隆汇
1218,2019-11-21,豫园股份拿下新中国“第一块手表” 旗下老字号已达16个,中国商网
1219,2019-11-21,豫园股份拟作价5.22亿增资表业品牌天津海鸥,北京商报
1220,2019-11-21,上海汉辰获海鸥表业65%股权 前者为豫园股份子公司,新浪
1221,2019-11-20,加码腕表业务 豫园股份拟5.22亿元控股天津海鸥,每日经济新闻
1222,2019-11-20,新中国“第一块手表”易主 豫园股份拟获海鸥65%股权,e公司
1223,2019-11-20,豫园股份控股收购海鸥表业 以实际行动响应国企混改,证券日报
1224,2019-11-20,复星参与天津国资混改：旗下豫园股份5.22亿控股海鸥表业65%股权,21世纪经济报道
1225,2019-11-20,豫园股份控股收购海鸥表 携上海表迎国民腕表时代,上证报
1226,2019-11-20,豫园股份拟5.22亿元增资收购天津海鸥表业公司65%股权,金融界
1227,2019-11-20,5亿元控股天津海鸥，豫园股份出手首只国产手表制造商,新京报
1228,2019-11-20,豫园股份购买天津海鸥表业65%股权 交易总价约5.22亿元,乐居财经
1229,2019-11-20,豫园股份：斥5.2亿元收购“海鸥手表”65%股权,乐居财经
1230,2019-11-20,豫园股份：拟逾5亿元获得天津海鸥65%股权,e公司
1231,2019-11-20,豫园股份(600655.SH)拟5.22亿元获取天津海鸥表业集团65%的股权,格隆汇
1232,2019-11-19,豫园股份：双主业驱动公司未来三年业绩稳步增长,证券时报网
1233,2019-11-18,A股市场破净股一览（11月18日）,Wind
1234,2019-11-18,"豫园股份(600655.SH):""18豫园01""26日付息 每手派息49.70元",格隆汇
1235,2019-11-14,复星系新动向：豫园股份作价12.64亿元收购星圻投资,新京报
1236,2019-11-14,早知道:标普500再创收盘新高 沪指2900以守为攻,网易
1237,2019-11-14,财经早报：A股正开启新一轮七年周期 一新股今日申购,新浪
1238,2019-11-13,复星地产业务继续注入：豫园股份拟12.6亿购星圻投资股权,澎湃新闻
1239,2019-11-13,公告精选：海康威视两名董事遭证监会立案调查；獐子岛称尚未获知虾夷扇贝死亡具体原因,e公司
1240,2019-11-13,11月13日上市公司晚间公告速递,新浪
1241,2019-11-13,豫园股份：闵光房产拟收购星圻投资100%股权 持续打造复合功能地产业务,发布易
1242,2019-11-13,豫园股份：12.6403亿元收购星圻投资100%股权,中国网
1243,2019-11-13,豫园股份：拟12.64亿元收购星圻投资100%股权,e公司
1244,2019-11-11,2019年商业贸易行业三季报总结【申万宏源零售】,消费共伊语
1245,2019-11-08,豫园股份：“18豫园01”持有人会议审议通过两项议案,Wind
1246,2019-11-06,黄金股持续低迷,Wind
1247,2019-11-04,豫园股份首次亮相进博会 展现国潮魅力,上证报
1248,2019-11-01,工商银行：“17豫园商城MTN001”持有人会议审议通过相关议案,Wind
1249,2019-11-01,浦发银行：“18豫园商城MTN001”等债券持有人会议均未生效,Wind
1250,2019-11-01,豫园股份(600655.SH)向50名激励对象授予365万份员工期权,格隆汇
1251,2019-11-01,豫园股份(600655.SH)向41名激励对象授予301.8万股限制性股票,格隆汇
1252,2019-10-30,产业运营提升 豫园股份前三季度营收同比增35.76%,腾讯网
1253,2019-10-29,【华泰商贸 林寰宇】豫园股份：营业收入及扣非净利润快速增长,华泰家电研值
1254,2019-10-28,豫园股份公布三季报 前三季净利增加9.02%,新浪
1255,2019-10-28,复星国际(00656.HK)：豫园股份前三季度净利润增长9.02%至12.39亿元,格隆汇
1256,2019-10-28,复星国际:豫园股份前三季股东应占净利同比增长9.02%,新浪
1257,2019-10-28,豫园股份前3季营收270.82亿元 同比增长35.76%,观点地产网
1258,2019-10-28,豫园股份：前三季度净利润同比增9.02%,Wind
1259,2019-10-28,豫园股份：前三季度归属股东净利润12.39亿元,中国网
1260,2019-10-28,豫园股份：前三季度房地产物业开发实现销售签约额约69.6亿元,中国网
1261,2019-10-28,豫园股份(600655.SH)前三季度扣非净利润升195.59%至10.91亿元,格隆汇
1262,2019-10-24,豫园股份：2019年第四次股东大会（临时会议）决议公告,上交所
1263,2019-10-21,豫园股份：延期至11月6日召开“18豫园01”持有人会议,Wind
1264,2019-10-16,行业景气度上行，关注三季报绩优个股—商业贸易行业2019年三季报业绩前瞻【申万宏源零售】,消费共伊语
1265,2019-10-14,工商银行：10月28日召开“17豫园商城MTN001”持有人会议,Wind
1266,2019-10-14,浦发银行：10月28日召开“18豫园商城MTN001”等债券持有人会议,Wind
1267,2019-10-11,豫园股份：前9月公司短期闲置资金实现收益885.27万元,中国网
1268,2019-10-11,豫园股份：成功发行5亿元短期融资券 利率3.62%,中国网
1269,2019-10-08,豫园股份：拟发行10亿元短期融资券 用于偿还借款、补充流动资金,中国网
1270,2019-09-26,珠宝公司成长能力:行业分化明显 金洲慈航营收降8成 盈利能力下降,新浪
1271,2019-09-25,珠宝公司H1：金洲慈航毛利率为负 东方金钰费用暴增,新浪
1272,2019-09-25,"珠宝公司现金流：金一文化""失血""最多 失血理由存疑 运营能力下降",新浪
1273,2019-09-24,豫园股份：将回购注销31.99万股股票 回购价格为3.61元/股,中国网
1274,2019-09-24,豫园股份(600655.SH)拟回购注销31.99万股限制性股票,格隆汇
1275,2019-09-12,豫园股份多起收购遭质疑：上交所追问溢价收购复星财务合理性 拟购金针菇企业IPO曾被否 问询,中国网
1276,2019-09-03,豫园股份回复上交所问询：3.3亿元交易对价具备合理性 问询,观点地产网
1277,2019-09-03,豫园股份回复问询：公司在财务公司的存款不存在潜在的合同安排 问询,Wind
1278,2019-09-03,【申万宏源零售】王府井 (600859)：二季度业绩环比改善，奥莱持续高速增长,消费共伊语
1279,2019-09-01,复星国际徐晓亮：鼓励旗下各大产业对接资本市场,新浪
1280,2019-08-30,【申万宏源零售】科锐国际 (300662)：业绩符合预期，灵活用工业务增速显著,消费共伊语
1281,2019-08-30,"中信建投：将豫园股份评级调高为""买入""",Wind
1282,2019-08-29,【申万宏源零售】永辉超市 (601933) ：盈利能力显著提升，科技赋能公司战略发展,消费共伊语
1283,2019-08-29,豫园股份：子公司7.33亿元获得重庆两江新区地块使用权,中国网
1284,2019-08-28,复星国际半年赚76亿元 首次派发中期股息,新京报
1285,2019-08-27,豫园股份遭问询：说明收购少数股权的合理性和必要性 问询,新浪
1286,2019-08-27,豫园股份：收到上交所问询函 问询,Wind
1287,2019-08-27,豫园股份拟3.3亿受让复星财务公司15％股权收问询:说明交易方式与资金安排 问询,金融界
1288,2019-08-27,豫园股份上半年净利10亿元，拟收购复星财务公司15%股权,澎湃新闻
1289,2019-08-26,豫园股份上半年净利润增长174.19%,中证网
1290,2019-08-26,豫园股份2019年上半年净利10.21亿基本完成豫园大中后台共享赋能体系建设,挖贝网
1291,2019-08-26,豫园股份上半年净利10.21亿元 持续高速增长,证券时报网
1292,2019-08-26,豫园股份：拟3.3亿元收购复星财务公司15%股权,金融界
1293,2019-08-26,复星国际(00656.HK)：豫园股份上半年扣非净利润升313.43%至8.87亿元,格隆汇
1294,2019-08-26,豫园股份：上半年净利润同比增9.31%,Wind
1295,2019-08-14,豫园股份：27.67亿元夺昆明市三宗国有建设用地使用权,乐居财经
1296,2019-08-14,豫园股份：子公司27.67亿元竞得昆明市西山区三宗地块,发布易
1297,2019-08-02,豫园股份5.44亿摘得长春九台经济开发区36.25万平米土地,观点地产网
1298,2019-08-02,[快讯]豫园股份:获取房地产项目,中财网
1299,2019-08-02,豫园股份：5.44亿元竞得长春市4宗商住用地,中国网
1300,2019-08-01,豫园股份子公司因销售违规遭杭州通报 网签资格被暂停 关联方问题,中国网
1301,2019-07-30,39股获券商买入评级 国联水产目标涨幅达94.90%,Wind
1302,2019-07-29,"豫园股份:珠宝时尚板块拉动业绩大增,收购如意情加速布局文化餐饮产业链",申万宏源
1303,2019-07-27,1股获买入评级 最新:豫园股份,中财网
1304,2019-07-26,豫园股份（600655.SH）跨界做餐饮，意欲何为？,格隆汇
1305,2019-07-25,豫园股份溢价4.5亿收购如意情 三年并购近300亿资产扩张,长江商报
1306,2019-07-24,郭广昌看上IPO曾被否的如意情 “金针菇三兄弟”会师A股？ IPO融资异常,每日经济新闻
1307,2019-07-24,豫园股份拟6.99亿元控股食用菌公司如意情,中证网
1308,2019-07-24,落地大食品大餐饮战略 豫园股份拟收购并控股食用菌头部企业,发布易
1309,2019-07-24,豫园股份：拟7亿元收购食用菌企业如意情55.5%股权,e公司
1310,2019-07-24,豫园股份：公司拟以6.99亿元收购如意情,金融界
1311,2019-07-24,豫园股份：拟6.98亿元收购如意情55.5%股权,第一财经
1312,2019-07-24,豫园股份：拟6.99亿元收购“如意情”55.5%股权,Wind
1313,2019-07-23,公告汇总：豫园股份上半年净利预增155%-182%,网易
1314,2019-07-23,豫园股份2019年上半年净利将增加5.8亿元到6.8亿元 珠宝时尚板块盈利水平持续提升,挖贝网
1315,2019-07-23,新城目前拟出售项目约40个；合景泰富发3亿美元票据；保利拟转长春国兴房地产|公告晚参,乐居财经
1316,2019-07-23,豫园股份：预计上半年净利润同比增长1.55倍~1.82倍,Wind
1317,2019-07-23,豫园股份拟申购10亿中期票据 利率区间4.2%-5.2%,观点地产网
1318,2019-07-23,豫园股份预计中期净利9.5亿到10.5亿 同比最高增182%,观点地产网
1319,2019-07-23,豫园股份：上半年净利9.5亿元至10.5亿元 预增155%-182%,上游新闻
1320,2019-07-23,豫园股份：预计2019年上半年净利润同比增长155%-182%,中证网
1321,2019-07-23,豫园股份：上半年扣非净利润预计8亿元到9.2亿元,乐居财经
1322,2019-07-23,豫园股份：2019年上半年归属股东净利润6.8亿元 同比增加182%,中国网
1323,2019-07-23,豫园股份(600655.SH)上半年净利润预增155%-182%至9.5亿元-10.5亿元,格隆汇
1324,2019-07-23,豫园股份：关于完成工商登记取得营业执照及变更公司名称的公告 业务变化,上交所
1325,2019-07-23,"休闲服务行业周报:中国国旅128.6亿元投资海口免税,外国人在韩免税上半年销售增超20%",申万宏源
1326,2019-07-23,"商业贸易行业周报:行业机构持仓环比下降,超市板块持仓环比提升",申万宏源
1327,2019-07-22,豫园股份更名正式完成工商登记手续 业务变化,观点地产网
1328,2019-07-21,【纺织服装】每周策略20190722：6月消费数据整体改善，下半年各品类景气度继续分化,时尚消费志
1329,2019-07-19,豫园股份：发行10亿元中期票据 利率4.53%,中国网
1330,2019-07-17,业绩压力过大？复地执行总裁陈雪明离职 董监高成员变化,中金在线
1331,2019-07-17,豫园股份联合复星国际收购德国时尚品牌Tom Tailor控股权,环球旅讯
1332,2019-07-15,[快讯]豫园股份:投资收购TomTailor股权项目的进展公告,中财网
1333,2019-07-15,豫园股份(600655.SH)：股权收购交割结束 公司持Tom Tailor 29.99％的股份,格隆汇
1334,2019-07-12,豫园股份将发10亿元3年期中期票据 利率未定,观点地产网
1335,2019-07-11,资本动态 | 珠宝巨头云集，萃华珠宝能否靠并购冲出南方红海市场？,财经网
1336,2019-07-11,"2019年下半年商贸零售行业投资策略:聚焦成长及低估值标的,核心资产价值凸显",申万宏源
1337,2019-07-08,豫园股份：上半年货币基金及银行理财累计收益588.94万元,中国网
1338,2019-07-08,商业零售：产业路由器模式盘活万亿农村下沉市场 荐11股,中信建投
1339,2019-07-05,豫园股份：关于重大资产重组部分限售股上市流通的公告 解禁,上交所
1340,2019-07-05,"下周482亿市值限售股解禁,环比增加231.07% 解禁",Wind
1341,2019-07-05,豫园股份(600655.SH)：1.64亿股限售股解禁 解禁,格隆汇
1342,2019-07-05,[快讯]豫园股份16427万限售股7月12日解禁 解禁,中财网
1343,2019-07-05,豫园股份：1.64亿股限售股解禁，占公司总股本比例4.23% 解禁,Wind
1344,2019-06-28,"商贸零售行业月报:假日消费提振社零增速,布局稳健持续关注超市板块",山西证券
1345,2019-06-26,豫园股份：540万份分股票期权激励计划登记完成 授予人数6人,中国网
1346,2019-06-14,豫园股份：向6名激励对象授予540万份第二期合伙人期权,中国网
1347,2019-05-30,上海豫园旅游商城股份有限公司关于获取房地产项目的公告,证券时报
1348,2019-05-29,泛海控股为子公司提供7亿担保；绿地香港50亿ABS已受理；豫园股份竞得地块 | 公告晚参 大额借贷担保,乐居财经
1349,2019-05-29,豫园股份：全资子公司以36.001亿元竞得津滨开2019-2号地块使用权,发布易
1350,2019-05-29,豫园股份斥资36亿竞得天津开发区新金融大道东侧地块,乐居财经
1351,2019-05-29,豫园股份：子公司36亿元竞得天津市开发区一地块,Wind
1352,2019-05-29,豫园股份(600655.SH)子公司36亿元竞得天津市一幅地块,格隆汇
1353,2019-05-28,365天的中国生意：进博会和“魔都”带动效应显现,第一财经
1354,2019-05-15,"商贸零售年报一季报总结暨5月投资策略:19q1增速放缓,预期环比改善",国信证券
1355,2019-05-11,用时间积累做“难”和“对”的事情 访复星国际执行董事、联席总裁徐晓亮,中国经营报
1356,2019-05-10,34股获券商买入评级 保利地产目标涨幅达64.83%,Wind
1357,2019-05-10,"豫园股份:业绩增速符合预期,产业协同和好产品打造推动19Q1业绩增长",安信证券
1358,2019-05-08,商业零售：行业景气度触底 龙头公司逆势扩张,广发证券
1359,2019-05-07,零售行业2019中期投资策略：温和复苏，精选个股,华创悦享现代生活
1360,2019-05-06,【申万零售】豫园股份 (600655)：一季报超预期，时尚珠宝主业焕新颜,消费共伊语
1361,2019-05-05,豫园股份一季度净利4.02亿元同比增长142% 现金流量净额为17.34亿元,挖贝网
1362,2019-04-30,"申万宏源：将豫园股份评级调高为""买入""",Wind
1363,2019-04-29,豫园股份一季度净利4.02亿元 同比增长141.67%,证券时报网
1364,2019-04-29,【申万零售】机构持仓环比提升，百货板块受青睐,消费共伊语
1365,2019-04-29,豫园股份首季净利升142% 副总裁吴仲庆退休,观点地产网
1366,2019-04-29,复星国际(00656.HK)：豫园股份一季度净利润增长141.67%至4.02亿元,格隆汇
1367,2019-04-29,豫园股份：吴仲庆退休 不再担任副总裁职务,中国网
1368,2019-04-29,豫园股份：2019年一季度销售额约35亿元,中国网
1369,2019-04-29,豫园股份(600655.SH)一季度净利润升141.67%至4.02亿元,格隆汇
1370,2019-04-29,豫园股份：副总裁吴仲庆辞职 董监高成员变化,Wind
1371,2019-04-29,豫园股份：一季度净利润同比增141.67%,Wind
1372,2019-04-25,欧中企业深化合作 豫园股份与IGI签投资合作协议,中新网
1373,2019-04-25,【申万零售】行业重仓持股市值占比环比持平，百货板块提升——2019Q1零售行业公募基金持仓分析,消费共伊语
1374,2019-04-15,豫园股份：2019年一季度归属股东净利润预计为3.4-3.9亿元,中国网
1375,2019-04-15,豫园股份(600655.SH)一季度净利润预增56%-79%,格隆汇
1376,2019-04-09,豫园一季度闲置资金管理收益188万 仍在管闲置资金13亿,观点地产网
1377,2019-04-09,豫园股份：前3月闲置资金合计实现收益187.68万元,中国网
1378,2019-04-08,豫园股份董事长徐晓亮：下一步投什么,经济观察网
1379,2019-04-01,徐晓亮：豫园股份不仅做地产，实际上它是一个文化产业,澎湃新闻
1380,2019-03-29,2018年快乐板块收入同增七成 复星高管详解产业投资运营逻辑,21世纪经济报道
1381,2019-03-28,【现场直击】复星国际：收入超千亿，净利保持增长,财华社
1382,2019-03-28,郭广昌：年轻人都很努力 继续看好中国,新浪
1383,2019-03-27,【安信非银】复星国际年报点评：生态布局初显成效，投资聚焦注重科创,新角度新金融
1384,2019-03-26,复星国际2018年净利134亿元 连续7年保持增长,证券时报
1385,2019-03-26,复星国际2018年总收入首破一千亿元,中证网
1386,2019-03-26,重组后豫园股份净利增长超3倍 史上最多分红10.47亿,中财网
1387,2019-03-25,完成重组的豫园股份去年净利润逾30亿，增长331%,澎湃新闻
1388,2019-03-25,豫园股份实施第二期合伙人期权激励计划 对象均为核心经营层,观点地产网
1389,2019-03-25,豫园股份2018年录得净利润30.21亿 同比增长331.38%,观点地产网
1390,2019-03-25,豫园股份(600655.SH)2018年净利润升4.67%至30.21亿元 拟10派2.7元,格隆汇
1391,2019-03-25,豫园股份：2018年归属股东净利润30.21亿元 同比增331.38%,中国网
1392,2019-03-25,豫园股份：2018年净利润同比增4.67%，拟10派2.7元,Wind
1393,2019-03-25,小事记 | 世茂18亿并购泰禾南昌项目 碧桂园授予莫斌等千万份购股权,观点地产网
1394,2019-03-13,商贸零售类公司业绩分化 零售业绩放缓 贸易类增长喜人,大众证券报
1395,2019-03-01,豫园股份：因限制性股票激励计划于近日完成工商变更登记,中国网
1396,2019-03-01,豫园股份完成工商变更登记 注册资本变更为38.81亿,观点地产网
1397,2019-02-27,豫园股份参与收购德国一家时尚生活公司 每股要约价2.31欧元,观点地产网
1398,2019-02-27,[快讯]豫园股份:投资收购TomTailor股权项目的关联交易公告,中财网
1399,2019-02-27,豫园股份(600655.SH)拟收购欧洲时尚休闲服饰公司Tom Tailor不超29.99％的股份,格隆汇
1400,2019-02-18,错失黄金时代之九：复星地产,乐居财经
1401,2019-02-12,"商业贸易行业事件点评报告:春节黄金周全国零售和餐饮消费同比增长8.5%,增速继续下滑",国海证券
1402,2019-02-10,春节效应中的A股：珠宝首饰上市公司是否有投资机会？,腾讯网
1403,2019-01-30,豫园股份：2019年第一次股东大会(临时会议)决议公告,上交所
1404,2019-01-28,融资客青睐28股，豫能控股买入占比高达43.91%,Wind
1405,2019-01-23,"商业贸易行业12月零售数据点评报告:12月社零同比增长8.2%,必选、可选消费进一步分化",国海证券
1406,2019-01-23,申万宏源零售行业2018年年报业绩前瞻,申万宏源
1407,2019-01-22,"豫园股份:百年珠宝品牌再起航,助力复星快乐时尚版图再扩容",正点财经
1408,2019-01-21,经济数据点燃春季躁动，预喜股成最大赢家，这些必看,Wind
1409,2019-01-21,豫园股份股价大涨5.03% 股价创5个月以来新高,中金在线
1410,2019-01-20,豫园股份2018年净利将增加22亿到25亿 增长308%到354%,挖贝网
1411,2019-01-18,豫园股份2018年度业绩预增 净利润增长308%-354%,腾讯网
1412,2019-01-18,豫园股份：2018年净利润预增308%至354%,中证网
1413,2019-01-18,豫园股份：实施重大资产重组 2018年度净利润预增超三倍,e公司
1414,2019-01-18,豫园股份：预计2018年净利同比增308%至354%,Wind
1415,2019-01-14,商业零售：国企改革风又起 荐5股,长江证券
1416,2019-01-11,豫园股份3100万元受让复地资管100%股权,观点地产网
1417,2019-01-09,豫园股份2018年累计新增借款76.82亿元,观点地产网
1418,2018-12-28,豫园股份：今年累计获政府补助1.26亿元,证券之星
1419,2018-12-28,豫园股份及子公司2018年获得12621.96万元政府补助,中国网
1420,2018-12-17,锦江旅游第四季度频繁出售金融资产 获利约2.38亿元,新京报
1421,2018-12-17,复星系重启买买买 旗下公司上市加速,证券之星
1422,2018-12-14,锦旅B股连续三年营收下滑 偏好炒股年底冲刺狂赚2亿,新浪
1423,2018-12-12,跌出价值！大数据寻找打折股票，博弈“捡漏”机会,Wind
1424,2018-12-11,沪深上市公司18年12月11日晚间上市公司重要公告,全景网
1425,2018-12-11,豫园股份7.94亿元收购星珏投资 地产业务再下一城,e公司
1426,2018-12-11,豫园股份：全资子公司拟7.94亿元收购星珏投资100%股权,证券之星
1427,2018-12-11,豫园股份：7.94亿收购星珏投资 全资控股真如项目,e公司
1428,2018-12-11,豫园股份：拟以7.939亿元收购星珏投资100%股权,中国网
1429,2018-12-11,豫园股份7.94亿增资上海真如项目、新增苏州及泉州项目,观点地产网
1430,2018-12-11,豫园股份：拟3.8亿元组建设立“复星消费与科技基金一期”,中国网
1431,2018-12-11,"休闲服务行业周报:离岛免税新政刺激销售,泰国10月中国入境旅客持续下滑",申万宏源
1432,2018-12-06,复星系投资版图加速扩容,北京商报
1433,2018-11-29,避险情绪上升，美元跌金价涨，机构在“扫货”,Wind
1434,2018-11-27,豫园股份：公开发行20亿规模公司债券（第一期）,中国网
1435,2018-11-26,豫园股份发行20亿公司债 票面利率4.97%,观点地产网
1436,2018-11-23,豫园股份12.4亿元收购金豫阁置业与金豫置业100%股权及债务,金融界
1437,2018-11-21,豫园股份：发行20亿元公司债券 票面利率未厘定,中国网
1438,2018-11-20,豫园股份将公开发行20亿公司债券 预计利率不超6.5%,观点地产网
1439,2018-11-20,豫园股份获复星增持657万股 涉资5000万元,观点地产网
1440,2018-11-20,豫园股份：获控股股东增持656.75万股 约占公司总股本0.17%,中国网
1441,2018-11-19,"2018q3商贸零售行业基金持仓数据分析:机构重仓占比微增,集中度显著提升",光大证券
1442,2018-11-14,豫园股份获准发行不超过45亿元公司债 募集资金用偿还债务,观点地产网
1443,2018-11-13,盘前必读公告 上市公司重大消息一览！,巨丰财经
1444,2018-11-13,商贸零售行业事件点评-解码双十一:长预热、深覆盖与多品类,东兴证券
1445,2018-11-09,关于核准上海豫园旅游商城股份有限公司向合格投资者公开发行公司债券的批复,证监会
1446,2018-11-07,"豫园股份:收入稳健增长,利润显著提升",中证网
1447,2018-11-04,商业零售：推荐优质国货化妆品板块,川财证券
1448,2018-11-01,1日潜力排行榜居前的板块(附股),证券之星
1449,2018-10-31,上海豫园旅游商城股份有限公司2018第三季度报告,证券时报
1450,2018-10-30,豫园股份前三季净利11.4亿元 同比增长54.3%,观点地产网
1451,2018-10-30,豫园股份：前三季度净利润同比增54.30%,Wind
1452,2018-10-24,豫园股份：减持1069万股上海银行股票 投资净收益近7800万元,e公司
1453,2018-10-21,150只个股跌破增发价 逾八成公司三季报业绩预喜,证券日报
1454,2018-10-12,沪指失守2600点创近四年新低 “三破股”布局机会显现,证券日报
1455,2018-10-10,豫园股份副总裁高敏辞任,金融界
1456,2018-10-09,豫园股份为商品房购买人提供不超过50亿元按揭贷款担保,观点地产网
1457,2018-10-09,豫园股份副总裁高敏、董事汪群斌辞职 董监高成员变化,观点地产网
1458,2018-10-09,[公告摘要]复星国际(00656.HK)：豫园股份建议采纳首期期权激励计划,格隆汇
1459,2018-10-09,"豫园股份:拟收购国际宝石鉴定机构,战略布局全球钻石产业链",申万宏源
1460,2018-09-12,【申万零售】豫园股份 (600655) 公司点评：拟收购国际宝石鉴定机构，战略布局全球钻石产业链,消费共伊语
1461,2018-09-12,9月11日晚间上市公司利好消息一览,财界网
1462,2018-09-11,豫园股份1.088亿美元收购比利时国际宝石学院80%股份,21世纪经济报道
1463,2018-09-11,豫园股份：第九届董事会第二十四次会议(临时会议)决议公告,上交所
1464,2018-09-11,豫园股份拟出资1.088 亿美元收购比利时国际宝石学院80%股权,证券时报
1465,2018-09-11,豫园股份拟1.1亿美元收购比利时国际宝石学院,观点地产网
1466,2018-09-04,复星国际正洽购麦德龙9%股权？公司回应：不予置评,国际金融报
1467,2018-08-30,豫园股份完成新一轮战略布局 上半年营收利润齐增,证券日报
1468,2018-08-28,复星国际上半年净利润近69亿元 核心资产对接资本市场实现价值,证券日报
1469,2018-08-28,[增持评级]豫园股份(600655)中报点评：业绩符合预期 快乐时尚产业集群升级,中财网
1470,2018-08-28,[审慎增持评级]豫园股份(600655)中报点评：主业投资双轮驱动 业绩稳步增长,中财网
1471,2018-08-27,零售头条：伊藤上线跨境购 淘宝心选第四店进驻欧尚,联商网
1472,2018-08-27,复星国际(00656)附属豫园股份上半年净利同比增长13.46%至3.72亿元,智通财经
1473,2018-08-27,[公告摘要]复星国际(00656.HK)附属豫园股份中期净利增长13.46%至3.73亿元,格隆汇
1474,2018-08-26,豫园股份 拟发不超过45亿元债券,北京商报网
1475,2018-08-26,豫园股份：关于召开2018年第三次股东大会(临时会议)的通知,上交所
1476,2018-08-26,豫园股份：上半年净利同比增13% 拟发行不超45亿元公司债券,e公司
1477,2018-08-21,复星布局年轻幸福家庭生态 百合佳缘七夕牵手豫园股份,财经网
1478,2018-08-02,【海通策略】7月减持额和8月解禁额均下降（荀玉根、王一潇）,股市荀策
1479,2018-07-26,晚间重要公告2018年7月26日星期四,Wind
1480,2018-07-24,46股获券商买入评级 凯乐科技目标涨幅达96.67%,Wind
1481,2018-07-20,7月20日有62家公司获重要股东增减持 泛海控股已被连续增持74次,Wind
1482,2018-07-20,三家上市公司股东真金白金紧急增持,号外财经网
1483,2018-07-19,多家公司发布增持公告：豫园股份等获得力挺,Wind
1484,2018-07-19,豫园股份获控股股东复星高科技增持 未来拟增持不超2%股份,北京商报网
1485,2018-07-19,晚间重要公告2018年7月19日星期四,Wind
1486,2018-07-19,大公：关注复星高科资产出售完成过户及工商变更登记,Wind
1487,2018-07-18,A股市场破净股一览（7月18日）,Wind
1488,2018-07-12,豫园股份重大资产重组正式完成 快乐时尚战略加速布局,证券时报
1489,2018-07-12,豫园股份完成重大资产重组 进入复星战略核心层,经济观察网
1490,2018-07-06,[审慎增持评级]豫园股份(600655)点评：资产交割完成 全面发力 “快乐、时尚”战略,中财网
1491,2018-07-05,豫园股份资产重组完成过户 主营业务将注入新元素,中金在线
1492,2018-07-05,[强烈推荐-A评级]豫园股份(600655)点评：资产交割完成 复星“快乐”旗舰持续强化,中财网
1493,2018-07-03,豫园股份重组完成 已过户并完成工商变更登记手续,观点地产网
1494,2018-07-03,豫园股份副总裁兼CFO谢学明辞职 邹超接任,乐居财经
1495,2018-07-02,[强烈推荐-A评级]豫园股份(600655)点评：收购松鹤楼 餐饮整合提速,中财网
1496,2018-06-29,豫园股份：第九届董事会第二十次会议(通讯方式)决议公告,上交所
1497,2018-06-25,锦旅B股：减持豫园股份 获投资收益超2000万元,e公司
1498,2018-06-25,"豫园股份:AHAWA之后再收松鹤楼,“快乐时尚”消费平台再添优质餐饮老字号品牌",申万宏源
1499,2018-06-22,豫园股份拟收购“松鹤楼” 有利于进一步丰富产业布局,股城网
1500,2018-06-22,豫园股份拟16.38亿收购松鹤楼资产包 打造传统文化品牌产业集群,财富动力网
1501,2018-06-22,豫园股份拟收购餐饮资产,中证报
1502,2018-06-21,老字号松鹤楼即将易主 豫园股份拟16.38亿元收入囊中,e公司
1503,2018-06-21,豫园股份：拟16.38亿元收购松鹤楼饮食文化与餐饮,Wind
1504,2018-06-21,豫园股份拟16.38亿购松鹤楼餐饮 运营五芳斋等老字号,新浪
1505,2018-06-21,豫园股份拟16.38亿收购松鹤楼饮食文化与松鹤楼餐饮,新浪
1506,2018-06-20,转型珠宝时尚行业品牌 老庙黄金“好运”来,中国经济网
1507,2018-06-13,百家快消与零售企业角逐影响力TOP榜:谁将登顶榜首？,新浪
1508,2018-06-11,豫园股份：年内减持上海银行1269万股 收益1.23亿元,e公司
1509,2018-06-11,豫园股份近半年出售上银1269.52万股 净赚1.23亿元,乐居财经
1510,2018-06-07,豫园股份有限公司2012年公司债券（第一期）本息兑付和摘牌公告,上交所
1511,2018-06-01,16年再回首 郭广昌终于重组豫园股份,野马财经
1512,2018-05-30,新一轮豫园商圈升级改造启动,中证网
1513,2018-05-27,蚂蚁金服概念股近三日最受主力资金青睐,证券时报
1514,2018-05-22,[推荐评级]商贸零售行业周报：精准扶贫到位 重视低线级市场机会,中财网
1515,2018-05-18,今日资金抢入六只强势股一览（2018年5月18日）,中财网
1516,2018-05-17,明日最具投资机会六大牛股一览（2018年5月17日）,中财网
1517,2018-05-17,[强烈推荐-A评级]豫园股份(600655)点评：注资落地 深度融入复星版图,中财网
1518,2018-05-15,[审慎增持评级]豫园股份(600655)点评：复星“蜂巢城市”注入 豫园“快乐、时尚”战略升级,中财网
1519,2018-05-15,[增持评级]豫园股份(600655)点评：重组获批 全力打造优质时尚消费平台,中财网
1520,2018-05-14,晚间重要公告2018年5月14日星期一,--
1521,2018-05-14,豫园股份资产重组不涉及反垄断审查 前4月新增借款28亿,观点地产网
1522,2018-05-14,豫园股份：收购上海星泓等25家公司股权不涉及反垄断审查,观点地产网
1523,2018-05-14,豫园股份：重组通过反垄断审查,Wind
1524,2018-05-14,[增持评级]华泰零售·精彩每周报：继续关注低估值百货板块投资机会,中财网
1525,2018-05-12,方案数次修改之后 豫园股份资产重组获批,国际金融报
1526,2018-05-11,豫园股份重大资产重组获证监会核准 社保基金已增持,21世纪经济报道
1527,2018-05-11,豫园股份资产重组获证监会核准 持续投资布局 升级改造商圈,经济观察网
1528,2018-05-11,豫园股份：重大资产重组事项获证监会核准批复,Wind
1529,2018-05-09,豫园股份：两只社保基金上榜前十大股东,中证网
1530,2018-05-08,关于核准上海豫园旅游商城股份有限公司向浙江复星商业发展有限公司等发行股份购买资产的批复,证监会
1531,2018-05-04,25只个股社保基金持仓占流通股比例在5%以上,证券时报
1532,2018-05-04,复星地产总裁助理王瑾出任豫园股份副总裁,观点地产网
1533,2018-05-03,"豫园股份:Q1净利润增速符合预期,黄金珠宝主业发展稳健",申万宏源
1534,2018-04-27,豫园股份：一季度净利润同比增11.09%,Wind
1535,2018-04-19,[买入评级]豫园股份(600655)点评：增资浙江复逸剑指以色列化妆品牌AHAVA 进一步完善快乐时尚战略版图!,中财网
1536,2018-04-18,[强烈推荐-A评级]豫园股份(600655)深度报告：复星注资 快乐旗舰二次启航,中财网
1537,2018-04-17,复星地产业务注入豫园股份 广泛布局多元化产业,证券日报
1538,2018-04-16,[增持评级]华泰零售·精彩每周报：418电器节将至 关注苏宁易购,中财网
1539,2018-04-12,快乐时尚再布一子 豫园股份亿元并购以色列化妆品牌AHAVA,21世纪经济报道
1540,2018-03-31,沈阳豫珑城持续亏损 豫园股份“商旅文”模式蒙阴影,华夏时报
1541,2018-03-29,3月29日有22家公司获重要股东增减持 二三四五已被连续减持37次,Wind
1542,2018-03-28,[增持评级]华泰零售·精彩每周报：贸易争端可能推升食品通胀预期,中财网
1543,2018-03-27,复星国际2017年净利润增长28%，新投资项目超100个,澎湃新闻
1544,2018-03-21,豫园商城收到上交所问询函 要求2017年年报披露有关事项,观点地产网
1545,2018-03-21,豫园股份：关于收到上海证券交易所对公司2017年年度报告的事后审核问询函的公告,Wind
1546,2018-03-21,[增持评级]豫园股份(600655)点评：黄金珠宝稳定向好 “快乐时尚”平台化建设稳步推进,中财网
1547,2018-03-19,豫园股份2017年净利7亿 豫泰确诚商业广场迎新进展,赢商网
1548,2018-03-19,午评：年报业绩好坏不决定股价短线涨跌,e公司
1549,2018-03-19,豫园股份2017年净利润同比增长超46% 拟10派1.5元,金融投资报
1550,2018-03-19,长江零售 | 苏宁易购三问三答,长江零售研究团队
1551,2018-03-18,豫园股份：关于召开2017年年度股东大会的通知,上交所
1552,2018-03-18,[快讯]豫园股份年报拟10派1.5元 多家公司公布业绩,中财网
1553,2018-03-18,豫园股份：年报净利增46% 拟10派1.5元,e公司
1554,2018-03-18,豫园股份：2017年净利润同比增46.24%，拟10派1.5元,Wind
1555,2018-03-14,豫园股份：成功发行10亿元利率5.49%短期融资券,乐居财经
1556,2018-03-05,长江零售 | 目前时点我们如何看黄金珠宝板块,长江零售研究团队
1557,2018-03-01,[推荐评级]18年3月美奢月刊：业绩捷报频传 趋势持续向好,中财网
1558,2018-02-08,冰雪产业研究：平昌冬奥会 点燃冬天里的一把火,中财网
1559,2018-02-07,豫园股份回复重组后同业竞争问题,乐居财经
1560,2018-02-02,豫园股份224亿元重组方案有条件过会 复星大快乐棋局落下关键一子,中国经营网
1561,2018-02-02,漫长的回A 复星两百亿地产业务重组豫园的盛衰里程,观点地产网
1562,2018-02-01,豫园股份收购有条件过会迎来利好 股价大跌6.44%,中国经济网
1563,2018-02-01,巨丰早参：证监会将改革发行上市制度 利好突袭今日3股望冲涨停,巨丰财经
1564,2018-01-31,复星地产借壳豫园股份重大重组方案已获证监会批准,观点地产网
1565,2018-01-31,豫园股份重组获有条件过会 复星快乐业务锁定旗舰平台,21世纪经济报道
1566,2018-01-31,复星地产业务回A成功过会,北京商报网
1567,2018-01-31,豫园股份重组获通过，郭广昌持股比例上升至68.25%|新京报财讯,新京报
1568,2018-01-31,豫园股份拟发行股份购买复星国际(00656)旗下地产业务获中证监审核通过,智通财经
1569,2018-01-31,晚间重要公告2018年1月31日星期三,--
1570,2018-01-31,并购重组委2018年第7次会议审核结果公告,证监会
1571,2018-01-30,豫园股份收购标的负债497亿 复兴地产业务萎缩傍A股,中国经济网
1572,2018-01-26,巨丰早参：74万“新韭菜”跑步入场 A股投资热度上升,巨丰财经
1573,2018-01-25,复星地产业务回A迎大考,北京商报网
1574,2018-01-25,证监会：山西焦化并购重组获无条件通过，4公司并购重组1月31日上会,Wind
1575,2018-01-25,并购重组委2018年第7次工作会议公告,证监会
1576,2018-01-25,7公司临停 豫园股份等重组拟上会,中财网
1577,2018-01-25,豫园股份即日停牌 三次修订后终迎来重组审核,乐居财经
1578,2018-01-25,老白干酒、豫园股份近期重组上会，临时停牌,Wind
1579,2018-01-25,交易提示：老白干酒、豫园股份近期重组上会 临时停牌,e公司
1580,2018-01-25,证监会审核重大资产重组，御园股份、老白干酒今起停牌,Wind
1581,2018-01-24,复星借壳豫园股份对价再减12亿 最新为223.62亿,观点地产网
1582,2018-01-24,豫园股份：2018年第一次股东大会(临时会议)决议公告,顶尖财经网
1583,2018-01-20,复星放弃对两家香港公司股权收购 放弃海外项目投资,华夏时报
1584,2018-01-19,复星进一步缩减重组标的范围 重组代价修改至223.6亿,观点地产网
1585,2018-01-16,金价多重利好助推后市 五股或迎腾飞契机,证券时报
1586,2018-01-15,复星地产业务注入豫园股份对价调至251.74亿元,观点地产网
1587,2018-01-13,上海豫园旅游商城股份有限公司关于本次重大资产重组方案调整的说明,证券日报
1588,2018-01-12,复星再调借壳豫园股份方案 再减两公司交易对价调整为235.6亿,观点地产网
1589,2018-01-10,阿里全新布局点燃新零售板块 6只龙头股吸金逾25亿,证券日报
1590,2018-01-09,华泰零售·精彩每周报：通胀预期提升零售板块受益,中财网
1591,2018-01-07,长江零售 | 暴雪推高菜价，兼论CPI中长期对超市板块影响,长江零售研究团队
1592,2018-01-05,豫园股份：第九届董事会第十二次会议(通讯方式)决议公告,上交所
