,2021-12-31,金域医学：国创开元累计减持0.03%股份，减持计划届满 拟减持股份,Wind
0,2021-12-31,金域医学(603882.SH)股东国创开元减持期满 累计减持16万股 减持股份,智通财经
1,2021-12-29,金域医学：ICL龙头，特检业务发力驱动盈利能力增强,第一财经
2,2021-12-27,谁是医药不死族？,药智网
3,2021-12-25,惠民生 公立医院核酸检测再降价,中国经营网
4,2021-12-24,公司是否有支援陕西西安地区的大规模核酸检测？金域医学：公司积极参与西安新冠核酸检测工作,每日经济新闻
5,2021-12-24,金域医学：公司目前未有新冠检测试剂盒生产业务,Wind
6,2021-12-24,金域医学：公司已开展HPV相关检测,Wind
7,2021-12-22,低位股悄悄崛起，机构高关注的低位绩优股名单来了,Wind
8,2021-12-20,CXO增长可持续性强，看好中药板块投资机会,金融界
9,2021-12-19,金域医学已开展检测超3000项 推进产学研协同创新合作模式,证券日报网
10,2021-12-18,2021金域医学学术委员会年会召开 创新产学研协同模式,中证网
11,2021-12-18,金域医学可开展检测超3000项 解决医检技术“卡脖子”难题,新快报
12,2021-12-18,金域医学可开展检测超3000项，居国内行业第一,证券时报网
13,2021-12-18,钟南山：中国疫情防控有“两板斧”,Wind
14,2021-12-15,金域医学：公司暂无检验试剂及设备生产业务,Wind
15,2021-12-14,【最全】2022年独立医学实验室行业上市公司全方位对比(附业务布局汇总、业绩对比、业务规划等),前瞻研究院
16,2021-12-13,奥密克戎变异株暂未影响金域医学核酸检测方法,南都报
17,2021-12-13,冷链物流有望成为A股新赛道！国办发话，打造国际竞争力龙头,Wind
18,2021-12-08,金域医学：公司目前没有检测试剂产品生产业务,Wind
19,2021-12-08,金域医学：公司目前使用的新冠核酸检测方法可覆盖Omicron（B.1.1.529）变异株，不会造成脱靶和漏检的情况,每日经济新闻
20,2021-12-06,金域医学：与黔西南州签订粤黔东西部协作战略框架协议,e公司
21,2021-12-06,医药行业沪深港通资金医药股流向数据库,新浪
22,2021-12-05,医药行业周报：医保谈判尘埃落地 看好本土创新发力,新浪
23,2021-12-04,金域医学：实控人的一致行动人拟减持不超1769万股 拟减持股份,中国经济网
24,2021-12-04,Wind风控日报2021年12月4日星期六,Wind
25,2021-12-03,下周2549亿市值限售股解禁，环比增加697.21% 解禁,Wind
26,2021-12-03,金域医学：股东拟减持不超3.80%公司股份 拟减持股份,中证网
27,2021-12-03,晚间重要公告2021年12月3日星期五,Wind
28,2021-12-03,金域医学：股东拟合计减持公司不超3.8%股份 拟减持股份,e公司
29,2021-12-03,金域医学(603882.SH)股东鑫镘域、圣铂域及锐致拟合计减持不超3.8%股份,智通财经
30,2021-12-03,金域医学(603882.SH)：鑫镘域、圣铂域及锐致拟减持不超3.8%的股份 拟减持股份,格隆汇
31,2021-12-03,金域医学：股东拟合计减持不超过1769.22万股 拟减持股份,Wind
32,2021-11-30,金域医学(603882)：2020年股票期权激励计划授予的股票期权第一个行权期行权结果暨股份上市,资本邦
33,2021-11-30,A股午盘综述：股指横盘整理，数字货币、网络安全两翼齐飞,Wind
34,2021-11-30,470亿元资金、136起交易，医疗健康并购整合呈现出什么趋势？,36氪
35,2021-11-30,11月五大行业牛股辈出，超8成牛股日均成交翻倍,Wind
36,2021-11-30,金域医学董事长兼首席执行官梁耀铭：医检行业集中化有利做大蛋糕促进资源合理配置，行业龙头要建立生态打造意识,21世纪经济报道
37,2021-11-29,干货！2021年中国独立医学实验室行业龙头企业对比：金域医学PK迪安诊断 谁是独立医学实验室行业龙头？,前瞻研究院
38,2021-11-29,医疗健康行业周报：政策密集出台 板块压力逐步释放,新浪
39,2021-11-29,医疗健康行业：DRG/DIP支付改革提速 医保控费+利好创新,新浪
40,2021-11-26,干货！2022年中美独立医学实验室龙头企业对比——美国Labcorp VS 中国金域医学,证券之星
41,2021-11-26,医疗健康：板块具备配置价值 关注创新国际化路线,新浪
42,2021-11-25,沪深港通资金医药股流向数据库,新浪
43,2021-11-22,医疗健康：医保谈判结束 医药板块有所回暖,新浪
44,2021-11-18,与吉利德科学签署战略协议 金域医学将攻坚诊断肝炎、艾滋病检测,钢企网
45,2021-11-17,吉利德科学与金域医学深化战略合作，助力提升公众健康水平,MedTrend医趋势
46,2021-11-17,金域医学：与吉利德科学正式签署战略合作协议,e公司
47,2021-11-17,金域医学入股成立创业投资合伙企业，持股48%,乐居财经
48,2021-11-17,医药生物行业2022年年度策略：创新升级 未来已来,新浪
49,2021-11-12,沪深港通资金医药股流向数据库,新浪
50,2021-11-12,医药板块2021Q3分析暨11月月报：高基数下增速放缓 板块基本面仍旧强劲 把握配置窗口期,新浪
51,2021-11-11,明德生物：公司暂未与金域医学合作,Wind
52,2021-11-11,明德生物：公司暂未与金域医学合作,每日经济新闻
53,2021-11-05,医药行业：高基数和疫情反复下增速放缓,新浪
54,2021-11-05,“猎鹰号”移动检测车千里驰援 金域医学助力内蒙古抗击新冠肺炎疫情,凤凰网
55,2021-11-05,医疗健康产业2022年投资策略：医疗投资进入百花齐放时代 国产自主化进入新高潮,新浪
56,2021-11-04,2021年11月投资月报：医药持仓比例历史低位 自下而上布局2022年,新浪
57,2021-11-03,医疗服务行业周报：三季报披露完毕 CXO景气依旧,新浪
58,2021-11-02,投资者提问：7月27日，南京市新冠肺炎疫情防控新闻发布会通报：从已完成基因,新浪
59,2021-11-01,赵蓓、楼慧源、葛兰三位医药女神业绩哪家强,雪球
60,2021-10-30,财信证券给予金域医学推荐评级，常规业务增长迅速，业绩超预期，目标价格为117.00-136.50元,每日经济新闻
61,2021-10-29,175股获券商买入评级，恒力石化目标涨幅达226.03%,Wind
62,2021-10-29,中信建投医药大健康团队最新研究,中信建投证券研究
63,2021-10-28,ST三五：金域医学购买办公楼事项正在继续对接中,每日经济新闻
64,2021-10-28,金域医学2021年三季报点评：业绩符合我们预期，常规业务保持高速推进【东吴医药朱国广团队】,国广有话说
65,2021-10-28,东吴证券给予金域医学买入评级：业绩符合我们预期，常规业务保持高速推进,每日经济新闻
66,2021-10-28,206股获券商买入评级，新安股份目标涨幅达96.48%,Wind
67,2021-10-27,金域医学：股东君睿祺及君联茂林减持72万股公司股份 减持股份,每日经济新闻
68,2021-10-27,太平洋：给予金域医学买入评级，目标价位177.0元,证券之星
69,2021-10-27,朝闻国盛：北上连续流入破百亿,新浪
70,2021-10-27,中泰证券给予金域医学买入评级：常规业务加速恢复，新冠检测持续放量,每日经济新闻
71,2021-10-27,中泰证券：给予金域医学买入评级,证券之星
72,2021-10-27,西部证券给予金域医学买入评级：常规业务高质量发展，新冠业务持续放量,每日经济新闻
73,2021-10-27,医学诊断业务创新高 被MSCI ESG评为AA级,广州日报
74,2021-10-26,金域医学(603882)：常规业务快速增长 新冠检测持续贡献弹性,广发证券
75,2021-10-26,金域医学，见底了吗？,格隆汇
76,2021-10-26,金域医学(603882)：业绩超预期 常规业务显著提速,新浪
77,2021-10-26,金域医学(603882)：业绩略超预期 新冠贡献突出,新浪
78,2021-10-26,A股异动 | 金域医学(603882.SH)放量升超7% Q3常规业务增长提速,格隆汇
79,2021-10-26,金域医学(603882)：常规业务加速恢复 新冠业务持续贡献增量,新浪
80,2021-10-25,医药赛道明显回调，是否迎来布局窗口？,养基司令
81,2021-10-25,金域医学公布三季报 前三季净利增加58.52%,新浪
82,2021-10-25,金域医学(603882.SH)前三季度归母净利同比增长58.52%至16.72亿元,智通财经
83,2021-10-25,图解金域医学三季报：第三季度单季净利润同比增22.84%,证券之星
84,2021-10-25,金域医学：第三季度净利润6.13亿元 同比增长22.84%,格隆汇
85,2021-10-25,金域医学：前三季度净利润16.72亿元 同比增长58.52%,财联社
86,2021-10-25,金域医学：前三季度净利润同比增长58.52%,Wind
87,2021-10-25,金域医学：开创国内第三方医学检验行业先河，助力健康中国,中金在线
88,2021-10-22,4个月核酸检测量竟达去年76%，东方生物或成POCT全球最大代工厂,第一财经
89,2021-10-20,金域医学：辰德惟敬完成减持88.93万股 减持股份,财联社
90,2021-10-20,金域医学(603882.SH)股东辰德惟敬减持88.93万股 减持计划完成,智通财经
91,2021-10-20,金域医学：股东辰德惟敬减持89万股公司股份 减持股份,每日经济新闻
92,2021-10-20,金域医学：辰德惟敬减持0.19%公司股份，减持计划已实施完毕,Wind
93,2021-10-20,【兴证医药】短期调整不改长期方向，聚焦三季报业绩高增长优质公司 - 医药行业周报（2021.10.11.-2021.10.15）,兴证医药健康
94,2021-10-19,医药周报：深入推广三明医改模式 以下领域有望受益,新浪
95,2021-10-19,【最全】2021年第三方医学诊断行业上市公司全方位对比(附业务布局汇总、业绩对比、业务规划等),证券之星
96,2021-10-18,金域医学ESG评级跃升至AA级 达行业全球最高水平,凤凰网
97,2021-10-14,沪深港通资金医药股流向数据库,新浪
98,2021-10-14,“落难白马”金域医学，是否迎来布局良机？,搜狐
99,2021-10-12,南粤·金域医学实验室完成全澳超52%的核酸检测任务,证券时报网
100,2021-10-11,医药行业周报：默沙东新冠药数据公布 腾盛博药递交FDA+EUA申请,新浪
101,2021-10-09,金域医学ESG评级跃升至AA级达行业全球最高水平,证券时报网
102,2021-10-09,中金医药月度10+7组合：2021年10月组合,新浪
103,2021-10-08,兴证医药2021年10月投资月报：新冠药物新冠疫苗专题分析,新浪
104,2021-10-07,金域医学：国创开元股权投资基金于2021年7月1日至2021年9月30日期间减持公司股份16万股，本次减持计划时间已过半,每日经济新闻
105,2021-10-02,行业深度！2021年中国第三方医学诊断行业竞争格局及市场份额分析 已形成寡头垄断格局,前瞻研究院
106,2021-09-30,金域医学(603882.SH)股东国创开元累计减持16万股 减持期过半 减持股份,智通财经
107,2021-09-30,金域医学：国创开元累计减持16万股股份，减持时间过半 减持股份,Wind
108,2021-09-30,医药生物行业点评报告：《“十四五”全民医疗保障规划》发布 进一步推进医疗保障高质量发展,新浪
109,2021-09-30,关注高端医疗技术国产替代加速、精选三季报有望超预期高增长个股,金融界
110,2021-09-30,广州金域医学检验集团股份有限公司 2021年第三季度报告,证券日报
111,2021-09-29,2021年中国第三方医学诊断产业链现状及区域市场格局分析 北京、广东企业密度较高,前瞻研究院
112,2021-09-29,医药行业周报：板块性价比渐突出 Q3业绩延续较好增长趋势,新浪
113,2021-09-29,聪明资金、杠杆资金同时加仓股曝光，滞涨股仅11只,Wind
114,2021-09-28,金域医学：公司积极参与福建省的新冠核酸检测工作,每日经济新闻
115,2021-09-27,金域医学：公司暂无发行可转债计划,每日经济新闻
116,2021-09-27,医药生物行业周报：政策鼓励医疗器械国产替代 国产器械前景广阔,新浪
117,2021-09-27,医药生物行业周报：从景气度、竞争力、外需逻辑看诺禾致源投资价值,新浪
118,2021-09-24,沪深港通资金医药股流向数据库,新浪
119,2021-09-22,医药周报：板块持续回暖 关注三季报有望超预期的优质标的,新浪
120,2021-09-21,医药生物行业周报：医药反弹是否可持续,新浪
121,2021-09-17,医疗服务行业周报：创新药融资前景乐观 外包服务将持续受益,新浪
122,2021-09-16,沪深港通资金医药股流向数据库,新浪
123,2021-09-16,第三方医检行业首个！金域医学获第四届中国质量奖提名奖,新快网
124,2021-09-16,金域医学(603882.SH)：国开博裕完成减持254.78万股 减持股份,格隆汇
125,2021-09-16,金域医学：股东国开博裕一期股权投资合伙企业减持约255万股，减持计划完成,每日经济新闻
126,2021-09-16,金域医学：国开博裕一期累计减持0.55%股份，完成减持计划 拟减持股份,Wind
127,2021-09-14,医药生物行业双周报：医药行业长坡厚雪 仍为投资主线,新浪
128,2021-09-13,金域医学(603882.SH)股东君睿祺及一致行动人未减持股份 减持时间过半,智通财经
129,2021-09-13,金域医学：君睿祺及君联茂林减持时间已过半，未减持公司股份,Wind
130,2021-09-13,医药生物行业中报透视CXO：板块增长强劲 边际变化持续向好,新浪
131,2021-09-11,下周750亿市值限售股解禁 解禁,Wind
132,2021-09-10,金域医学发布2019年股票期权激励计划授予的股票期权,电鳗快报
133,2021-09-10,医疗器械板块2021半年报总结：常规业务全面恢复 关注细分赛道创新投资机会,新浪
134,2021-09-09,金域医学(603882.SH)：134.75万股行权股票将于9月15日起上市流通,智通财经
135,2021-09-08,金域医学为服贸会提供核酸检测支持,e公司
136,2021-09-07,金域医学跌3.10% 中泰证券浙商证券西部证券高点唱多,中国经济网
137,2021-09-06,北向资金连续11日净买入累计扫货近500亿，宁德时代大幅净买入超15亿元,Wind
138,2021-09-06,金域医学：聘任郝必喜为董事会秘书，聘任肖东琪为公司证券事务代表,每日经济新闻
139,2021-09-06,金域医学(603882.SH)聘任郝必喜为董事会秘书,智通财经
140,2021-09-06,高瓴资本概念股普遍强势，金域医学、泰格医药、凯莱英、健帆生物等大涨,Wind
141,2021-09-04,一周北上资金继续大满贯！净买入279亿元,Wind
142,2021-09-03,金域医学(603882)：主业高增长 利润率持续提升,新浪
143,2021-09-02,沪深港通资金医药股流向数据库,新浪
144,2021-09-02,北向资金9天加仓近390亿，紫金矿业大幅净买入超11亿元,Wind
145,2021-08-31,金域医学(603882.SH)21万份股票期权注销完成,智通财经
146,2021-08-31,医疗健康行业动态：医药板块中报业绩稳健;长期看好产业升级和国际化,新浪
147,2021-08-30,西部证券维持金域医学买入评级，2021年半年报点评：常规业务恢复强劲，规模效应凸显,每日经济新闻
148,2021-08-30,“聪明资金”连续11个月抢筹A股！各路资金潜伏千亿光伏龙头,Wind
149,2021-08-24,金域医学永川区域实验室签约建立,e公司
150,2021-08-24,高瓴资本概念股整体活跃，泰格、金域、凯莱英、恩捷、甘李药业均大涨,Wind
151,2021-08-24,从Prenetics和SPAC合并案 看中国生物科技服务(8037.HK)的价值重估,格隆汇
152,2021-08-24,瑟瑟发抖？又要集采了，这些医药股涉相关业务（名单）,Wind
153,2021-08-23,金域医学：近期在郑州累计核酸检测量达2000万人份,e公司
154,2021-08-23,医疗器械行业一周回顾（8月16日-8月22日）,Eshare医械汇
155,2021-08-23,金域医学大跌,新浪
156,2021-08-23,金域医学盘中快速下跌,新浪
157,2021-08-22,如何读懂一份财报,要资讯
158,2021-08-22,"医疗板块遭""血洗""，60亿资金却悄悄抄底，好买点来了？",Wind
159,2021-08-21,医药行业安徽省临床检验试剂集中带量采购谈判议价方案点评：政策不改长期产业趋势,新浪
160,2021-08-20,医药配白酒，抱头哭一宿！“消费一哥”今天也栽了,Wind
161,2021-08-20,跌停板解密：大单出逃，两类个股封上跌停！（8月20日）,Wind
162,2021-08-20,金域医学跌停、迈瑞医疗跌超14%，医疗保健指数跌幅扩大至7%,Wind
163,2021-08-20,外资大手笔加仓的绩优低估值滞涨股来了,Wind
164,2021-08-20,A股连续22日成交破万亿，北上资金加仓15只绩优股,Wind
165,2021-08-19,疫情检测红利消失：IVD企业高增长不再 拓展业务谋转型,21世纪经济报道
166,2021-08-19,金域医学：自新冠疫情发生以来，公司累计参与抗疫的技术人员超过1800名,Wind
167,2021-08-19,金域医学：公司积极参与云南省德宏州瑞丽市的核酸检测工作,Wind
168,2021-08-19,金域医学深度参与抗疫半年盈利超10亿 净利率连续三年上升,长江商报
169,2021-08-18,金域医学2021年中报点评：业绩增长超我们预期，特检业务与数字化转型稳步推进！【东吴医药朱国广团队】,国广有话说
170,2021-08-18,每日报告回放,新浪
171,2021-08-18,太平洋维持金域医学买入评级：抗疫举措全面升级，重点疾病诊断业务快速发展,每日经济新闻
172,2021-08-18,金域医学(603882)2021年中报点评：新冠检测规模扩大 常规项目恢复良好,新浪
173,2021-08-18,109股获券商买入评级，万盛股份目标涨幅达93.28%,Wind
174,2021-08-17,东吴证券维持金域医学买入评级，2021年中报点评：业绩增长超我们预期，特检业务与数字化转型稳步推进,每日经济新闻
175,2021-08-17,金域医学上半年净利增超90%，股价却跌近三成 是疫情风口不再还是资本市场脱敏？,每日经济新闻
176,2021-08-17,ST三五：拟与买方金域医学签订办公楼购买意向书,第一财经
177,2021-08-17,131股获买入评级 最新:江山欧派,中财网
178,2021-08-17,金域医学(603882)：核酸检测持续放量 常规业务增长超预期,广发证券
179,2021-08-17,简评：腾讯控股、士兰微、金域医学,证券之星
180,2021-08-17,突然崩了，3800家公司下跌！究竟发生了什么？,Wind
181,2021-08-17,ST三五(300051.SZ)：拟与买方金域医学签订办公楼购买意向书,格隆汇
182,2021-08-17,金域医学发半年报股价跌8% 净利增速远超营收增速 盈利能力下降,中国经济网
183,2021-08-17,ST三五(300051.SZ)子公司天津三五拟向金域医学出售办公楼,智通财经
184,2021-08-17,华金证券下调金域医学评级至增持：常规业务快速恢复，新冠业务保持高弹性 投资评级恶化,每日经济新闻
185,2021-08-17,西南证券维持金域医学买入评级：Q2业绩超预期，常规业务有望进一步恢复,每日经济新闻
186,2021-08-17,国元证券维持金域医学增持评级：新冠检测规模扩大，常规项目恢复良好,每日经济新闻
187,2021-08-17,金域医学(603882)：业绩符合预期 高端特检持续发力,新浪
188,2021-08-17,医疗ETF放量跌逾2%，买盘强势溢价持续拉升,Wind
189,2021-08-17,国盛证券维持金域医学买入评级：业绩符合预期，常规恢复+新冠放量+结构优化驱动高增长,每日经济新闻
190,2021-08-17,机构强推买入 六股成摇钱树,证券之星
191,2021-08-17,金域医学(603882)：业绩符合预期 经营质量提升,新浪
192,2021-08-17,金域医学(603882)半年报点评：业绩符合预期 常规恢复+新冠放量+结构优化驱动高增长,新浪
193,2021-08-17,金域医学发布中报：扣非净利同增91.43%，累计新冠核酸检测9900万人次,和讯
194,2021-08-17,金域医学公布半年报 上半年净利增加90.55%,新浪
195,2021-08-16,金域医学上半年净利大增90.55%，2024年第三方检测市场有望突破800亿,阿尔法工场
196,2021-08-16,晚间重要公告2021年8月16日星期一,Wind
197,2021-08-16,和讯曝财报|上半年净利润超10亿元 金域医学入局移动检测车,和讯
198,2021-08-16,金域医学(603882.SH)：155.25万份股票期权可行权,格隆汇
199,2021-08-16,金域医学(603882.SH)2019年股票期权激励计划授予的股票期权第二个行权期行权条件成就,智通财经
200,2021-08-16,金域医学：上半年净利10.59亿元 同比增90.55%,e公司
201,2021-08-16,金域医学(603882.SH)半年度净利润10.59亿元 同比增长90.55%,格隆汇
202,2021-08-16,金域医学半年报：上半年净利10.6亿元 同比增91%,财联社
203,2021-08-16,金域医学：上半年净利润同比增长90.55%,Wind
204,2021-08-16,医药生物行业周报：医疗服务三问三答 何时会出现板块性机会？,新浪
205,2021-08-13,肿瘤早筛仍处于投资热潮，如何寻找下半场破局之路？,动脉网
206,2021-08-12,这个“岛”，打造生物企业“距离成功最近的地方”,科技日报
207,2021-08-12,沪深港通资金医药股流向数据库,新浪
208,2021-08-12,十年磨一剑！广州国际生物岛正成为生物医药产业新引擎,经济日报
209,2021-08-11,金域医学“猎鹰号”硬气膜实验室驰援扬州,e公司
210,2021-08-11,硕世生物要卖的移动核酸检测车是门什么生意？单台价格约300万，竞争者众多,每日经济新闻
211,2021-08-10,金域医学：将于8月17日披露中报,每日经济新闻
212,2021-08-09,医药行业周报：进入中报期 关注业绩超预期个股,新浪
213,2021-08-05,千亿资金抄底，这些公司获“内部人”买买买,Wind
214,2021-08-05,金域医学成立检验实验室公司，注册资本2000万,贝壳财经
215,2021-08-05,多家IVD企业回应德尔塔病毒检测： 不会脱靶和漏检,第一财经
216,2021-08-04,谁能识别德尔塔病毒？多家IVD企业给出回应,第一财经
217,2021-08-03,高瓴资本概念股表现活跃，国瓷材料、金域医学、泰格医药均涨7%左右,Wind
218,2021-08-02,医药行业周报：政策担忧不改医药高景气 疫情爆发带来疫苗阶段性机会,新浪
219,2021-07-31,医药行业周报：散点疫情偶发 寻找“脱敏”品种,西南证券
220,2021-07-30,北向资金今日净买入22.47亿元，对白酒股态度分化,Wind
221,2021-07-30,金域医学投资谷海天目生物医学科技公司，持股20%,搜狐
222,2021-07-29,全自动核酸提取、自动分杯……这些黑科技扛起南京疫情核酸检测担当,科技日报
223,2021-07-29,高瓴资本概念股普遍反弹，金域医学涨近10%、国瓷材料涨超7%,Wind
224,2021-07-29,“猎鹰号 ”登陆南京，人机配合日检测180万人份,科技日报
225,2021-07-29,【行情】抗病毒概念股早盘再度拉升，沃森生物涨超9%，康希诺涨逾7%，博晖创新、金域医学、万泰生物、复星医药跟涨,金十数据
226,2021-07-28,金域医学：公司目前没有新冠核酸检测试剂生产业务,每日经济新闻
227,2021-07-27,金域医学捐赠1550万现金及物资助力河南救灾,上证报
228,2021-07-27,多个气膜实验室在南京拔地而起,扬子晚报
229,2021-07-26,金域医学(603882.SH)设立董事会可持续发展委员会,智通财经
230,2021-07-26,高瓴资本概念股纷纷下滑，甘李药业逼近跌停并再创阶段新低,Wind
231,2021-07-23,医药行业2021Q2持仓分析：医药仓位持续回升 核心资产继续分化,西南证券
232,2021-07-22,医疗服务行业周报：我国卫生总费用占GDP比重持续提升,新浪
233,2021-07-22,北向资金连续4日“买买买”累计加仓超160亿，歌尔股份净买入额创逾7个月新高,Wind
234,2021-07-22,股价攀升下股东减持 金域医学高增长还能持续多久？ 减持股份,投资时报
235,2021-07-21,金域医学(603882.SH)股东辰德惟敬尚未实施减持 减持时间过半,智通财经
236,2021-07-21,医药行业2021年中报业绩前瞻：继续保持恢复性增长,新浪
237,2021-07-20,金域医学：公司目前已在海南省开展核酸检测业务,每日经济新闻
238,2021-07-19,金域医学：公司暂无核酸检验试剂的生产业务及计划,每日经济新闻
239,2021-07-18,医药行业周报：中报预告落地 个股表现持续分化,西南证券
240,2021-07-15,医药生物行业：政策频出 建议关注相关细分行业,新浪
241,2021-07-12,金域医学成立投资发展公司，注册资本5000万,贝壳财经
242,2021-07-08,金域医学低门槛大派红包 存损害小股东利益之嫌,腾讯网
243,2021-07-06,7月6日金域医学、渤海轮渡等5家公司公告出现利空,证券之星
244,2021-07-06,注意！金域医学：东君睿祺及其一致行动人计划减持不超过72万股 拟减持股份,每日经济新闻
245,2021-07-06,金域医学(603882.SH)：君睿祺及君联茂林拟清仓减持不超71.95万股 拟减持股份,格隆汇
246,2021-07-06,金域医学：君睿祺及其一致行动人君联茂林拟合计减持不超过0.1555%公司股份 拟减持股份,Wind
247,2021-07-06,金域医学：自广东本土疫情发生以来公司积极参与大规模核酸检测和紧急核酸检测,财联社
248,2021-07-05,金域医学(603882.SH)股东君睿祺及一致行动人减持比例达1% 减持期届满 减持股份,智通财经
249,2021-07-05,金域医学：君睿祺及君联茂林减持计划实施完毕，共减持约463万股,每日经济新闻
250,2021-07-05,金域医学(603882.SH)：股东君睿祺及君联茂林累计减持1.0011%股份 减持股份,格隆汇
251,2021-07-05,金域医学：君睿祺及君联茂林合计减持1%公司股份 减持股份,Wind
252,2021-07-05,医药生物行业周报：全方位盘点上半年医药行业、细分领域、个股风云变幻,新浪
253,2021-07-05,医疗健康行业动态：系统性调整不改长期向好趋势,新浪
254,2021-07-05,医药行业每周医览药闻：关注结构性机会 把握高确定性,新浪
255,2021-07-03,港股打新 | 康圣环球（09960），贝莱德和雪湖资本领投，基石认购占比高达52%,智通财经
256,2021-07-01,160倍超购！新冠检测概念康圣环球遭热捧，值得申购吗？,21世纪经济报道
257,2021-07-01,金域医学助力“猎鹰号”气膜实验室圆满完成广州抗疫检测,中证网
258,2021-07-01,“猎鹰号”气膜实验室休舱！累计完成核酸检测近150万管,南方日报
259,2021-06-30,获钟南山点赞的“猎鹰号”气膜实验室正式休舱 为广州奋战一个月检测核酸超1200万次,21世纪经济报道
260,2021-06-30,为广州奋战一个月检测核酸超1200万次，获钟南山点赞的“猎鹰号”气膜实验室正式休舱,21世纪经济报道
261,2021-06-30,“猎鹰号”实验室休舱 钟南山：休舱不等于休息，仍需保持警惕,中新网
262,2021-06-28,医药行业周报：第五批国家集采报价结束 看好不受集采影响的高壁垒创新和服务赛道,新浪
263,2021-06-28,金域医学：助力广东创下两个抗疫“全国最高”纪录,证券时报网
264,2021-06-27,兴业证券：医药板块业绩弹性逐步释放，关注半年报业绩高增长公司,智通财经
265,2021-06-27,证券时报-润灵环球2021生物医药行业ESG评级报告：较2020改善不明显,证券时报网
266,2021-06-25,北向资金本周爆买A股超200亿，连续加码金融股,Wind
267,2021-06-24,每日财报|天奇股份上半年净利润预增超5倍金域医学总经理一年不减持,搜狐
268,2021-06-24,天奇股份上半年净利润预增超5倍 金域医学总经理一年不减持,每日财报
269,2021-06-23,新冠检测概念，同行金域三年暴涨八倍！康圣环球牛股潜力有多大？,金融界
270,2021-06-23,金域医学(603882.SH)：董事兼副总经理汪令来超额减持650股 减持股份,格隆汇
271,2021-06-23,金域医学：董监高减持计划完成及超额减持股份致歉,Wind
272,2021-06-23,金域医学(603882.SH)两董监高完成减持5.19万股 减持股份,智通财经
273,2021-06-23,金域医学：董事兼副总经理汪令来承诺一年内不减持公司股份,Wind
274,2021-06-22,30家IVD知名企业盘点：迈瑞、亚辉龙、安图、万孚、迈克,赛柏蓝器械
275,2021-06-22,医药行业2021年半年报业绩前瞻：CXO、生物制品、创新器械、医疗服务有望持续高增长,西南证券
276,2021-06-21,【重磅】粤开医药|2021年中期策略及下半年展望：长坡厚雪，后发先至,粤开崇利论市
277,2021-06-21,医药生物行业周报：医疗服务会是下半年医药最强音么？强调重视康复医疗赛道,新浪
278,2021-06-18,生物医药行业：战“疫”追踪：新冠疫情下 我国生物医药产业能否迎来突破性发展？,新浪
279,2021-06-18,广东生物医药产业 生态闭环初步构建,南方日报
280,2021-06-18,金域医学核酸检测效率持续提升,经济日报
281,2021-06-17,曾拒绝高瓴、红杉投资？下一个3年4倍的金域医学，属于未来的隐形冠军！,瞪羚社
282,2021-06-16,医药行业周报：把握新经济下的消费升级新趋势 关注二季度有望超预期的细分赛道,新浪
283,2021-06-15,金域医学助力广州开展大规模核酸检测,证券日报网
284,2021-06-15,医药行业2021年6月投资月报：6月仍然是较好的窗口期 两条思路配置医药,西南证券
285,2021-06-11,大股东动向丨又遭股东清仓式减持，金域医学扛住了！本周56家公司公告预减持，计算机、电子、化工行业占比合计达35.71% 减持股份,21世纪经济报道
286,2021-06-11,百元股数量达163只，一日增加5只,证券时报网
287,2021-06-11,“猎鹰号”气膜实验室再提产能 日检测产能升至18万管,中新网
288,2021-06-11,助力广东高科技战“疫” 上市公司硬核产品竞出,上证报
289,2021-06-10,金域医学：董事会和监事会延期换届,Wind
290,2021-06-10,离穗核酸检测为何改成48小时？广州防疫物资如何保障？详情→,财富动力网
291,2021-06-10,六年内市场总体规模扩大近五倍 国内独立医学实验室行业发展驶入快车道,中国医药报
292,2021-06-10,广州“黑科技”紧急上线筑疫情一体化防控体系,中国科技网
293,2021-06-10,钟南山院士团队领衔应急项目攻关 广东省首个“猎鹰号”气膜实验室投入使用,21世纪经济报道
294,2021-06-09,【聚焦增减持】14倍大牛股屡遭减持！金域医学（603882.SH）仍具潜力？ 减持股份,财华社
295,2021-06-09,最快4小时出结果！“猎鹰号”移动检测车进驻白云机场,21世纪经济报道
296,2021-06-09,股东清仓式减持！金域医学：我扛得住 减持股份,格隆汇
297,2021-06-09,广州“战疫”科技军团：钟南山院士团队领衔应急项目攻关，全省首个“猎鹰号”气膜实验室投入使用,21世纪经济报道
298,2021-06-09,广州如何完成全球城市中最大规模核酸检测？变异病毒怎么查？,澎湃新闻
299,2021-06-09,广州疫情防控最新情况：检测手段再升级 可精准检测新冠变异毒株,21世纪经济报道
300,2021-06-09,广州疫情防控最新情况：第14号通告实施后，广州机场火车站客运站共劝返约1.8万不符合条件人员,21世纪经济报道
301,2021-06-09,金域医学广州地区新冠核酸检测日产能提升至35万管,上证报
302,2021-06-09,金域医学低开逾4%,Wind
303,2021-06-09,上市公司正负面新闻2021年6月9日星期三,Wind
304,2021-06-09,广东上市公司火线驰援，科技抗疫大放异彩,Wind
305,2021-06-09,广东上市公司火线驰援 科技抗疫大放异彩,全景网
306,2021-06-08,A股这些公司驰援一线 科技抗疫“出圈”、这类企业扛起大旗,e公司
307,2021-06-08,晚间重要公告2021年6月8日星期二,Wind
308,2021-06-08,晚间公告｜6月8日这些公告有看头,第一财经
309,2021-06-08,金域医学：股东拟减持6%公司股份 拟减持股份,中证网
310,2021-06-08,金域医学(603882.SH)：持股6.71%的国创开元拟减持不超6%的股份 拟减持股份,格隆汇
311,2021-06-08,金域医学(603882.SH)股东国创开元拟减持不超2775.67万股 拟减持股份,智通财经
312,2021-06-08,金域医学：国创开元拟减持不超6%股权 拟减持股份,e公司
313,2021-06-08,金域医学：股东国创开元拟减持不超过6% 拟减持股份,财联社
314,2021-06-08,高瓴资本概念股多数调整，恩捷股份、凯莱英、泰格医药、金域医学等跌幅居前,Wind
315,2021-06-08,广东省委书记李希、省长马兴瑞到广州调研疫情防控工作,Wind
316,2021-06-08,海通证券研究所早报,新浪
317,2021-06-08,两市百元股数量达159只，科创板股票占38.36%,证券时报网
318,2021-06-08,广东疫情反复，多家本地公司回应情况,Wind
319,2021-06-07,金域医学：广州区域日核酸检测量达35万管,中证网
320,2021-06-07,医疗健康行业：板块表现分化 关注国际化创新和消费升级,新浪
321,2021-06-07,金域医学(603882.SH)持股0.55%的股东拟清仓减持 拟减持股份,智通财经
322,2021-06-07,广州新冠核酸覆盖1867万常住人口，检测效率如何“快马加鞭”？,第一财经
323,2021-06-07,金域医学(603882.SH)股东国创开元累计减持18.32万股 减持期满 减持股份,智通财经
324,2021-06-07,金域医学：国创开元股权投资基金减持股份约18万股 减持股份,每日经济新闻
325,2021-06-07,注意！金域医学：公司股东国开博裕拟减持不超过约255万股 拟减持股份,每日经济新闻
326,2021-06-07,金域医学(603882.SH)每股派0.329元 股权登记日为6月11日,智通财经
327,2021-06-07,金域医学(603882.SH)：股东国开博裕拟减持不超0.55%的股份 拟减持股份,格隆汇
328,2021-06-07,金域医学(603882.SH)：2020年度权益分派10派3.29元 股权登记日6月11日,格隆汇
329,2021-06-07,金域医学(603882.SH)：股东国创开元拟减持不超2757万股 拟减持股份,格隆汇
330,2021-06-07,金域医学：国开博裕拟减持公司0.55%股份 拟减持股份,Wind
331,2021-06-07,金域医学：国创开元累计减持公司0.0396%股份 减持股份,Wind
332,2021-06-07,创全球新高！金域医学广州日核酸检测量达35万管,21世纪经济报道
333,2021-06-07,医药生物行业周报：如何从大品种价值理解前沿生物？,新浪
334,2021-06-06,核酸检测广东“军团”争分夺秒跑赢病毒,南方日报
335,2021-06-06,自动驾驶车成另类“逆行者”！广州“黑科技”紧急上线,科技日报
336,2021-06-06,“猎鹰号”气膜实验室临时党支部成立,科技日报
337,2021-06-05,确认！本土85人感染新冠，全部离南沙通道关闭,赛柏蓝器械
338,2021-06-05,广州科技“战疫”硬实力：无人驾驶配送物资，黄埔区试剂盒日产能最大780万人份,21世纪经济报道
339,2021-06-04,金域医学：国开博裕减持计划完成，减持股份约922万股,每日经济新闻
340,2021-06-04,基因测序双周榜：药明康德流通市值暴涨315亿元，核酸检测龙头金域医学“叫好不叫座”？,华夏时报
341,2021-06-04,金域医学(603882.SH)股东国开博裕累计减持922.09万股 减持期限届满,智通财经
342,2021-06-04,金域医学：股东国开博裕减持计划期限届满，累计减持1.99%股份,Wind
343,2021-06-03,广州气膜方舱实验室投入使用：日检测可超12万管,快科技
344,2021-06-01,广州启用首间“猎鹰号”气膜方舱实验室验核酸，日检三万管,奥一网
345,2021-06-01,“香港科创新机遇”系列之一｜解码大湾区生物医药发展样本：金域医学“拼船出海”,21世纪经济报道
346,2021-06-01,医疗健康行业：中金医药月度10+7组合：2021年6月组合,新浪
347,2021-06-01,医药生物行业事件点评：国内散点疫情反复 疫苗接种有望加速,新浪
348,2021-06-01,筑牢防控线 开足生产线,南方日报
349,2021-05-31,金域医学：助力医疗科技冷链物流服务,中证网
350,2021-05-31,医疗健康产业2021年下半年投资策略：百花齐放 关注疫情后时代的医药强势复苏,新浪
351,2021-05-31,广东首次启用无人机配送检测样本 降低运输成本,中新网
352,2021-05-31,广东首次启用检测样本无人机配送，无人机冷链物流服务全天候“随叫随到”,21世纪经济报道
353,2021-05-31,医药周报：骨修复材料市场增速近20% 人工材料为骨移植的新选择,新浪
354,2021-05-31,金域医学携手迅蚁科技 首次启用生物样本无人机配送,e公司
355,2021-05-31,高瓴资本概念股局部活跃，恩捷股份、金域医学飙升,Wind
356,2021-05-31,中信证券：医药投资进入了百花齐放的新时期,第一财经
357,2021-05-28,高瓴资本概念股整体低迷，健帆、金域、健康元、泰格、凯莱英等纷纷下滑,Wind
358,2021-05-27,预见2021：《2021年中国第三方医学诊断行业全景图谱》(附市场规模、竞争格局、发展前景等),前瞻研究院
359,2021-05-26,顶流私募出手，新材料龙头逼近新高,Wind
360,2021-05-24,医药行业每周医览药闻：全年业绩确定性强 长期看好院外零售快速多元化发展,新浪
361,2021-05-21,金域医学发布2020年社会责任报告 医检产业扶贫提升基层卫生服务能力,证券日报网
362,2021-05-20,金域医学发布2020年度社会责任报告 打造“健康哨兵”推动医疗普惠,上证报
363,2021-05-20,金域医学：已累计开展核酸检测超6500万人份,e公司
364,2021-05-20,金域医学：首次被纳入MSCI ESG评级 为国内第三方医检最高水平,e公司
365,2021-05-19,金域医学现1笔大宗交易 共成交372.04万元,新浪
366,2021-05-19,金域医学今日大宗交易成交2.84万股，成交价131.0元折价9.44%,Wind
367,2021-05-19,申港证券--从高景气二级行业出发选股：优化四维度连续景气综合打分系统找出最景气的申万二级行业【投资策略】,金融界股吧
368,2021-05-18,金域医学(603882.SH)完成工商变更登记并换发营业执照 业务变化,智通财经
369,2021-05-18,金域医学(603882.SH)向233名激励对象授予700万份股票期权,格隆汇
370,2021-05-18,高瓴资本概念股涨跌不一，公牛集团涨势强劲,Wind
371,2021-05-18,“中小企业”果然办成了“大事”,新华网
372,2021-05-17,金域医学(603882.SH)两名董监高拟合计减持不超5.13万股 拟减持股份,智通财经
373,2021-05-17,注意！金域医学：于世辉、汪令来拟减持不超过约5.12万股 拟减持股份,每日经济新闻
374,2021-05-17,金域医学：两股东拟合计减持不超0.0111%股份 拟减持股份,Wind
375,2021-05-17,金域医学(603882.SH)：2名董监高拟减持合计不超5.125万股 拟减持股份,格隆汇
376,2021-05-17,【国君金工】核心指数成分股调整名单及冲击成本预测,辰奥临君
377,2021-05-17,医药行业2020年年报及2021年一季报业绩综述：业绩持续回暖 行业景气度高,新浪
378,2021-05-17,医药周报：业绩空窗期 建议重点关注高壁垒好赛道估值合理个股,新浪
379,2021-05-14,高瓴资本概念股普遍反弹，健康元、金域医学大涨,Wind
380,2021-05-10,高瓴资本概念股局部活跃，凯莱英、泰格、健帆、金域、健康元逆市飘红,Wind
381,2021-05-07,医疗器械板块2020&2021Q1总结：抗疫需求持续释放 医疗新基建带动新增长,新浪
382,2021-05-06,"金域医学现1笔大宗交易 共成交2,076.90万元",新浪
383,2021-05-06,金域医学今日大宗交易成交15万股，成交价138.46元溢价0.0%,Wind
384,2021-05-06,医药行业2020年年报及2021年一季报总结：Q1业绩复苏回暖 看好CXO、疫苗、创新器械和服务等高景气板块,西南证券
385,2021-05-06,4月金股组合盈利5.26% 5月荐股名单出炉,新浪
386,2021-05-06,高瓴资本概念股多数走软，健康元、泰格医药、金域医学、甘李药业跌幅居前,Wind
387,2021-05-01,2020年中国第三方医学诊断行业市场竞争格局分析 龙头企业市场集中度较高,前瞻研究院
388,2021-04-30,医药“小阳春”行情渐入佳境 医药龙头股票有哪些？,至诚财经
389,2021-04-30,北上资金加仓多只绩优疫苗股，9股增持超亿,Wind
390,2021-04-30,千亿白酒股直线跌停！郭广昌又笑了，发生了什么,Wind
391,2021-04-28,医疗健康行业：一季度医药板块配置环比增加 二季度主线有望进一步多元化,新浪
392,2021-04-28,迪安诊断Q1净利增4990%核酸检测高峰已过常规需求有望持续,证券之星
393,2021-04-26,去年业绩大涨，检测巨头今年将面临“不合理医疗检查”大考,南都报
394,2021-04-26,八大券商主题策略：深度挖掘疫苗产业链机会 核心资产标的名单曝光,中金在线
395,2021-04-24,A股分化再起！基金高仓位不改，核心资产仍是风向？,Wind
396,2021-04-23,国元证券--金域医学2020年年报&2021Q1季报点评：业绩增长显着，新冠检测贡献增量收入【公司研究】,金融界股吧
397,2021-04-23,A股分化再起：茅指数涨逾2%，近3000只个股却下跌,Wind
398,2021-04-22,金域医学：截至3月底已累计开展核酸检测超6200万人份,Wind
399,2021-04-22,券商首次关注5股并给予买入评级（4月22日）,Wind
400,2021-04-21,9成盈利、54家业绩翻番：基金增持，医药股掀涨停潮,Wind
401,2021-04-21,华金证券--金域医学：ICL龙头业绩符合预期，常规业务快速恢复【公司研究】,金融界股吧
402,2021-04-21,看好医药股明星基金一季度增持,金融投资报
403,2021-04-21,144股获券商买入评级 金能科技目标涨幅达169.71%,Wind
404,2021-04-20,东吴证券--金域医学2020年年报及2021年一季报点评：业绩高增长，股权激励体现公司信心，ICL龙头发展提速【公司研究】,金融界股吧
405,2021-04-20,一季度多只医药股获明星基金增持,金融投资报
406,2021-04-20,医疗板块持续拉升，凯普生物一季报利润暴涨8倍涨超7.6%,资本邦
407,2021-04-20,高瓴资本概念股普遍强势，甘李、泰格、金域、国瓷材料、健帆生物大涨,Wind
408,2021-04-20,金域医学去年净利15亿销售费近10亿 一季度两基金减仓,中国经济网
409,2021-04-20,受益于新冠业务收入增长，金域医学一季度业绩大增超10倍,资本邦
410,2021-04-20,A股早报2021年4月20日星期二,Wind
411,2021-04-20,上市公司正负面新闻2021年4月20日星期二,Wind
412,2021-04-19,晚间重要公告2021年4月19日星期一,Wind
413,2021-04-19,金域医学(603882.SH)2020年度净利润升275.24%至15.1亿元拟10派3.29元,格隆汇
414,2021-04-19,金域医学(603882.SH)一季度净利润升1023.12%至5.38亿元,格隆汇
415,2021-04-19,金域医学(603882.SH)拟授出700万份股票期权 行权价为134.06元/股,智通财经
416,2021-04-19,金域医学(603882.SH)年度归母净利同比增长275.24%至15.097亿元 每10股派3.29元,智通财经
417,2021-04-19,金域医学：2020年净利润同比增长275.24%,Wind
418,2021-04-19,金域医学：一季度净利润同比增长1023.12%,Wind
419,2021-04-19,高瓴资本概念股普遍强势，国瓷材料、恩捷股份大涨,Wind
420,2021-04-13,预增王来了！医疗出口数据超预期，估值修复开启,Wind
421,2021-04-13,金域医学(603882.SH)及子公司累计获政府补助4010.66万元,智通财经
422,2021-04-13,高瓴资本概念股普遍强势，金域、健帆、甘李、凯莱英、广联达纷纷走升,Wind
423,2021-04-12,IVD行业投资探讨：Q1增长强劲，采购政策有望分类实施,中信建投证券研究
424,2021-04-09,两市百元股数量达134只，医药生物行业占比最高,证券之星
425,2021-04-08,A股小幅低开！创业板跌0.5%，煤炭、钢铁股走高,和讯
426,2021-04-08,医药生物行业：医疗体系运行常态化 看好一季度业绩表现,广发证券
427,2021-04-07,私募大佬冯柳百亿持仓曝光：青睐中小市值，新进持有这四只股票,21世纪经济报道
428,2021-04-07,高瓴资本概念股普遍调整，良品铺子、甘李、金域、广联达、公牛跌幅居前,Wind
429,2021-04-07,医药行业2021年4月投资月报：医药反弹后 如何布局估值性价比公司？,新浪
430,2021-04-07,医疗行业基本面确认，推荐三条投资主线,中信建投
431,2021-04-06,医药生物行业：为什么说智飞生物二季度有望迎来亮眼表现？,新浪
432,2021-04-06,医药行业2021年4月投资月报：把握一季报最佳反弹窗口期 加配低估值且高增长标的,西南证券
433,2021-04-06,医药行业周报：当前是反弹最佳窗口期 加配低估值高增长标的,西南证券
434,2021-04-06,医药行业每周医览药闻：从2020年财报看国内创新药行业发展,新浪
435,2021-04-06,A股收盘综述：指数窄幅整理，氢能及燃料电池概念股爆发,Wind
436,2021-04-05,股民沸腾！3400亿光伏龙头入局氢能，受益股大曝光！3大私募巨头一动作暗示重大信号！,每经牛眼
437,2021-04-05,股民沸腾：3400亿光伏龙头隆基正式入局氢能 受益股大曝光,每日经济新闻
438,2021-04-05,一文看懂为何近期医疗服务、医美标的股价反弹涨幅较大,21世纪经济报道
439,2021-04-03,基因测序双周榜：药明康德触底反弹“王者归来”？国际医学迎明星基金经理调研,华夏时报
440,2021-04-02,医药行业周报：一季报行情开启 建议关注高增长的医药板块,新浪
441,2021-04-02,金域医学(603882.SH)：君睿祺及君联茂林减持期过半累计减持239.66万股,格隆汇
442,2021-04-01,高瓴资本概念股普遍活跃，健帆、金域医学、广联达、健康元、恩捷涨幅居前,Wind
443,2021-04-01,兴证策略&多行业：2021年4月金股组合,新浪
444,2021-03-31,高瓴资本概念股多数调整，凯莱英、公牛、金域医学、广联达、恩捷纷纷下滑,Wind
445,2021-03-30,冯柳新进13股全名单曝光，哪些让他收获浮盈？,红周刊
446,2021-03-30,医疗股获资金热捧，机构看好的个股名单来了,第一财经
447,2021-03-29,金域医学股东辰德惟敬拟清仓减持 拟减持股份,北京商报
448,2021-03-29,医药这4个细分领域值得关注,制药网
449,2021-03-29,金域医学：公司股东辰德惟敬计划不超过约89万股股份,每日经济新闻
450,2021-03-29,金域医学：上海辰德惟敬投资中心拟清仓减持不超过0.19%公司股份 拟减持股份,Wind
451,2021-03-28,【中金医药】持续关注龙头企业，创新是核心驱动力，调整即是机会-中金医药周报,陆家嘴医药代表
452,2021-03-28,中信证券：医药外包、医疗服务、IVD及医疗信息化公司整体同比增速较快,第一财经
453,2021-03-28,一季报前瞻：整体乐观，优势赛道表现突出,中信建投证券研究
454,2021-03-26,金域医学：辰德惟敬减持计划到期，未减持公司股份,每日经济新闻
455,2021-03-26,金域医学(603882.SH)：辰德惟敬减持期届满未实施减持,格隆汇
456,2021-03-25,高瓴资本概念股表现活跃，恩捷、国瓷材料、健康元、金域、泰格医药普涨,Wind
457,2021-03-23,医药行业周报：医药板块“渐入佳境” 估值和基本面均逐步具备吸引力,新浪
458,2021-03-23,金域医学：目前公司暂无试剂生产业务,每日经济新闻
459,2021-03-22,医联与金域医学达成战略合作 为慢病患者提供及时专业的检验服务,北国网
460,2021-03-22,医药行业周报：建议关注血制品、疫苗、类消费生物药和药店 山东药玻以及迈瑞医疗,新浪
461,2021-03-22,高瓴资本概念股普遍活跃，凯莱英、金域医学、恩捷股份、泰格医药等集体走升,Wind
462,2021-03-21,医药生物行业周报：基因细胞治疗CDMO黄金赛道有望孕育下一个药明生物,新浪
463,2021-03-20,基因测序周榜：“医研茅”药明康德暴跌未止，低位个股丽珠集团涨幅居首迎春天？ 连续下跌,华夏时报
464,2021-03-19,医联携手金域医学 打造慢病管理领域云检测整合服务方案,证券日报网
465,2021-03-19,金域医学(603882.SH)：股东圣域钫质押375万股,格隆汇
466,2021-03-19,医药生物行业：业绩弹性逐步释放 关注一季报高增长品种,新浪
467,2021-03-16,医药生物行业周报：CXO、医疗服务、生物制品等板块预计Q1高增长,新浪
468,2021-03-16,高瓴资本概念股反弹，金域医学、凯莱英、广联达、恩捷股份、公牛集团普涨,Wind
469,2021-03-15,医药周报：一线龙头实现北上资金净流入 珍惜核心资产回调机会,新浪
470,2021-03-15,高瓴资本概念股普遍调整，泰格医药、甘李药业、凯莱英、金域医学领跌,Wind
471,2021-03-14,基因测序一周风云榜：汤臣倍健逆势增长20%，美年健康再度“卖子”意欲何为？,华夏时报
472,2021-03-10,白酒、医药多股涨停：财富制造机重启？这些个股已处加仓临界点？,红周刊
473,2021-03-10,西南证券--医药行业2021年3月投资月报：核心资产大跌之后性价比凸显，建议关注PEG投资机会【行业研究】,金融界股吧
474,2021-03-10,金域医学成立医学检验实验室公司，持股100%,企查查
475,2021-03-09,医药行业周报：逐步布局一季报高增长核心资产,新浪
476,2021-03-09,国盛证券--医药生物行业周报：全民免疫迫在眉睫，新冠疫苗的热点问题怎么看【行业研究】,金融界股吧
477,2021-03-09,医药生物行业半月谈：医药行业估值性价比开始凸显 适时布局高景气赛道和高成长个股,国海证券
478,2021-03-08,金域医学(603882.SH)收到中国证监会关于非公开发行股票的批复,智通财经
479,2021-03-08,金域医学：截至2月底，公司已累计开展核酸检测超5900万人份,每日经济新闻
480,2021-03-08,金域医学：证监会核准公司非公开发行不超过约312万股新股,每日经济新闻
481,2021-03-08,金域医学(603882.SH)定增申请获中国证监会核准,格隆汇
482,2021-03-08,医药周报：坚守具备估值安全垫、业绩增长确定性高的一二线龙头,新浪
483,2021-03-08,医疗健康行业：调整是布局良机 重点关注新冠疫苗加速接种带来的投资机会,新浪
484,2021-03-07,医药板块估值有多贵？哪些估值贵？【东吴医药朱国广团队|0307周报】,国广有话说
485,2021-03-06,抗疫概念股赚翻！有公司多赚65倍！核酸检测商机能吃多久？,南都报
486,2021-03-06,基因测序一周风云榜：药明康德市值大缩水，金域医学两股东三个月减持477万股 减持股份,华夏时报
487,2021-03-05,抗疫一年医药股谁最挣钱？英科医疗净利领涨，疫情消退考验“金域医学们”业绩持久性,华夏时报
488,2021-03-05,金域医学：股东国创开元减持计划时间已过半，累计减持0.04%股份 拟减持股份,Wind
489,2021-03-05,金域医学(603882.SH)：国创开元减持期过半累计减持18.32万股 减持股份,格隆汇
490,2021-03-05,医药生物行业：第四批集采落地 建议上游原料药行业,新浪
491,2021-03-05,金域医学党委书记、董事长兼首席执行官梁耀铭：发挥专业参与健康乡村建设 助力乡村振兴,每日经济新闻
492,2021-03-04,"【行情】新冠检测板块持续下跌，安图生物封跌停，万泰生物、金域医学跌逾7%，艾德生物、复星医药、华大基因、利德曼等跟跌
连续下跌",金十数据
493,2021-03-04,高瓴资本概念股普遍下滑，公牛集团、凯莱英、泰格医药、金域医学、恩捷股份领跌,Wind
494,2021-03-03,金域医学：国开博裕一期股权投资合伙企业减持约459万股，减持计划时间已过半,每日经济新闻
495,2021-03-03,金域医学：股东国开博裕一期（上海）股权投资减持1%公司股份 减持股份,Wind
496,2021-03-03,金域医学(603882.SH)：国开博裕减持期过半累计减持459.49万股 减持股份,格隆汇
497,2021-03-01,南粤?金域医学实验室正式承接澳门核酸检测任务,上证报
498,2021-02-22,盛视早参：“两会”前夕或维持震荡格局,新浪
499,2021-02-22,医药行业周报：趁医药回调良机 布局高景气板块,西南证券
500,2021-02-21,抱团要瓦解？机构慌了？看看“聪明资金”怎么操作,Wind
501,2021-02-21,抱团股开年巨震，顶流基金经理火速调仓！,中国基金报
502,2021-02-20,【浙商医药|孙建】周报：“恐高”回调，坚守主线,杏林建研
503,2021-02-20,基因测序一周风云榜：金域医学市值半月蒸发七分之一，药明康德市值稳居首位 连续下跌,华夏时报
504,2021-02-19,春运核酸检测真相调查：为回家花80块检测，“感觉亏了”,健识局
505,2021-02-19,三大概念股被主力资金抛弃,证券时报网
506,2021-02-19,高瓴资本概念股走势分化，公牛、甘李、国瓷材料、金域医学、恩捷股份等跌幅较大,Wind
507,2021-02-19,晨报0219 | 医药春季策略、新式茶饮行业专题、盘江股份（600395）,国泰君安证券研究
508,2021-02-18,金域医学龙虎榜数据（2月18日）,Wind
509,2021-02-18,跌停板解密：高位出逃，4只前期强势股遭资金甩卖！（2月18日）,Wind
510,2021-02-18,茅台“军团”群崩,中金在线
511,2021-02-18,慌了！2倍大牛股金域医学突然跌停！此前券商机构看涨至200元,搜狐
512,2021-02-18,金域医学跌停:万家基金持股 月初中金与国泰君安唱多,中国经济网
513,2021-02-18,医药行业动态研究周报(A股及港股)：继续看好年报及疫情主线,新浪
514,2021-02-18,医药行业2021年春季投资策略：供需皆强劲 业绩开门红,新浪
515,2021-02-18,机构懵了！抱团白马股群崩，周期股大爆发，什么情况？,中国基金报
516,2021-02-18,高瓴资本概念股多数调整，公牛集团、健帆生物、凯莱英、泰格医药、恩捷股份领跌,Wind
517,2021-02-18,开盘闪崩！2万股民懵了，700亿第三方医学检测龙头股突然跌停，市值瞬间蒸发76亿！网友：什么情况？ 连续下跌,每日经济新闻
518,2021-02-18,快讯：新冠检测板块大幅跳水 金域医学跌停,新浪
519,2021-02-18,【行情】新冠检测板块大幅跳水，金域医学跌停，艾德生物、万孚生物、万泰生物、之江生物等大幅下跌 连续下跌,金十数据
520,2021-02-10,节前股市迎来大红包，但这些“消费茅”仍趴地板上,证券时报网
521,2021-02-08,医药行业周报：积极关注新冠疫苗进展 持续拥抱差异化赛道,新浪
522,2021-02-08,50家上市械企年度预报 | 前10净利超281亿，IVD全线飘红！,医疗器械协会
523,2021-02-08,医药周报：板块回暖 新冠疫苗信息更新带动疫苗板块表现强势,新浪
524,2021-02-08,金域医学：已开展食品环境类的核酸检测业务,Wind
525,2021-02-08,金域医学：已开展食品环境类的核酸检测业务,格隆汇
526,2021-02-08,医药行业周报：第四批集采落地 持续看好创新及相关产业链CXO,西南证券
527,2021-02-07,医药生物行业2020业绩前瞻：2020板块分化明显 下半年医疗服务等有序复苏,新浪
528,2021-02-07,医药生物行业周报：新冠变异后是否需要常态化免疫加强？智飞新高后继续强烈看好,新浪
529,2021-02-07,医药冷链物流迎来爆发期，4000亿市场规模推动产业发展,证券之星
530,2021-02-07,核酸检测成利好 ICL借机走向台前,投资界
531,2021-02-06,十亿核酸检测需求 撬动春运最大“订单”,钛媒体
532,2021-02-05,核酸检测是门好生意吗？上市公司净利润暴涨数十倍,36氪
533,2021-02-05,基因测序行业一周风云榜：美年健康成功“卖子”拉动业绩，华大基因定增20亿元,华夏时报
534,2021-02-05,高瓴资本概念股表现活跃，海正药业封板、健帆生物一度涨停,Wind
535,2021-02-05,解盘：权重继续拉指数，医药、大消费、茅指数略涨,Wind
536,2021-02-03,长城证券--金域医学：业绩表现持续抢眼，新冠检测推动高增长【公司研究】,金融界股吧
537,2021-02-03,医药生物2月月报：寻业绩主线 重点关注CXO等高增长赛道,新浪
538,2021-02-02,累计开展核酸检测超3000万人份 金域医学2020年业绩大幅预增,中国经济网
539,2021-02-02,高瓴资本概念股普遍强势，良品铺子、公牛集团、泰格医药、金域医学等纷纷走升,Wind
540,2021-02-02,金域医学(603882)：ICL龙头公司 “规模+技术”双轮驱动,新浪
541,2021-02-02,销售每日AH推荐,新浪
542,2021-02-02,金域医学(603882)：业绩持续超预期 新冠显着受益,新浪
543,2021-02-02,医药行业周报：短期流动性收紧 如何看医药后市机会？,西南证券
544,2021-02-02,医药周报：专注优质赛道 精选成长路径明确、估值合理的板块及标的,新浪
545,2021-02-01,2021年医药行业如何投资？高瓴A股医药公司持仓曝光,健识局
546,2021-02-01,中泰证券--金域医学：业绩符合预期，新冠检测贡献较高增量【公司研究】,金融界股吧
547,2021-02-01,太平洋--金域医学：20Q4新冠仍有较大贡献，全年业绩高增长【公司研究】,金融界股吧
548,2021-02-01,浙商证券--金域医学2020年业绩预告点评：全年业绩高增，看好新冠业务持续及高质量发展【公司研究】,金融界股吧
549,2021-01-29,金域医学(603882.SH)预计2020年归母净利润同比增加247.97%至287.74%,智通财经
550,2021-01-29,核酸检测生意大起底：返乡催生600亿市场，试剂利润不菲，服务赚头最高,读懂财经
551,2021-01-29,医药行业重大事项点评：国务院发布药品带量采购意见 应采尽采 范围更广,新浪
552,2021-01-29,金域医学2020年净利预增超247% 未来新冠检测业务存不确定性,中新经纬
553,2021-01-29,金域医学：2020年净利预增248%到288%,e公司
554,2021-01-29,金域医学：预计2020年度净利润14亿元-15.6亿元同比增长248%-288%,格隆汇
555,2021-01-29,核酸检测生意经：兼职中介日赚千元，这个环节加价最多,新浪
556,2021-01-29,华测检测(300012)：业绩符合预期 运营效率稳步提升,广发证券
557,2021-01-29,医药生物行业：药品集采常态化 坚定拥抱医药创新,新浪
558,2021-01-29,高瓴资本概念股普遍调整，凯莱英、健康元、金域医学、海正药业跌幅居前,Wind
559,2021-01-29,五日龙虎榜追踪 机构抢筹这52股,证券之星
560,2021-01-28,浙商证券--医药行业周报：CXO/IVD业绩预喜，疫情下持续高景气【行业研究】,金融界股吧
561,2021-01-28,2020年四季度基金医药持仓点评：四季度公募基金医药重仓持股小幅下降 头部聚集趋势延续,新浪
562,2021-01-28,机构五日抢筹26股 主力资金大量流入,证券之星
563,2021-01-27,掘金龙虎榜 54股近期获机构净买入,证券之星
564,2021-01-27,中信建投：节前看好年报行情及疫情受益主线,Wind
565,2021-01-27,确保春运防疫两不误，医疗机构与上市公司马力全开应对核酸检测,Wind
566,2021-01-26,医药行业Q42020持仓分析：医药仓位有所回落 核心资产持续加强,西南证券
567,2021-01-26,再也无法忽视的疫情防控功臣-独立医学实验室ICL,YY港股圈
568,2021-01-26,医药周报：疫情防控需求带来业绩弹性 精选优质检测标的,新浪
569,2021-01-25,医药生物行业周报：2020Q4公募基金重仓医药持仓几何？继续强调Q1医药躁动期,新浪
570,2021-01-25,机构最近都在买哪些股？,证券之星
571,2021-01-25,A股早报2021年1月25日星期一,Wind
572,2021-01-25,部分医院放号翻倍 检验平台下单量增40倍,广州日报
573,2021-01-24,返乡需查核酸，概念股站上风口,杭州网
574,2021-01-23,返乡“通行证”！核酸检测概念股站上风口，去年有企业净利涨70倍,腾讯网
575,2021-01-23,两连板的金域医学(603882.SH)：未来新冠相关检测业务是否继续保持增长存在不确定性,格隆汇
576,2021-01-23,返乡新规激起千层浪：核酸检测概念股逆市上涨，第三方检测机构连夜布局,36氪
577,2021-01-23,春节返乡人员核酸检测需求暴增 有企业称单日下单量增加约40倍,证券日报
578,2021-01-22,医药股加速爆发，超九成公司预盈，板块投资前景如何？,第一财经
579,2021-01-22,金域医学龙虎榜数据(1月22日）,Wind
580,2021-01-22,金域医学三日两涨停 机构资金博弈激烈,e公司
581,2021-01-22,机构今日买入这7股，卖出金域医学1.29亿元丨牛熊眼,第一财经
582,2021-01-22,涨停板解密：医药股火爆上涨引领市场！（1月22日）,Wind
583,2021-01-22,核酸检测需求大增！广东多地提醒,南方+
584,2021-01-22,核酸检测概念股逆市上涨，产品或有增量，未来业绩影响如何？,奥一网
585,2021-01-22,涨停板复盘：三大指数分化明显 新冠检测板块全线大涨,新浪
586,2021-01-22,核酸检测大增！这家公司股价四年暴涨23倍，广州老板身家160亿,腾讯网
587,2021-01-22,A股收盘综述：沪指回撤险守3600点，创业板指大涨逾2%,Wind
588,2021-01-22,核酸检测概念股持续走强，医疗ETF放量大涨5.78%,Wind
589,2021-01-22,高瓴资本概念股普遍走强，金域医学连续两日涨停,Wind
590,2021-01-22,什么信号？早盘北向资金转为净流出,上证报
591,2021-01-22,解盘：科技、金融普跌，锂矿、肺炎检测、电源设备略涨,Wind
592,2021-01-22,A股午盘综述：大小指数分化，上证指数跌0.73%,Wind
593,2021-01-22,医疗ETF(SZ159828) 高开高走涨超3%，成交额突破5000万元,Wind
594,2021-01-22,医疗器械服务概念早盘拉升 金域医学等涨停,中国经济网
595,2021-01-22,新冠肺炎检测概念股涨幅扩大，金域医学涨超9%,Wind
596,2021-01-22,新冠肺炎检测概念股延续强势，西陇科学开盘涨停,Wind
597,2021-01-22,核酸检测概念股大涨，第三方核检机构吃香？有机构称：咨询电话一个接一个,每日经济新闻
598,2021-01-22,百元股数量创历史新高，67股获北上资金增持,Wind
599,2021-01-21,春运返乡引爆核酸检测市场，供给能否满足庞大需求,第一财经
600,2021-01-21,21深度丨春节返乡需核酸检测：17亿人次大迁徙，各地检测能力跟得上吗？,21世纪经济报道
601,2021-01-21,春节返乡政策引爆核酸检测概念，多家公司回应相关业务情况丨牛熊眼,第一财经
602,2021-01-21,“国家送订单”！春节返乡政策开辟千亿新市场，刚需驱动下业绩预增最高70倍，2021核酸检测需求只增不减,金融界
603,2021-01-21,预计17亿人次核酸检测订单来袭：部分城市预约紧张，第三方医检机构连夜布局,21世纪经济报道
604,2021-01-21,65股携上证指数创新高，业绩成走牛关键,Wind
605,2021-01-21,A股收盘综述：上证指数涨逾1%重回3600点，创业板指再创阶段新高,Wind
606,2021-01-21,高瓴资本概念股整体活跃，国瓷材料、公牛集团、良品铺子均大涨,Wind
607,2021-01-21,央妈又放大招！A股冲上3600，港股冲击3万点,中国基金报
608,2021-01-21,中国稀土涨超60% 医药股活跃 高增长白马名单来了,网易
609,2021-01-21,创业板刷新5年半新高，22倍大牛股诞生！,上证报
610,2021-01-21,A股医药股活跃，高增长医药白马名单来了,证券时报网
611,2021-01-21,A股冲上3600点！刚刚周期股大爆发 牛市旗手券商板块又大涨,中国基金报
612,2021-01-21,数说A股：中国稀土飙涨超60％，A股医药股活跃，高增长医药白马名单来了,腾讯网
613,2021-01-21,华为内部人士：预留了芯片，用于下一代手机！中国稀土飙涨超60%，A股医药股活跃，高增长医药白马名单来了,证券时报网
614,2021-01-21,返乡查核酸证明，A股检测试剂、第三方检测行业大爆发,新浪
615,2021-01-21,解盘：沪指站上3600点，小金属、肺炎检测、新能源领涨,Wind
616,2021-01-21,A股午盘综述：上证指数涨1.3%刷新5年以来新高,Wind
617,2021-01-21,概念股爆发！春节返乡必须核酸检测机构：2021年核酸检测试剂盒需求只增不减,金融界
618,2021-01-21,春节返乡需持核酸证明，概念股火了，关注这些业绩高增长股,第一财经
619,2021-01-21,【行情】医疗器械板块走强，迪安诊断、凯普生物涨逾10%，乐心医疗、博晖创新、金域医学等大涨,金十数据
620,2021-01-21,连夜反应！春节返乡需持核酸阴性证明 多家公司迅速推出检测业务,财联社
621,2021-01-20,高瓴资本概念股涨势强劲，泰格医药、凯莱英、金域医学、恩捷股份等集体上扬,Wind
622,2021-01-20,医药生物行业报告：中外新冠疫苗PK 孰优孰劣？,新浪
623,2021-01-20,刚刚，周期股大爆发！A股冲上3600点，央妈又放大招！港股冲击3万点，返乡新规引爆700亿巨头！这只股彻底崩了，连砸五跌停！,中国基金报
624,2021-01-20,受益于良好的业绩预期，这3只医药股涨幅均超60%,制药网
625,2021-01-20,52只股北向资金持有流通盘的比例超10%,证券之星
626,2021-01-19,医药行业周报：关注两大政策变化 推荐“创新”+“药店”,新浪
627,2021-01-19,医药周报2021年第3期：第四批国家集采年前开标 挖掘业绩反转或超预期标的,新浪
628,2021-01-19,医药周报：精选质地优良、估值相对合理、增长确定性强的药店、血制品、检测板块以及类消费生物药,新浪
629,2021-01-18,医药生物：中国创新药是否到了国际化的拐点？,新浪
630,2021-01-17,医药行业每周医览药闻：如何看待医药零售板块的政策机遇,新浪
631,2021-01-14,医药生物行业：Q4医药板块延续恢复态势 结构性机会突出,新浪
632,2021-01-14,2020年中国第三方医学诊断行业市场竞争格局分析 四大龙头格局稳定,前瞻研究院
633,2021-01-14,北向资金高比例持有股票名单,证券之星
634,2021-01-12,51只股北向资金持有流通盘的比例超10%,证券之星
635,2021-01-12,中信建投：疫情催化、年报加持，医药行业关注度有望提升,Wind
636,2021-01-11,高瓴A股又有新动作！这次看上了这个细分行业的龙二？暴露了什么信号？,新浪
637,2021-01-11,医药行业周报：从历史复盘看“高景气度龙头”抱团趋势,新浪
638,2021-01-11,高瓴资本概念股普遍活跃，甘李药业、海正药业、凯莱英、良品铺子、金域医学大涨,Wind
639,2021-01-11,医药生物/行业周报：关注业绩超预期的机会,新浪
640,2021-01-07,高瓴资本的两只医药龙头，无惧利空又双叒叕创新高,格隆汇
641,2021-01-06,又一市启动全员核酸检测！河北高速劝返车辆，未来一周是关键,健识局
642,2021-01-06,兴证医药行业2021年1月投资月报：创新药差异化、国际化时代开启,新浪
643,2021-01-06,医药周报2021年第1期：2020年圆满收官 2021年值得期待,新浪
644,2021-01-05,21深度｜抗疫之年的第三方医检：利好加持迎黄金期，行业集中化趋势凸显,21世纪经济报道
645,2021-01-05,医药周报：拥抱创新 坚守价值 进一步聚焦结构性机会,新浪
646,2021-01-04,高瓴资本概念股普遍活跃，恩捷股份、泰格医药、健康元、广联达、健帆生物齐涨,Wind
647,2021-01-04,金域医学：昙花一现的疫情概念股？,新浪
648,2020-12-31,医药行业2021年度投资策略报告：“疫”后起航 乘“策”而行,新浪
649,2020-12-30,医药周报2020年第50期：医保谈判落地 行业配备价值凸显,新浪
650,2020-12-30,医药生物行业周报：国谈落地 仍然看好创新产业链,新浪
651,2020-12-29,医药行业周报：海外疫情引关注 “国谈”下创新药企业面临新考验,新浪
652,2020-12-29,医药生物行业报告：继续重点关注创新核心竞争力和医药大消费两大投资方向,新浪
653,2020-12-29,医药周报：板块温和向上 精选质地优良、增长确定性强的血制品、药店、检测和类消费生物药,新浪
654,2020-12-28,金域医学(603882.SH)：辰德惟敬减持期过半未减持公司股份,格隆汇
655,2020-12-28,金域医学：辰德惟敬未减持股份，减持时间过半,Wind
656,2020-12-25,医药行业年度策略：控费旋律不改 聚焦创新消费,新浪
657,2020-12-25,金域医学(603882.SH)逼近涨停 股价再创新高,格隆汇
658,2020-12-24,“拟大比例减持+业绩堪忧股”名单来了 拟减持股份,证券时报网
659,2020-12-23,高质量发展中的上市公司 |核酸检测展现第三方医检硬实力，发展人工智能打造医检新生态,财富动力网
660,2020-12-22,医药生物行业报告：医保谈判落地不确定性消除 加大医药优质赛道关注度,新浪
661,2020-12-22,医药生物行业周报：“三重行业红利 五重公司催化”助推智飞生物 强调Q1医药躁动机会,新浪
662,2020-12-21,金域医学(603882.SH)：定增申请获证监会审核通过,格隆汇
663,2020-12-21,医药行业周报：如何选股？创新赋能、制造升级和降本增效,新浪
664,2020-12-21,高瓴资本概念股表现活跃，国瓷材料、恩捷股份、海正药业、广联达等普涨,Wind
665,2020-12-21,高瓴158亿杀入光伏龙头，最新持仓全名单曝光,证券时报网
666,2020-12-20,金域医学“医检4.0”战略发布 钟南山等9位院士赋能中国医检“最强大脑”,证券日报网
667,2020-12-20,金域医学发布“医检4.0”战略 学术委员会再次扩容,中证网
668,2020-12-19,钟南山院士：新冠病毒传播出现新课题,科技日报
669,2020-12-19,2020金域医学学术委员会专题研讨会在广州召开 钟南山等九位院士出席,证券时报
670,2020-12-19,广州金域医学检验集团股份有限公司2020年度非公开发行A股股票预案（二次修订稿）,证券时报
671,2020-12-18,55股获杠杆资金大手笔加仓,证券之星
672,2020-12-16,医药周报2020年第48期：医保谈判结果即将公布 第四批全国集采已开启,新浪
673,2020-12-15,在家即可检测，金域医学联合泓华医疗推出“互联网+医检”服务,凤凰网
674,2020-12-15,高瓴资本概念股普遍强势，甘李药业、恩捷股份、金域医学、广联达等集体走强,Wind
675,2020-12-14,医药生物行业周报：2021医药“春季躁动”有望提前到来 关注医药消费投资机会,新浪
676,2020-12-11,金域医学(603882.SH)：股东圣域钫质押455万股,格隆汇
677,2020-12-11,金域医学：检测能力+冷链物流 打造差异化竞争的护城河,证券日报
678,2020-12-11,上市公司正负面新闻2020年12月11日星期五,Wind
679,2020-12-11,金域医学董事长梁耀铭：业绩和估值齐飞的背后是坚守医学检测主航道的初心,证券日报
680,2020-12-10,金域医学股东拟集中竞价减持不超1.16%股份 拟减持股份,上证报
681,2020-12-10,犀牛财经晚报：天齐锂业跌停 每日优鲜筹资3.05亿美元,GPLP犀牛财经
682,2020-12-10,金域医学：股东及其一致行动人拟清仓式减持535.09万股 拟减持股份,中证网
683,2020-12-10,金域医学(603882.SH)：君睿祺及一致行动人拟清仓减持不超1.16%股份 拟减持股份,格隆汇
684,2020-12-10,金域医学：君睿祺及其一致行动人拟清仓减持不超过1.1645%公司股份 拟减持股份,Wind
685,2020-12-10,高瓴资本概念股再度活跃，泰格医药、国瓷材料、甘李药业等普涨,Wind
686,2020-12-10,2021年度策略行业策略：医药黄金时代行情不会缺席 2021只是更加极致聚焦,新浪
687,2020-12-09,新冠疫苗是航空股“救命药”？业内：板块回暖仍待需求恢复,第一财经
688,2020-12-09,金域医学：君睿祺、君联茂林合计减持1.4514%公司股份 减持股份,Wind
689,2020-12-09,金域医学(603882.SH)：君睿祺及君联茂林减持期届满合计减持666.92万股 减持股份,格隆汇
690,2020-12-09,医药生物2021年投资策略报告：不畏浮云遮望眼,新浪
691,2020-12-09,晨报1209 | 医药&白酒2021年度策略、次新股专题、圣农发展（002299）,国泰君安证券研究
692,2020-12-09,国内财经媒体头版2020年12月9日星期三,Wind
693,2020-12-09,中信建投2021年医药生物投资策略展望：不畏浮云遮望眼,中信建投证券研究
694,2020-12-08,医药行业2021年度投资策略：需求无止境 供给共繁荣,新浪
695,2020-12-08,医药生物行业2020年12月投资月报：医药反弹持续性如何？,新浪
696,2020-12-08,高瓴资本概念股再度活跃，金域医学、广联达、国瓷材料、泰格医药等普涨,Wind
697,2020-12-08,国君医药 | 2021年度策略：需求无止境，供给共繁荣,国泰君安证券研究
698,2020-12-07,医药生物行业周报：狂犬单抗未来会是大品种吗？再次强调12月是医药底部布局期,新浪
699,2020-12-07,医药生物行业12月月报：静待医药政策落地期 关注重磅品种研发进展和优质细分赛道,新浪
700,2020-12-07,高瓴资本概念股逆市活跃，广联达、国瓷材料、泰格医药、凯莱英等普涨,Wind
701,2020-12-07,医药行业周报：医药反弹OR反抽？,西南证券
702,2020-12-07,医药生物行业研究周报：从批签发变化来看血制品行业有望迎来高景气度,新浪
703,2020-12-02,金域医学今日大宗交易成交5.60万股，成交价88.67元折价1.32%,Wind
704,2020-12-02,金域医学现1笔大宗交易 共成交496.55万元,新浪
705,2020-12-01,金域医学澳门实验室揭牌,上证报
706,2020-12-01,回顾2018年药品集采，创新走向更高质量发展--医药行业周报（2020.11.23-2020.11.27）,兴证医药健康
707,2020-11-30,医药行业每周医览药闻：全国高耗集采 加速进口替代 推进产业创新,新浪
708,2020-11-30,医药生物行业报告：把握业绩好 确定性较强的子行业,新浪
709,2020-11-29,广东打造医检人工智能生态,科技日报
710,2020-11-27,金域医学承建广东省新一代人工智能开放创新平台,e公司
711,2020-11-26,【新康界每周投资策略】医药生物行业分析系列——第三方医学诊断（实验室）（ICL）,新康界
712,2020-11-26,【新康界每周投资策略】科创板细则落地，或可分拆上市的医药上市公司有哪些？,新康界
713,2020-11-25,又站岗？3400点“清仓式”减持再来,Wind
714,2020-11-23,医药周报：预计2020年海外采浆量同比下降10％ 继续推荐天坛生物,新浪
715,2020-11-22,医药生物行业周报：调整提供布局良机 拥抱长期成长和确定性,新浪
716,2020-11-20,布局2021年！这个板块有望爆发,证券之星
717,2020-11-20,【东吴计算机周报】: 盘点工业控制核心领域投资机会,吴声计事
718,2020-11-19,医药周报2020年第42期：三季报收官 医药板块反弹,新浪
719,2020-11-19,金域医学调整定增方案 募资额不超10亿降为不超1.5亿,中国经济网
720,2020-11-19,（上接D20版）广州金域医学检验集团股份有限公司2020年度非公开发行A股股票预案（修订稿）,证券日报
721,2020-11-18,金域医学：签署《战略合作协议之终止协议》、《附条件生效的股份认购协议之终止协议》 经营问题,Wind
722,2020-11-18,金域医学(603882.SH)：定增募资额由不超10亿元调整为不超1.5亿元,格隆汇
723,2020-11-18,金域医学(603882.SH)：先进制造产业投资基金二期不再参与公司非公开发行,格隆汇
724,2020-11-18,广州生物医药添“新名片”：产学研合作共建类器官样本库,科技日报
725,2020-11-18,一个月市值蒸发100亿后 金域医学又迎来股东清仓式减持 连续下跌,第一财经
726,2020-11-17,明年医药板块怎么走？磨底+结构性行情,新康界
727,2020-11-17,"金域医学现1笔大宗交易 共成交1,878.96万元",新浪
728,2020-11-17,A股再迎解禁小高峰，逾1300亿上市流通影响几何？ 解禁,第一财经
729,2020-11-17,A股异动 | 金域医学(603882.SH)跌逾4% 股东国创开元拟减持不超6%股份 拟减持股份,格隆汇
730,2020-11-17,时代点金（1117）：京东双喜临门；金域医学股东减持6%股份 减持股份,时代财经
731,2020-11-17,金域医学：股东国创开元拟减持不超2757万股 拟减持股份,中国经济网
732,2020-11-16,减持公告丨金域医学、元祖股份均遭股东减持6%股份 减持股份,第一财经
733,2020-11-16,业绩大增股价走高 金域医学股东集中减持套现超66亿元 减持股份,和讯
734,2020-11-16,金域医学：股东国创开元拟减持公司不超6%股份 拟减持股份,格隆汇
735,2020-11-16,金域医学：国创开元计划减持不超过6%股份 拟减持股份,Wind
736,2020-11-16,医药周报2020年第44期：海外疫苗公布中期分析 把握四季度布局主线,新浪
737,2020-11-15,【浙商医药|周报】估值持续回落，mRNA疫苗积极结果导致板块分化,杏林建研
738,2020-11-15,医药行业每周医览药闻：中国科技创新的卖水者 科学服务行业方兴未艾,新浪
739,2020-11-13,金域医学(603882.SH)：国创开元减持期届满 累计减持557.88万股 减持股份,格隆汇
740,2020-11-13,金域医学：大股东减持1.21%股份，减持时间区间届满 减持股份,Wind
741,2020-11-13,医疗健康产业2021年投资策略：医疗投资迎来长跑期 关注医保控费下的新机遇,新浪
742,2020-11-13,医药行业周报：冠脉支架拟中选结果发布 辉瑞／BIONTECH发布疫苗积极结果,渤海证券
743,2020-11-12,金域医学：国开博裕计划减持不超过2.56%股份 拟减持股份,Wind
744,2020-11-12,金域医学(603882.SH)：国开博裕拟清仓减持不超2.56%的股份 拟减持股份,格隆汇
745,2020-11-12,医药生物行业11月月报暨三季报总结：三季报医药整体表现良好 当前时点重点关注Q3业绩超预期的疫苗、CXO、医疗服务、零售药店等板块,新浪
746,2020-11-11,金域医学：国开博裕减持1.99%股份，减持时间区间届满 减持股份,Wind
747,2020-11-11,金域医学(603882.SH)：国开博裕减持期届满累计减持1.99%股份 减持股份,格隆汇
748,2020-11-10,2020年ESG评级报告：金域医学荣获卫生医疗行业“BBB级”评级，排名第一,和讯
749,2020-11-09,西南证券：双循环背景下 创新升级+进口替代引领医药大时代,新浪
750,2020-11-08,冠脉支架集采落地，医疗耗材利空压制释放【东吴医药朱国广团队|1106周报】,国广有话说
751,2020-11-06,医药行业2021年投资策略：“双循环”背景下 “创新升级＋进口替代”引领医药大时代,西南证券
752,2020-11-05,医药行业2020Q3持仓分析：医药仓位有所回落 紧握核心资产,西南证券
753,2020-11-05,医药生物行业上市公司2020年三季报小结：疫情影响逐渐消退 关注高成长大龙头+细分冠军,新浪
754,2020-11-04,医药生物行业-医疗器械、服务板块2020年三季报总结：中国制造优势体现 推荐出口型器械及连锁服务龙头,新浪
755,2020-11-04,金域医学现1笔大宗交易 共成交289.85万元,新浪
756,2020-11-04,医药恢复高增长，未来跟随政策变化选股——兴证医药2020年11月投资月报,兴证医药健康
757,2020-11-04,业绩飙升股价翻倍，累计新冠核酸检测2200万例 金域医学董事长梁耀铭：我们不是要跟医院抢饭碗,每日经济新闻
758,2020-11-03,2020年11月金股组合：兴证策略&多行业,新浪
759,2020-11-03,业绩飙涨、股价翻倍，这只百元股为啥这么牛？累计新冠核酸检测2200万例，金域医学梁耀铭：不是跟医院抢饭碗,每日经济新闻
760,2020-11-03,每经头条 | 业绩飙涨、股价翻倍，这只百元股为啥这么牛？ 累计新冠核酸检测2500万例，金域医学梁耀铭：不是跟医院抢饭碗,每日经济新闻
761,2020-11-02,11月金股来了！10股获多家券商一致推荐，21股业绩翻倍，最猛增长超2000%，多只低估值绩优股在列（附股）,证券时报
762,2020-11-02,疫情影响逐渐消退，关注高成长龙头+细分冠军--医药生物上市公司2020年三季报小结,兴证医药健康
763,2020-11-02,【浙商医药|三季报】医疗器械、服务：中国制造优势体现，推荐龙头,杏林建研
764,2020-11-01,医药行业每周医览药闻：医药零售板块2020年三季报业绩总结：抓住景气度提升明确的优质赛道,新浪
765,2020-11-01,最全！明星私募三季度调仓名单：高瓴系新进这三只个股，高毅景林淡水泉盘京宁泉买入这些公司,36氪
766,2020-10-30,金域医学(603882)：新冠疫情下公司加速增长 长期成长逻辑清晰,新浪
767,2020-10-30,金域医学(603882)：营收增长环比加速 规模效应明显,广发证券
768,2020-10-29,医检大健康业绩亮眼 养老会员卡今年遇滞销,广州日报
769,2020-10-29,金域医学(603882)2020年三季报点评：Q3新冠检测持续旺盛 高质量发展进程提速,新浪
770,2020-10-28,金域医学前三季度净利同比增长230.65% 核酸检测业务带动ICL行业逆势而上,证券日报网
771,2020-10-28,金域医学三季报点评：Q3新冠维持高贡献，公司业绩持续高增【东吴医药朱国广团队】,国广有话说
772,2020-10-28,金域医学：前三季度净利润同比增长230.65%,Wind
773,2020-10-28,A股早报2020年10月28日星期三,Wind
774,2020-10-28,金域医学(603882)：业绩持续超预期，龙头优势显著,中信建投证券研究
775,2020-10-27,【浙商医药|点评】金域医学：新冠检测持续旺盛，高质量发展提速,杏林建研
776,2020-10-27,广州金域医学检验集团股份有限公司关于董事辞职暨推举非独立董事候选人的公告 董监高成员变化,新浪
777,2020-10-27,金域医学：冯晓亮辞去董事及董事会战略委员会委员职务 董监高成员变化,Wind
778,2020-10-27,金域医学：前三季度净利润10.55亿元同比增长231%,格隆汇
779,2020-10-27,金域医学(603882.SH)：前三季度净利升230.65%至10.55亿元,格隆汇
780,2020-10-27,【国元医药|点评】金域医学2020年三季报点评 ：Q3业绩超预期，常规业务恢复高增速,元气医药
781,2020-10-26,医药生物行业周报：医药板块短期调整 寻找长期优质标的,新浪
782,2020-10-26,"金域医学现1笔大宗交易 共成交2,740.71万元",新浪
783,2020-10-26,金域医学今日大宗交易成交24.70万股，成交价110.96元溢价0.0%,Wind
784,2020-10-23,广州大同、荔湾中心医院、金域医学携手，启动关爱困境长者健康生活援助项目,凤凰网
785,2020-10-22,首批医疗器械集采公布入围者名单 7000亿元市场谁主沉浮,中投网
786,2020-10-22,食品饮料行业9月社零数据点评：社零连续2个月实现正增长 烟酒增速大幅提升,新浪
787,2020-10-19,医药生物行业周报：冠脉支架国采方案落地 头部企业有望相对受益,新浪
788,2020-10-19,医药生物行业报告：持续看好流感及肺炎相关疫苗销售 关注医药三季报业绩主线,新浪
789,2020-10-18,【方正制造α研究团队】核心资产周观察（第三十二期）,方正证券
790,2020-10-14,医疗ETF年内大涨80%居股票型ETF第一,Wind
791,2020-10-14,IVD行业事件点评：三季度新冠业务预期差显着 建议把握投资窗口期,新浪
792,2020-10-14,医药行业2020年四季度投资策略：业绩验证化解估值压力,新浪
793,2020-10-14,"医药生物行业2020三季度业绩前瞻：板块分化明显 医疗服务等板块有
序复苏",新浪
794,2020-10-13,深度布局大医药，高瓴“点金术”如何炼成？,Wind
795,2020-10-13,高瓴资本概念股普遍活跃，公牛集团、金域医学、甘李药业、凯莱英等大涨,Wind
796,2020-10-12,"【浙商医药|周报】持续推荐“核心赛道”,关注新冠疫苗研发进展",杏林建研
797,2020-10-09,2020年10月份上海证券研究所投资组合报告,新浪
798,2020-10-09,新冠肺炎检测板块午后回吐部分涨幅，金域医学、丽珠集团、万泰生物跳水,Wind
799,2020-09-30,A股午盘综述：上证指数半日缩量升0.45%，光伏、风电、汽车股领涨,Wind
800,2020-09-30,新冠肺炎检测板块走升，三诺生物涨超11%,Wind
801,2020-09-29,预防秋冬疫情重来，各医疗机构备战补短板,第一财经
802,2020-09-29,"金域医学现1笔大宗交易 共成交4,723.15万元",新浪
803,2020-09-29,金域医学汪令来： 第三方医检的核心优势是专业化、规模化,21世纪经济报道
804,2020-09-29,医药行业周报2020年第38期：海外疫情反复 关注疫情受益标的,新浪
805,2020-09-27,医药行业周报：持续布局高景气板块 开始关注三季报预期,西南证券
806,2020-09-27,医药生物行业研究：2020年CSCO大会群星闪耀 24张图表详细梳理亮点荟萃,新浪
807,2020-09-26,金域医学汪令来：未来疫苗检测市场将升温,21世纪经济报道
808,2020-09-25,第三方医检龙头谋转型，金域医学规模效应释放｜沪市质量行,第一财经
809,2020-09-24,金域医学董事长梁耀铭：坚守医学检验业务主航道,证券日报
810,2020-09-22,医药行业周报：关注板块回调态势下的疫苗及生物制品,新浪
811,2020-09-21,医药生物行业周报：CSCO、ESMO大会召开 关注创新药产业链,新浪
812,2020-09-19,超200万股东揪心 逾900亿解禁洪流来袭 这只医疗股压力巨大 6股解禁比例超50%（附股） 解禁,金融界
813,2020-09-19,下周949亿市值限售股解禁，环比增加760.85% 解禁,Wind
814,2020-09-19,金域医学：大规模核酸检测能力备受认可 科研创新探索医疗AI领域,南方财经网
815,2020-09-18,金域医学：大规模核酸检测能力备受认可 科研创新探索医疗AI领域,财富动力网
816,2020-09-17,医药行业周报：医药品种“调结构” 关注 “快速复苏板块”+“医保降价免疫”,新浪
817,2020-09-17,医药行业投资策略：寻找“隐形”冠军,新浪
818,2020-09-16,金域医学(603882.SH)：160.30万份股票期权9月22日上市流通,格隆汇
819,2020-09-15,[快讯]金域医学：第三方医学实验室未来市场渗透率或更高,全景网
820,2020-09-15,[快讯]金域医学：疫情对公司是很好的大考,全景网
821,2020-09-15,[快讯]金域医学：坚持主航道 二季度主营业务基本恢复正常,全景网
822,2020-09-15,医药行业2020年4季度投资策略报告：行业中报业绩企稳 关注长期投资逻辑―,渤海证券
823,2020-09-14,9月15日全景云调研走进金域医学，看第三方医检龙头业绩爆发的实力，如何创造新增长点,全景网
824,2020-09-10,医药生物行业2020年中报业绩综述：受疫情影响分化明显 器械、CXO维持高景气,新浪
825,2020-09-10,医药行业周报2020年第35期：板块回调不改行业高景气 关注器械、创新等细分领域发展机会,新浪
826,2020-09-10,高瓴资本概念股普遍强势，国瓷材料、广联达、金域医学、甘李药业领涨,Wind
827,2020-09-09,金域医学(603882.SH)：2名股东减持期过半 累计减持293.71万股 减持股份,格隆汇
828,2020-09-09,金域医学：君睿祺及其一致行动人君联茂林累计减持0.64%股份 减持股份,Wind
829,2020-09-08,金域医学上市三周年：高质量发展下业绩与市值齐飞,上证报
830,2020-09-08,金域医学(603882.SH)：向激励对象授予700万份股票期权,格隆汇
831,2020-09-08,5家第三方医检企业半年报公布，疫情如何加速经营拐点到来,动脉网
832,2020-09-07,第三方医检龙头金域医学的三年成绩单：高质量发展，向智能化、数字化升级,每日经济新闻
833,2020-09-07,金域医学：持股0.19%的股东辰德惟敬计划清仓减持 减持股份,Wind
834,2020-09-07,金域医学(603882.SH)：辰德惟敬拟清仓减持不超88.9295万股 减持股份,格隆汇
835,2020-09-07,多只千亿大白马杀跌，机构抱团松动？外资减仓近30亿,中国基金报
836,2020-09-07,超600亿解禁来了，华为概念股压力大（附股）,证券时报网
837,2020-09-07,民生证券医药行业周报：关注高景气医疗器械以及低估值板块机会,新浪
838,2020-09-07,新冠肺炎检测板块连续杀跌，金域医学、华大基因、达安基因、硕世生物领跌,Wind
839,2020-09-07,本周677亿市值限售股解禁，环比减少51.36% 解禁,Wind
840,2020-09-06,下周解禁市值环比大幅下降 这只医药大牛解禁近200亿元位居首位 解禁,每日经济新闻
841,2020-09-06,下周将有超600亿解禁 金域医学解禁市值高达194亿元 解禁,--
842,2020-09-06,核酸检测需求量仍将爆棚，精准防控公司深度受益,中投网
843,2020-09-06,医药生物行业周报：国产创新药频繁授权海外 继续重点推荐创新药产业链,新浪
844,2020-09-06,超600亿解禁洪流来袭 华为概念股压力大（附股） 解禁,网易
845,2020-09-06,医药行业每周医览药闻：2020年医药中报业绩总结：后疫情时代 关注需求复苏下蕴含的全球市场机会,新浪
846,2020-09-06,超600亿解禁洪流来袭：13涨停板牛股赫然在列 4股解禁比例超50% 解禁,金融界
847,2020-09-04,【浙商医药|中报】器械与服务：关注效率及渗透率提升加速,杏林建研
848,2020-09-04,金域医学：股东上海辰德惟敬投资中心累计减持0.48%股份 减持股份,Wind
849,2020-09-04,金域医学(603882.SH)：辰德惟敬已完成减持220.9036万股 减持股份,格隆汇
850,2020-09-04,医药行业2020年9月投资月报：建议关注IVD化学发光赛道 业绩高增长可期,新浪
851,2020-09-04,A股中报季900只超预期个股名单,锦缎
852,2020-09-04,上市公司正负面新闻2020年9月4日星期五,Wind
853,2020-09-03,金域医学：1.78亿股限售股9月9日上市流通 解禁,Wind
854,2020-09-03,金域医学(603882.SH)：约1.78亿股限售股9月9日解禁 解禁,格隆汇
855,2020-09-03,精彩回顾：2020EDC之2020第四届中国医学检验实验室高峰论坛&2020第三届生物信息分析应用论坛,药渡
856,2020-09-03,上市公司“赶集”服贸会,Wind
857,2020-09-02,A股8月12位董事长套现过亿，9月37家公司拟年内减持 减持股份,21世纪经济报道
858,2020-09-02,A股8月减持榜：海康威视副董事长套现逾33亿元，还有这些公司的董事长都在减持 减持股份,21世纪经济报道
859,2020-09-01,业绩与股价齐飞 新冠检测造富,时代在线
860,2020-08-31,医药行业周报：关注创业板注册制带动的医药投资机会,新浪
861,2020-08-30,食品、医药牛股不断：北上资金加仓“催化” 机构密集推荐,财富动力网
862,2020-08-29,12家上市公司解禁比例超30% 这类股需谨慎操作 解禁,和讯
863,2020-08-29,投资人眼中的圣湘生物：如何从濒临破产到“抗疫第一股”？,经济观察网
864,2020-08-29,10位明星基金经理“心水股”首次披露,中国基金报
865,2020-08-28,北上资金加仓“催化” 机构密集推荐 这些食品医药股连创新高,红周刊
866,2020-08-27,浩欧博近4年净利增速为营收10倍 实控人母子3人3国籍,中国经济网
867,2020-08-25,北向资金动向盘点：加仓行业龙头；“消费”摇摆不定,Wind
868,2020-08-23,太平洋医药行业周报：新冠为检测行业带来的不止业绩 还有渗透率提升,新浪
869,2020-08-21,抗疫中“练内功” 医药公司半年报“身强力壮”,上证报
870,2020-08-19,金域医学(603882)：2020半年度业绩超市场预期 新冠检测贡献明显业绩,新浪
871,2020-08-19,医药行业周报：如何看待近期医药的回调？,新浪
872,2020-08-19,金域医学VS迪安诊断，加码新冠检测争夺医检市场“王位”,时代在线
873,2020-08-19,31公司获得增持评级-更新中,中财网
874,2020-08-19,上调评级至买入策略选股（8月19日）,Wind
875,2020-08-19,金域医学主业毛利率升至45% 核酸检测量超千万带动收入增长36%,长江商报
876,2020-08-19,医药生物行业投资周报：保持定力紧抓优势赛道龙头 疫情股侧重长期影响和疫苗临床进展,新浪
877,2020-08-19,金域医学(603882)：业绩超市场预期 股权激励再添信心,新浪
878,2020-08-19,金域医学(603882)：ICL蓝海行业龙头 上半年业绩超预期,新浪
879,2020-08-18,金域医学半年报：核酸检测占全国1/10，高瓴持股市值翻倍,第一财经
880,2020-08-18,【面包财报】金域医学：2020年上半年归母净利润5.56亿元，同比增长223.71%,面包财经
881,2020-08-18,【财报智读】金域医学：2020年上半年归母净利润5.56亿元，同比增长223.71%,面包财经
882,2020-08-18,金域医学(603882)：业绩大超预期 ICL龙头战力凸显,新浪
883,2020-08-18,金域医学中报点评：Q2业绩大幅超预期，疫情推动公司加速成长【东吴医药朱国广团队】,国广有话说
884,2020-08-18,A股异动 | 金域医学(603882.SH)涨超5% 上半年净利同比增长223.71%,格隆汇
885,2020-08-18,金域医学因核酸检测收入增长迅猛 净利润同比增长223.71%,资本邦
886,2020-08-18,券商首次关注10股并给予买入评级（8月18日）,Wind
887,2020-08-18,金域医学公布半年报 上半年净利增加223.71%,新浪
888,2020-08-17,金域医学：上半年净利同比增逾两倍,e公司
889,2020-08-17,喜报！金域医学：2020年半年度净利润约5.56亿元，同比增加223.71%,每日经济新闻
890,2020-08-17,金域医学(603882.SH)2020年激励计划拟授予700万份股票期权,格隆汇
891,2020-08-17,金域医学(603882.SH)：上半年净利升223.71%至5.56亿元,格隆汇
892,2020-08-17,金域医学：上半年净利润同比增长223.71%,Wind
893,2020-08-17,医药行业周报：关注中报业绩高增长、前期低估值滞涨标的,新浪
894,2020-08-17,【浙商医药|点评】金域医学：疫情促高质量发展，股权激励显信心,杏林建研
895,2020-08-16,医药行业每周医览药闻：如何看待逐步常态化的耗材集采,新浪
896,2020-08-13,医药周报2020年第31期：进入中报密集发布期 关注高景气子行业,新浪
897,2020-08-13,第三方医检机构半年考：靠核酸检测拉动业绩后，未来路在何方？,华夏时报
898,2020-08-13,金域医学：股东国创开元股权投资基金（有限合伙）减持约458万股 减持股份,每日经济新闻
899,2020-08-13,医药行业：疫苗来了 新冠病毒检测怎么办,新浪
900,2020-08-11,金域医学：股东国开博裕一期（上海）股权投资合伙企业减持约510万股 减持股份,每日经济新闻
901,2020-08-11,金域医学：股东累计减持1.11%股份 减持股份,Wind
902,2020-08-10,金域医学(603882.SH)：国开博裕减持期过半累计减持1.11%股份 减持股份,格隆汇
903,2020-08-10,医药生物行业周报：中报窗口期继续看好业绩高增长板块 持续推荐有实力能兑现的疫苗公司,新浪
904,2020-08-10,医药行业周报：建议关注药店 关注业绩高增长、政策变化和估值性价比,新浪
905,2020-08-05,兴证医药2020年8月投资月报：再论大创新时代的创新疫苗,新浪
906,2020-08-05,医药周报2020年第30期：第三批集采文件公布 细则进一步优化,新浪
907,2020-08-04,金域医学现1笔大宗交易 共成交254.34万元,新浪
908,2020-08-04,金域医学今日大宗交易成交2.70万股，成交价94.2元溢价0.0%,Wind
909,2020-08-04,医药生物行业报告：疫情后周期拥抱医药新基建和大消费 重点关注疫苗赛道,新浪
910,2020-08-04,医药生物行业《医学检验实验室管理暂行办法》印发点评：政策助力行业景气度＆集中度双升 龙头受益,新浪
911,2020-08-03,金域医学(603882.SH)近日获4129.21万元政府补助,格隆汇
912,2020-08-03,金域医学董事长梁耀铭谈未来发展战略：做出世界诊断标准,e公司
913,2020-08-03,金域医学：顺应新基建发展 将建设“一库二中心一基地”,e公司
914,2020-08-03,金域医学：医疗项目收费下降利好第三方实验室发展,e公司
915,2020-08-03,金域医学：累计开展核酸检测和抗体检测超过1200万例,e公司
916,2020-08-03,【高管面对面】金域医学：做出世界的诊断标准,e公司
917,2020-08-03,金域医学：校办企业起步成为第三方医学检验龙头，得钟南山院士支持,证券时报网
918,2020-08-03,【采访札记】梁耀铭印象,证券时报网
919,2020-08-03,防控传染病，提高公众预防意识也是种“群体免疫”,中国科技网
920,2020-08-02,医药行业每周医览药闻：疫苗依然是解决新冠疫情的最根本方法,新浪
921,2020-08-02,“内地核酸检测支援队”驰援香港,经济日报
922,2020-08-01,金域医学：协助香港开展大规模核酸检测筛查,中证网
923,2020-07-30,2020年8月份上海证券研究所投资组合报告,新浪
924,2020-07-30,广东：核酸检测有望半小时出结果,科技日报
925,2020-07-30,医药行业重点事项点评：第三批带量采购规则变化较少 市场预期逐步稳定,新浪
926,2020-07-30,纳米科技测抗体 十分钟可出结果,广州日报
927,2020-07-29,防控传染病“两大法宝”： 强大的公共卫生体系＋“主动出击”,科技日报
928,2020-07-28,世界肝炎日│7000万病毒携带者，九成未治疗！可控的乙肝如何成了“隐形杀手”？,21世纪经济报道
929,2020-07-28,金域医学(603882.SH)：股东曾湛文质押150万股,格隆汇
930,2020-07-28,医药生物行业周报：下半年工作重点发布 布局防疫和创新主线,新浪
931,2020-07-28,时代投研 | 从ESG看第三方检测：责任、实践与价值,时代在线
932,2020-07-27,感染者近九千万 治疗率仅一成，乙丙肝炎防控难题待解,第一财经
933,2020-07-26,医药制造业行业：集采领域扩面是既定方向 产业升级不变,新浪
934,2020-07-26,广东省医学会牵头发起免费乙丙肝抗体筛查 呼吁社会重视传染病早防早治,每日经济新闻
935,2020-07-25,金域医学联手吉利德科学等共同发起传染病诊疗一体化公益行动,证券时报
936,2020-07-24,今年上半年广东新经济增加值占地区生产总值比重提高,南方网
937,2020-07-23,复星医药午后封住涨停板，新冠肺炎检测板块继续拉升,Wind
938,2020-07-22,新冠肺炎检测板块走升，丽珠集团、硕世生物、迪安诊断、金域医学、乐普医疗领涨,Wind
939,2020-07-18,【浙商医药|策略】全球接轨、替代升级─2020年医药中期投资策略,杏林建研
940,2020-07-17,6月社零数据点评：6月可选消费增速进一步提升 预计后续呈现缓慢恢复的趋势,新浪
941,2020-07-15,粤企承接香港政府核酸检测工作,南方网
942,2020-07-14,高瓴资本A股布局青睐医药股 全额认购健康元定增,北京商报
943,2020-07-13,频现定增战投名单高瓴资本A股布局青睐医药股,北京商报
944,2020-07-12,【民生医药|周报】板块跑赢大盘，坚守 CXO 和 API 领域,杏林建研
945,2020-07-08,医药周报2020年第26期：进入中报业绩披露期 关注中报业绩表现优异、低估值的优质标的,新浪
946,2020-07-08,疫情下的第三方医学检测机构：检测量暴增，盈利能力各有不同,澎湃新闻
947,2020-07-08,迪安诊断低增长与高商誉并行，子公司卷入医疗受贿案 其他违规处罚,时代在线
948,2020-07-06,金域医学(603882.SH)：对子公司金域检验(香港)增资3000万元,格隆汇
949,2020-07-06,医药生物行业2020年7月投资月报：风格会切换么？耗材集采怎么看？,新浪
950,2020-07-05,“硬核”科技破解罕见病“诊断难、诊断贵”,中国经济网
951,2020-07-01,兴业证券：6月金股组合盈利15.92% 7月荐股名单出炉,新浪
952,2020-07-01,【民生医药|行业周报】板块普涨，关注成长性更强的 CXO和API板块,杏林建研
953,2020-07-01,中信建投周知 | 聚焦半年报业绩与新股研究,中信建投证券研究
954,2020-06-30,医药周报2020年第25期：疫情和政策双重催化 医药行业高景气持续,新浪
955,2020-06-29,31家国产IVD上市公司详情、经营方向、业务线大盘点,医疗器械协会
956,2020-06-25,“慧眼”甄别！检测机构冲在战“疫”一线，让病毒无处遁形,新华网
957,2020-06-24,医药行业2020年中期投资策略：坚持高景气赛道+龙头战略,新浪
958,2020-06-24,华大智造大额融资带节奏，国产测序仪领域彻底火了！,动脉网
959,2020-06-23,医药周报2020年第24期：医药板块表现强劲 关注优质细分赛道,新浪
960,2020-06-23,睿财看市场：医药板块成为牛股温床！行业龙头加确定性成长是核心逻辑！,新浪
961,2020-06-23,减持猛如虎！大股东突然出手，凶猛套现吓坏科技巨头，股价大跌！这些股也在大额减持 连续下跌,证券时报网
962,2020-06-23,【医药2020H1业绩前瞻】刚需属性逐步显现，Q2业绩加速趋势明显,兴证医药健康
963,2020-06-23,金域医学：旗下北京金域日核酸检测产能将迅速提高到3万例,Wind
964,2020-06-23,金域医学：金域北京核酸检测单日产能将达3万例,中证网
965,2020-06-22,【民生医药|周报】持续推荐特色原料药及医药服务，关注全国集采后的替代空间,杏林建研
966,2020-06-22,金域医学(603882.SH)2019年度权益分派10派1.36元 股权登记日为6月30日,格隆汇
967,2020-06-22,第三方医检机构龙头企业金域医学：“检”出安全的明天,经济日报
968,2020-06-21,【民生医药|周报】医药牛市思考，选赛道vs选标的,杏林建研
969,2020-06-21,足不出户享受三甲医检服务！毕节有了首个第三方医学实验室,科技日报
970,2020-06-21,疫情常态化下，医药投资的变与不变,中信建投证券研究
971,2020-06-19,北京新冠“大排查”：核酸检测需求激增，机构检测能力正与时间赛跑,华夏时报
972,2020-06-18,金域医学落地贵州毕节 产业扶贫助力脱贫攻坚,证券时报网
973,2020-06-17,医药生物行业周报：国内疫情存在反弹风险 核酸检测需求持续提升,新浪
974,2020-06-16,医药行业周报：新冠检测需求持续增长 建议关注相关企业,新浪
975,2020-06-15,金域医学今日大宗交易成交3.50万股，成交价84.3元溢价0.0%,Wind
976,2020-06-14,【中信建投医药|行业周报】本周重点推荐IVD行业：疫情反复+精准医疗龙头资本化,菊颖医药观察
977,2020-06-12,金域医学(603882.SH)：已向DRA公司投入1.5亿元人民币等额港币认购新发行的10万股,格隆汇
978,2020-06-12,金域医学(603882.SH)实控人梁耀铭质押700万股,格隆汇
979,2020-06-10,危中见机，后疫情时代的中长期投资机会：医疗健康下半年投资策略,Wind
980,2020-06-08,医药生物行业2020年6月投资月报：医药的牛市 是从什么时候开始的？,新浪
981,2020-06-07,【民生医药|周报】：疫苗集中采购政策对疫苗价格和量影响很有限，持续关注后疫情时代下“枢纽性”和内需驱动型板块的成长确定性,杏林建研
982,2020-06-05,金域医学(603882.SH)：160.3万份股票期权行权条件已成就,格隆汇
983,2020-06-05,医药生物行业6月投资策略：后疫情时代 把握恢复性子行业和医药“新基建”增量赛道,新浪
984,2020-06-04,金域医学：国创开元合计减持5%公司股份 减持股份,Wind
985,2020-06-04,金域医学(603882.SH)：持股5%以上股东国创开元累计减持5%股份 减持股份,格隆汇
986,2020-06-04,金域医学(603882.SH)：辰德惟敬已通过集中竞价减持51.8436万股 减持股份,格隆汇
987,2020-06-04,金域医学：辰德惟敬减持0.11%股份，减持时间过半 减持股份,Wind
988,2020-06-04,医药生物行业2019年及2020年一季度业绩综述：行业结构分化呈常态趋势 2020Q1业绩受疫情影响分化明显 盈利能力下降,新浪
989,2020-06-04,A股异动|金域医学(603882.SH)涨8.5%股价再创新高,格隆汇
990,2020-06-04,金域医学涨4.43%，股价创历史新高,证券时报网
991,2020-06-02,"完成超700万份核酸检测！这家检验机构昼夜不停""捕捉""病毒",科技日报
992,2020-06-02,金域医学发布2019年社会责任报告 助力全国超万家基层医院提升卫生服务能力,证券日报
993,2020-06-02,医药周报2020年第21期：进入后疫情时代 关注各地集采进展,新浪
994,2020-06-02,金域医学(603882.SH)：非公开发行股票申请获中证监受理,格隆汇
995,2020-05-28,外资买爆队伍扩容，交易所一天同时预警4股，爆买575亿,e公司
996,2020-05-28,"行业龙头迪安诊断""难安"" 旗下公司被爆行贿1770万 其他违规处罚",华夏时报
997,2020-05-27,医药周报2020年第20期：加强医疗卫生体系建设 提高基本医疗服务水平,新浪
998,2020-05-26,医药行业每周医览药闻：火眼实验室与中国的高科技输出,新浪
999,2020-05-26,广东持续优化创新布局 打造原始创新重要策源地、战略性新兴产业集聚地,南方网
1000,2020-05-25,270所第三方医检机构切入个人核酸检测，C端业务能否成为其增长中的新引擎？,动脉网
1001,2020-05-22,A股公司加速引进战投，产业联动、资源储备成亮点,Wind
1002,2020-05-21,金域医学搭建三大战略性新兴平台,中金在线
1003,2020-05-21,医药生物行业点评：加大公共卫生体系建设 带来庞大市场增量,新浪
1004,2020-05-20,上市公司正负面新闻2020年5月20日星期三,Wind
1005,2020-05-19,医药生物行业日报：医药指数创近五年来新高,新浪
1006,2020-05-18,金域医学股东君睿祺及一致行动人君联茂林拟减持1202万股 拟减持股份,资本邦
1007,2020-05-18,[路演]金域医学：2020年坚持医检服务主航道 推进全国实验室网络科学化布局,全景网
1008,2020-05-18,晚间重要公告2020年5月18日星期一,Wind
1009,2020-05-18,减持！金域医学：股东计划减持不超过约1202万股公司股份，比例不超过为2.62% 拟减持股份,每日经济新闻
1010,2020-05-18,金域医学：股东拟减持不超2.62%股份 拟减持股份,证券时报网
1011,2020-05-18,金域医学：股东君睿祺及其一致行动人拟清仓式减持不超过总股本2.62% 拟减持股份,金融界
1012,2020-05-18,金域医学(603882.SH)：君睿祺及君联茂林拟减持不超2.62%的股份 拟减持股份,格隆汇
1013,2020-05-18,金域医学：君睿祺及其一致行动人拟合计减持不超过2.62%股份 减持股份,Wind
1014,2020-05-14,金域医学：股东减持股份结果公告 减持股份,证券之星
1015,2020-05-14,A股共发生104宗大宗交易成交57.35亿元（5月14日）,Wind
1016,2020-05-14,注意！金域医学：股东君睿祺、君联茂林减持实施完毕 减持股份,每日经济新闻
1017,2020-05-14,金域医学现1笔大宗交易 共成交242.13万元,新浪
1018,2020-05-14,金域医学：君睿祺及君联茂林累计减持3.7572%公司股份 减持股份,Wind
1019,2020-05-14,金域医学(603882.SH)：君睿祺及君联茂林减持期届满 合计减持1720.38万股 减持股份,格隆汇
1020,2020-05-12,武汉紧急通知，全员核酸筛查！这些股票应声暴涨,中国基金报
1021,2020-05-12,云上“健康广东展区”展现粤品牌战“疫”担当,南方网
1022,2020-05-11,2020第三方检测机构10大创新案例,硅谷动力
1023,2020-05-07,高瓴资本启动130亿美元新一轮募资，张磊重仓做多中国,21世纪经济报道
1024,2020-05-07,医疗器械股大涨，海外疫情形势严峻，利好检测相关企业,第一财经
1025,2020-05-06,【兴证医药】行业比较优势突出，细分领域分化明显 —医药生物上市公司2019年报及2020年一季报小结,兴证医药健康
1026,2020-05-06,前四月基金业绩排名陡然生变 科技主题基金再度领跑,中国证券网
1027,2020-05-06,短期调整VS行业比较优势——兴证医药2020年5月投资月报,兴证医药健康
1028,2020-05-03,【光大医药|19年报&20Q1点评】金域医学：疫情之下业绩仍实现增长，国家大基金背书未来可期,医心医意要健康
1029,2020-05-01,【太平洋医药】金域医学点评：拟定增引进优质战投，全方位提升公司竞争力,医药佐料
1030,2020-05-01,【太平洋医药】金域医学19年&20Q1点评：盈利能力持续提升，新冠核酸检测业绩弹性大,医药佐料
1031,2020-04-30,金域医学（603882）：业绩稳健增长，规模效应凸显【2019年报及2020年一季报点评|西南医药朱国广/杜向阳团队】,国广有话说
1032,2020-04-30,新冠核酸检测公司业绩冰火两重天 行业空间还有多大？,第一财经
1033,2020-04-30,A股早报2020年4月30日星期四,Wind
1034,2020-04-29,A股共发生81宗大宗交易成交12.9亿元（4月29日）,Wind
1035,2020-04-29,金域医学今日大宗交易成交200万股，成交价70.0元折价3.83%,Wind
1036,2020-04-29,金域医学：一季度净利润同比增长13.14%,Wind
1037,2020-04-28,【国元医药】金域医学2019年报&2020Q1季报点评：新实验室逐步盈利，新冠检测彰显实力,元气医药
1038,2020-04-28,金域医学2019年净利同比增长72% 以技术创新推动医疗检测大平台建设,证券日报
1039,2020-04-28,"金域医学现3笔大宗交易 共成交20,661.00万元",新浪
1040,2020-04-27,金域医学2019年净利同比增长72.44% 一季度净利增长13%,上证报
1041,2020-04-27,净买入速度放缓 陆股通上周扫货大消费,大众证券报
1042,2020-04-27,金域医学：2019年净利同比增长72.44％ 拟10派1.36元,金融界
1043,2020-04-27,金域医学：一季度净利润同比增长9.95%,Wind
1044,2020-04-27,金域医学：2019年净利润同比增长72.44%,Wind
1045,2020-04-26,筛查检测已常态化！金域医学核酸检测已超300万例,经济网
1046,2020-04-26,57股本周逆市创新高，集中三大行业,证券时报
1047,2020-04-25,美的集团、五粮液连续11日以上获陆股通增持|粤开策略资金面日报-0424,微信
1048,2020-04-25,金域医学：已累计进行核酸检测达295万例,第一财经
1049,2020-04-24,金域医学核酸检测累计突破300万例,上证报
1050,2020-04-24,核酸检测大规模展开 相关上市公司受益几何,上证报
1051,2020-04-23,金域医学携京东在11个城市提供核酸检测预约,上证报
1052,2020-04-23,沪港通十大成交活跃股排名（4月23日）,Wind
1053,2020-04-23,北向资金今日净流入6.91亿元，美的集团净买入逾4亿元居首,Wind
1054,2020-04-23,这11个城市，可用京东健康预约核酸检测,新华网
1055,2020-04-23,京东健康提供全国11地核酸检测在线预约，前100名下单可享188元优惠价,飞象网
1056,2020-04-23,京东健康携金域医学，在全国11地提供核酸检测在线预约服务,金融界
1057,2020-04-18,京东上线“新冠病毒”核酸检测线预约服务,凤凰网
1058,2020-04-18,京东健康成为全国首个新冠核酸检测服务在线预约平台,凤凰网
1059,2020-04-17,A股异动 | 金域医学(603882.SH)逆势跌超5% 遭减持不超过6%股份 减持股份,格隆汇
1060,2020-04-17,广州金域医学检验集团股份有限公司股东国创开元股权投资基金,中证报
1061,2020-04-16,上市公司晚间利空汇总：金域医学股东拟减持不超6％股份,金融界
1062,2020-04-16,金域医学(603882.SH)：持股8.04%的国创开元拟减持不超6%的股份 拟减持股份,格隆汇
1063,2020-04-16,金域医学：股东国创开元拟减持不超过6%公司股份 减持股份,Wind
1064,2020-04-16,A股异动 | 金域医学大涨9.39% 公司拟定增引入战投国投招商 实控人1.5亿认购,格隆汇
1065,2020-04-16,创业板指收涨1.56%，数字货币、特高压概念股花开两朵,Wind
1066,2020-04-16,A股早报2020年4月16日星期四,Wind
1067,2020-04-15,金域医学拟定增募资不超10亿元 引进战投先进制造产业投资基金二期,上证报
1068,2020-04-15,金域医学：先进制造产业投资基金二期拟8.5亿元参与定增,Wind
1069,2020-04-15,金域医学：先进制造产业投资基金二期拟8.5亿元参与定增,e公司
1070,2020-04-15,金域医学(603882.SH)拟定增募资不超10亿元 国投招商管理的基金认购8.5亿元,格隆汇
1071,2020-04-15,【民生医药|周报】医疗服务领涨，持续关注“供-需”端增速分化带来投资机会,杏林建研
1072,2020-04-14,金域医学股东拟减持不超4.57%股份 拟减持股份,上证报
1073,2020-04-14,金域医学：股东国开博裕一期（上海）股权投资合伙企业拟减持不超过4.57%公司股份 减持股份,Wind
1074,2020-04-14,金域医学：持公司4.57%股份股东国开博裕拟清仓减持 拟减持股份,金融界
1075,2020-04-14,地量见地价，北向资金今日回归，A股能否就此迎来转机？,证券时报网
1076,2020-04-14,复工大军“忙”检测：“团购”“单机”模式频出 影响企业一季报,21世纪经济报道
1077,2020-04-13,我们离全民新冠病毒筛查还有多远,科创板日报
1078,2020-04-10,疫情+春招：难字当头，“云”成为出路,36氪
1079,2020-04-09,舜宇光学科技(02382)联合腾讯控股(00700)、金域医学共同研发中国首款智能显微镜获批,智通财经
1080,2020-04-09,金域医学合作研发的智能显微镜获批,上证报
1081,2020-04-09,中国首款智能显微镜获药监局批准进入临床应用,新康界
1082,2020-04-09,我国首款智能显微镜获批,科技日报
1083,2020-04-09,中国首款智能显微镜获批进入临床：AI加持，可升级算法支持新病种,钛媒体
1084,2020-03-29,金域医学：破解技术难题 精准诊断罕见病,上证报
1085,2020-03-27,金域医学：国开博裕合计减持5.44%公司股份 减持股份,Wind
1086,2020-03-27,金域医学(603882.SH)：国开博裕减持期届满持股跌出5% 减持股份,格隆汇
1087,2020-03-27,敢挑重担有作为 广东沪市公司复工复产显精神,上证报
1088,2020-03-18,2020券商医药行业周观点（第10周）,Wind
1089,2020-03-02,广东企业复工复产进入快车道，传统产业企业借势转型升级寻求新增长点,Wind
1090,2020-02-23,金域医学董事长：公司单日核酸检测可达7万例，在湖北一线战“疫”人员上百人,Wind
1091,2020-02-23,金域医学：全集团单日核酸检测可达7万例,e公司
1092,2020-02-23,金域医学梁耀铭：核算单日检测能力可达7万例,上证报
1093,2020-02-21,金域医学：股东国创开元股权投资基金(有限合伙)集中竞价减持1%公司股份 减持股份,Wind
1094,2020-02-21,金域医学：两股东累计减持2.11%股份，减持时间过半 减持股份,Wind
1095,2020-02-21,金域医学(603882.SH)：国创开元减持期届满累计减持456.88万股 减持股份,格隆汇
1096,2020-02-21,金域医学(603882.SH)：君睿祺及君联茂林减持期过半 累计减持2.11%股份 减持股份,格隆汇
1097,2020-02-13,武汉雷神山医院联合金域医学开展核酸检测 “让每一位患者得到及时检测”,中国经济网
1098,2020-02-13,上市公司战“疫”时刻显身手,上证报
1099,2020-02-11,金域医学：辰德惟敬拟减持不超过总股本0.677% 减持股份,Wind
1100,2020-02-11,金域医学：辰德惟敬拟减持不超309.8331万股 拟减持股份,格隆汇
1101,2020-02-07,金域医学、透景生命、银禧科技等大股东疫情敏感期大手笔减持，星期六亦不缺席 减持股份,和讯
1102,2020-02-06,新法将筛查速度提升5倍 金域医学全力支持战“疫”,上证报
1103,2020-02-06,广东企业在行动：科学复工 精准战“疫”,南方网
1104,2020-02-05,A股共发生73宗大宗交易成交19.46亿元（2月5日）,Wind
1105,2020-02-05,"金域医学现5笔大宗交易 共成交17,085.00万元",新浪
1106,2020-02-05,上海证券市场大宗交易公开信息(2020-02-05),上交所
1107,2020-02-05,金域医学今日大宗交易成交335万股，成交价51.0元折价10.01%,Wind
1108,2020-02-05,金域医学：股东国开博裕减持3.71%股份 减持股份,e公司
1109,2020-02-05,金域医学：国开博裕减持3.71%公司股份，持股比降至5%以下 减持股份,Wind
1110,2020-02-05,金域医学(603882.SH)：国开博裕已累计减持1700.66万股 持股降至4.84% 减持股份,格隆汇
1111,2020-02-05,医药板块是否还存在配置机会 后市走势又将如何？,广州日报
1112,2020-02-04,金域医学：武汉金域单日病毒检测能力有望超5000例,上证报
1113,2020-02-04,金域医学积极开展新型冠状病毒的标本运输及检测工作,证券时报网
1114,2020-02-04,【民生医药|行业动态】新冠疫情对IVD、ICL企业的影响分析,杏林建研
1115,2020-02-03,疫情造富 给核酸检测概念股算算账,腾讯网
1116,2020-02-01,穗企战“疫”：24小时不停，助力湖北多地开展病毒初筛,南方网
1117,2020-01-31,金域医学、迪安诊断、艾迪康发起联合“战疫”宣言,e公司
1118,2020-01-27,好消息！鄂赣鲁沪多地有患者治愈，今年中央财政安排防控补助资金达603.3亿元,中证报
1119,2020-01-27,金域医学：做好开展新型冠状病毒标本运输及检测准备工作,中证网
1120,2020-01-23,金域医学(603882.SH)：辰德惟敬减持期届满累计减持286.22万股 减持股份,格隆汇
1121,2020-01-23,金域医学：辰德惟敬累计减持0.625%股份，减持时间届满 减持股份,Wind
1122,2020-01-23,金域医学连续大跌 三个月前中信证券申银万国高喊买 连续下跌,中国经济网
1123,2020-01-22,老周侃股 ： 警惕绩优股“见光死”风险,北京商报网
1124,2020-01-22,经营业绩稳步增长 金域医学2019年净利预增六成以上,新京报
1125,2020-01-22,金域医学跌停2019年净利润增62.87%-71.44%,证券时报网
1126,2020-01-21,金域医学2019年业绩预增六成以上,上证报
1127,2020-01-21,金域医学：预计2019年净利润同比增长62.87%-71.44%,Wind
1128,2020-01-21,金域医学2019年净利预增63%-71%,金融界
1129,2020-01-21,金域医学：预计2019年实现净利3.8亿元-4.0亿元 同比增62.87%-71.44%,中证网
1130,2020-01-21,金域医学：董事童小幪辞职,Wind
1131,2020-01-21,金域医学(603882.SH)2019年度净利润预增62.87%到71.44%,格隆汇
1132,2020-01-10,金域医学现1笔大宗交易 共成交243.42万元,新浪
1133,2020-01-08,金域医学：君睿祺和君联茂林累计减持590万股，合计持股比例降至5%以下 减持股份,Wind
1134,2020-01-08,金域医学(603882.SH)：君睿祺和君联茂林因减持 合计持股降至5%以下 减持股份,格隆汇
1135,2019-12-28,12月27日有107家公司获重要股东增减持，硅宝科技已获连续增持40次,Wind
1136,2019-12-26,金域医学(603882.SH)：国开博裕减持期过半 累计减持2034.58万股 减持股份,格隆汇
1137,2019-12-26,金域医学：国开博裕一期（上海）股权投资合伙企业（有限合伙）减持4.44%公司股份 减持股份,Wind
1138,2019-12-17,A股共发生133宗大宗交易成交24.99亿元（12月17日）,Wind
1139,2019-12-17,"金域医学现16笔大宗交易 共成交22,703.76万元",新浪
1140,2019-12-17,金域医学今日大宗交易成交457万股，成交价49.68元折价6.26%,Wind
1141,2019-12-11,金域医学：君睿祺减持30万股，持股比降至4.9993% 减持股份,Wind
1142,2019-12-11,金域医学(603882.SH)：君睿祺和君联茂林合计持股降至6.2993%,格隆汇
1143,2019-12-05,四轮拷问后按下终止键金域医学实控人参股公司“折戟”科创板,科创板日报
1144,2019-12-03,"白马股罕见连续两跌停,暴涨20倍大牛股罕见翻车,它们还有机会吗 连续下跌",证券时报
1145,2019-12-03,机构抱团股翻车 8股创历史新高后回调超20%,证券时报
1146,2019-11-22,【太平洋医药杜佐远团队】经典报告集：我们只想为您甄选牛股,医药佐料
1147,2019-11-21,金域医学：国创开元累计减持1%股份 减持股份,Wind
1148,2019-11-21,金域医学(603882.SH)：国创开元已累计减持456.88万股 减持股份,格隆汇
1149,2019-11-18,百亿级私募震荡市赚钱有方,上证报
1150,2019-11-17,【西部医药吴文华】医药行业周报（2019.11.11-2019.11.17）：医改逐步推进，立足改革创新,微信
1151,2019-11-17,经销商拖欠货款 被械企起诉 违约失信,新浪
1152,2019-11-15,业绩不断超预期的高增长股，24股翻倍，逆市下跌股仅1只（附股）,证券时报
1153,2019-11-11,【西部医药吴文华】2019年医药行业三季报综述：医药整体稳健增长，子行业分化较为明显,微信
1154,2019-11-08,上市公司晚间利空汇总：金域医学股东拟减持不超过6％股份,金融界
1155,2019-11-08,金域医学(603882.SH)：君睿祺及其一致行动人君联茂林拟合计减持不超6%股份 拟减持股份,格隆汇
1156,2019-11-08,金域医学：大股东君睿祺及其一致行动人君联茂林拟减持不超6%公司股份 减持股份,Wind
1157,2019-11-07,医药生物病理行业深度报告：病理行业，诊断“金标准“贡献超三百亿潜在市场,格隆汇
1158,2019-11-05,【西部医药吴文华】金域医学深度报告：金域满堂，特检驱动业务持续成长,微信
1159,2019-11-04,金域医学现1笔大宗交易 共成交290.89万元,新浪
1160,2019-11-04,金域医学今日大宗交易成交5.20万股，成交价55.94元溢价0.0%,Wind
1161,2019-11-04,背负有千钧！近两月142家公司超亿元减持,Wind
1162,2019-11-04,亿康基因完成2.2亿C轮融资，领跑辅助生殖产品服务赛道,和讯
1163,2019-11-01,陈兵百亿布局A股 冯柳在下一盘很大的棋,新浪
1164,2019-11-01,精准医学检测服务商亿康基因完成2.2亿元C轮融资，金阖资本领投,猎云网
1165,2019-10-29,金域医学：股东君睿祺及其一致行动人累计减持2289万股 减持股份,Wind
1166,2019-10-27,【中信建投医药|行业周报】基金三季度持仓：重点领域龙头获得青睐,菊颖医药观察
1167,2019-10-25,金域医学(603882.SH)：减持时间过半 辰德惟敬减持286.22万股 减持股份,格隆汇
1168,2019-10-25,基因测序领域群雄争霸启示:笑到最后的才是赢家,红周刊
1169,2019-10-25,139股获券商买入评级，正邦科技目标涨幅达117.44%,Wind
1170,2019-10-24,"金域医学现1笔大宗交易 共成交12,084.00万元",新浪
1171,2019-10-24,大曝光：邓晓峰、赵军、冯柳等知名私募最新持股来了,新浪
1172,2019-10-24,【民生医药】医药生物2019年三季报总结：基本面进入值得期待的新周期,杏林建研
1173,2019-10-24,【金域医学】19Q3季报点评：Q3业绩继续超预期，特检发展和实验室扭亏推动高成长,医心医意要健康
1174,2019-10-24,【医药-金域医学(603882)】江琦、谢木青：业绩持续超预期，实验室净利率水平快速提高-20191023,中泰证券研究所
1175,2019-10-24,"金域医学2019年三季报点评:Q3业绩继续超预期,特检发展和实验室扭亏推动高成长",光大证券
1176,2019-10-24,"金域医学:保持超高速增长势头,合作共建模式效益凸显",申万宏源
1177,2019-10-23,10月23日A股龙虎榜揭秘，机构最青睐5股,Wind
1178,2019-10-23,金域医学龙虎榜数据（10月23日）,Wind
1179,2019-10-23,金域医学：业绩保持高增长，经营战略聚焦高质量客户,--
1180,2019-10-23,19公司获得推荐评级-更新中,中财网
1181,2019-10-23,【异动股】体外诊断板块下挫，金域医学(603882-CN)跌9.63%,财华社
1182,2019-10-23,【广证恒生医药】-金域医学（603882）-点评报告-2019前三季度业绩同比增长94%超预期，超市场预期,广证恒生
1183,2019-10-23,10月23日早盘主力巨资出逃四大板块(附股),金融界
1184,2019-10-23,金域医学：短期迎来业绩拐点，长期构筑特检核心竞争力,证券时报网
1185,2019-10-22,【民生医药|周报】10/28：三季报行情步入尾声，持续看好创新药及其产业链,杏林建研
1186,2019-10-22,金域医学布局无创产前检测 前三季度净利增长超九成,新京报
1187,2019-10-22,金域医学前三季实现营收39.20亿元 同比增长18.17%,中国网
1188,2019-10-22,金域医学：前三季度净利3.19亿元 同比增94%,e公司
1189,2019-10-22,金域医学(603882.SH)前三季净利升94.16%至3.19亿元,格隆汇
1190,2019-10-22,【民生医药|季报点评】金域医学：净利率持续提升，长期看好特检竞争力,杏林建研
1191,2019-10-19,A股新型“套现者”: “人造牛”与汹涌概念泡沫,21世纪经济报道
1192,2019-10-15,券商首次关注6股并给予买入评级（10月15日）,Wind
1193,2019-10-14,金域医学：特检业务迎收获期 普检格局改善、渗透率存提升空间,证券时报网
1194,2019-10-10,金域医学(603882.SH)涨超5%创历史新高 市场或憧憬三季报,格隆汇
1195,2019-10-09,金域医学现1笔大宗交易 共成交243.98万元,新浪
1196,2019-10-09,【民生医药|周报】10/14：生物药和外包板块表现优异，关注业绩高增长标的,杏林建研
1197,2019-09-30,2019年医药三季报业绩前瞻||三季报预期向好，关注“变化”、稳守“核心资产”【兴证医药】,兴证医药健康
1198,2019-09-27,金域医学(603882.SH)完成出售金圻睿生物100%股权 资产异常,格隆汇
1199,2019-09-25,金域医学：与天海新域签署战略合作协议,e公司
1200,2019-09-25,【民生医药|周报】10/08：医药服务一枝独秀，持续布局创新升级,杏林建研
1201,2019-09-24,防癌顶层方案公布！医学诊断市场十年5倍市场空间（附股）,红周刊
1202,2019-09-23,金域医学：获得政府补助2326.8万元,金融界
1203,2019-09-23,金域医学(603882.SH)当年累计获2326.82万元政府补助,格隆汇
1204,2019-09-23,9月减持金额或创新高，信息技术板块70亿元高位套现,Wind
1205,2019-09-23,消费+科技属性将驱动医药长牛 --医药行业周报（2019.09.16-2019.09.22）,兴证医药健康
1206,2019-09-23,头号研报：金域医学--全国连锁独立医学实验室龙头,巨丰财经
1207,2019-09-23,2019年我国区域医学检验中心发展现状分析,新浪
1208,2019-09-22,【民生医药|周报】09/23：CSCO彰显免疫疗法热度，加码创新药产业链,微信
1209,2019-09-20,9月20日有86家公司获重要股东增减持 延安必康已被连续减持117次 减持股份,Wind
1210,2019-09-20,9月拟减持市值285亿，含多只前期大涨股 拟减持股份,证券时报
1211,2019-09-19,几十股创新高 这个行业要燃爆,新浪
1212,2019-09-19,金域医学：股东权益变动提示,Wind
1213,2019-09-19,金域医学(603882.SH)：君睿祺及其一致行动人君联茂林已累计减持5%的股份 减持股份,格隆汇
1214,2019-09-19,金域医学(603882.SH)持续创新高 年内累涨153%,格隆汇
1215,2019-09-18,国内独立医学实验室增长迅猛，相关上市公司业绩或迎来爆发期,格隆汇
1216,2019-09-18,加速AI行业落地，华为发布面向工业的智能解决方案“工业智能体”,钛媒体
1217,2019-09-17,3000点关口再度迎来调整，三大风险点值得关注,Wind
1218,2019-09-17,金域医学(603882.SH)再创历史新高后小幅回调 国开博裕持续减持 减持股份,格隆汇
1219,2019-09-11,金域医学(603882.SH)：国开博裕已累计减持5.89%的股份 减持股份,格隆汇
1220,2019-09-11,金域医学：持股5%以上股东累计减持公司股份2694.76万股 减持股份,Wind
1221,2019-09-10,[快讯]9月10日大宗交易一览,中财网
1222,2019-09-10,39股遭大宗低价甩货 最低8.3折,中财网
1223,2019-09-10,"医药行业半年报业绩综述:内部仍在分化,龙头业绩亮眼",渤海证券
1224,2019-09-04,A股共发生65宗大宗交易成交17.85亿元（9月4日）,Wind
1225,2019-09-04,[快讯]9月4日大宗交易一览,中财网
1226,2019-09-04,24股遭大宗低价甩货 最低8.6折,中财网
1227,2019-09-04,金域医学(603882.SH)：国开博裕拟减持不超6%的股份 拟减持股份,格隆汇
1228,2019-09-04,金域医学：股东国开博裕拟减持不超6% 减持股份,Wind
1229,2019-09-04,上海证券市场大宗交易公开信息(2019-09-04),上交所
1230,2019-09-04,[快讯]金域医学:股东国开博裕一期（上海）股权投资合伙企业（有限合伙）减持股份计划 拟减持股份,中财网
1231,2019-09-04,【医药-金域医学(603882)】江琦、谢木青：公司深度报告：全国连锁独立医学实验室龙头，收获期盈利能力有望持续提升-0902,中泰证券研究所
1232,2019-09-03,金域医学：国开博裕累计减持公司4.43%股份，本次减持计划期限已届满 减持股份,Wind
1233,2019-09-03,金域医学(603882.SH)：国开博裕已累计减持4.43%的股份 减持股份,格隆汇
1234,2019-09-03,券商首次关注6股并给予买入评级（9月3日）,Wind
1235,2019-09-03,【医药】物流运输需求下滑风险，运输结构变化风险,天风研究
1236,2019-09-01,【首发】亿康基因完成2.2亿C轮融资，领跑辅助生殖产品服务赛道,动脉网
1237,2019-08-30,金域医学(603882.SH)拟2900万元整体出售金圻睿100%股权 资产异常,格隆汇
1238,2019-08-30,华为云AI助力，行业智能化转型正当时,砍柴网
1239,2019-08-27,"最牛股7天6涨停,这路资金出手就是大肉,“聪明资金”也买入这些股",证券时报
1240,2019-08-24,百亿私募二季度调仓曝光：高毅减持平安银行，淡水泉新进三股 减持股份,澎湃新闻
1241,2019-08-23,绩优股争创历史新高，医药板块下半年行情正式启动？五大细分领域还能上车！,每日经济新闻
1242,2019-08-22,茅台站上1100！近百股已翻倍！你买了吗？,红周刊
1243,2019-08-21,百亿级明星私募持股揭秘：王亚伟减仓三聚环保，高毅、景林、淡水泉坚守独门股,Wind
1244,2019-08-20,【民生医药|中报总结】医药板块2019中报总结：增长的韧劲足，逐步加仓二线龙头,微信
1245,2019-08-20,轻研发重营销 禾信仪器染补贴依赖症,时代周报
1246,2019-08-16,69家公司入选私募股票池 基本面是否优秀最为关键,红周刊
1247,2019-08-15,业绩“爆棚”的医药股持续走强，机构建议从五大细分领域掘金投资机会,第一财经
1248,2019-08-15,金域医学董事长梁耀铭：聚焦第三方医检主航道,证券时报
1249,2019-08-13,科技股集体大涨 华为概念霸屏A股涨停榜,证券时报
1250,2019-08-11,中期关注性价比，长期坚守核心资产 --医药行业周报（2019.08.05-2019.08.11）,兴证医药健康
1251,2019-08-08,金域医学(603882.SH)股东君睿祺已减持2.99%股份 减持股份,格隆汇
1252,2019-08-08,金域医学：股东君睿祺及其一致行动人君联茂林减持时间过半，合计减持2.99%股份 减持股份,Wind
1253,2019-08-08,走势完爆99%股票！年内最牛股在这里，6股逆市创新高,证券时报网
1254,2019-08-08,走势完爆99%股票，年内最牛股在这里！6股逆市创新高,证券时报
1255,2019-08-07,巨丰数据赢｜龙虎榜数据揭秘 1.3亿主力资金联手杀入金域医学,巨丰财经
1256,2019-08-07,A股早报2019年8月7日星期三,Wind
1257,2019-08-07,本周五华为鸿蒙初现！这些华为概念股已涨疯,中证报
1258,2019-08-07,业绩超预期股逆势抗跌 9股获北上资金大手笔加仓,证券时报
1259,2019-08-06,8月6日A股龙虎榜揭秘，机构抛售11股,Wind
1260,2019-08-06,金域医学龙虎榜数据(8月6日）,Wind
1261,2019-08-06,金域医学：半年报扣非净利润翻倍 规模效应显露,新浪
1262,2019-08-05,79股获券商买入评级 长城汽车目标涨幅达64.65%,Wind
1263,2019-08-05,减持猛如虎：金域医学利润增长，难消股东减持压力 减持股份,面包财经
1264,2019-08-05,"金域医学2019年中报点评:利润持续释放,业绩表现靓丽",长城证券
1265,2019-08-05,"金域医学2019年中报点评:业绩大超预期,经营改善拐点进一步确立",光大证券
1266,2019-08-03,券商首次关注7股并给予买入评级（8月3日）,Wind
1267,2019-08-02,【金域医学】19H1中报：业绩大超预期，经营改善拐点进一步确立,医心医意要健康
1268,2019-08-02,涨停板解密：稀土永磁概念股逆市受追捧！（8月2日）,Wind
1269,2019-08-02,金域医学上半年营收25.43亿元，同比增长20.26%,全景网
1270,2019-08-02,【天风医药】金域医学半年报点评 -上半年业绩快速提升，高经营效率推动净利率上扬,思医辨药
1271,2019-08-02,上半年净利同比增长79% 金域医学涨停,金融界
1272,2019-08-02,大盘的剧烈波动背后凶手曝光 8股迎利好望逆势启动,巨丰财经
1273,2019-08-02,金域医学（603882）：业绩大超预期，步入高质量发展新时代,中信证券研究
1274,2019-08-02,"金域医学:净利润率大幅提升,业绩增速超预期",申万宏源
1275,2019-08-02,大消费行业盘前早知道:北上资金流入猪肉股的趋势仍在继续,东莞证券
1276,2019-08-02,"金域医学:业绩符合预期,新网点业绩改善空间大",西南证券
1277,2019-08-01,8月1日上市公司消息公告，金域医学上半年净利同比增长79%,和讯
1278,2019-08-01,金域医学：上半年净利1.72亿元 同比增79%,e公司
1279,2019-08-01,金域医学2019年上半年实现净利1.72亿 业务量增长,挖贝网
1280,2019-07-31,金域医学：国创开元拟减持不超6%股份 近两个月股东累计己套现逾13亿元 拟减持股份,财富动力网
1281,2019-07-31,金域医学股东国创开元拟减持股份 预计减持不超总股本6% 拟减持股份,挖贝网
1282,2019-07-30,防雷:盘后7股被宣布减持 减持股份,中财网
1283,2019-07-30,上市公司晚间利空公告汇总：金域医学股东国创开元拟减持不超6％,金融界
1284,2019-07-30,金域医学：股东国创开元拟减持不超过6%股份 减持股份,Wind
1285,2019-07-30,金域医学(603882.SH)：国创开元拟减持不超6%股份 拟减持股份,格隆汇
1286,2019-07-30,金域医学股东国创开元减持1550万股 套现约3.68亿元 减持股份,挖贝网
1287,2019-07-29,金域医学：股东累计减持3.38%股份 减持股份,第一财经
1288,2019-07-29,金域医学(603882.SH)：国创开元减持期届满 累计减持1549.76万股 减持股份,格隆汇
1289,2019-07-29,金域医学：股东减持期限届满，累计减持3.38%股份 减持股份,Wind
1290,2019-07-24,"医药生物行业2019年中报业绩前瞻:医药板块持续分化,寻找景气与避险的交集",申万宏源
1291,2019-07-21,科华生物可转债谁来买单？,证券市场周刊
1292,2019-07-16,浩欧博回复：2016年采购，为何2年后销售爆发?,资本邦
1293,2019-07-10,2019下半年医药行业投资策略:寻找景气与避险的交集,申万宏源
1294,2019-07-05,五大券商下周看好6板块35股,证券之星
1295,2019-07-04,金域医学(603882.SH)特定股东辰德惟敬拟减持不超1.3%股份 拟减持股份,格隆汇
1296,2019-07-04,金域医学：股东拟减持不超1.30%股份 拟减持股份,e公司
1297,2019-07-04,金域医学：股东辰德惟敬拟清仓减持1.3%股份 减持股份,Wind
1298,2019-07-04,金域医学：机构股东辰德惟敬减持726.51万股套现2.07亿元 减持股份,中国网
1299,2019-07-04,金域医学股东辰德惟敬减持727万股 套现约2.07亿元,挖贝网
1300,2019-07-03,[快讯]金域医学:股东减持股份结果,中财网
1301,2019-07-03,金域医学(603882.SH)：辰德惟敬减持期届满 累计减持726.51万股,格隆汇
1302,2019-07-03,金域医学：股东减持期限届满，累计减持1.59%股份 减持股份,Wind
1303,2019-07-03,"金域医学:深度报告-第三方检测迎来爆发式增长,龙头优势凸显",长城证券
1304,2019-07-02,金域医学股东鼎方源减持141万股 套现约4578万元,挖贝网
1305,2019-07-01,金域医学(603882.SH)：鼎方源减持计划实施完毕 已累计减持141.129万股,格隆汇
1306,2019-06-30,金域医学：龙头优势凸显 推荐评级,长城证券
1307,2019-06-26,A股共发生68宗大宗交易成交16.23亿元（6月26日）,Wind
1308,2019-06-26,金域医学今日大宗交易成交200万股，成交价29.0元折价12.12%,Wind资讯
1309,2019-06-25,金域医学(603882.SH)拟每10股派1.08元 股权登记日7月2日,格隆汇
1310,2019-06-25,反弹卖出成大股东共识？37股6月份遭甩卖逾亿元,Wind
1311,2019-06-20,金域医学(603882.SH)：鼎方源累计减持90.8万股,格隆汇
1312,2019-06-20,金域医学：股东鼎方源累计减持0.20%股份 减持股份,Wind
1313,2019-06-18,上海证券市场大宗交易公开信息(2019-06-18),上交所
1314,2019-06-17,金域医学股东计划减持1816万股股份 减持股份,电鳗快报
1315,2019-06-17,AI辅助宫颈癌筛查获突破,经济日报
1316,2019-06-14,金域医学：股东累计减持公司2.16%股份 减持股份,Wind
1317,2019-06-14,金域医学(603882.SH)：君睿祺累计减持2.16%股份,格隆汇
1318,2019-06-13,"医药行业《开展促进诊所发展试点意见》点评:优化行业准入,提升服务质量,诊所发展进入实质性推进阶段",长城证券
1319,2019-06-04,金域医学(603882.SH)：国开博裕累计减持1370.85万股,格隆汇
1320,2019-06-04,金域医学：股东减持计划时间过半，累计减持3%公司股份 减持股份,Wind
1321,2019-06-01,金域医学股东拉萨庆德减持16万股 套现约547万元,挖贝网
1322,2019-05-31,上海证券市场大宗交易公开信息(2019-05-31),上交所
1323,2019-05-31,金域医学：股东减持股份计划已实施完毕 减持股份,Wind
1324,2019-05-31,金域医学(603882.SH)：拉萨庆德完成减持16.12万股,格隆汇
1325,2019-05-19,基因测序同质化严重，100美元测序门槛待突破,第一财经
1326,2019-05-16,"医药生物行业2018年报&2019一季报业绩回顾:行业整体趋势向上,个股分化加剧",申万宏源
1327,2019-05-05,"金域医学:新兴区域收入占比提高,一季报收入增速超预期",申万宏源
1328,2019-04-30,"金域医学:实验室盈利进入拐点,业绩明显提升",广发证券
1329,2019-04-30,金域医学(603882.SH)大股东国创开元减持2%股份 减持股份,格隆汇
1330,2019-04-30,金域医学：股票交易异常波动公告,Wind
1331,2019-04-30,金域医学：股东已减持2%股份，减持计划时间过半 减持股份,Wind
1332,2019-04-30,"国泰君安：将金域医学评级调高为""增持""",Wind
1333,2019-04-29,金域医学龙虎榜数据(4月29日）,Wind
1334,2019-04-29,[快讯]11:15红阳能源、金域医学封涨停,中财网
1335,2019-04-29,55只个股被逆市调高至“买入”，三维度挖掘反弹急先锋,证券日报
1336,2019-04-28,金域医学一季度净利4235万同比增长349% 现金流量净额-1154万,挖贝网
1337,2019-04-28,"金域医学:新网点逐步扭亏为盈,业绩弹性空间大",西南证券
1338,2019-04-27,浩欧博疑似与金域医学利益输送 海外投资标的风波不断,华夏时报
1339,2019-04-26,金域医学一季报净利大增3倍 股价逆势涨停,e公司
1340,2019-04-26,金域医学去年净利2.33亿元 同比增长24% 董事长梁耀铭薪酬为144万元,挖贝网
1341,2019-04-26,【广证恒生医药】金域医学（603882）-点评报告-年报及一季报增长显著提速，第三方诊断龙头成长拐点,广证恒生
1342,2019-04-26,金域医学：2018年净利润同比增23.77%,Wind
1343,2019-04-26,金域医学：一季度净利润同比增349.22%,Wind
1344,2019-04-11,金域医学：多名股东拟减持股份,e公司
1345,2019-04-11,金域医学：四股东拟减持合计不超5.345%股份 减持股份,Wind
1346,2019-04-09,【医药|杜佐远团队太平洋证券】ICL：成长空间巨大，行业&龙头拐点显现,太平洋证券研究
1347,2019-04-07,医疗保健：医药行业2019Q1业绩前瞻 荐1股,长江证券
1348,2019-04-03,金域医学：股东减持股份进展公告 减持股份,Wind
1349,2019-04-03,广州金域医学检验集团股份有限公司监事会关于公司股票期权激励计划名单及公示情况的核查意见,证券时报
1350,2019-03-22,上海证券市场大宗交易公开信息(2019-03-22),上交所
1351,2019-03-22,金域医学今日大宗交易成交250万股，成交价26.85元折价7.95%,Wind资讯
1352,2019-03-21,A股共发生70宗大宗交易成交16.3亿元（3月21日）,Wind
1353,2019-03-21,上海证券市场大宗交易公开信息(2019-03-21),上交所
1354,2019-03-21,A股早报2019年3月21日星期四,Wind
1355,2019-03-19,【晨观方正】非洲猪瘟背景下生猪养殖板块解析,方正证券研究
1356,2019-02-26,发展特色金融产业 推进市场互联互通 粤港澳大湾区开了哪些绿灯,科技日报
1357,2019-02-26,"医药生物行业周报:科创板加快,创新药产业链标的估值有望重构",西南证券
1358,2019-02-22,金域医学：粤港澳大湾区办公室副主任林念修一行调研公司香港研发中心,e公司
1359,2019-02-21,金域医学(603882.SH)累计获得政府补助逾2000万元,格隆汇
1360,2019-02-20,金域医学梁耀铭：抓住大湾区机遇 打造生物医药科技产业创新中心,中证网
1361,2019-02-20,癌症筛查诊疗迎政策暖风，多家A股公司“热身”入场,Wind
1362,2019-02-11,15家公司新闻现重大利空,证券之星
1363,2019-02-03,春节前减持计划扎堆！曾经一战豪赚800倍的资本老手出没 原因竟然是这样,证券时报网
1364,2019-02-01,金域医学(603882.SH)：国开博裕拟减持不超2747.31万股,格隆汇
1365,2019-02-01,金域医学：股东国开博裕拟减持不超6% 减持股份,Wind
1366,2019-01-25,原始股东夺路狂奔 金域医学资本市场受冷遇,中国经营网
1367,2019-01-21,金域医学今日大宗交易成交300万股，成交价19.67元折价9.23%,Wind资讯
1368,2019-01-08,盘前必读公告：上市公司重大消息一览！,巨丰财经
1369,2019-01-07,多家公司发布减持公告：金域医学等拟遭抛售,Wind
1370,2018-12-18,"金域医学:前三季度业绩稳步前进,行业拐点可期",中证网
1371,2018-12-16,医疗器械板块投资机会相对突出【周观点|长江医药1216】,长江医药小组
1372,2018-12-13,技术面开始走牛，这10股业绩还将爆发式增长！,证券时报
1373,2018-12-10,金域医学：股东辰德惟敬拟清仓减持2.89%股份,Wind
1374,2018-12-05,金域医学：与PPC佳生集团展开合作,e公司
1375,2018-12-04,金域医学：加入福建省肿瘤病理诊断联合体,e公司
1376,2018-11-23,金域医学今日大宗交易成交120万股，成交价20.0元折价4.9%,Wind资讯
1377,2018-10-31,百亿级私募三季度持仓：重仓生物医药及大消费板块,中证报
1378,2018-10-29,"金域医学:业绩基本符合预期,经营效率逐季提升",西南证券
1379,2018-10-25,金域医学：前三季度净利润同比增11.36%,Wind
1380,2018-10-23,"金域医学深度报告:ICL龙头乘医改春风,跑马圈地后增长提速可期",中证网
1381,2018-10-22,"医药行业周报:政策底部明显,绩优股或反弹",西南证券
1382,2018-10-19,【聚焦增减持】14倍大牛股屡遭减持！金域医学（603882.SH）仍具潜力？ 减持股份,财华社
1383,2018-10-15,"医药行业周报:估值吸引力强,期待三季报行情",西南证券
1384,2018-10-12,金域医学：获华为年度最佳医学AI探索奖,Wind
1385,2018-10-12,金域医学：获华为年度最佳医学AI探索奖,e公司
1386,2018-10-11,云端创新先锋，四家企业荣获华为云超级用户奖,C114通信网
1387,2018-10-08,医疗保健：医药很可能迎来结构性艳阳天 荐14股,西南证券
1388,2018-10-07,金域医学股票分析：规模+技术，ICL领军者迈入新篇章,中泰证券
1389,2018-10-06,金域医学股东质押500万股 占比1.09%,挖贝网
1390,2018-09-25,迪安诊断危险:定增规模缩水资金链危险 19亿商誉悬顶,证券市场周刊
1391,2018-09-24,医疗保健：研发费用加计扣除率提高 致力研发创新的企业受益更大,华金证券
1392,2018-09-21,9月21日有68家公司获重要股东增减持 华凯创意已被连续减持37次 减持股份,Wind
1393,2018-09-18,机构评级精选：世界种业龙头腾飞可期 隆平高科获机构青睐,巨丰财经
1394,2018-09-18,金域医学：规模+技术ICL领军者迈入新篇章,天风证券
1395,2018-09-18,上调评级至买入策略选股（9月18日）,Wind
1396,2018-09-17,A股共发生38宗大宗交易成交7.05亿元（9月17日）,Wind
1397,2018-09-17,金域医学今日大宗交易成交380万股，成交价17.5元折价1.96%,Wind资讯
1398,2018-09-14,金域医学上市一年了，但市场似乎对它“检验+”的梦想失去耐心,亿欧网
1399,2018-09-10,多家公司发布减持公告：金域医学等拟遭大举抛售,Wind
1400,2018-09-10,金域医学：4股东拟合计减持不超7.7%股份,e公司
1401,2018-09-09,金域医学：联手钟南山院士打造“国家级”呼吸道病毒精准检测平台,中证网
1402,2018-09-05,盘前必读公告 这些投资机会不容错过！,巨丰财经
1403,2018-09-04,金域医学首次公开发行2.1亿限售股将解禁,中证网
1404,2018-09-04,9月4日晚间上市公司十大重磅公告,巨丰财经
1405,2018-08-31,金域医学：与华为战略合作 推动智慧医疗发展,e公司
1406,2018-08-15,2020年广州高企数量将超万家,南方日报
1407,2018-08-14,64股获券商买入评级 海源机械目标涨幅达130.65%,Wind
1408,2018-08-13,金域医学2018年上半年营收超21亿元,Ofweek
1409,2018-08-13,[买入评级]金域医学(603882)中报点评：第三方诊断龙头 经营效率正逐步提升,中财网
1410,2018-08-10,【天风医药】金域医学：上半年业绩稳健增长，资源整合持续推进,思医辨药
1411,2018-08-10,[增持评级]金域医学(603882)半年报点评：上半年业绩稳健增长 资源整合持续推进,中财网
1412,2018-08-09,金域医学：上半年净利润同比增14.14%,Wind
1413,2018-08-07,金域医学：拟投资1.5亿元认购香港DRA公司新发行股份,中国网
1414,2018-08-01,【首发】君联资本成长期投资再加码 科美生物完成20亿私募股权融资,投中网
1415,2018-07-20,金域医学累计收到政府补助2934万元,金融界
1416,2018-07-20,今日近一年上市新股市场表现一览（2018年7月20日）,证券时报
1417,2018-07-19,今日近一年上市新股市场表现一览（2018年7月19日）,证券时报
1418,2018-07-16,今日近一年上市新股市场表现一览（2018年7月16日）,证券时报
1419,2018-07-03,7月3日有75家公司获重要股东增减持 蓝光发展已被连续增持46次,Wind
1420,2018-06-14,金域医学 第三方医学检验谋求转型,投资快报
1421,2018-06-13,金域医学加大技术创新扩大专业医疗服务覆盖范围 提升医疗资源利用率,证券日报
1422,2018-06-13,"生物制品行业周报:把握业绩主线,精选优质个股",渤海证券
1423,2018-06-12,金域医学：发布第三方医检行业首份社会责任报告,中证网
1424,2018-06-12,金域医学：服务网络覆盖全国90%人口 成立全国最大病理医生集团,e公司
1425,2018-06-04,金域医学联合广州医科大发起中国首个医检整合联盟 推动医学与检验整合发展,证券日报
1426,2018-06-04,广医和金域医学联合发起中国首个医检整合联盟,中证网
1427,2018-05-31,生物制品行业周报:五部门联合发布第一批国家版罕见病目录,渤海证券
1428,2018-05-25,[推荐评级]医药生物行业深度研究：成长小白马 细分新龙头-医药次新股潜力标的全景图,中财网
1429,2018-05-24,[看好评级]生物制品行业周报：新规发布强化药品审评审批保密制度,中财网
1430,2018-05-11,5月11日有53家公司获重要股东增减持 丝路视觉已被连续减持67次,Wind
1431,2018-05-04,十大异动股点评：特斯拉称中国电池厂相关公告将很快发布 融捷股份涨停,巨丰财经
1432,2018-05-04,养老金一季度斥资近5亿元新进增持11只个股,证券时报
1433,2018-05-04,涨停板解密：医药股轮流受追捧！（5月4日）,Wind
1434,2018-05-04,巨丰收评：防御性板块启动,巨丰财经
1435,2018-05-04,医疗器械板块持续拉升，英科医疗、金域医学携手涨停,Wind
1436,2018-04-26,[优异评级]体外诊断行业深度报告：阳春布德泽 万物生光辉,中财网
1437,2018-04-25,金域医学：一季度净利润同比增33.30%,Wind
1438,2018-04-21,金域医学入选临床医学研究“国家队”,中证网
1439,2018-04-20,金域医学上市首年业绩增速放缓 布局基因检测谋求突破行业天花板,e公司
1440,2018-04-20,[增持评级]金域医学(603882)年报点评：从专注于检验服务到布局全产业链 未来业绩可期,中财网
1441,2018-04-16,多家上市公司“蹭”海南热度，涨停辉煌能续几日？,Wind
1442,2018-04-16,政策红利，资金抢筹！海南本地股成风口，这些要点必看,--
1443,2018-04-13,金域医学：在海南设有两家子公司,Wind
1444,2018-04-09,医药生物行业周报：国务院发文促进仿制药发展 关注仿创优质标的,中财网
1445,2018-04-03,迪安诊断外延式发展现隐忧：应收账款增多 商誉面临减值压力,中证报
1446,2018-03-21,医药行业：科技创新才是医药行业发展的主驱动力,金融界
1447,2018-03-21,【晨会聚焦】如何理解医药板块行情,中泰证券研究所
1448,2018-03-13,【晨会聚焦】创新药进入兑现年；关注维生素涨价相关标的,中泰证券研究所
1449,2018-03-07,巨丰早评：市场拉锯战难以打破,巨丰财经
1450,2018-03-06,【医药】江琦、王超（联系人）：2018政府工作报告为医药行业发展定下良好基调-20180305,中泰证券研究所
1451,2018-03-06,【晨会聚焦】聚焦两会八大看点,中泰证券研究所
1452,2018-03-05,医疗保健：2018政府工作报告为医药行业发展定下良好基调 荐8股,中泰证券
1453,2018-01-28,一财研选｜海工装备再获金融支持政策，这些行业龙头机会显现！,第一财经
1454,2018-01-27,【新三板医药行业双周报】海内外医药市场再掀并购热潮，500家县级医院能力提升工程促进分级诊疗落地,广证恒生新三板研究极客
1455,2018-01-25,生物制品行业周报:北京可开始预约接种4价宫颈癌疫苗,渤海证券
1456,2018-01-24,金域医学：福州金域牵手美亚健康 建设医学检验联合实验室,e公司
1457,2018-01-24,医疗保健：北京可开始预约接种4价宫颈癌疫苗 荐4股,渤海证券
1458,2018-01-24,金域医学拟牵手“NIPT之父” 无创产检业硝烟再起,每日经济新闻
1459,2018-01-23,金域医学：携手“NIPT之父”卢煜明 在高端无创产前检测领域进行合作,中证报
1460,2018-01-22,金域医学：1.5亿投资卢煜明团队公司 加码基因检测,e公司
1461,2018-01-19,生物制品:把握业绩主线 精选行业优质个股,证券之星
1462,2018-01-08,金域医学：子公司与全球基因测序巨头Illumina合作,e公司
1463,2018-01-05,金域医学与全球基因测序巨头合作开发肿瘤及遗传病检测系统,中证报
1464,2018-01-05,又有企业瞄上国产测序仪 金域医学牵手Illumina,21世纪经济报道
1465,2018-01-05,金域医学与Illumina达成合作 研发一款NGS系统,化工仪器网
1466,2018-01-02,2017全年企业上市总费用195亿募集资金总额为2105亿,金融界
